question,heading,department,date,pred_confidence,pred_heading,alt_heading_1,alt_conf_1,alt_heading_2,alt_conf_2,alt_heading_3,alt_conf_3,alt_heading_4,alt_conf_4,alt_heading_5,alt_conf_5,alt_heading_6,alt_conf_6,alt_heading_7,alt_conf_7,alt_heading_8,alt_conf_8,alt_heading_9,alt_conf_9,alt_heading_10,alt_conf_10,refNo,question_number,deputy,deputy_source,answer_type,language,raw_question,question_clean,department_paper,source_question_paragraph,source_pq_paragraph
"1. Deputy Louise O'Reilly asked the Minister for Social Protection the action he is taking to improve the quality and consistency of first-instance decisions on social welfare applications, particularly where a significant proportion of decisions are subsequently overturned on appeal; whether his Department has reviewed the reasons for those decisions being overturned; and if he will make a statement on the matter. [67551/26]",,Social,2026-09-24,0.2926184833049774,Social Welfare Appeals,Social Welfare Appeals,0.2926184833049774,Social Welfare Payments,0.2858660817146301,Social Welfare Benefits,0.2151758074760437,Social Welfare Eligibility,0.0623567514121532,Social Welfare Schemes,0.0461913496255874,Social Welfare Code,0.0326818972826004,Social Welfare Rates,0.0186498556286096,Social Welfare Offices,0.007331449072808,Departmental Data,0.0054830396547913,Community Welfare Services,0.0031326834578067,67551/26,1,Louise O'Reilly,LOUISE O'REILLY,written,en,"To ask the Minister for Social Protection the action he is taking to improve the quality and consistency of first-instance decisions on social welfare applications, particularly where a significant proportion of decisions are subsequently overturned on appeal; whether his Department has reviewed the reasons for those decisions being overturned; and if he will make a statement on the matter.",the minister for social protection the action he is taking to improve the quality and consistency of first-instance decisions on social welfare applications particularly where a significant proportion of decisions are subsequently overturned on appeal whether his department has reviewed the reasons for those decisions being overturned and 67551 26,Social Protection,19,21
2. Deputy Eoin Hayes asked the Minister for Social Protection the work his Department is undertaking to increase uptake of the Working Family Payment. [67508/26],,Social,2026-09-24,0.4708302915096283,Social Welfare Payments,Social Welfare Payments,0.4708302915096283,Social Welfare Benefits,0.1356329768896103,Social Welfare Rates,0.124549001455307,Social Welfare Code,0.0963529124855995,Social Welfare Eligibility,0.0605220049619674,Social Welfare Schemes,0.0604599267244339,Cost of Living Issues,0.0063713965937495,State Pensions,0.0027318911161273,Departmental Policies,0.002127612940967,Community Welfare Services,0.0021159488242119,67508/26,2,Eoin Hayes,EOIN HAYES,written,en,To ask the Minister for Social Protection the work his Department is undertaking to increase uptake of the Working Family Payment.,the minister for social protection the work his department is undertaking to increase uptake of the working family payment 67508 26,Social Protection,23,25
3. Deputy Louise O'Reilly asked the Minister for Social Protection the assessment he has made of the recent findings on child poverty (details supplied); whether he considers that the current system of income supports is sufficiently targeted at families experiencing poverty and deprivation; the changes he believes are necessary to ensure that children in the most disadvantaged households benefit from rising household incomes; and if he will make a statement on the matter. [67549/26],,Social,2026-09-24,0.8682912588119507,Child Poverty,Child Poverty,0.8682912588119507,Departmental Policies,0.0100036300718784,Departmental Strategies,0.0060536917299032,Departmental Programmes,0.0056090904399752,Poverty Data,0.0055517610162496,Child Protection,0.0040704123675823,Social Welfare Code,0.0036015920341014,Budget 2025,0.0035110169555991,Cost of Living Issues,0.0032792834099382,Other,0.0027492975350469,67549/26,3,Louise O'Reilly,LOUISE O'REILLY,written,en,To ask the Minister for Social Protection the assessment he has made of the recent findings on child poverty (details supplied); whether he considers that the current system of income supports is sufficiently targeted at families experiencing poverty and deprivation; the changes he believes are necessary to ensure that children in the most disadvantaged households benefit from rising household incomes; and if he will make a statement on the matter.,the minister for social protection the assessment he has made of the recent findings on child poverty details supplied whether he considers that the current system of income supports is sufficiently targeted at families experiencing poverty and deprivation the changes he believes are necessary to ensure that children in the most disadvantaged households benefit from rising household incomes and 67549 26,Social Protection,27,29
4. Deputy Mark Wall asked the Minister for Social Protection if he is considering extending the age of Domiciliary Care Allowance from 16 to 18 in Budget 2027. [67640/26],,Social,2026-09-24,0.1819081753492355,Social Welfare Benefits,Social Welfare Benefits,0.1819081753492355,Social Welfare Code,0.1382698863744735,Social Welfare Payments,0.1366499066352844,Social Welfare Rates,0.121009275317192,Social Welfare Eligibility,0.0710674971342086,Budget 2025,0.062167789787054,Social Welfare Schemes,0.0608336515724659,Budget 2023,0.0370165295898914,Budget 2026,0.0347565002739429,Departmental Budgets,0.0209163073450326,67640/26,4,Mark Wall,MARK WALL,written,en,To ask the Minister for Social Protection if he is considering extending the age of Domiciliary Care Allowance from 16 to 18 in Budget 2027.,the minister for social protection if he is considering extending the age of domiciliary care allowance from 16 to 18 in budget 2027 67640 26,Social Protection,31,33
"5. Deputy Paula Butterly asked the Minister for Social Protection the changes he proposes to introduce to support women of older generations who are not eligible for a State Pension (Contributory), despite having made PRSI contributions through employment during their working lives, but who do not have a sufficient contribution record to qualify for a pension at pensionable age; whether he is considering any further measures to recognise periods spent out of the workforce due to caring or family responsibilities; and if he will make a statement on the matter. [67756/26]",,Social,2026-09-24,0.7208268642425537,State Pensions,State Pensions,0.7208268642425537,Pension Provisions,0.1789308935403823,Social Welfare Eligibility,0.0177431479096412,Pensions Reform,0.0163597092032432,Social Welfare Code,0.0101732788607478,Public Sector Pensions,0.0096368510276079,Widow's Pension,0.007552997674793,Social Welfare Benefits,0.0059946668334305,Social Welfare Payments,0.0041862409561872,Social Insurance,0.0037765542510896,67756/26,5,Paula Butterly,PAULA BUTTERLY,written,en,"To ask the Minister for Social Protection the changes he proposes to introduce to support women of older generations who are not eligible for a State Pension (Contributory), despite having made PRSI contributions through employment during their working lives, but who do not have a sufficient contribution record to qualify for a pension at pensionable age; whether he is considering any further measures to recognise periods spent out of the workforce due to caring or family responsibilities; and if he will make a statement on the matter.",the minister for social protection the changes he proposes to introduce to support women of older generations who are not eligible for a state pension contributory despite having made prsi contributions through employment during their working lives but who do not have a sufficient contribution record to qualify for a pension at pensionable age whether he is considering any further measures to recognise periods spent out of the workforce due to caring or family responsibilities and 67756 26,Social Protection,35,37
6. Deputy John Paul O'Shea asked the Minister for Social Protection If he will increase support for carers as part of Budget 2027. [66996/26],,Social,2026-09-24,0.1357611715793609,Budget 2025,Budget 2025,0.1357611715793609,Social Welfare Benefits,0.1158542782068252,Budget 2023,0.1130803972482681,Budget 2026,0.093129351735115,Budget 2024,0.0917308405041694,Social Welfare Payments,0.0849020481109619,Social Welfare Code,0.0691452696919441,Social Welfare Eligibility,0.0307513568550348,Departmental Budgets,0.0306000355631113,Social Welfare Rates,0.0284315291792154,66996/26,6,John Paul O'Shea,JOHN PAUL O'SHEA,written,en,To ask the Minister for Social Protection If he will increase support for carers as part of Budget 2027.,the minister for social protection if he will increase support for carers as part of budget 2027 66996 26,Social Protection,45,47
7. Deputy Seamus Healy asked the Minister for Social Protection if he will increase the annual Carer’s Support Grant. [67666/26],,Social,2026-09-24,0.4214309453964233,Social Welfare Benefits,Social Welfare Benefits,0.4214309453964233,Social Welfare Payments,0.2955642640590668,Social Welfare Schemes,0.072822093963623,Social Welfare Rates,0.0486102253198623,Social Welfare Eligibility,0.044132512062788,Social Welfare Code,0.0421274229884147,Grant Payments,0.0176729019731283,Departmental Budgets,0.0079571669921278,Departmental Data,0.0071700774133205,Departmental Schemes,0.0050640362314879,67666/26,7,Seamus Healy,SEAMUS HEALY,written,en,To ask the Minister for Social Protection if he will increase the annual Carer’s Support Grant.,the minister for social protection if he will increase the annual carer s support grant 67666 26,Social Protection,49,51
8. Deputy Eoin Hayes asked the Minister for Social Protection the analysis his Department has carried out on the degree to which income disregards and social welfare payment rates have kept pace with inflation and purchasing power measured against equivalent number of hours worked on minimum wage. [67510/26],,Social,2026-09-24,0.1665583997964859,Cost of Living Issues,Cost of Living Issues,0.1665583997964859,Social Welfare Rates,0.1211894750595092,Social Welfare Code,0.0888592153787612,Social Welfare Payments,0.0717508420348167,Social Welfare Benefits,0.0640486106276512,Departmental Policies,0.0338026285171508,Social Welfare Schemes,0.0331009626388549,Social Welfare Eligibility,0.0244907606393098,Departmental Data,0.0237895138561725,Social Insurance,0.0210869945585727,67510/26,8,Eoin Hayes,EOIN HAYES,written,en,To ask the Minister for Social Protection the analysis his Department has carried out on the degree to which income disregards and social welfare payment rates have kept pace with inflation and purchasing power measured against equivalent number of hours worked on minimum wage.,the minister for social protection the analysis his department has carried out on the degree to which income disregards and social welfare payment rates have kept pace with inflation and purchasing power measured against equivalent number of hours worked on minimum wage 67510 26,Social Protection,53,55
9. Deputy Seamus Healy asked the Minister for Social Protection to review the carer’s allowance and carer’s benefit with a view to the abolition of the means test in Budget 2027. [67662/26],,Social,2026-09-24,0.2725334465503692,Social Welfare Benefits,Social Welfare Benefits,0.2725334465503692,Social Welfare Code,0.1831610053777694,Social Welfare Payments,0.1367244124412536,Social Welfare Eligibility,0.1218861564993858,Social Welfare Rates,0.09629587829113,Social Welfare Schemes,0.058890838176012,Budget 2025,0.0186540279537439,Budget 2023,0.0134214982390403,School Meals Programme,0.0066774454899132,Budget 2026,0.0063888947479426,67662/26,9,Seamus Healy,SEAMUS HEALY,written,en,To ask the Minister for Social Protection to review the carer’s allowance and carer’s benefit with a view to the abolition of the means test in Budget 2027.,the minister for social protection to review the carer s allowance and carer s benefit with a view to the abolition of the means test in budget 2027 67662 26,Social Protection,57,59
"10. Deputy Richard Boyd Barrett asked the Minister for Social Protection in view of a recent report (details supplied) that shows that more than 60% of those in fuel poverty are not in receipt of fuel allowance, the measures he will take to address this issue; and if he will make a statement on the matter. [67336/26]",,Social,2026-09-24,0.2161561995744705,Social Welfare Benefits,Social Welfare Benefits,0.2161561995744705,Social Welfare Payments,0.1793986856937408,Social Welfare Eligibility,0.1641691774129867,Fuel Poverty,0.0935953631997108,Social Welfare Rates,0.080713465809822,Social Welfare Code,0.070167563855648,Social Welfare Schemes,0.0619141086935997,Cost of Living Issues,0.0236316826194524,School Meals Programme,0.0177999883890151,Budget 2025,0.0065107163973152,67336/26,10,Richard Boyd Barrett,RICHARD BOYD BARRETT,written,en,"To ask the Minister for Social Protection in view of a recent report (details supplied) that shows that more than 60% of those in fuel poverty are not in receipt of fuel allowance, the measures he will take to address this issue; and if he will make a statement on the matter.",the minister for social protection in view of a recent report details supplied that shows that more than 60 of those in fuel poverty are not in receipt of fuel allowance the measures he will take to address this issue and 67336 26,Social Protection,61,63
11. Deputy Aisling Dempsey asked the Minister for Social Protection the number of additional persons who have qualified for carer’s allowance since the increase in the weekly income disregard took effect in July 2026 nationally and in Meath West. [67566/26],,Social,2026-09-24,0.5389096736907959,Social Welfare Benefits,Social Welfare Benefits,0.5389096736907959,Social Welfare Payments,0.2278048247098922,Social Welfare Eligibility,0.0985020324587822,Social Welfare Schemes,0.0367942042648792,Social Welfare Rates,0.0297187902033329,Departmental Data,0.0249751321971416,Social Welfare Code,0.0248175803571939,Social Welfare Appeals,0.0042175198905169,Disability Services,0.0021128545049577,Departmental Budgets,0.0007650752086192,67566/26,11,Aisling Dempsey,AISLING DEMPSEY,written,en,To ask the Minister for Social Protection the number of additional persons who have qualified for carer’s allowance since the increase in the weekly income disregard took effect in July 2026 nationally and in Meath West.,the minister for social protection the number of additional persons who have qualified for carer s allowance since the increase in the weekly income disregard took effect in july 2026 nationally and in meath west 67566 26,Social Protection,65,67
12. Deputy Aindrias Moynihan asked the Minister for Social Protection the measures being considered around the electricity allowance provided under the Household Benefits Package; if he will consider increasing the value of this allowance in line with rising unit costs for electricity; and if he will make a statement on the matter. [67565/26],,Social,2026-09-24,0.4826402366161346,Social Welfare Benefits,Social Welfare Benefits,0.4826402366161346,Social Welfare Eligibility,0.1604140549898147,Social Welfare Payments,0.123763233423233,Social Welfare Schemes,0.0840148031711578,Social Welfare Code,0.0735763534903526,Social Welfare Rates,0.0303314458578825,Fuel Poverty,0.0091223726049065,Departmental Schemes,0.0049533951096236,Cost of Living Issues,0.0048790886066854,Departmental Data,0.0017909152666106,67565/26,12,Aindrias Moynihan,AINDRIAS MOYNIHAN,written,en,To ask the Minister for Social Protection the measures being considered around the electricity allowance provided under the Household Benefits Package; if he will consider increasing the value of this allowance in line with rising unit costs for electricity; and if he will make a statement on the matter.,the minister for social protection the measures being considered around the electricity allowance provided under the household benefits package if he will consider increasing the value of this allowance in line with rising unit costs for electricity and 67565 26,Social Protection,69,71
13. Deputy Mark Wall asked the Minister for Social Protection if he plans to include a Cost of Disability Payment given the high cost of disability faced by disabled people. [67648/26],,Social,2026-09-24,0.2756991684436798,Social Welfare Payments,Social Welfare Payments,0.2756991684436798,Social Welfare Benefits,0.2340577244758606,Social Welfare Rates,0.0871278345584869,Social Welfare Code,0.0822234600782394,Social Welfare Schemes,0.0709964036941528,Cost of Living Issues,0.0366875231266021,Disability Services,0.0301744919270277,Social Welfare Eligibility,0.0250746943056583,Departmental Budgets,0.0230894740670919,Departmental Policies,0.0201259888708591,67648/26,13,Mark Wall,MARK WALL,written,en,To ask the Minister for Social Protection if he plans to include a Cost of Disability Payment given the high cost of disability faced by disabled people.,the minister for social protection if he plans to include a cost of disability payment given the high cost of disability faced by disabled people 67648 26,Social Protection,73,75
"14. Deputy Shane Moynihan asked the Minister for Social Protection the analysis and consideration that has been given to introducing a second-tier child benefit payment for households, as a taxable payment. [67532/26]",,Social,2026-09-24,0.2826489806175232,Social Welfare Benefits,Social Welfare Benefits,0.2826489806175232,Social Welfare Payments,0.2426551431417465,Social Welfare Code,0.1471201926469802,Social Welfare Eligibility,0.1200529932975769,Social Welfare Rates,0.0982872769236564,Social Welfare Schemes,0.0541668646037578,Cost of Living Issues,0.0065488731488585,Departmental Policies,0.0047192764468491,Budget 2025,0.0026831170544028,Departmental Schemes,0.002642884850502,67532/26,14,Shane Moynihan,SHANE MOYNIHAN,written,en,"To ask the Minister for Social Protection the analysis and consideration that has been given to introducing a second-tier child benefit payment for households, as a taxable payment.",the minister for social protection the analysis and consideration that has been given to introducing a second-tier child benefit payment for households as a taxable payment 67532 26,Social Protection,77,79
15. Deputy Ryan O'Meara asked the Minister for Social Protection if he is considering an increase in the living alone allowance in the context of Budget 2027. [67244/26],,Social,2026-09-24,0.1701709479093551,Social Welfare Payments,Social Welfare Payments,0.1701709479093551,Social Welfare Benefits,0.1571896970272064,Social Welfare Rates,0.1138628721237182,Social Welfare Code,0.0920569747686386,Budget 2025,0.0848832204937934,Budget 2026,0.0496395416557788,Social Welfare Eligibility,0.044705580919981,Budget 2023,0.042904682457447,Social Welfare Schemes,0.0412431955337524,Budget 2024,0.0355124920606613,67244/26,15,Ryan O'Meara,RYAN O'MEARA,written,en,To ask the Minister for Social Protection if he is considering an increase in the living alone allowance in the context of Budget 2027.,the minister for social protection if he is considering an increase in the living alone allowance in the context of budget 2027 67244 26,Social Protection,81,83
16. Deputy Naoise Ó Cearúil asked the Minister for Social Protection whether his Department has benchmarked child benefit against comparable family-support payments in other European countries; the findings of any such analysis; and the way in which those findings are informing the development of measures to support families and reduce child poverty. [67342/26],,Social,2026-09-24,0.2077365070581436,Social Welfare Payments,Social Welfare Payments,0.2077365070581436,Social Welfare Benefits,0.206230416893959,Social Welfare Rates,0.1766251027584076,Social Welfare Code,0.1392620950937271,Social Welfare Eligibility,0.0663840547204017,Social Welfare Schemes,0.0576041266322135,Cost of Living Issues,0.0147096030414104,Budget 2025,0.0110617699101567,Departmental Policies,0.0096740406006574,Child Poverty,0.0085655767470598,67342/26,16,Naoise Ó Cearúil,NAOISE Ó CEARÚIL,written,en,To ask the Minister for Social Protection whether his Department has benchmarked child benefit against comparable family-support payments in other European countries; the findings of any such analysis; and the way in which those findings are informing the development of measures to support families and reduce child poverty.,the minister for social protection whether his department has benchmarked child benefit against comparable family-support payments in other european countries the findings of any such analysis and the way in which those findings are informing the development of measures to support families and reduce child poverty 67342 26,Social Protection,85,87
17. Deputy Brendan Smith asked the Minister for Social Protection to provide an update on the dieticians' report on the nutritional standards for the hot school meals scheme. [67383/26],,Social,2026-09-24,0.9914687871932985,School Meals Programme,School Meals Programme,0.9914687871932985,Social Welfare Schemes,0.0013475419254973,Departmental Schemes,0.0010568074649199,Departmental Data,0.0007931109867058,Social Welfare Benefits,0.0005596605478785,Social Welfare Eligibility,0.000272041070275,Social Welfare Payments,0.0002044327120529,Fuel Poverty,0.0001953113678609,Health Services,0.0001780405727913,Departmental Reviews,0.0001579891832079,67383/26,17,Brendan Smith,BRENDAN SMITH,written,en,To ask the Minister for Social Protection to provide an update on the dieticians' report on the nutritional standards for the hot school meals scheme.,the minister for social protection to provide an update on the dieticians report on the nutritional standards for the hot school meals scheme 67383 26,Social Protection,89,91
"18. Deputy Barry Ward asked the Minister for Social Protection the position regarding the mechanisms in place when parents or students have problems with the quality, options or nutritional value of the food provided under the Hot School Meals Programme. [66651/26]",,Social,2026-09-24,0.9916463494300842,School Meals Programme,School Meals Programme,0.9916463494300842,Social Welfare Schemes,0.00121770077385,Departmental Data,0.0008618275751359,Departmental Schemes,0.0007070285500958,Social Welfare Benefits,0.0006577690946869,Social Welfare Eligibility,0.0003428997879382,Fuel Poverty,0.0002948747714981,Social Welfare Payments,0.0002749921986833,School Facilities,0.0001851683482527,Social Welfare Rates,0.0001800907775759,66651/26,18,Barry Ward,BARRY WARD,written,en,"To ask the Minister for Social Protection the position regarding the mechanisms in place when parents or students have problems with the quality, options or nutritional value of the food provided under the Hot School Meals Programme.",the minister for social protection the position regarding the mechanisms in place when parents or students have problems with the quality options or nutritional value of the food provided under the hot school meals programme 66651 26,Social Protection,93,95
19. Deputy Mark Wall asked the Minister for Social Protection the actions his Department is taking to extend access to the heating supplement. [67655/26],,Social,2026-09-24,0.3933514356613159,Social Welfare Benefits,Social Welfare Benefits,0.3933514356613159,Social Welfare Payments,0.1241680607199668,Social Welfare Schemes,0.1061444133520126,Social Welfare Eligibility,0.087212398648262,Social Welfare Code,0.0522571392357349,Medicinal Products,0.0236415993422269,Departmental Policies,0.0218698382377624,Fuel Poverty,0.0153749221935868,Disability Services,0.0142942983657121,Departmental Schemes,0.0124581363052129,67655/26,19,Mark Wall,MARK WALL,written,en,To ask the Minister for Social Protection the actions his Department is taking to extend access to the heating supplement.,the minister for social protection the actions his department is taking to extend access to the heating supplement 67655 26,Social Protection,97,99
20. Deputy Erin Mcgreehan asked the Minister for Social Protection his plans for the introduction of baby loss certificates. [67535/26],,Social,2026-09-24,0.168552353978157,Social Welfare Benefits,Social Welfare Benefits,0.168552353978157,Departmental Policies,0.1533261984586715,Social Welfare Code,0.1357861012220382,Social Welfare Eligibility,0.084753006696701,Social Welfare Schemes,0.0585247874259948,Social Welfare Payments,0.051441341638565,Cost of Living Issues,0.0203700214624404,Legislative Measures,0.0163664706051349,Other,0.0163391400128602,Birth Certificates,0.0158634856343269,67535/26,20,Erin Mcgreehan,ERIN MCGREEHAN,written,en,To ask the Minister for Social Protection his plans for the introduction of baby loss certificates.,the minister for social protection his plans for the introduction of baby loss certificates 67535 26,Social Protection,101,103
21. Deputy Louise O'Reilly asked the Minister for Social Protection the assessment he has made of the contribution made by community employment and related schemes to the provision of services in rural communities; and if he will make a statement on the matter. [67560/26],,Social,2026-09-24,0.6059785485267639,Community Employment Schemes,Community Employment Schemes,0.6059785485267639,Employment Schemes,0.1619679927825927,Employment Support Services,0.1248126104474067,Community Welfare Services,0.0143256271257996,Social Welfare Schemes,0.0080901496112346,Departmental Schemes,0.0076933931559324,Social Welfare Code,0.0056345518678426,Community Development Projects,0.0050679184496402,Employment Rights,0.004614149685949,Social Welfare Benefits,0.0042195287533104,67560/26,21,Louise O'Reilly,LOUISE O'REILLY,written,en,To ask the Minister for Social Protection the assessment he has made of the contribution made by community employment and related schemes to the provision of services in rural communities; and if he will make a statement on the matter.,the minister for social protection the assessment he has made of the contribution made by community employment and related schemes to the provision of services in rural communities and 67560 26,Social Protection,105,107
22. Deputy Thomas Gould asked the Minister for Social Protection the number of domiciliary care allowance applications refused in Cork to date in 2026; and the number of these granted on appeal. [66851/26],,Social,2026-09-24,0.5454764366149902,Social Welfare Benefits,Social Welfare Benefits,0.5454764366149902,Social Welfare Payments,0.2103934437036514,Departmental Data,0.1436895728111267,Social Welfare Appeals,0.0359719805419445,Social Welfare Schemes,0.0267762728035449,Social Welfare Eligibility,0.0127939339727163,Disability Services,0.0028029570821672,Social Welfare Rates,0.0022313660010695,Social Welfare Code,0.0022052233107388,Care Services,0.0018460252322256,66851/26,22,Thomas Gould,THOMAS GOULD,written,en,To ask the Minister for Social Protection the number of domiciliary care allowance applications refused in Cork to date in 2026; and the number of these granted on appeal.,the minister for social protection the number of domiciliary care allowance applications refused in cork to date in 2026 and the number of these granted on appeal 66851 26,Social Protection,109,111
23. Deputy Claire Kerrane asked the Minister for Social Protection the steps he is taking to ensure access for the self-employed to income support when they become ill. [66974/26],,Social,2026-09-24,0.2694734036922455,Social Welfare Benefits,Social Welfare Benefits,0.2694734036922455,Social Welfare Code,0.2298105806112289,Social Welfare Eligibility,0.1681710630655288,Social Welfare Payments,0.0827566906809806,Social Welfare Schemes,0.0386064574122428,Cost of Living Issues,0.0309104472398757,Social Welfare Rates,0.0247892290353775,Departmental Policies,0.0210352949798107,Pension Provisions,0.016654297709465,Employment Schemes,0.0145189920440316,66974/26,23,Claire Kerrane,CLAIRE KERRANE,written,en,To ask the Minister for Social Protection the steps he is taking to ensure access for the self-employed to income support when they become ill.,the minister for social protection the steps he is taking to ensure access for the self-employed to income support when they become ill 66974 26,Social Protection,113,115
24. Deputy Naoise Ó Muirí asked the Minister for Social Protection the way in which his Department is preparing for the long-term impact of an ageing population on the sustainability and adequacy of the State Pension system [67550/26],,Social,2026-09-24,0.7759310603141785,State Pensions,State Pensions,0.7759310603141785,Pension Provisions,0.1280418485403061,Social Welfare Payments,0.0130719589069485,Social Welfare Code,0.0130598526448011,Pensions Reform,0.0105643114075064,Social Welfare Benefits,0.0091631449759006,Social Welfare Eligibility,0.0085750771686434,Public Sector Pensions,0.0043640439398586,Widow's Pension,0.0032033193856477,Social Welfare Schemes,0.002791573991999,67550/26,24,Naoise Ó Muirí,NAOISE Ó MUIRÍ,written,en,To ask the Minister for Social Protection the way in which his Department is preparing for the long-term impact of an ageing population on the sustainability and adequacy of the State Pension system,the minister for social protection the way in which his department is preparing for the long-term impact of an ageing population on the sustainability and adequacy of the state pension system 67550 26,Social Protection,117,119
25. Deputy Cathal Crowe asked the Minister for Social Protection if he will outline his intentions to reduce the means testing for people who apply for carer's allowance; the provisions he plans to make in this regard in Budget 2027. [67221/26],,Social,2026-09-24,0.2824189066886902,Social Welfare Eligibility,Social Welfare Eligibility,0.2824189066886902,Social Welfare Benefits,0.2666617035865783,Social Welfare Code,0.1865073889493942,Social Welfare Payments,0.1173140928149223,Social Welfare Rates,0.0592882074415683,Social Welfare Schemes,0.0423284694552421,Social Welfare Appeals,0.0037169298157095,Disability Services,0.0024607290979474,Widow's Pension,0.0024446658790111,Budget 2025,0.0019674384966492,67221/26,25,Cathal Crowe,CATHAL CROWE,written,en,To ask the Minister for Social Protection if he will outline his intentions to reduce the means testing for people who apply for carer's allowance; the provisions he plans to make in this regard in Budget 2027.,the minister for social protection if he will outline his intentions to reduce the means testing for people who apply for carer s allowance the provisions he plans to make in this regard in budget 2027 67221 26,Social Protection,121,123
"26. Deputy Paul Lawless asked the Minister for Social Protection the total number of persons combined who are actively claiming job seekers benefit, job seekers allowance and job-seekers pay related benefit; and if he will outline trends over the past five years such as whether more or less people are claiming unemployment-related social welfare this year compared to previous years; and if he will make a statement on the matter. [67166/26]",,Social,2026-09-24,0.5837980508804321,Social Welfare Benefits,Social Welfare Benefits,0.5837980508804321,Social Welfare Payments,0.1904296427965164,Departmental Data,0.081588976085186,Social Welfare Eligibility,0.0550287775695323,Social Welfare Schemes,0.0247037205845117,Social Welfare Code,0.0211441311985254,Social Welfare Rates,0.0104746865108609,Social Welfare Appeals,0.009753699414432,Disability Services,0.0019335629185661,Employment Support Services,0.0016844703350216,67166/26,26,Paul Lawless,PAUL LAWLESS,written,en,"To ask the Minister for Social Protection the total number of persons combined who are actively claiming job seekers benefit, job seekers allowance and job-seekers pay related benefit; and if he will outline trends over the past five years such as whether more or less people are claiming unemployment-related social welfare this year compared to previous years; and if he will make a statement on the matter.",the minister for social protection the total number of persons combined who are actively claiming job seekers benefit job seekers allowance and job-seekers pay related benefit and if he will outline trends over the past five years such as whether more or less people are claiming unemployment-related social welfare this year compared to previous years and 67166 26,Social Protection,125,127
27. Deputy Claire Kerrane asked the Minister for Social Protection the engagement he has had on providing a State pension for foster carers; and the timeframe on this. [66968/26],,Social,2026-09-24,0.8625921010971069,State Pensions,State Pensions,0.8625921010971069,Pension Provisions,0.0470507889986038,Social Welfare Payments,0.0179877988994121,Social Welfare Benefits,0.0117056695744395,Social Welfare Eligibility,0.0096959602087736,Social Welfare Appeals,0.0068087205290794,Social Welfare Code,0.0058729834854602,Social Welfare Schemes,0.0053524659015238,Pensions Reform,0.0042532780207693,Widow's Pension,0.0029044027905911,66968/26,27,Claire Kerrane,CLAIRE KERRANE,written,en,To ask the Minister for Social Protection the engagement he has had on providing a State pension for foster carers; and the timeframe on this.,the minister for social protection the engagement he has had on providing a state pension for foster carers and the timeframe on this 66968 26,Social Protection,129,131
28. Deputy Paul Mcauliffe asked the Minister for Social Protection if he intends to make changes to and increase the Household Benefits Package in the coming months. [67521/26],,Social,2026-09-24,0.6723337769508362,Social Welfare Benefits,Social Welfare Benefits,0.6723337769508362,Social Welfare Payments,0.0886463373899459,Social Welfare Eligibility,0.0787272676825523,Social Welfare Code,0.063705064356327,Social Welfare Schemes,0.0431403741240501,Social Welfare Rates,0.0196242909878492,Disability Services,0.0037562793586403,Cost of Living Issues,0.0032358353491872,Departmental Data,0.0028565602842718,Departmental Policies,0.0024331489112228,67521/26,28,Paul Mcauliffe,PAUL MCAULIFFE,written,en,To ask the Minister for Social Protection if he intends to make changes to and increase the Household Benefits Package in the coming months.,the minister for social protection if he intends to make changes to and increase the household benefits package in the coming months 67521 26,Social Protection,133,135
"29. Deputy Keira Keogh asked the Minister for Social Protection the measures his Department is considering to assist households facing high energy costs as winter approaches, particularly in rural counties such as Mayo where many households remain reliant on oil and solid fuels; and if he will make a statement on this matter. [67594/26]",,Social,2026-09-24,0.8085452914237976,Energy Prices,Energy Prices,0.8085452914237976,Energy Policy,0.0299410261213779,Business Supports,0.0151850394904613,Fuel Poverty,0.013024790212512,Departmental Schemes,0.01222207210958,Energy Usage,0.0113546671345829,Cost of Living Issues,0.0110917165875434,Departmental Policies,0.0075803147628903,Departmental Data,0.0069741089828312,Fuel Prices,0.0064768837764859,67594/26,29,Keira Keogh,KEIRA KEOGH,written,en,"To ask the Minister for Social Protection the measures his Department is considering to assist households facing high energy costs as winter approaches, particularly in rural counties such as Mayo where many households remain reliant on oil and solid fuels; and if he will make a statement on this matter.",the minister for social protection the measures his department is considering to assist households facing high energy costs as winter approaches particularly in rural counties such as mayo where many households remain reliant on oil and solid fuels on this matter 67594 26,Social Protection,137,139
30. Deputy Edward Timmins asked the Minister for Social Protection if he consideration will be given to review the minimum 16 hours weekly worked hours to qualify for carer’s benefit; and the impact the current rules have for teachers who are not on full time hours. [67659/26],,Social,2026-09-24,0.4864144325256347,Social Welfare Eligibility,Social Welfare Eligibility,0.4864144325256347,Social Welfare Benefits,0.2133298218250274,Social Welfare Code,0.1742758154869079,Social Welfare Schemes,0.0346119254827499,Social Welfare Payments,0.0294012688100337,Social Welfare Rates,0.0103151835501194,Social Welfare Appeals,0.0059963343665003,Maternity Leave,0.0054391371086239,Employment Schemes,0.004521639086306,Community Employment Schemes,0.003338941372931,67659/26,30,Edward Timmins,EDWARD TIMMINS,written,en,To ask the Minister for Social Protection if he consideration will be given to review the minimum 16 hours weekly worked hours to qualify for carer’s benefit; and the impact the current rules have for teachers who are not on full time hours.,the minister for social protection if he consideration will be given to review the minimum 16 hours weekly worked hours to qualify for carer s benefit and the impact the current rules have for teachers who are not on full time hours 67659 26,Social Protection,141,143
31. Deputy Mark Wall asked the Minister for Social Protection if his Department has considered providing any additional social protection payment supports specifically for households who are reliant on home heating oil. [67645/26],,Social,2026-09-24,0.3780606985092163,Social Welfare Payments,Social Welfare Payments,0.3780606985092163,Social Welfare Benefits,0.2299533784389495,Social Welfare Eligibility,0.1096455752849578,Social Welfare Schemes,0.1069941744208335,Social Welfare Code,0.0785646066069603,Social Welfare Rates,0.0666959956288337,Fuel Poverty,0.0024167634546756,Departmental Schemes,0.0021653790026903,Departmental Budgets,0.0018512161914259,Cost of Living Issues,0.0014574162196367,67645/26,31,Mark Wall,MARK WALL,written,en,To ask the Minister for Social Protection if his Department has considered providing any additional social protection payment supports specifically for households who are reliant on home heating oil.,the minister for social protection if his department has considered providing any additional social protection payment supports specifically for households who are reliant on home heating oil 67645 26,Social Protection,145,147
"32. Deputy Paul Lawless asked the Minister for Social Protection if there has been an increase in the number of persons qualifying for the carers allowance on each of the occasions when the qualification threshold has been relaxed, or each occasion where the income disregard has increased; and if he will outline the number of new persons successfully claiming the allowance after each change to the criteria. [67173/26]",,Social,2026-09-24,0.4213137030601501,Social Welfare Eligibility,Social Welfare Eligibility,0.4213137030601501,Social Welfare Benefits,0.3263504803180694,Social Welfare Payments,0.1281857937574386,Social Welfare Code,0.0550791062414646,Social Welfare Schemes,0.0298959277570247,Social Welfare Rates,0.0130486655980348,Social Welfare Appeals,0.0064533818513154,Departmental Data,0.00378133286722,Fuel Poverty,0.001443802495487,Disability Services,0.0012100662570446,67173/26,32,Paul Lawless,PAUL LAWLESS,written,en,"To ask the Minister for Social Protection if there has been an increase in the number of persons qualifying for the carers allowance on each of the occasions when the qualification threshold has been relaxed, or each occasion where the income disregard has increased; and if he will outline the number of new persons successfully claiming the allowance after each change to the criteria.",the minister for social protection if there has been an increase in the number of persons qualifying for the carers allowance on each of the occasions when the qualification threshold has been relaxed or each occasion where the income disregard has increased and if he will outline the number of new persons successfully claiming the allowance after each change to the criteria 67173 26,Social Protection,149,151
33. Deputy James Geoghegan asked the Minister for Social Protection for an update on the new working age payment. [66686/26],,Social,2026-09-24,0.4533416628837585,Social Welfare Payments,Social Welfare Payments,0.4533416628837585,Social Welfare Benefits,0.2095701992511749,Social Welfare Code,0.097395159304142,Social Welfare Eligibility,0.0871979892253875,Social Welfare Schemes,0.0589327998459339,Social Welfare Rates,0.0588245131075382,State Pensions,0.0071956431493163,Pension Provisions,0.0040806080214679,Social Welfare Appeals,0.0015418649418279,Widow's Pension,0.0013388644438236,66686/26,33,James Geoghegan,JAMES GEOGHEGAN,written,en,To ask the Minister for Social Protection for an update on the new working age payment.,the minister for social protection for an update on the new working age payment 66686 26,Social Protection,153,155
34. Deputy Louise O'Reilly asked the Minister for Social Protection whether he has assessed the adequacy of the fuel allowance for households that have no alternative to oil; and if he will make a statement on the matter. [67558/26],,Social,2026-09-24,0.3408737480640411,Social Welfare Eligibility,Social Welfare Eligibility,0.3408737480640411,Social Welfare Benefits,0.2445187419652938,Social Welfare Payments,0.1163411661982536,Social Welfare Code,0.1061306297779083,Social Welfare Schemes,0.0585341192781925,Social Welfare Rates,0.0386020541191101,Fuel Poverty,0.038599744439125,Cost of Living Issues,0.0062062125653028,Departmental Policies,0.004147948231548,Departmental Schemes,0.0037683330010622,67558/26,34,Louise O'Reilly,LOUISE O'REILLY,written,en,To ask the Minister for Social Protection whether he has assessed the adequacy of the fuel allowance for households that have no alternative to oil; and if he will make a statement on the matter.,the minister for social protection whether he has assessed the adequacy of the fuel allowance for households that have no alternative to oil and 67558 26,Social Protection,157,159
"35. Deputy Rose Conway-walsh asked the Minister for Social Protection the current refusal rates for first-time applications for carer's allowance, domiciliary care allowance and disability allowance; the percentage subsequently overturned on review or appeal; the current average processing time for first-time applications of these three payments; the current average processing time for a review and/or appeal; and the costs associated with reprocessing these applications. [67541/26]",,Social,2026-09-24,0.5576273798942566,Social Welfare Benefits,Social Welfare Benefits,0.5576273798942566,Social Welfare Payments,0.2646470367908478,Social Welfare Appeals,0.0458830334246158,Social Welfare Eligibility,0.0446397326886653,Social Welfare Schemes,0.0414600223302841,Departmental Data,0.0154904499650001,Social Welfare Code,0.0102910893037915,Social Welfare Rates,0.0089263953268527,Social Welfare Application Forms,0.001662223949097,Disability Services,0.0006917373975738,67541/26,35,Rose Conway-walsh,ROSE CONWAY-WALSH,written,en,"To ask the Minister for Social Protection the current refusal rates for first-time applications for carer's allowance, domiciliary care allowance and disability allowance; the percentage subsequently overturned on review or appeal; the current average processing time for first-time applications of these three payments; the current average processing time for a review and/or appeal; and the costs associated with reprocessing these applications.",the minister for social protection the current refusal rates for first-time applications for carer s allowance domiciliary care allowance and disability allowance the percentage subsequently overturned on review or appeal the current average processing time for first-time applications of these three payments the current average processing time for a review and or appeal and the costs associated with reprocessing these applications 67541 26,Social Protection,161,163
36. Deputy Paul Mcauliffe asked the Minister for Social Protection if he intends to increase the Working Family Payment in the coming months. [67520/26],,Social,2026-09-24,0.4448903501033783,Social Welfare Payments,Social Welfare Payments,0.4448903501033783,Social Welfare Benefits,0.2180515080690384,Social Welfare Rates,0.1248184964060783,Social Welfare Code,0.071910336613655,Social Welfare Schemes,0.0553756989538669,Social Welfare Eligibility,0.0444363690912723,Cost of Living Issues,0.0046692052856087,Departmental Budgets,0.0030009027104824,Departmental Data,0.0028782398439943,State Pensions,0.0025302099529653,67520/26,36,Paul Mcauliffe,PAUL MCAULIFFE,written,en,To ask the Minister for Social Protection if he intends to increase the Working Family Payment in the coming months.,the minister for social protection if he intends to increase the working family payment in the coming months 67520 26,Social Protection,165,167
37. Deputy Louis O'Hara asked the Minister for Social Protection when he will introduce a cost of disability payment. [66484/26],,Social,2026-09-24,0.2640272974967956,Social Welfare Payments,Social Welfare Payments,0.2640272974967956,Social Welfare Benefits,0.2200314551591873,Social Welfare Rates,0.1212477684020996,Social Welfare Code,0.1063636094331741,Social Welfare Schemes,0.0701659843325614,Social Welfare Eligibility,0.0268907770514488,Cost of Living Issues,0.0255422797054052,Departmental Budgets,0.0233763512223958,Disability Services,0.0218252912163734,Departmental Policies,0.0116723142564296,66484/26,37,Louis O'Hara,LOUIS O'HARA,written,en,To ask the Minister for Social Protection when he will introduce a cost of disability payment.,the minister for social protection when he will introduce a cost of disability payment 66484 26,Social Protection,169,171
"38. Deputy Paula Butterly asked the Minister for Social Protection if he will consider, as part of Budget 2027, extending eligibility for Illness Benefit to self-employed workers who are unable to work due to illness; and if he will make a statement on the matter. [66646/26]",,Social,2026-09-24,0.3099252879619598,Social Welfare Eligibility,Social Welfare Eligibility,0.3099252879619598,Social Welfare Benefits,0.2438487261533737,Social Welfare Code,0.1773639172315597,Social Welfare Payments,0.0670956596732139,Social Welfare Schemes,0.037098478525877,Social Welfare Rates,0.0253430102020502,Budget 2025,0.0163196418434381,Budget 2023,0.0122510427609086,State Pensions,0.0100446809083223,Pension Provisions,0.0087610753253102,66646/26,38,Paula Butterly,PAULA BUTTERLY,written,en,"To ask the Minister for Social Protection if he will consider, as part of Budget 2027, extending eligibility for Illness Benefit to self-employed workers who are unable to work due to illness; and if he will make a statement on the matter.",the minister for social protection if he will consider as part of budget 2027 extending eligibility for illness benefit to self-employed workers who are unable to work due to illness and 66646 26,Social Protection,173,175
39. Deputy Darren O'Rourke asked the Minister for Social Protection if he will remove the means test for Carer's Allowance. [66588/26],,Social,2026-09-24,0.4902686774730682,Social Welfare Eligibility,Social Welfare Eligibility,0.4902686774730682,Social Welfare Benefits,0.2022017389535904,Social Welfare Code,0.1527341157197952,Social Welfare Payments,0.0579081997275352,Social Welfare Schemes,0.0392535254359245,Social Welfare Rates,0.0181902535259723,Social Welfare Appeals,0.0105159087106585,Widow's Pension,0.002032917458564,Departmental Policies,0.0020244163461029,Employment Schemes,0.0016376291168853,66588/26,39,Darren O'Rourke,DARREN O'ROURKE,written,en,To ask the Minister for Social Protection if he will remove the means test for Carer's Allowance.,the minister for social protection if he will remove the means test for carer s allowance 66588 26,Social Protection,177,179
40. Deputy Erin Mcgreehan asked the Minister for Social Protection if he will report on the work of the General Register Office regarding the development of a process to recognise early pregnancy loss. [67537/26],,Social,2026-09-24,0.083034835755825,Gender Recognition,Gender Recognition,0.083034835755825,Birth Certificates,0.0632880330085754,Departmental Policies,0.0429651401937007,Other,0.0410121902823448,Civil Registration Service,0.0393184944987297,Personal Public Service Numbers,0.0375009588897228,Social Welfare Code,0.0362100303173065,Departmental Reviews,0.0332570075988769,Departmental Inquiries,0.0220046862959861,Social Welfare Eligibility,0.0204034484922885,67537/26,40,Erin Mcgreehan,ERIN MCGREEHAN,written,en,To ask the Minister for Social Protection if he will report on the work of the General Register Office regarding the development of a process to recognise early pregnancy loss.,the minister for social protection if he will report on the work of the general register office regarding the development of a process to recognise early pregnancy loss 67537 26,Social Protection,181,183
41. Deputy Seamus Healy asked the Minister for Social Protection if he will grant full rate carer’s allowance to applicants in receipt of other social protection payments. [67665/26],,Social,2026-09-24,0.2975560128688812,Social Welfare Payments,Social Welfare Payments,0.2975560128688812,Social Welfare Benefits,0.2939502298831939,Social Welfare Eligibility,0.1771421283483505,Social Welfare Code,0.079093687236309,Social Welfare Rates,0.0657886937260627,Social Welfare Schemes,0.0592929795384407,Social Welfare Appeals,0.003995934035629,Departmental Data,0.0017055732896551,Fuel Poverty,0.0016266003949567,Departmental Budgets,0.0015391652705147,67665/26,41,Seamus Healy,SEAMUS HEALY,written,en,To ask the Minister for Social Protection if he will grant full rate carer’s allowance to applicants in receipt of other social protection payments.,the minister for social protection if he will grant full rate carer s allowance to applicants in receipt of other social protection payments 67665 26,Social Protection,185,187
42. Deputy Mairéad Farrell asked the Minister for Social Protection if consideration has been given to increasing the amount of time that an individual in receipt of disability allowance can spend outside the State from two weeks per year; and if consideration has been given to the level of surveillance and collection of personal data that is involved when a disability allowance recipient travels outside of the State. [67605/26],,Social,2026-09-24,0.2834443151950836,Social Welfare Payments,Social Welfare Payments,0.2834443151950836,Social Welfare Benefits,0.1354108154773712,Social Welfare Code,0.0703419148921966,Social Welfare Schemes,0.0577741153538227,Social Welfare Eligibility,0.0567393973469734,Data Protection,0.0486327558755874,Social Welfare Offices,0.0383914820849895,Public Services Card,0.0369613133370876,Departmental Policies,0.0290852896869182,Social Media,0.0272786039859056,67605/26,42,Mairéad Farrell,MAIRÉAD FARRELL,written,en,To ask the Minister for Social Protection if consideration has been given to increasing the amount of time that an individual in receipt of disability allowance can spend outside the State from two weeks per year; and if consideration has been given to the level of surveillance and collection of personal data that is involved when a disability allowance recipient travels outside of the State.,the minister for social protection if consideration has been given to increasing the amount of time that an individual in receipt of disability allowance can spend outside the state from two weeks per year and if consideration has been given to the level of surveillance and collection of personal data that is involved when a disability allowance recipient travels outside of the state 67605 26,Social Protection,189,191
43. Deputy Roderic O'Gorman asked the Minister for Social Protection for an update on the Government commitment to examine the pension arrangements for foster carers; and whether additional proposals to support foster carers to access the State pension system are currently planned. [67628/26],,Social,2026-09-24,0.5233465433120728,State Pensions,State Pensions,0.5233465433120728,Pension Provisions,0.2115299254655838,Social Welfare Code,0.0392229072749614,Social Welfare Benefits,0.0328910946846008,Pensions Reform,0.0246132500469684,Social Welfare Eligibility,0.0237974822521209,Social Welfare Payments,0.0226995181292295,Widow's Pension,0.015007559210062,Public Sector Pensions,0.011880462989211,Social Welfare Schemes,0.0111563624814152,67628/26,43,Roderic O'Gorman,RODERIC O'GORMAN,written,en,To ask the Minister for Social Protection for an update on the Government commitment to examine the pension arrangements for foster carers; and whether additional proposals to support foster carers to access the State pension system are currently planned.,the minister for social protection for an update on the government commitment to examine the pension arrangements for foster carers and whether additional proposals to support foster carers to access the state pension system are currently planned 67628 26,Social Protection,193,195
44. Deputy John Clendennen asked the Minister for Social Protection whether he will consider reforming the Carer's Support Grant to provide for two qualifying dates and biannual payments or an alternative pro-rata entitlement for persons who commence or cease providing full-time care during the course of the year. [67619/26],,Social,2026-09-24,0.396356999874115,Social Welfare Benefits,Social Welfare Benefits,0.396356999874115,Social Welfare Eligibility,0.2502289116382599,Social Welfare Payments,0.1768829673528671,Social Welfare Code,0.0757685452699661,Social Welfare Schemes,0.0513365939259529,Social Welfare Rates,0.0132449520751833,Grant Payments,0.0058159166947007,Social Welfare Appeals,0.0043050004169344,Pension Provisions,0.0027466160245239,Departmental Schemes,0.0025893854908645,67619/26,44,John Clendennen,JOHN CLENDENNEN,written,en,To ask the Minister for Social Protection whether he will consider reforming the Carer's Support Grant to provide for two qualifying dates and biannual payments or an alternative pro-rata entitlement for persons who commence or cease providing full-time care during the course of the year.,the minister for social protection whether he will consider reforming the carer s support grant to provide for two qualifying dates and biannual payments or an alternative pro-rata entitlement for persons who commence or cease providing full-time care during the course of the year 67619 26,Social Protection,197,199
45. Deputy Barry Ward asked the Minister for Social Protection the position regarding the removal of the mean’s test for Carer’s Allowance as committed to in the Programme for Government. [66650/26],,Social,2026-09-24,0.2964331209659576,Social Welfare Code,Social Welfare Code,0.2964331209659576,Social Welfare Eligibility,0.2361530661582946,Social Welfare Benefits,0.1562554389238357,Social Welfare Schemes,0.0822941660881042,Social Welfare Payments,0.0806024372577667,Social Welfare Rates,0.0681919753551483,Departmental Policies,0.0085516944527626,Cost of Living Issues,0.005227799527347,Departmental Schemes,0.0044919312931597,School Meals Programme,0.0040718331001698,66650/26,45,Barry Ward,BARRY WARD,written,en,To ask the Minister for Social Protection the position regarding the removal of the mean’s test for Carer’s Allowance as committed to in the Programme for Government.,the minister for social protection the position regarding the removal of the mean s test for carer s allowance as committed to in the programme for government 66650 26,Social Protection,201,203
"46. Deputy Paula Butterly asked the Minister for Social Protection if, in light of the extension of Fuel Allowance eligibility to recipients of the Working Family Payment from 1 January 2026, he will review the eligibility criteria for Fuel Allowance for persons in receipt of Carer's Allowance; whether he acknowledges that some carers with household incomes comparable to those of Working Family Payment recipients are excluded from Fuel Allowance due to the means test; if he will consider introducing equivalent eligibility arrangements for carers; and if he will make a statement on the matter. [66648/26]",,Social,2026-09-24,0.6288598775863647,Social Welfare Eligibility,Social Welfare Eligibility,0.6288598775863647,Social Welfare Benefits,0.1729670912027359,Social Welfare Payments,0.0674665570259094,Social Welfare Code,0.0440947115421295,Social Welfare Schemes,0.0297704152762889,Fuel Poverty,0.0146664967760443,Social Welfare Rates,0.008723946288228,Departmental Schemes,0.0023204463068395,Social Welfare Appeals,0.0020173308439552,School Meals Programme,0.0015035680262371,66648/26,46,Paula Butterly,PAULA BUTTERLY,written,en,"To ask the Minister for Social Protection if, in light of the extension of Fuel Allowance eligibility to recipients of the Working Family Payment from 1 January 2026, he will review the eligibility criteria for Fuel Allowance for persons in receipt of Carer's Allowance; whether he acknowledges that some carers with household incomes comparable to those of Working Family Payment recipients are excluded from Fuel Allowance due to the means test; if he will consider introducing equivalent eligibility arrangements for carers; and if he will make a statement on the matter.",the minister for social protection if in light of the extension of fuel allowance eligibility to recipients of the working family payment from 1 january 2026 he will review the eligibility criteria for fuel allowance for persons in receipt of carer s allowance whether he acknowledges that some carers with household incomes comparable to those of working family payment recipients are excluded from fuel allowance due to the means test if he will consider introducing equivalent eligibility arrangements for carers and 66648 26,Social Protection,205,207
47. Deputy Mark Ward asked the Minister for Social Protection if open GoFundMe campaigns are assessed in additional needs payment applications; and to outline his Departments policy on this. [67323/26],,Social,2026-09-24,0.3620971739292145,Social Welfare Schemes,Social Welfare Schemes,0.3620971739292145,Social Welfare Payments,0.1799524873495102,Social Welfare Benefits,0.1234887093305587,Departmental Schemes,0.0383253917098045,Social Welfare Rates,0.0276715476065874,Social Welfare Code,0.0247973389923572,Social Welfare Eligibility,0.021251656115055,Departmental Data,0.0151861635968089,Community Welfare Services,0.0139940595254302,Social Media,0.011585047468543,67323/26,47,Mark Ward,MARK WARD,written,en,To ask the Minister for Social Protection if open GoFundMe campaigns are assessed in additional needs payment applications; and to outline his Departments policy on this.,the minister for social protection if open gofundme campaigns are assessed in additional needs payment applications and his departments policy on this 67323 26,Social Protection,209,211
"48. Deputy Pádraig O'Sullivan asked the Minister for Social Protection the number of appeals received and decided by the Social Welfare Appeals Office in 2025 and to date in 2026; the proportion of original departmental decisions revised or overturned on appeal, broken down by scheme; the average time to decision for appeals determined summarily and by oral hearing respectively; and the number of appellants currently awaiting an oral hearing. [67465/26]",,Social,2026-09-24,0.944774568080902,Social Welfare Appeals,Social Welfare Appeals,0.944774568080902,Social Welfare Payments,0.0120343184098601,Social Welfare Benefits,0.0115051940083503,Departmental Data,0.0092485891655087,Social Welfare Schemes,0.0054393815807998,Social Welfare Eligibility,0.0023333304561674,Social Welfare Code,0.0011090281186625,State Pensions,0.0007626158185303,Departmental Schemes,0.0006280999514274,Community Employment Schemes,0.000545150542166,67465/26,48,Pádraig O'Sullivan,PÁDRAIG O'SULLIVAN,written,en,"To ask the Minister for Social Protection the number of appeals received and decided by the Social Welfare Appeals Office in 2025 and to date in 2026; the proportion of original departmental decisions revised or overturned on appeal, broken down by scheme; the average time to decision for appeals determined summarily and by oral hearing respectively; and the number of appellants currently awaiting an oral hearing.",the minister for social protection the number of appeals received and decided by the social welfare appeals office in 2025 and to date in 2026 the proportion of original departmental decisions revised or overturned on appeal broken down by scheme the average time to decision for appeals determined summarily and by oral hearing respectively and the number of appellants currently awaiting an oral hearing 67465 26,Social Protection,213,215
"49. Deputy Ken O'Flynn asked the Minister for Social Protection the reason organisations (details supplied) remain in operation following the cessation of referrals to the JobPath programme in June 2022 and the closure of the JobPath service in June 2024, given that the programme had cost the State €344.6 million; the services these companies are currently providing; and the total cost to the State to date. [67187/26]",,Social,2026-09-24,0.3375333845615387,Employment Schemes,Employment Schemes,0.3375333845615387,Employment Support Services,0.2143014818429947,Community Employment Schemes,0.0714064612984657,Departmental Funding,0.0587956085801124,Departmental Schemes,0.0382244959473609,Departmental Data,0.0353889539837837,Social Welfare Schemes,0.035025056451559,Disability Services,0.0120876608416438,Health Services Staff,0.0116271181032061,Social Welfare Benefits,0.0106903044506907,67187/26,49,Ken O'Flynn,KEN O'FLYNN,written,en,"To ask the Minister for Social Protection the reason organisations (details supplied) remain in operation following the cessation of referrals to the JobPath programme in June 2022 and the closure of the JobPath service in June 2024, given that the programme had cost the State €344.6 million; the services these companies are currently providing; and the total cost to the State to date.",the minister for social protection the reason organisations details supplied remain in operation following the cessation of referrals to the jobpath programme in june 2022 and the closure of the jobpath service in june 2024 given that the programme had cost the state 344 6 million the services these companies are currently providing and the total cost to the state to date 67187 26,Social Protection,217,219
"50. Deputy Ken O'Flynn asked the Minister for Social Protection whether his Department is currently making payments to organisations (details supplied), or to companies associated with the former JobPath programme, given that €344.6 million of public money had been spent on the programme; if so, the total amount paid to these companies to date, including payments made since the JobPath service ceased in June 2024; and the services are being provided in return. [67190/26]",,Social,2026-09-24,0.2098345607519149,Departmental Funding,Departmental Funding,0.2098345607519149,Employment Support Services,0.1149289608001709,Employment Schemes,0.0935271829366684,Departmental Expenditure,0.0860806182026863,Social Welfare Schemes,0.057397074997425,Departmental Data,0.0494223050773143,Community Employment Schemes,0.0347337760031223,Departmental Contracts,0.0341749005019664,Social Welfare Payments,0.0333108901977539,Social Welfare Benefits,0.0297115817666053,67190/26,50,Ken O'Flynn,KEN O'FLYNN,written,en,"To ask the Minister for Social Protection whether his Department is currently making payments to organisations (details supplied), or to companies associated with the former JobPath programme, given that €344.6 million of public money had been spent on the programme; if so, the total amount paid to these companies to date, including payments made since the JobPath service ceased in June 2024; and the services are being provided in return.",the minister for social protection whether his department is currently making payments to organisations details supplied or to companies associated with the former jobpath programme given that 344 6 million of public money had been spent on the programme if so the total amount paid to these companies to date including payments made since the jobpath service ceased in june 2024 and the services are being provided in return 67190 26,Social Protection,221,223
51. Deputy Louise O'Reilly asked the Minister for Social Protection whether he is satisfied that the eligibility criteria for the rural social scheme continues to reflect the needs of rural communities; and if he will make a statement on the matter. [67556/26],,Social,2026-09-24,0.2635749578475952,Departmental Schemes,Departmental Schemes,0.2635749578475952,Rural Schemes,0.1477142721414566,Social Welfare Schemes,0.1445962488651275,Social Welfare Eligibility,0.104163073003292,Social Welfare Benefits,0.0504580177366733,Social Welfare Code,0.038228865712881,Social Welfare Payments,0.0337338782846927,Community Employment Schemes,0.0301909893751144,Employment Schemes,0.0183130968362092,Community Development Projects,0.0167551226913929,67556/26,51,Louise O'Reilly,LOUISE O'REILLY,written,en,To ask the Minister for Social Protection whether he is satisfied that the eligibility criteria for the rural social scheme continues to reflect the needs of rural communities; and if he will make a statement on the matter.,the minister for social protection whether he is satisfied that the eligibility criteria for the rural social scheme continues to reflect the needs of rural communities and 67556 26,Social Protection,225,227
"52. Deputy Michael Murphy asked the Minister for Social Protection if he will consider allowing persons aged 66 years and over who continue to provide full-time care to retain a full-rate carer’s allowance alongside their State pension, rather than being restricted to a half-rate payment; and his views that a carer’s responsibilities and the cost of providing care do not reduce on reaching pension age. [63782/26]",,Social,2026-09-24,0.2717052102088928,Social Welfare Eligibility,Social Welfare Eligibility,0.2717052102088928,Social Welfare Benefits,0.223254919052124,Social Welfare Code,0.2145885378122329,Social Welfare Payments,0.0898846387863159,Social Welfare Rates,0.0523999072611331,Social Welfare Schemes,0.0423388667404651,State Pensions,0.0226608086377382,Pension Provisions,0.017642306163907,Widow's Pension,0.0117062125355005,Pensions Reform,0.0033784490078687,63782/26,52,Michael Murphy,MICHAEL MURPHY,written,en,"To ask the Minister for Social Protection if he will consider allowing persons aged 66 years and over who continue to provide full-time care to retain a full-rate carer’s allowance alongside their State pension, rather than being restricted to a half-rate payment; and his views that a carer’s responsibilities and the cost of providing care do not reduce on reaching pension age.",the minister for social protection if he will consider allowing persons aged 66 years and over who continue to provide full-time care to retain a full-rate carer s allowance alongside their state pension rather than being restricted to a half-rate payment and his views that a carer s responsibilities and the cost of providing care do not reduce on reaching pension age 63782 26,Social Protection,229,231
"53. Deputy Peter Roche asked the Minister for Social Protection the arrangements and supports available to families caring for a person with a disability who will require lifelong care, in circumstances where the principal family carer dies, becomes seriously ill or is otherwise no longer capable of providing that care; the advance planning mechanisms that are available to such families; whether his Department works with other relevant Departments and agencies to ensure continuity of supports in such circumstances. [67261/26]",,Social,2026-09-24,0.3669794499874115,Social Welfare Benefits,Social Welfare Benefits,0.3669794499874115,Disability Services,0.1480273753404617,Social Welfare Payments,0.0869874283671379,Social Welfare Eligibility,0.066002033650875,Social Welfare Schemes,0.0656303465366363,Care Services,0.0626103654503822,Children in Care,0.0452727898955345,Social Welfare Code,0.0345821157097816,Departmental Policies,0.0146604552865028,Departmental Data,0.0109468884766101,67261/26,53,Peter Roche,PETER ROCHE,written,en,"To ask the Minister for Social Protection the arrangements and supports available to families caring for a person with a disability who will require lifelong care, in circumstances where the principal family carer dies, becomes seriously ill or is otherwise no longer capable of providing that care; the advance planning mechanisms that are available to such families; whether his Department works with other relevant Departments and agencies to ensure continuity of supports in such circumstances.",the minister for social protection the arrangements and supports available to families caring for a person with a disability who will require lifelong care in circumstances where the principal family carer dies becomes seriously ill or is otherwise no longer capable of providing that care the advance planning mechanisms that are available to such families whether his department works with other relevant departments and agencies to ensure continuity of supports in such circumstances 67261 26,Social Protection,233,235
54. Deputy Aisling Dempsey asked the Minister for Social Protection the measures being taken to ensure that families who may previously have been ineligible for carer’s allowance are aware of the significant increase in the income disregard introduced in July 2026; whether targeted communications are being issued to previous applicants; and if he will consider a further public information campaign on the revised eligibility criteria. [67569/26],,Social,2026-09-24,0.4572665989398956,Social Welfare Eligibility,Social Welfare Eligibility,0.4572665989398956,Social Welfare Benefits,0.2181725054979324,Social Welfare Payments,0.1222486123442649,Social Welfare Code,0.111257180571556,Social Welfare Schemes,0.0244657695293426,Social Welfare Rates,0.018578503280878,Social Welfare Appeals,0.0132905133068561,Widow's Pension,0.0027053523808717,Disability Services,0.0024805474095046,Departmental Policies,0.0022602307144552,67569/26,54,Aisling Dempsey,AISLING DEMPSEY,written,en,To ask the Minister for Social Protection the measures being taken to ensure that families who may previously have been ineligible for carer’s allowance are aware of the significant increase in the income disregard introduced in July 2026; whether targeted communications are being issued to previous applicants; and if he will consider a further public information campaign on the revised eligibility criteria.,the minister for social protection the measures being taken to ensure that families who may previously have been ineligible for carer s allowance are aware of the significant increase in the income disregard introduced in july 2026 whether targeted communications are being issued to previous applicants and if he will consider a further public information campaign on the revised eligibility criteria 67569 26,Social Protection,237,239
"55. Deputy Michael Murphy asked the Minister for Social Protection his plans to further reform the means test for carer’s allowance, including whether he will consider its full abolition and the introduction of a non-means-tested family carer payment, in recognition of the fact that eligibility for support should reflect the significant caring responsibilities undertaken by full-time family carers. [63776/26]",,Social,2026-09-24,0.4348317086696625,Social Welfare Eligibility,Social Welfare Eligibility,0.4348317086696625,Social Welfare Code,0.2070581167936325,Social Welfare Benefits,0.1699580401182174,Social Welfare Payments,0.0666510760784149,Social Welfare Schemes,0.0422584488987922,Social Welfare Rates,0.028800118714571,Departmental Policies,0.006476514507085,Widow's Pension,0.0030033902730792,Maternity Leave,0.0028077964670956,Social Welfare Appeals,0.0027914443053305,63776/26,55,Michael Murphy,MICHAEL MURPHY,written,en,"To ask the Minister for Social Protection his plans to further reform the means test for carer’s allowance, including whether he will consider its full abolition and the introduction of a non-means-tested family carer payment, in recognition of the fact that eligibility for support should reflect the significant caring responsibilities undertaken by full-time family carers.",the minister for social protection his plans to further reform the means test for carer s allowance including whether he will consider its full abolition and the introduction of a non-means-tested family carer payment in recognition of the fact that eligibility for support should reflect the significant caring responsibilities undertaken by full-time family carers 63776 26,Social Protection,241,243
"56. Deputy Eoin Hayes asked the Minister for Social Protection whether his Department has reviewed the processes of eligibility assessments, appeals, and administration which disabled people must undergo to access supports. [67516/26]",,Social,2026-09-24,0.6804410219192505,Social Welfare Appeals,Social Welfare Appeals,0.6804410219192505,Social Welfare Benefits,0.1156793534755706,Social Welfare Payments,0.0571037717163562,Social Welfare Eligibility,0.0548286586999893,Disability Services,0.0188305750489234,Social Welfare Schemes,0.0158947128802537,Social Welfare Code,0.0114995753392577,Disabilities Assessments,0.0044596162624657,Departmental Data,0.003842607839033,Departmental Reviews,0.002337735844776,67516/26,56,Eoin Hayes,EOIN HAYES,written,en,"To ask the Minister for Social Protection whether his Department has reviewed the processes of eligibility assessments, appeals, and administration which disabled people must undergo to access supports.",the minister for social protection whether his department has reviewed the processes of eligibility assessments appeals and administration which disabled people must undergo to access supports 67516 26,Social Protection,245,247
"57. Deputy Aindrias Moynihan asked the Minister for Social Protection to provide an update on any review carried out by his Department of social protection supports aimed at reducing energy poverty among older persons, people with disabilities and those living alone ahead of Budget 27; and if he will make a statement on the matter. [67563/26]",,Social,2026-09-24,0.1352840811014175,Fuel Poverty,Fuel Poverty,0.1352840811014175,Social Welfare Benefits,0.1223950237035751,Social Welfare Payments,0.1202427372336387,Social Welfare Code,0.1047997921705246,Social Welfare Schemes,0.0931280553340911,Social Welfare Eligibility,0.0695894733071327,Social Welfare Rates,0.0479747876524925,Cost of Living Issues,0.0381107740104198,School Meals Programme,0.0322717912495136,Budget 2025,0.0156783945858478,67563/26,57,Aindrias Moynihan,AINDRIAS MOYNIHAN,written,en,"To ask the Minister for Social Protection to provide an update on any review carried out by his Department of social protection supports aimed at reducing energy poverty among older persons, people with disabilities and those living alone ahead of Budget 27; and if he will make a statement on the matter.",the minister for social protection to provide an update on any review carried out by his department of social protection supports aimed at reducing energy poverty among older persons people with disabilities and those living alone ahead of budget 27 and 67563 26,Social Protection,249,251
58. Deputy Naoise Ó Muirí asked the Minister for Social Protection the number of people in Dublin Bay North who availed of the Back-to-School Clothing and Footwear Allowance payments this year. [67542/26],,Social,2026-09-24,0.4571878015995025,Social Welfare Payments,Social Welfare Payments,0.4571878015995025,Social Welfare Benefits,0.3024500608444214,Departmental Data,0.1256381720304489,Social Welfare Schemes,0.0498721748590469,Social Welfare Eligibility,0.0186509042978286,Social Welfare Rates,0.0147862583398818,Social Welfare Code,0.0056088943965733,Departmental Budgets,0.0027464353479444,Departmental Schemes,0.0022304768208414,Departmental Expenditure,0.0022181652020663,67542/26,58,Naoise Ó Muirí,NAOISE Ó MUIRÍ,written,en,To ask the Minister for Social Protection the number of people in Dublin Bay North who availed of the Back-to-School Clothing and Footwear Allowance payments this year.,the minister for social protection the number of people in dublin bay north who availed of the back-to-school clothing and footwear allowance payments this year 67542 26,Social Protection,253,255
"59. Deputy Shay Brennan asked the Minister for Social Protection for an update on the dietician report into the nutritional standards of the hot school meals scheme, including recommendations for improving the nutrition. [67250/26]",,Social,2026-09-24,0.9912269711494446,School Meals Programme,School Meals Programme,0.9912269711494446,Social Welfare Schemes,0.0014036615611985,Departmental Schemes,0.0009049610234797,Departmental Data,0.0007323413738049,Social Welfare Benefits,0.0006200097850523,Social Welfare Eligibility,0.0002880289976019,Health Services,0.0002214582782471,Social Welfare Payments,0.0002156618284061,Fuel Poverty,0.000206927783438,Departmental Reviews,0.0002027337468462,67250/26,59,Shay Brennan,SHAY BRENNAN,written,en,"To ask the Minister for Social Protection for an update on the dietician report into the nutritional standards of the hot school meals scheme, including recommendations for improving the nutrition.",the minister for social protection for an update on the dietician report into the nutritional standards of the hot school meals scheme including recommendations for improving the nutrition 67250 26,Social Protection,257,259
60. Deputy Louise O'Reilly asked the Minister for Social Protection if he will outline the supports in-place for self-employed people who must reduce their hours; the adequacy of these supports in the context of the rising cost of living; and if he will make a statement on the matter. [67568/26],,Social,2026-09-24,0.406143844127655,Cost of Living Issues,Cost of Living Issues,0.406143844127655,Social Welfare Benefits,0.155684158205986,Social Welfare Code,0.0693915039300918,Social Welfare Eligibility,0.0427181422710418,Departmental Policies,0.0409240499138832,Social Welfare Schemes,0.0339963436126709,Social Welfare Payments,0.0317133665084838,Disability Services,0.026220366358757,Social Welfare Rates,0.0213704481720924,Departmental Schemes,0.0107827493920922,67568/26,60,Louise O'Reilly,LOUISE O'REILLY,written,en,To ask the Minister for Social Protection if he will outline the supports in-place for self-employed people who must reduce their hours; the adequacy of these supports in the context of the rising cost of living; and if he will make a statement on the matter.,the minister for social protection if he will outline the supports in-place for self-employed people who must reduce their hours the adequacy of these supports in the context of the rising cost of living and 67568 26,Social Protection,261,263
"61. Deputy Ruairí Ó Murchú asked the Minister for Social Protection the reason exceptional needs payments for boiler replacements are being refused by DSP when local authority schemes do not cover replacement boilers, when SEAI warmer homes schemes and similar grants are taking 24-36 months to complete and people are left without heating or hot water when their boiler breaks down. [67421/26]",,Social,2026-09-24,0.3435188233852386,Social Welfare Schemes,Social Welfare Schemes,0.3435188233852386,Departmental Schemes,0.3423581719398498,Social Welfare Payments,0.0516598857939243,Social Welfare Benefits,0.0508295185863971,Housing Schemes,0.0360594280064106,Social Welfare Eligibility,0.0313033908605575,Social Welfare Code,0.0138723412528634,Energy Conservation,0.011601148173213,Departmental Data,0.0113604832440614,Grant Payments,0.0093675106763839,67421/26,61,Ruairí Ó Murchú,RUAIRÍ Ó MURCHÚ,written,en,"To ask the Minister for Social Protection the reason exceptional needs payments for boiler replacements are being refused by DSP when local authority schemes do not cover replacement boilers, when SEAI warmer homes schemes and similar grants are taking 24-36 months to complete and people are left without heating or hot water when their boiler breaks down.",the minister for social protection the reason exceptional needs payments for boiler replacements are being refused by dsp when local authority schemes do not cover replacement boilers when seai warmer homes schemes and similar grants are taking 24-36 months to complete and people are left without heating or hot water when their boiler breaks down 67421 26,Social Protection,265,267
62. Deputy Tom Brabazon asked the Minister for Social Protection for an update on the implementation of the Programme for Government commitments to support pensioners. [67416/26],,Social,2026-09-24,0.482851505279541,Pension Provisions,Pension Provisions,0.482851505279541,State Pensions,0.1147938668727874,Pensions Reform,0.0841239020228385,Public Sector Pensions,0.0350345335900783,Departmental Policies,0.0293407142162323,Social Welfare Code,0.0243378560990095,Programme for Government,0.0192879121750593,Budget 2023,0.0143591444939374,Cost of Living Issues,0.013736255466938,Budget 2025,0.0103350598365068,67416/26,62,Tom Brabazon,TOM BRABAZON,written,en,To ask the Minister for Social Protection for an update on the implementation of the Programme for Government commitments to support pensioners.,the minister for social protection for an update on the implementation of the programme for government commitments to support pensioners 67416 26,Social Protection,269,271
63. Deputy Brian Stanley asked the Minister for Social Protection his plans to increase the weekly rate of Carer's Allowance Benefit to €325 to recognise the additional cost of providing fulltime care in a cost of living crisis. [67385/26],,Social,2026-09-24,0.2846372127532959,Social Welfare Rates,Social Welfare Rates,0.2846372127532959,Social Welfare Benefits,0.2776569128036499,Social Welfare Code,0.1303109675645828,Social Welfare Payments,0.1188918352127075,Social Welfare Schemes,0.0671255886554718,Social Welfare Eligibility,0.0478869080543518,Cost of Living Issues,0.0119806993752717,Departmental Budgets,0.0064628976397216,Budget 2025,0.0044292113743722,Disability Services,0.0032623251900076,67385/26,63,Brian Stanley,BRIAN STANLEY,written,en,To ask the Minister for Social Protection his plans to increase the weekly rate of Carer's Allowance Benefit to €325 to recognise the additional cost of providing fulltime care in a cost of living crisis.,the minister for social protection his plans to increase the weekly rate of carer s allowance benefit to 325 to recognise the additional cost of providing fulltime care in a cost of living crisis 67385 26,Social Protection,273,275
64. Deputy Louis O'Hara asked the Minister for Social Protection if he has engaged with public transport operators in relation to these operators charging free travel pass holders booking fees for free travel journeys. [66483/26],,Social,2026-09-24,0.5025994181632996,Public Transport,Public Transport,0.5025994181632996,Bus Services,0.0970048159360885,Social Welfare Benefits,0.0919330120086669,Transport Costs,0.0514115542173385,Social Welfare Schemes,0.0391899012029171,National Transport Authority,0.0271060969680547,Transport Policy,0.0171271115541458,Social Welfare Payments,0.0153259672224521,Public Services Card,0.0089170755818486,Social Welfare Eligibility,0.0082248551771044,66483/26,64,Louis O'Hara,LOUIS O'HARA,written,en,To ask the Minister for Social Protection if he has engaged with public transport operators in relation to these operators charging free travel pass holders booking fees for free travel journeys.,the minister for social protection if he has engaged with public transport operators these operators charging free travel pass holders booking fees for free travel journeys 66483 26,Social Protection,277,279
"65. Deputy Grace Boland asked the Minister for Social Protection whether, given the Government's stated ambition to support entrepreneurship and small business growth, he believes that the Jobseeker's Benefit (Self-Employed) scheme and the Back to Work Enterprise Allowance remain fit for purpose in the modern economy; and whether a review of both schemes will be undertaken. [66710/26]",,Social,2026-09-24,0.1588434129953384,Social Welfare Schemes,Social Welfare Schemes,0.1588434129953384,Employment Schemes,0.1568046659231186,Business Supports,0.1198718249797821,Social Welfare Benefits,0.1001809015870094,Departmental Schemes,0.0602036491036415,Employment Support Services,0.052463874220848,Social Welfare Code,0.0475623793900013,Social Welfare Eligibility,0.0397320762276649,Community Employment Schemes,0.026536040008068,Departmental Policies,0.0165116563439369,66710/26,65,Grace Boland,GRACE BOLAND,written,en,"To ask the Minister for Social Protection whether, given the Government's stated ambition to support entrepreneurship and small business growth, he believes that the Jobseeker's Benefit (Self-Employed) scheme and the Back to Work Enterprise Allowance remain fit for purpose in the modern economy; and whether a review of both schemes will be undertaken.",the minister for social protection whether given the government s stated ambition to support entrepreneurship and small business growth he believes that the jobseeker s benefit self-employed scheme and the back to work enterprise allowance remain fit for purpose in the modern economy and whether a review of both schemes will be undertaken 66710 26,Social Protection,281,283
66. Deputy Sean Fleming asked the Minister for Social Protection for an ⁠update on MyFutureFund following the recent opt out window. [67284/26],,Social,2026-09-24,0.2609481811523437,Social Welfare Schemes,Social Welfare Schemes,0.2609481811523437,Social Welfare Payments,0.1679193824529647,Social Welfare Benefits,0.0953752174973487,Departmental Expenditure,0.0474778451025486,Departmental Data,0.0433402359485626,Social Welfare Rates,0.0387628376483917,Social Welfare Code,0.0298296529799699,Social Media,0.0266018044203519,Social Welfare Offices,0.0251625794917345,Data Protection,0.017508877441287,67284/26,66,Sean Fleming,SEAN FLEMING,written,en,To ask the Minister for Social Protection for an ⁠update on MyFutureFund following the recent opt out window.,the minister for social protection for an update on myfuturefund following the recent opt out window 67284 26,Social Protection,285,287
67. Deputy Darren O'Rourke asked the Minister for Social Protection the number and percentage of Disability Allowance application refusals overturned on appeal in 2025 and to date in 2026. [66589/26],,Social,2026-09-24,0.7632575631141663,Social Welfare Appeals,Social Welfare Appeals,0.7632575631141663,Social Welfare Benefits,0.099283680319786,Social Welfare Payments,0.0628818273544311,Departmental Data,0.0238576252013444,Social Welfare Schemes,0.0115932896733284,Social Welfare Eligibility,0.0094403326511383,Disability Services,0.0066257338039577,Social Welfare Code,0.0022840846795588,Departmental Schemes,0.0010628059972077,Housing Schemes,0.0010317369597032,66589/26,67,Darren O'Rourke,DARREN O'ROURKE,written,en,To ask the Minister for Social Protection the number and percentage of Disability Allowance application refusals overturned on appeal in 2025 and to date in 2026.,the minister for social protection the number and percentage of disability allowance application refusals overturned on appeal in 2025 and to date in 2026 66589 26,Social Protection,289,291
68. Deputy Cathal Crowe asked the Minister for Social Protection if he will outline the level of service his Department already provides within the town of Shannon in County Clare; the way in which his Department proposes to address any deficiencies or expand their service offering in the town. [67218/26],,Social,2026-09-24,0.2235777378082275,Community Welfare Services,Community Welfare Services,0.2235777378082275,Social Welfare Offices,0.1054626777768135,Employment Support Services,0.0615489929914474,Disability Services,0.0520221255719661,Departmental Data,0.044803962111473,Employment Schemes,0.0437776409089565,Social Welfare Payments,0.0363400280475616,Social Welfare Benefits,0.0341299958527088,Departmental Policies,0.0288010276854038,Social Welfare Schemes,0.0250128544867038,67218/26,68,Cathal Crowe,CATHAL CROWE,written,en,To ask the Minister for Social Protection if he will outline the level of service his Department already provides within the town of Shannon in County Clare; the way in which his Department proposes to address any deficiencies or expand their service offering in the town.,the minister for social protection if he will outline the level of service his department already provides within the town of shannon in county clare the way in which his department proposes to address any deficiencies or expand their service offering in the town 67218 26,Social Protection,293,295
"69. Deputy Barry Heneghan asked the Minister for Social Protection whether, in the context of Budget 2027, he intends to introduce a permanent cost of disability payment to recognise the additional and ongoing costs faced by people with disabilities; the estimated annual cost of introducing such a payment at different weekly rates; and the number of people who would potentially qualify. [67386/26]",,Social,2026-09-24,0.2273492664098739,Social Welfare Payments,Social Welfare Payments,0.2273492664098739,Social Welfare Benefits,0.1741868108510971,Social Welfare Code,0.0787545144557952,Social Welfare Rates,0.0668141171336174,Budget 2025,0.0639534220099449,Disability Services,0.0581464990973472,Departmental Budgets,0.0499100238084793,Budget 2026,0.0435034558176994,Budget 2023,0.0385571792721748,Social Welfare Schemes,0.0361411720514297,67386/26,69,Barry Heneghan,BARRY HENEGHAN,written,en,"To ask the Minister for Social Protection whether, in the context of Budget 2027, he intends to introduce a permanent cost of disability payment to recognise the additional and ongoing costs faced by people with disabilities; the estimated annual cost of introducing such a payment at different weekly rates; and the number of people who would potentially qualify.",the minister for social protection whether in the context of budget 2027 he intends to introduce a permanent cost of disability payment to recognise the additional and ongoing costs faced by people with disabilities the estimated annual cost of introducing such a payment at different weekly rates and the number of people who would potentially qualify 67386 26,Social Protection,297,299
70. Deputy Paul Lawless asked the Minister for Social Protection the number of persons claiming job-seekers allowance who are new to Ireland and have never worked in Ireland prior to claiming the allowance; and if he will make a statement on the matter. [67175/26],,Social,2026-09-24,0.495867371559143,Social Welfare Benefits,Social Welfare Benefits,0.495867371559143,Social Welfare Payments,0.2429759055376052,Departmental Data,0.0843416526913642,Social Welfare Eligibility,0.0734084621071815,Social Welfare Schemes,0.0302523728460073,Social Welfare Code,0.0140189351513981,Social Welfare Appeals,0.0112297208979725,Employment Support Services,0.0077384016476571,Social Welfare Rates,0.0067664426751434,Employment Schemes,0.0037183791864663,67175/26,70,Paul Lawless,PAUL LAWLESS,written,en,To ask the Minister for Social Protection the number of persons claiming job-seekers allowance who are new to Ireland and have never worked in Ireland prior to claiming the allowance; and if he will make a statement on the matter.,the minister for social protection the number of persons claiming job-seekers allowance who are new to ireland and have never worked in ireland prior to claiming the allowance and 67175 26,Social Protection,301,303
"71. Deputy Seán Ó Fearghaíl asked the Minister for Social Protection the number of households that will receive the fuel allowance in the 2026/2027 season, by county. [67287/26]",,Social,2026-09-24,0.4144612848758697,Social Welfare Benefits,Social Welfare Benefits,0.4144612848758697,Social Welfare Payments,0.3333508372306824,Departmental Data,0.1082690134644508,Social Welfare Schemes,0.049941562116146,Social Welfare Eligibility,0.0288887955248355,Social Welfare Rates,0.0225515514612197,Social Welfare Code,0.0081767411902546,Fuel Poverty,0.0073002530261874,Departmental Budgets,0.0035176633391529,Departmental Schemes,0.0023437773343175,67287/26,71,Seán Ó Fearghaíl,SEÁN Ó FEARGHAÍL,written,en,"To ask the Minister for Social Protection the number of households that will receive the fuel allowance in the 2026/2027 season, by county.",the minister for social protection the number of households that will receive the fuel allowance in the 2026 2027 season by county 67287 26,Social Protection,305,307
72. Deputy Cormac Devlin asked the Minister for Social Protection if he will report on the impact to date of the change in income disregards for the carer’s allowance which came into effect in July 2026. [67290/26],,Social,2026-09-24,0.3338174819946289,Social Welfare Benefits,Social Welfare Benefits,0.3338174819946289,Social Welfare Code,0.2146232724189758,Social Welfare Payments,0.1783094108104705,Social Welfare Eligibility,0.0917260125279426,Social Welfare Rates,0.0736306235194206,Social Welfare Schemes,0.0373879931867122,Departmental Policies,0.0089337471872568,Departmental Data,0.0063445614650845,Cost of Living Issues,0.0056269476190209,Disability Services,0.0036659059114754,67290/26,72,Cormac Devlin,CORMAC DEVLIN,written,en,To ask the Minister for Social Protection if he will report on the impact to date of the change in income disregards for the carer’s allowance which came into effect in July 2026.,the minister for social protection if he will report on the impact to date of the change in income disregards for the carer s allowance which came into effect in july 2026 67290 26,Social Protection,309,311
73. Deputy Matt Carthy asked the Minister for Social Protection if he will amend the current weekly means limit for the increase for qualified adult allowance for recipients of the State pension and increase the current means limit of €100 which has been in place since 2007; and if he will make a statement on the matter. [66608/26],,Social,2026-09-24,0.2861801981925964,Social Welfare Eligibility,Social Welfare Eligibility,0.2861801981925964,Social Welfare Benefits,0.2036265879869461,Social Welfare Code,0.1850507706403732,Social Welfare Payments,0.1276226937770843,Social Welfare Rates,0.069226324558258,Social Welfare Schemes,0.0421314314007759,State Pensions,0.017694778740406,Pension Provisions,0.0172678753733634,Widow's Pension,0.0052534751594066,Fuel Poverty,0.0035351698752492,66608/26,73,Matt Carthy,MATT CARTHY,written,en,To ask the Minister for Social Protection if he will amend the current weekly means limit for the increase for qualified adult allowance for recipients of the State pension and increase the current means limit of €100 which has been in place since 2007; and if he will make a statement on the matter.,the minister for social protection if he will amend the current weekly means limit for the increase for qualified adult allowance for recipients of the state pension and increase the current means limit of 100 which has been in place since 2007 and 66608 26,Social Protection,313,315
"74. Deputy Keira Keogh asked the Minister for Social Protection the steps his Department is taking to ensure that the current State pension provides an adequate income for older persons in view of the cost of living pressures that pensioners are reporting, particularly for pensioners living in rural areas; and if he will make a full statement on the matter. [67626/26]",,Social,2026-09-24,0.8332409262657166,State Pensions,State Pensions,0.8332409262657166,Pension Provisions,0.0788896083831787,Social Welfare Payments,0.014591290615499,Social Welfare Eligibility,0.0118752960115671,Social Welfare Benefits,0.0095402849838137,Social Welfare Code,0.0080514587461948,Pensions Reform,0.0070611238479614,Widow's Pension,0.0057144374586641,Social Welfare Appeals,0.0042154192924499,Social Welfare Schemes,0.0029137334786355,67626/26,74,Keira Keogh,KEIRA KEOGH,written,en,"To ask the Minister for Social Protection the steps his Department is taking to ensure that the current State pension provides an adequate income for older persons in view of the cost of living pressures that pensioners are reporting, particularly for pensioners living in rural areas; and if he will make a full statement on the matter.",the minister for social protection the steps his department is taking to ensure that the current state pension provides an adequate income for older persons in view of the cost of living pressures that pensioners are reporting particularly for pensioners living in rural areas and if he will make a full statement on the matter 67626 26,Social Protection,317,319
75. Deputy Mark Wall asked the Minister for Social Protection the progress his Department has made in reducing the waiting times for processing social welfare appeals. [67654/26],,Social,2026-09-24,0.9260983467102052,Social Welfare Appeals,Social Welfare Appeals,0.9260983467102052,Social Welfare Payments,0.0251094624400138,Social Welfare Benefits,0.0199814066290855,Social Welfare Eligibility,0.0042993216775357,Social Welfare Schemes,0.0040244590491056,Departmental Data,0.0030939809512346,Social Welfare Code,0.0015608039684593,Social Welfare Offices,0.0014794140588492,State Pensions,0.0011951770866289,Community Welfare Services,0.0007144245901145,67654/26,75,Mark Wall,MARK WALL,written,en,To ask the Minister for Social Protection the progress his Department has made in reducing the waiting times for processing social welfare appeals.,the minister for social protection the progress his department has made in reducing the waiting times for processing social welfare appeals 67654 26,Social Protection,321,323
76. Deputy Colm Burke asked the Minister for Social Protection to confirm whether consideration would be given to introducing a support specifically for older people to help with the cost of home heating oil. [67543/26],,Social,2026-09-24,0.2325246036052703,Social Welfare Benefits,Social Welfare Benefits,0.2325246036052703,Cost of Living Issues,0.0911291614174842,Social Welfare Code,0.0714943706989288,Social Welfare Schemes,0.06899955868721,Departmental Policies,0.056955236941576,Social Welfare Payments,0.0505203083157539,Social Welfare Eligibility,0.0483280643820762,Fuel Poverty,0.045836191624403,Departmental Schemes,0.0279437825083732,Social Welfare Rates,0.0157682690769433,67543/26,76,Colm Burke,COLM BURKE,written,en,To ask the Minister for Social Protection to confirm whether consideration would be given to introducing a support specifically for older people to help with the cost of home heating oil.,the minister for social protection to confirm whether consideration would be given to introducing a support specifically for older people to help with the cost of home heating oil 67543 26,Social Protection,325,327
77. Deputy Eoin Hayes asked the Minister for Social Protection for an update on the review carried out by his Department on the system of means tests for all schemes in his Department; and if he will lay the report before the House. [67512/26],,Social,2026-09-24,0.1885873824357986,Social Welfare Schemes,Social Welfare Schemes,0.1885873824357986,Departmental Reviews,0.1780349612236023,Departmental Schemes,0.1252686828374862,Social Welfare Benefits,0.0608565248548984,Social Welfare Code,0.0460714511573314,Departmental Policies,0.0444112867116928,Departmental Reports,0.0432247258722782,Social Welfare Eligibility,0.0314513221383094,Employment Schemes,0.0290912520140409,Departmental Data,0.0196181796491146,67512/26,77,Eoin Hayes,EOIN HAYES,written,en,To ask the Minister for Social Protection for an update on the review carried out by his Department on the system of means tests for all schemes in his Department; and if he will lay the report before the House.,the minister for social protection for an update on the review carried out by his department on the system of means tests for all schemes in his department and if he will lay the report before the house 67512 26,Social Protection,329,331
78. Deputy Seamus Healy asked the Minister for Social Protection to implement a disregard of carer’s allowance and carer’s benefit in the assessment of income for other social protection payments such as the working family payment. [67664/26],,Social,2026-09-24,0.2483393400907516,Social Welfare Payments,Social Welfare Payments,0.2483393400907516,Social Welfare Eligibility,0.2369939982891082,Social Welfare Benefits,0.2311101853847503,Social Welfare Code,0.1533870100975036,Social Welfare Rates,0.0598595738410949,Social Welfare Schemes,0.0417563989758491,Social Welfare Appeals,0.0035379291512072,Departmental Policies,0.0018525413470342,Departmental Data,0.0016327196499332,Fuel Poverty,0.0010644603753462,67664/26,78,Seamus Healy,SEAMUS HEALY,written,en,To ask the Minister for Social Protection to implement a disregard of carer’s allowance and carer’s benefit in the assessment of income for other social protection payments such as the working family payment.,the minister for social protection to implement a disregard of carer s allowance and carer s benefit in the assessment of income for other social protection payments such as the working family payment 67664 26,Social Protection,333,335
79. Deputy Louise O'Reilly asked the Minister for Social Protection the steps he is taking to remove financial and administrative barriers faced by people when obtaining medical evidence and legal aid required for social welfare and housing applications; and if he will make a statement on the matter. [67576/26],,Social,2026-09-24,0.3474973142147064,Social Welfare Benefits,Social Welfare Benefits,0.3474973142147064,Social Welfare Payments,0.1896671652793884,Social Welfare Appeals,0.1312886923551559,Social Welfare Eligibility,0.0779584124684333,Social Welfare Code,0.0715685486793518,Social Welfare Schemes,0.0381696000695228,Departmental Data,0.0212318710982799,Departmental Legal Cases,0.0106488550081849,Social Welfare Rates,0.0065663428977131,Birth Certificates,0.0058510992676019,67576/26,79,Louise O'Reilly,LOUISE O'REILLY,written,en,To ask the Minister for Social Protection the steps he is taking to remove financial and administrative barriers faced by people when obtaining medical evidence and legal aid required for social welfare and housing applications; and if he will make a statement on the matter.,the minister for social protection the steps he is taking to remove financial and administrative barriers faced by people when obtaining medical evidence and legal aid required for social welfare and housing applications and 67576 26,Social Protection,337,339
"80. Deputy Ruairí Ó Murchú asked the Minister for Social Protection the reason carer's allowance payments are included in the calculation of income when deciding the eligibility for the BSCFA when other payments, such as WFP, are not; and whether there are plans to remove carers allowance from the BSCFA calculations. [67423/26]",,Social,2026-09-24,0.4964787364006042,Social Welfare Eligibility,Social Welfare Eligibility,0.4964787364006042,Social Welfare Benefits,0.1939670294523239,Social Welfare Code,0.1022115647792816,Social Welfare Payments,0.0931978300213813,Social Welfare Schemes,0.0408240184187889,Social Welfare Rates,0.0135894156992435,Social Welfare Appeals,0.0056584482081234,Community Employment Schemes,0.0047007272951304,Fuel Poverty,0.0029474867042154,Social Insurance,0.0027758665382862,67423/26,80,Ruairí Ó Murchú,RUAIRÍ Ó MURCHÚ,written,en,"To ask the Minister for Social Protection the reason carer's allowance payments are included in the calculation of income when deciding the eligibility for the BSCFA when other payments, such as WFP, are not; and whether there are plans to remove carers allowance from the BSCFA calculations.",the minister for social protection the reason carer s allowance payments are included in the calculation of income when deciding the eligibility for the bscfa when other payments such as wfp are not and whether there are plans to remove carers allowance from the bscfa calculations 67423 26,Social Protection,341,343
81. Deputy Shónagh Ní Raghallaigh asked the Minister for Social Protection his views in relation to the phasing out of the carers allowance means test as committed to in the Programme for Government; and the timeline for this commitment to be met. [66892/26],,Social,2026-09-24,0.2790761291980743,Social Welfare Code,Social Welfare Code,0.2790761291980743,Social Welfare Eligibility,0.2494664639234542,Social Welfare Benefits,0.178243488073349,Social Welfare Payments,0.069306306540966,Social Welfare Schemes,0.0567108206450939,Social Welfare Rates,0.0553789623081684,Departmental Policies,0.0179306138306856,Disability Services,0.0072255651466548,Cost of Living Issues,0.0068155373446643,Maternity Leave,0.0065531502477824,66892/26,81,Shónagh Ní Raghallaigh,SHÓNAGH NÍ RAGHALLAIGH,written,en,To ask the Minister for Social Protection his views in relation to the phasing out of the carers allowance means test as committed to in the Programme for Government; and the timeline for this commitment to be met.,the minister for social protection his views the phasing out of the carers allowance means test as committed to in the programme for government and the timeline for this commitment to be met 66892 26,Social Protection,345,347
82. Deputy Peadar Tóibín asked the Minister for Social Protection the number of carers whose applications for carer's allowance were refused solely as a result of the means test in each of the past five years; and the average amount by which applicants exceeded the income threshold. [67315/26],,Social,2026-09-24,0.6321388483047485,Social Welfare Benefits,Social Welfare Benefits,0.6321388483047485,Social Welfare Payments,0.1547511667013168,Social Welfare Eligibility,0.0987814143300056,Social Welfare Schemes,0.0351080261170864,Departmental Data,0.0193427093327045,Social Welfare Code,0.0182658489793539,Social Welfare Appeals,0.0161126684397459,Social Welfare Rates,0.0107938684523105,Care Services,0.0015017736004665,Disability Services,0.0009489703807048,67315/26,82,Peadar Tóibín,PEADAR TÓIBÍN,written,en,To ask the Minister for Social Protection the number of carers whose applications for carer's allowance were refused solely as a result of the means test in each of the past five years; and the average amount by which applicants exceeded the income threshold.,the minister for social protection the number of carers whose applications for carer s allowance were refused solely as a result of the means test in each of the past five years and the average amount by which applicants exceeded the income threshold 67315 26,Social Protection,349,351
"83. Deputy Peadar Tóibín asked the Minister for Social Protection the number of persons holding a free travel pass on 31 August 2026, by qualifying category including State pension, disability allowance, invalidity pension, blind pension and carer's allowance recipients; the beneficiaries of temporary protection from Ukraine, where applicable, international protection applicants, where applicable, and all other qualifying categories; and the estimated cost to the Exchequer of providing free travel under each category in each of the past five years. [67316/26]",,Social,2026-09-24,0.4919391274452209,Social Welfare Benefits,Social Welfare Benefits,0.4919391274452209,Social Welfare Payments,0.2311778962612152,Social Welfare Schemes,0.1098268255591392,Social Welfare Eligibility,0.0771968513727188,Departmental Data,0.0512526258826255,Social Welfare Rates,0.0058627449907362,Social Welfare Code,0.0054124789312481,Ukraine War,0.0032014246098697,Departmental Schemes,0.0028493497520685,Social Welfare Appeals,0.0023115186486393,67316/26,83,Peadar Tóibín,PEADAR TÓIBÍN,written,en,"To ask the Minister for Social Protection the number of persons holding a free travel pass on 31 August 2026, by qualifying category including State pension, disability allowance, invalidity pension, blind pension and carer's allowance recipients; the beneficiaries of temporary protection from Ukraine, where applicable, international protection applicants, where applicable, and all other qualifying categories; and the estimated cost to the Exchequer of providing free travel under each category in each of the past five years.",the minister for social protection the number of persons holding a free travel pass on 31 august 2026 by qualifying category including state pension disability allowance invalidity pension blind pension and carer s allowance recipients the beneficiaries of temporary protection from ukraine where applicable international protection applicants where applicable and all other qualifying categories and the estimated cost to the exchequer of providing free travel under each category in each of the past five years 67316 26,Social Protection,353,355
84. Deputy Brian Stanley asked the Minister for Social Protection the plans in place to enhance and expand Social Welfare and Intreo Services in County Laois to match local population growth to ensure timely access for claimants. [67396/26],,Social,2026-09-24,0.2119655609130859,Social Welfare Payments,Social Welfare Payments,0.2119655609130859,Social Welfare Offices,0.2079589664936065,Community Welfare Services,0.1469869613647461,Social Welfare Benefits,0.0852333009243011,Social Welfare Schemes,0.047347217798233,Social Welfare Rates,0.0472225435078144,Social Welfare Code,0.0454465188086032,Social Welfare Eligibility,0.0357909835875034,Employment Support Services,0.0236402098089456,Citizens Information Services,0.0143173458054661,67396/26,84,Brian Stanley,BRIAN STANLEY,written,en,To ask the Minister for Social Protection the plans in place to enhance and expand Social Welfare and Intreo Services in County Laois to match local population growth to ensure timely access for claimants.,the minister for social protection the plans in place to enhance and expand social welfare and intreo services in county laois to match local population growth to ensure timely access for claimants 67396 26,Social Protection,357,359
85. Deputy Matt Carthy asked the Minister for Social Protection whether the review of means testing in the social protection system will be completed this quarter; and if he will make a statement on the matter. [66609/26],,Social,2026-09-24,0.160822793841362,Social Welfare Eligibility,Social Welfare Eligibility,0.160822793841362,Social Welfare Code,0.160087376832962,Departmental Reviews,0.1147177144885063,Social Welfare Benefits,0.1068664565682411,Social Welfare Schemes,0.0785284861922264,Social Welfare Payments,0.0609247982501983,Departmental Policies,0.0454892925918102,Social Welfare Rates,0.0265611838549375,Departmental Reports,0.0210113227367401,Social Welfare Appeals,0.0189794786274433,66609/26,85,Matt Carthy,MATT CARTHY,written,en,To ask the Minister for Social Protection whether the review of means testing in the social protection system will be completed this quarter; and if he will make a statement on the matter.,the minister for social protection whether the review of means testing in the social protection system will be completed this quarter and 66609 26,Social Protection,361,363
86. Deputy Michael Cahill asked the Minister for Social Protection for an update on the proposed cost of disability payment. [67199/26],,Social,2026-09-24,0.2940665781497955,Social Welfare Payments,Social Welfare Payments,0.2940665781497955,Social Welfare Benefits,0.1842207312583923,Social Welfare Rates,0.1320720762014389,Social Welfare Schemes,0.0691689848899841,Social Welfare Code,0.0579943172633647,Cost of Living Issues,0.031900804489851,Departmental Budgets,0.0318141132593154,Disability Services,0.0240045562386512,Social Welfare Eligibility,0.0191284380853176,Departmental Expenditure,0.0176586359739303,67199/26,86,Michael Cahill,MICHAEL CAHILL,written,en,To ask the Minister for Social Protection for an update on the proposed cost of disability payment.,the minister for social protection for an update on the proposed cost of disability payment 67199 26,Social Protection,365,367
87. Deputy Shay Brennan asked the Minister for Social Protection If he will provide a county breakdown of the numbers of students receiving a hot school meal every day. [67249/26],,Social,2026-09-24,0.9834553003311156,School Meals Programme,School Meals Programme,0.9834553003311156,Departmental Data,0.0033988486975431,Social Welfare Schemes,0.0026282621547579,Social Welfare Benefits,0.0017758060712367,Social Welfare Payments,0.000897561374586,Social Welfare Eligibility,0.0006848816992715,Departmental Schemes,0.0006612426368519,Social Welfare Rates,0.000444132980192,Fuel Poverty,0.0003619763883762,School Facilities,0.0003077152941841,67249/26,87,Shay Brennan,SHAY BRENNAN,written,en,To ask the Minister for Social Protection If he will provide a county breakdown of the numbers of students receiving a hot school meal every day.,the minister for social protection if he will provide a county breakdown of the numbers of students receiving a hot school meal every day 67249 26,Social Protection,369,371
88. Deputy Brendan Smith asked the Minister for Social Protection the number of people in Cavan Monaghan that are eligible for Fuel Allowance. [67384/26],,Social,2026-09-24,0.474860817193985,Social Welfare Benefits,Social Welfare Benefits,0.474860817193985,Social Welfare Eligibility,0.2310069054365158,Social Welfare Payments,0.1766473650932312,Social Welfare Schemes,0.0375455096364021,Social Welfare Code,0.0189337823539972,Departmental Data,0.0141336480155587,Fuel Poverty,0.0138924364000558,Social Welfare Rates,0.0103660346940159,Social Welfare Appeals,0.0014969641342759,School Meals Programme,0.0012884410098195,67384/26,88,Brendan Smith,BRENDAN SMITH,written,en,To ask the Minister for Social Protection the number of people in Cavan Monaghan that are eligible for Fuel Allowance.,the minister for social protection the number of people in cavan monaghan that are eligible for fuel allowance 67384 26,Social Protection,373,375
"89. Deputy Michael Murphy asked the Minister for Social Protection whether he is considering advocating, as part of the pre-budget process, for targeted employer PRSI relief measures for SMEs, particularly in respect of lower-paid workers, in order to help locally owned businesses maintain employment and remain competitive in the face of rising business costs. [63668/26]",,Social,2026-09-24,0.148846223950386,Social Welfare Benefits,Social Welfare Benefits,0.148846223950386,Pension Provisions,0.0909729748964309,Social Welfare Code,0.0907172858715057,Social Insurance,0.0761966332793235,Cost of Living Issues,0.0492699854075908,Budget 2023,0.0396696887910366,Social Welfare Schemes,0.0375277325510978,Social Welfare Eligibility,0.0358977019786834,Tax Reliefs,0.028832072392106,Pensions Reform,0.0247931629419326,63668/26,89,Michael Murphy,MICHAEL MURPHY,written,en,"To ask the Minister for Social Protection whether he is considering advocating, as part of the pre-budget process, for targeted employer PRSI relief measures for SMEs, particularly in respect of lower-paid workers, in order to help locally owned businesses maintain employment and remain competitive in the face of rising business costs.",the minister for social protection whether he is considering advocating as part of the pre-budget process for targeted employer prsi relief measures for smes particularly in respect of lower-paid workers in order to help locally owned businesses maintain employment and remain competitive in the face of rising business costs 63668 26,Social Protection,377,379
"90. Deputy Mairéad Farrell asked the Minister for Social Protection if consideration has been given to the way that eligibility reviews are communicated to persons in receipt of the State Pension (non-contributory), particularly given that these individuals are often vulnerable. [67603/26]",,Social,2026-09-24,0.4033862650394439,State Pensions,State Pensions,0.4033862650394439,Social Welfare Eligibility,0.1479745954275131,Social Welfare Appeals,0.1476985812187194,Social Welfare Benefits,0.0625120773911476,Pension Provisions,0.0534698404371738,Social Welfare Payments,0.043520763516426,Social Welfare Code,0.0393718406558036,Widow's Pension,0.0187947396188974,Social Welfare Schemes,0.0129657806828618,Pensions Reform,0.0060999551787972,67603/26,90,Mairéad Farrell,MAIRÉAD FARRELL,written,en,"To ask the Minister for Social Protection if consideration has been given to the way that eligibility reviews are communicated to persons in receipt of the State Pension (non-contributory), particularly given that these individuals are often vulnerable.",the minister for social protection if consideration has been given to the way that eligibility reviews are communicated to persons in receipt of the state pension non-contributory particularly given that these individuals are often vulnerable 67603 26,Social Protection,381,383
91. Deputy Michael Cahill asked the Minister for Social Protection if he has had any engagement with an organisation (details supplied) in relation to Budget 2027. [67198/26],,Social,2026-09-24,0.2032191753387451,Budget 2026,Budget 2026,0.2032191753387451,Budget 2025,0.1754517704248428,Budget 2024,0.1650022268295288,Budget 2023,0.1238892450928688,Departmental Budgets,0.0561824440956115,Social Welfare Payments,0.0471107587218284,Social Welfare Benefits,0.0317586623132228,Departmental Funding,0.0124614192172884,Social Welfare Code,0.0120037328451871,State Pensions,0.0099140843376517,67198/26,91,Michael Cahill,MICHAEL CAHILL,written,en,To ask the Minister for Social Protection if he has had any engagement with an organisation (details supplied) in relation to Budget 2027.,the minister for social protection if he has had any engagement with an organisation details supplied budget 2027 67198 26,Social Protection,385,387
92. Deputy Darren O'Rourke asked the Minister for Social Protection his plans to tackle youth unemployment. [66583/26],,Social,2026-09-24,0.0961102098226547,Employment Support Services,Employment Support Services,0.0961102098226547,Departmental Strategies,0.0577404461801052,Employment Schemes,0.0451626479625701,Departmental Policies,0.0396176651120185,Other,0.0370695330202579,Departmental Data,0.0365339331328868,Youth Services,0.0357777252793312,Child Poverty,0.0289173834025859,Departmental Reviews,0.0242758225649595,Departmental Reports,0.023670895025134,66583/26,92,Darren O'Rourke,DARREN O'ROURKE,written,en,To ask the Minister for Social Protection his plans to tackle youth unemployment.,the minister for social protection his plans to tackle youth unemployment 66583 26,Social Protection,389,391
93. Deputy Naoise Ó Cearúil asked the Minister for Social Protection whether his Department has assessed the impact of the child benefit payment rate remaining unchanged since 2016; and whether any review of the payment rate is planned. [67341/26],,Social,2026-09-24,0.366474986076355,Social Welfare Benefits,Social Welfare Benefits,0.366474986076355,Social Welfare Payments,0.210831806063652,Social Welfare Rates,0.1535210013389587,Social Welfare Code,0.0765643641352653,Social Welfare Schemes,0.0646476447582244,Departmental Data,0.0341721177101135,Social Welfare Eligibility,0.027452128008008,Departmental Policies,0.004121967125684,Departmental Budgets,0.0038676878903061,Cost of Living Issues,0.003469604300335,67341/26,93,Naoise Ó Cearúil,NAOISE Ó CEARÚIL,written,en,To ask the Minister for Social Protection whether his Department has assessed the impact of the child benefit payment rate remaining unchanged since 2016; and whether any review of the payment rate is planned.,the minister for social protection whether his department has assessed the impact of the child benefit payment rate remaining unchanged since 2016 and whether any review of the payment rate is planned 67341 26,Social Protection,393,395
94. Deputy Albert Dolan asked the Minister for Social Protection the current status of the Government's commitment to review the means test for carer's allowance; and whether he is considering the abolition of the means test in recognition of the vital role played by family carers. [67391/26],,Social,2026-09-24,0.3952098190784454,Social Welfare Eligibility,Social Welfare Eligibility,0.3952098190784454,Social Welfare Code,0.2222281694412231,Social Welfare Benefits,0.2038180530071258,Social Welfare Payments,0.0596766136586666,Social Welfare Schemes,0.0422533266246318,Social Welfare Rates,0.0242453720420599,Social Welfare Appeals,0.0061330203898251,Departmental Policies,0.0051221023313701,Maternity Leave,0.0045283338986337,Widow's Pension,0.0033784250263124,67391/26,94,Albert Dolan,ALBERT DOLAN,written,en,To ask the Minister for Social Protection the current status of the Government's commitment to review the means test for carer's allowance; and whether he is considering the abolition of the means test in recognition of the vital role played by family carers.,the minister for social protection the current status of the government s commitment to review the means test for carer s allowance and whether he is considering the abolition of the means test in recognition of the vital role played by family carers 67391 26,Social Protection,397,399
95. Deputy John Clendennen asked the Minister for Social Protection the next steps in terms of progressively increasing the weekly rates of Carer's allowance and Carer's Benefit as committed to in the Programme for Government. [67618/26],,Social,2026-09-24,0.2301314026117324,Social Welfare Rates,Social Welfare Rates,0.2301314026117324,Social Welfare Code,0.123985581099987,Social Welfare Benefits,0.085456907749176,Social Welfare Payments,0.077610395848751,Social Welfare Schemes,0.0665080323815345,Cost of Living Issues,0.0577629581093788,Departmental Budgets,0.0523462779819965,Budget 2025,0.0381349176168441,Budget 2026,0.0228776335716247,Budget 2023,0.0218097027391195,67618/26,95,John Clendennen,JOHN CLENDENNEN,written,en,To ask the Minister for Social Protection the next steps in terms of progressively increasing the weekly rates of Carer's allowance and Carer's Benefit as committed to in the Programme for Government.,the minister for social protection the next steps in terms of progressively increasing the weekly rates of carer s allowance and carer s benefit as committed to in the programme for government 67618 26,Social Protection,401,403
"96. Deputy Grace Boland asked the Minister for Social Protection the measures are being taken to ensure that social welfare recipients can transition into further education, apprenticeships and training programmes without suffering a loss of income that would discourage participation. [66712/26]",,Social,2026-09-24,0.2749254107475281,Social Welfare Payments,Social Welfare Payments,0.2749254107475281,Social Welfare Benefits,0.2594838142395019,Social Welfare Rates,0.1218630075454711,Social Welfare Code,0.1149067804217338,Social Welfare Schemes,0.0985835790634155,Social Welfare Eligibility,0.0720947235822677,Community Welfare Services,0.0086237667128443,Social Welfare Offices,0.0060521122068166,Social Welfare Appeals,0.0058015012182295,Employment Schemes,0.0041296426206827,66712/26,96,Grace Boland,GRACE BOLAND,written,en,"To ask the Minister for Social Protection the measures are being taken to ensure that social welfare recipients can transition into further education, apprenticeships and training programmes without suffering a loss of income that would discourage participation.",the minister for social protection the measures are being taken to ensure that social welfare recipients can transition into further education apprenticeships and training programmes without suffering a loss of income that would discourage participation 66712 26,Social Protection,405,407
97. Deputy John Paul O'Shea asked the Minister for Social Protection if he will consider increasing the income thresholds for the Working Family Payment as part of Budget 2027. [66998/26],,Social,2026-09-24,0.1372517943382263,Social Welfare Payments,Social Welfare Payments,0.1372517943382263,Social Welfare Benefits,0.1249863430857658,Budget 2025,0.1147006154060363,Budget 2026,0.0865429043769836,Social Welfare Code,0.0819891914725303,Social Welfare Rates,0.0652141273021698,Budget 2023,0.062028020620346,Social Welfare Eligibility,0.054648358374834,Budget 2024,0.0535604655742645,Social Welfare Schemes,0.033926285803318,66998/26,97,John Paul O'Shea,JOHN PAUL O'SHEA,written,en,To ask the Minister for Social Protection if he will consider increasing the income thresholds for the Working Family Payment as part of Budget 2027.,the minister for social protection if he will consider increasing the income thresholds for the working family payment as part of budget 2027 66998 26,Social Protection,409,411
"98. Deputy Seán Kyne asked the Minister for Social Protection whether he will undertake a review of opportunities for people to stay on employment schemes after they have turned 65 years old, given the valuable work they contribute and the shortage for people in schemes such as Tús and Community Schemes (CE) schemes in vulnerable communities. [67629/26]",,Social,2026-09-24,0.4083654880523681,Community Employment Schemes,Community Employment Schemes,0.4083654880523681,Employment Schemes,0.2922653555870056,Employment Support Services,0.1623273342847824,Social Welfare Code,0.0183323677629232,Social Welfare Schemes,0.0177502259612083,Social Welfare Eligibility,0.0166457332670688,Employment Rights,0.0151837738230824,Social Welfare Benefits,0.0120553821325302,Departmental Schemes,0.0053116991184651,Pension Provisions,0.0037964440416544,67629/26,98,Seán Kyne,SEÁN KYNE,written,en,"To ask the Minister for Social Protection whether he will undertake a review of opportunities for people to stay on employment schemes after they have turned 65 years old, given the valuable work they contribute and the shortage for people in schemes such as Tús and Community Schemes (CE) schemes in vulnerable communities.",the minister for social protection whether he will undertake a review of opportunities for people to stay on employment schemes after they have turned 65 years old given the valuable work they contribute and the shortage for people in schemes such as tús and community schemes ce schemes in vulnerable communities 67629 26,Social Protection,413,415
99. Deputy Mark Ward asked the Minister for Social Protection if persons on invalidity pensions are eligible for fuel allowance; to outline the criteria for fuel allowance; and if any changes will be included in the upcoming budget. [67324/26],,Social,2026-09-24,0.4453498423099518,Social Welfare Eligibility,Social Welfare Eligibility,0.4453498423099518,Social Welfare Benefits,0.2522814869880676,Social Welfare Payments,0.1146741807460784,Social Welfare Code,0.0555750131607055,Fuel Poverty,0.0321712158620357,Social Welfare Schemes,0.028658615425229,Social Welfare Rates,0.0165946781635284,Pension Provisions,0.0035835923627018,Budget 2023,0.00302628823556,State Pensions,0.0029905047267675,67324/26,99,Mark Ward,MARK WARD,written,en,To ask the Minister for Social Protection if persons on invalidity pensions are eligible for fuel allowance; to outline the criteria for fuel allowance; and if any changes will be included in the upcoming budget.,the minister for social protection if persons on invalidity pensions are eligible for fuel allowance the criteria for fuel allowance and if any changes will be included in the upcoming budget 67324 26,Social Protection,417,419
100. Deputy Richard Boyd Barrett asked the Minister for Social Protection his views on the possibility of a disability payment that is an entitlement for each person with a disability in the interests of equality and supporting independent living; and to make a statement on the matter. [67339/26],,Social,2026-09-24,0.2808178663253784,Social Welfare Eligibility,Social Welfare Eligibility,0.2808178663253784,Social Welfare Benefits,0.2009353935718536,Social Welfare Payments,0.1938808113336563,Social Welfare Code,0.1875692903995514,Social Welfare Schemes,0.0411386378109455,Social Welfare Rates,0.0213796235620975,Disability Services,0.0150639740750193,Departmental Policies,0.008684161119163,Departmental Schemes,0.0029395632445812,Rights of People with Disabilities,0.0027762774843722,67339/26,100,Richard Boyd Barrett,RICHARD BOYD BARRETT,written,en,To ask the Minister for Social Protection his views on the possibility of a disability payment that is an entitlement for each person with a disability in the interests of equality and supporting independent living; and to make a statement on the matter.,the minister for social protection his views on the possibility of a disability payment that is an entitlement for each person with a disability in the interests of equality and supporting independent living and to make a statement on the matter 67339 26,Social Protection,421,423
101. Deputy Seamus Healy asked the Minister for Social Protection if he will increase carer’s allowance and carer’s benefit to €325 per week. [67667/26],,Social,2026-09-24,0.3302249312400818,Social Welfare Benefits,Social Welfare Benefits,0.3302249312400818,Social Welfare Rates,0.2127795070409774,Social Welfare Payments,0.1647398173809051,Social Welfare Code,0.1217919811606407,Social Welfare Schemes,0.0613372921943664,Social Welfare Eligibility,0.0606791339814662,Departmental Budgets,0.0050547616556286,Departmental Data,0.0033434270881116,Cost of Living Issues,0.0030937974806874,Budget 2025,0.0023408827837556,67667/26,101,Seamus Healy,SEAMUS HEALY,written,en,To ask the Minister for Social Protection if he will increase carer’s allowance and carer’s benefit to €325 per week.,the minister for social protection if he will increase carer s allowance and carer s benefit to 325 per week 67667 26,Social Protection,425,427
"102. Deputy Roderic O'Gorman asked the Minister for Social Protection if his Department will consider further reforms to the pension treatment of foster care work, including bringing foster care work directly within the State Pension system. [67646/26]",,Social,2026-09-24,0.6398606896400452,State Pensions,State Pensions,0.6398606896400452,Pension Provisions,0.196666345000267,Social Welfare Code,0.0232619941234588,Pensions Reform,0.0181278381496667,Social Welfare Benefits,0.0169957764446735,Social Welfare Eligibility,0.015440110117197,Social Welfare Payments,0.0138235874474048,Public Sector Pensions,0.011360534466803,Widow's Pension,0.0083381729200482,Social Welfare Schemes,0.0057821366935968,67646/26,102,Roderic O'Gorman,RODERIC O'GORMAN,written,en,"To ask the Minister for Social Protection if his Department will consider further reforms to the pension treatment of foster care work, including bringing foster care work directly within the State Pension system.",the minister for social protection if his department will consider further reforms to the pension treatment of foster care work including bringing foster care work directly within the state pension system 67646 26,Social Protection,429,431
103. Deputy Paul Lawless asked the Minister for Social Protection the number of persons who have applied for the job seekers allowance or job seekers benefit who listed their previous employment as farming; and if he will make a statement on the matter. [67163/26],,Social,2026-09-24,0.6098483800888062,Social Welfare Benefits,Social Welfare Benefits,0.6098483800888062,Social Welfare Payments,0.1735858917236328,Departmental Data,0.0908558070659637,Social Welfare Eligibility,0.0612595565617084,Social Welfare Schemes,0.0325698591768741,Social Welfare Code,0.0054770740680396,Social Welfare Appeals,0.004630415700376,Social Welfare Rates,0.0022989101707935,Departmental Schemes,0.0019808716606348,Disability Services,0.0017195248510688,67163/26,103,Paul Lawless,PAUL LAWLESS,written,en,To ask the Minister for Social Protection the number of persons who have applied for the job seekers allowance or job seekers benefit who listed their previous employment as farming; and if he will make a statement on the matter.,the minister for social protection the number of persons who have applied for the job seekers allowance or job seekers benefit who listed their previous employment as farming and 67163 26,Social Protection,433,435
104. Deputy Mark Wall asked the Minister for Social Protection if he will consider extending the continuation period for social welfare payments from six weeks to 12 weeks. [67652/26],,Social,2026-09-24,0.6414344906806946,Social Welfare Payments,Social Welfare Payments,0.6414344906806946,Social Welfare Benefits,0.106242761015892,Social Welfare Rates,0.0963559970259666,Social Welfare Code,0.0545764900743961,Social Welfare Eligibility,0.0444897785782814,Social Welfare Schemes,0.0252721589058637,Social Welfare Appeals,0.0029223172459751,Community Welfare Services,0.0026137938257306,Social Welfare Offices,0.0022825531195849,State Pensions,0.0022245410364121,67652/26,104,Mark Wall,MARK WALL,written,en,To ask the Minister for Social Protection if he will consider extending the continuation period for social welfare payments from six weeks to 12 weeks.,the minister for social protection if he will consider extending the continuation period for social welfare payments from six weeks to 12 weeks 67652 26,Social Protection,437,439
"105. Deputy Barry Heneghan asked the Minister for Social Protection in the context of Budget 2027, he will consider further reform of Carer’s Allowance, including increasing the weekly rate and further easing or removing the means test in recognition of the significant contribution made by family carers; and the estimated cost of each of these measures. [67387/26]",,Social,2026-09-24,0.1735496073961258,Social Welfare Benefits,Social Welfare Benefits,0.1735496073961258,Social Welfare Payments,0.1595201939344406,Social Welfare Rates,0.1385194212198257,Social Welfare Code,0.1365909129381179,Budget 2025,0.0659684091806411,Social Welfare Eligibility,0.0570120327174663,Social Welfare Schemes,0.0556779019534587,Budget 2023,0.0374397151172161,Budget 2026,0.0310437716543674,Departmental Budgets,0.0203591156750917,67387/26,105,Barry Heneghan,BARRY HENEGHAN,written,en,"To ask the Minister for Social Protection in the context of Budget 2027, he will consider further reform of Carer’s Allowance, including increasing the weekly rate and further easing or removing the means test in recognition of the significant contribution made by family carers; and the estimated cost of each of these measures.",the minister for social protection in the context of budget 2027 he will consider further reform of carer s allowance including increasing the weekly rate and further easing or removing the means test in recognition of the significant contribution made by family carers and the estimated cost of each of these measures 67387 26,Social Protection,441,443
106. Deputy Peter 'Chap' Cleere asked the Minister for Social Protection the targeted income supports in relation to those with disabilities he is considering as part of Budget 2027 negotiations. [67299/26],,Social,2026-09-24,0.1701707243919372,Budget 2025,Budget 2025,0.1701707243919372,Budget 2026,0.1449643522500991,Budget 2024,0.125888392329216,Budget 2023,0.1218336001038551,Social Welfare Benefits,0.0615717433393001,Social Welfare Payments,0.0433815754950046,Social Welfare Code,0.0423360876739025,Disability Services,0.0412118472158908,Departmental Budgets,0.0392355173826217,Cost of Living Issues,0.0220794435590505,67299/26,106,Peter 'Chap' Cleere,PETER 'CHAP' CLEERE,written,en,To ask the Minister for Social Protection the targeted income supports in relation to those with disabilities he is considering as part of Budget 2027 negotiations.,the minister for social protection the targeted income supports those with disabilities he is considering as part of budget 2027 negotiations 67299 26,Social Protection,445,447
107. Deputy Paula Butterly asked the Minister for Social Protection the process used by his Department to identify and investigate suspected social welfare fraud; the number of cases of social welfare fraud detected and confirmed in each of the past three years; the value of any overpayments identified and recovered during that period; the measures currently in place to prevent fraud and abuse of the social welfare system; any additional measures being considered to strengthen fraud detection and compliance activities; and if he will make a statement on the matter. [66706/26],,Social,2026-09-24,0.4119574427604675,Social Welfare Payments,Social Welfare Payments,0.4119574427604675,Social Welfare Rates,0.0806330293416976,Social Welfare Offices,0.0735013633966445,Social Welfare Schemes,0.0688183605670929,Social Welfare Benefits,0.0635425373911857,Departmental Data,0.0507760494947433,Social Welfare Code,0.0461533926427364,Community Welfare Services,0.0255948062986135,Social Insurance,0.0149961905553936,Social Welfare Appeals,0.0127528337761759,66706/26,107,Paula Butterly,PAULA BUTTERLY,written,en,To ask the Minister for Social Protection the process used by his Department to identify and investigate suspected social welfare fraud; the number of cases of social welfare fraud detected and confirmed in each of the past three years; the value of any overpayments identified and recovered during that period; the measures currently in place to prevent fraud and abuse of the social welfare system; any additional measures being considered to strengthen fraud detection and compliance activities; and if he will make a statement on the matter.,the minister for social protection the process used by his department to identify and investigate suspected social welfare fraud the number of cases of social welfare fraud detected and confirmed in each of the past three years the value of any overpayments identified and recovered during that period the measures currently in place to prevent fraud and abuse of the social welfare system any additional measures being considered to strengthen fraud detection and compliance activities and 66706 26,Social Protection,449,451
108. Deputy Thomas Gould asked the Minister for Social Protection for an update on the timeline for the abolition of the carer’s means test. [66849/26],,Social,2026-09-24,0.3733119666576385,Social Welfare Eligibility,Social Welfare Eligibility,0.3733119666576385,Social Welfare Code,0.2423467487096786,Social Welfare Benefits,0.1712226420640945,Social Welfare Schemes,0.0625396519899368,Social Welfare Payments,0.0421605557203292,Social Welfare Rates,0.0202417206019163,Social Welfare Appeals,0.0100005837157368,Departmental Policies,0.0080837979912757,Widow's Pension,0.005725844297558,Maternity Leave,0.0054263807833194,66849/26,108,Thomas Gould,THOMAS GOULD,written,en,To ask the Minister for Social Protection for an update on the timeline for the abolition of the carer’s means test.,the minister for social protection for an update on the timeline for the abolition of the carer s means test 66849 26,Social Protection,453,455
109. Deputy James Geoghegan asked the Minister for Social Protection if he will outline his plans to reform the domiciliary care allowance. [66685/26],,Social,2026-09-24,0.2506608068943023,Social Welfare Benefits,Social Welfare Benefits,0.2506608068943023,Social Welfare Eligibility,0.2403385937213897,Social Welfare Code,0.2279920428991317,Social Welfare Payments,0.1165114119648933,Social Welfare Schemes,0.0573805421590805,Social Welfare Rates,0.0488018877804279,Departmental Policies,0.0079828705638647,Disability Services,0.0046428181231021,Care Services,0.0033263736404478,Maternity Leave,0.0028258606325834,66685/26,109,James Geoghegan,JAMES GEOGHEGAN,written,en,To ask the Minister for Social Protection if he will outline his plans to reform the domiciliary care allowance.,the minister for social protection if he will outline his plans to reform the domiciliary care allowance 66685 26,Social Protection,457,459
"110. Deputy Peter Roche asked the Minister for Social Protection following the increases in the income disregards for the carer’s allowance means test, the next steps his Department intends to take towards the Programme for Government commitment to phase out the means test; the further changes to the income disregards or qualifying criteria that are being considered; and the timeframe for their introduction. [67262/26]",,Social,2026-09-24,0.4169096350669861,Social Welfare Code,Social Welfare Code,0.4169096350669861,Social Welfare Eligibility,0.1925071626901626,Social Welfare Benefits,0.1313133686780929,Social Welfare Rates,0.0669415891170501,Social Welfare Payments,0.0587751083076,Social Welfare Schemes,0.0568426810204982,Departmental Policies,0.0106498030945658,Cost of Living Issues,0.0043854834511876,Departmental Schemes,0.0030063171871006,Maternity Leave,0.0029116671066731,67262/26,110,Peter Roche,PETER ROCHE,written,en,"To ask the Minister for Social Protection following the increases in the income disregards for the carer’s allowance means test, the next steps his Department intends to take towards the Programme for Government commitment to phase out the means test; the further changes to the income disregards or qualifying criteria that are being considered; and the timeframe for their introduction.",the minister for social protection following the increases in the income disregards for the carer s allowance means test the next steps his department intends to take towards the programme for government commitment to phase out the means test the further changes to the income disregards or qualifying criteria that are being considered and the timeframe for their introduction 67262 26,Social Protection,461,463
"111. Deputy Shane Moynihan asked the Minister for Social Protection whether consideration is being given to increasing investment in digital inclusion measures, particularly for older persons, people with disabilities and those at risk of digital exclusion. [67531/26]",,Social,2026-09-24,0.1159603223204612,Social Media,Social Media,0.1159603223204612,Departmental Strategies,0.0859924256801605,Departmental Policies,0.0844848677515983,Social Welfare Schemes,0.0393490716814994,Disability Services,0.0370137654244899,Social Welfare Payments,0.0336732417345047,Social Welfare Benefits,0.0264049340039491,Rights of People with Disabilities,0.0230991672724485,Social Welfare Code,0.0225798245519399,Citizens Information Services,0.0203137136995792,67531/26,111,Shane Moynihan,SHANE MOYNIHAN,written,en,"To ask the Minister for Social Protection whether consideration is being given to increasing investment in digital inclusion measures, particularly for older persons, people with disabilities and those at risk of digital exclusion.",the minister for social protection whether consideration is being given to increasing investment in digital inclusion measures particularly for older persons people with disabilities and those at risk of digital exclusion 67531 26,Social Protection,465,467
112. Deputy Eoin Hayes asked the Minister for Social Protection his plans to change the Household Benefits Package to alleviate poverty amongst households most in need. [67525/26],,Social,2026-09-24,0.2367059737443924,Social Welfare Benefits,Social Welfare Benefits,0.2367059737443924,Social Welfare Code,0.14292773604393,Social Welfare Payments,0.1402836143970489,Social Welfare Schemes,0.110970564186573,Social Welfare Rates,0.0973803624510765,Social Welfare Eligibility,0.0952997952699661,Cost of Living Issues,0.0197209920734167,Budget 2025,0.0155537342652678,Poverty Data,0.0122351618483662,Fuel Poverty,0.0119549036026,67525/26,112,Eoin Hayes,EOIN HAYES,written,en,To ask the Minister for Social Protection his plans to change the Household Benefits Package to alleviate poverty amongst households most in need.,the minister for social protection his plans to change the household benefits package to alleviate poverty amongst households most in need 67525 26,Social Protection,469,471
113. Deputy Colm Burke asked the Minister for Social Protection if consideration will be given to making fuel allowance an automatic entitlement to everyone over 70 years-of-age; and the estimated cost that will be incurred to make this change. [67575/26],,Social,2026-09-24,0.4149244129657745,Social Welfare Eligibility,Social Welfare Eligibility,0.4149244129657745,Social Welfare Benefits,0.2064851522445678,Social Welfare Payments,0.1327995508909225,Social Welfare Code,0.124342605471611,Social Welfare Rates,0.0398203022778034,Social Welfare Schemes,0.0323740467429161,Fuel Poverty,0.0120037160813808,Cost of Living Issues,0.0034113326109945,Departmental Policies,0.0027182719204574,Pension Provisions,0.0019959427881985,67575/26,113,Colm Burke,COLM BURKE,written,en,To ask the Minister for Social Protection if consideration will be given to making fuel allowance an automatic entitlement to everyone over 70 years-of-age; and the estimated cost that will be incurred to make this change.,the minister for social protection if consideration will be given to making fuel allowance an automatic entitlement to everyone over 70 years-of-age and the estimated cost that will be incurred to make this change 67575 26,Social Protection,473,475
114. Deputy Peter 'Chap' Cleere asked the Minister for Social Protection if he will examine targeted supports in Budget 2027 such as increasing the monthly allowance of €35 for those with gas or electricity as part of the Household Benefits Package. [67298/26],,Social,2026-09-24,0.1538143157958984,Budget 2025,Budget 2025,0.1538143157958984,Social Welfare Benefits,0.1361426562070846,Budget 2026,0.1220434159040451,Social Welfare Payments,0.1175229623913765,Budget 2023,0.0961964279413223,Budget 2024,0.0620881170034408,Social Welfare Code,0.0442411378026008,Departmental Budgets,0.0403608046472072,Social Welfare Rates,0.0377240441739559,Social Welfare Schemes,0.0299734789878129,67298/26,114,Peter 'Chap' Cleere,PETER 'CHAP' CLEERE,written,en,To ask the Minister for Social Protection if he will examine targeted supports in Budget 2027 such as increasing the monthly allowance of €35 for those with gas or electricity as part of the Household Benefits Package.,the minister for social protection if he will examine targeted supports in budget 2027 such as increasing the monthly allowance of 35 for those with gas or electricity as part of the household benefits package 67298 26,Social Protection,477,479
115. Deputy Joe Neville asked the Minister for Social Protection the added measures his Department hope to introduce in Budget 2027 to help families with the cost of living. [67635/26],,Social,2026-09-24,0.2575430274009704,Cost of Living Issues,Cost of Living Issues,0.2575430274009704,Budget 2025,0.0960434153676033,Social Welfare Benefits,0.0852107852697372,Budget 2026,0.0798594430088996,Budget 2023,0.0715460255742073,Social Welfare Payments,0.0528175197541713,Budget 2024,0.0473488830029964,Social Welfare Rates,0.0409337282180786,Social Welfare Code,0.0357096046209335,Departmental Budgets,0.0241587776690721,67635/26,115,Joe Neville,JOE NEVILLE,written,en,To ask the Minister for Social Protection the added measures his Department hope to introduce in Budget 2027 to help families with the cost of living.,the minister for social protection the added measures his department hope to introduce in budget 2027 to help families with the cost of living 67635 26,Social Protection,481,483
116. Deputy Séamus Mcgrath asked the Minister for Social Protection to review the qualifying eligibility and the rate of the living alone allowance. [67326/26],,Social,2026-09-24,0.5630099773406982,Social Welfare Eligibility,Social Welfare Eligibility,0.5630099773406982,Social Welfare Benefits,0.2004502415657043,Social Welfare Payments,0.0768850520253181,Social Welfare Code,0.0669537782669067,Social Welfare Schemes,0.0312695614993572,Social Welfare Rates,0.0160125959664583,Social Welfare Appeals,0.0141902696341276,Fuel Poverty,0.0028519565239548,Widow's Pension,0.0021999133750796,Departmental Data,0.0020563099533319,67326/26,116,Séamus Mcgrath,SÉAMUS MCGRATH,written,en,To ask the Minister for Social Protection to review the qualifying eligibility and the rate of the living alone allowance.,the minister for social protection to review the qualifying eligibility and the rate of the living alone allowance 67326 26,Social Protection,485,487
"117. Deputy Paul Lawless asked the Minister for Social Protection if the new cost-of-disability payment being rolled out by his Department will be means tested based on a partner’s income, in the same fashion that the carers allowance was; if he has met with disability rights groups regarding the matter; and if he will make a statement on the matter. [67177/26]",,Social,2026-09-24,0.2514031231403351,Social Welfare Benefits,Social Welfare Benefits,0.2514031231403351,Social Welfare Payments,0.1998991221189499,Social Welfare Code,0.1335928738117218,Social Welfare Rates,0.1133265346288681,Social Welfare Schemes,0.0877615138888359,Social Welfare Eligibility,0.0602163635194301,Cost of Living Issues,0.0431419871747493,Disability Services,0.0139649882912635,Departmental Policies,0.0109903858974576,Departmental Budgets,0.008709967136383,67177/26,117,Paul Lawless,PAUL LAWLESS,written,en,"To ask the Minister for Social Protection if the new cost-of-disability payment being rolled out by his Department will be means tested based on a partner’s income, in the same fashion that the carers allowance was; if he has met with disability rights groups regarding the matter; and if he will make a statement on the matter.",the minister for social protection if the new cost-of-disability payment being rolled out by his department will be means tested based on a partner s income in the same fashion that the carers allowance was if he has met with disability rights groups regarding the matter and 67177 26,Social Protection,489,491
"118. Deputy Pa Daly asked the Minister for Transport further to Parliamentary Question No. 219 of 16 September 2026, the child fares that will be reduced as stated in the response; if he anticipates that the fare hikes on public transport will lead to a reduction in the use of public transport as reported by the NTA at the Oireachtas committee hearing on 16 September 2026; if he has considered reversing these proposed hikes; if there will be any other changes to fares as part of budget 2027; and if he will make a statement on the matter [67278/26]",,Transport,2026-09-24,0.7947938442230225,Public Transport,Public Transport,0.7947938442230225,Transport Costs,0.1489405333995819,Transport Policy,0.0107240490615367,Bus Services,0.0092814173549413,National Transport Authority,0.0045393612235784,Taxi Regulations,0.002865940099582,School Transport,0.0020706304349005,Bus Éireann,0.0019090593559667,Rail Network,0.0016651159385219,Disability Services,0.0015163799980655,67278/26,118,Pa Daly,PA DALY,written,en,"To ask the Minister for Transport further to Parliamentary Question No. 219 of 16 September 2026, the child fares that will be reduced as stated in the response; if he anticipates that the fare hikes on public transport will lead to a reduction in the use of public transport as reported by the NTA at the Oireachtas committee hearing on 16 September 2026; if he has considered reversing these proposed hikes; if there will be any other changes to fares as part of budget 2027; and if he will make a statement on the matter",the minister for transport further to parliamentary question no 219 of 16 september 2026 the child fares that will be reduced as stated in the response if he anticipates that the fare hikes on public transport will lead to a reduction in the use of public transport as reported by the nta at the oireachtas committee hearing on 16 september 2026 if he has considered reversing these proposed hikes if there will be any other changes to fares as part of budget 2027 and 67278 26,Transport,499,501
119. Deputy Aidan Farrelly asked the Minister for Transport if he will detail the way in which he plans to comply with the €18m levy applied to his Department's vote for 2027; and if he will ensure that public transport commitments and obligations are fully resourced. [67530/26],,Transport,2026-09-24,0.6575117111206055,Public Transport,Public Transport,0.6575117111206055,Transport Policy,0.1212280094623565,Transport Costs,0.0487801395356655,National Transport Authority,0.0466705523431301,Taxi Regulations,0.0174915418028831,Transport Infrastructure Ireland,0.0128698330372571,Bus Services,0.0111013380810618,Haulage Industry,0.00803092867136,Taxi Licences,0.0058286427520215,Road Tolls,0.0045540831051766,67530/26,119,Aidan Farrelly,AIDAN FARRELLY,written,en,To ask the Minister for Transport if he will detail the way in which he plans to comply with the €18m levy applied to his Department's vote for 2027; and if he will ensure that public transport commitments and obligations are fully resourced.,the minister for transport if he will detail the way in which he plans to comply with the 18m levy applied to his department s vote for 2027 and if he will ensure that public transport commitments and obligations are fully resourced 67530 26,Transport,503,505
120. Deputy Louis O'Hara asked the Minister for Transport to provide an update on implementation of the recommendations of the all island rail review; and his plans to improve capacity on rail services [67279/26],,Transport,2026-09-24,0.9394839406013488,Rail Network,Rail Network,0.9394839406013488,Public Transport,0.0257401913404464,Departmental Reviews,0.0045821033418178,Transport Policy,0.002900009509176,Bus Services,0.0015213181031867,Other,0.0014958373503759,Transport Infrastructure Ireland,0.0012763339327648,Park-and-Ride Facilities,0.0012732745381072,National Transport Authority,0.0010229828767478,Departmental Data,0.0010085138492286,67279/26,120,Louis O'Hara,LOUIS O'HARA,written,en,To ask the Minister for Transport to provide an update on implementation of the recommendations of the all island rail review; and his plans to improve capacity on rail services,the minister for transport to provide an update on implementation of the recommendations of the all island rail review and his plans to improve capacity on rail services 67279 26,Transport,507,509
121. Deputy Ciarán Ahern asked the Minister for Transport if he will provide the €70 million in funding that the NTA says is required to avoid the increase in public transport fares; and if he will make a statement on the matter. [68009/26],,Transport,2026-09-24,0.8713847994804382,Public Transport,Public Transport,0.8713847994804382,Transport Costs,0.0578159317374229,Bus Services,0.0160266906023025,Transport Policy,0.0151010723784565,National Transport Authority,0.0137033564969897,Taxi Regulations,0.0031768640037626,Transport Infrastructure Ireland,0.0029738582670688,Bus Éireann,0.0025221987161785,Rail Network,0.0017227885546162,Taxi Licences,0.0013177451910451,68009/26,121,Ciarán Ahern,CIARÁN AHERN,written,en,To ask the Minister for Transport if he will provide the €70 million in funding that the NTA says is required to avoid the increase in public transport fares; and if he will make a statement on the matter.,the minister for transport if he will provide the 70 million in funding that the nta says is required to avoid the increase in public transport fares and 68009 26,Transport,511,513
122. Deputy Brian Stanley asked the Minister for Transport to rebalance the overall funding for roads in Laois (details supplied). [67753/26],,Transport,2026-09-24,0.7218361496925354,Road Projects,Road Projects,0.7218361496925354,Road Network,0.2500971853733063,Departmental Funding,0.0078677153214812,Transport Infrastructure Ireland,0.0030954715330153,Road Safety,0.0023992748465389,Greenways Provision,0.0013623060658574,Departmental Schemes,0.0011486881412565,Transport Policy,0.0009126786608248,Departmental Expenditure,0.0007834833231754,Grant Payments,0.0007140826201066,67753/26,122,Brian Stanley,BRIAN STANLEY,written,en,To ask the Minister for Transport to rebalance the overall funding for roads in Laois (details supplied).,the minister for transport to rebalance the overall funding for roads in laois details supplied 67753 26,Transport,515,517
123. Deputy Emer Currie asked the Minister for Transport to retain a bus service in Dublin West (details supplied). [67775/26],,Transport,2026-09-24,0.9812845587730408,Bus Services,Bus Services,0.9812845587730408,Public Transport,0.0066761397756636,Dublin Bus,0.0050859944894909,Bus Éireann,0.0037791826762259,National Transport Authority,0.000511817052029,Departmental Data,0.0003036173293367,Transport Policy,0.0002272338897455,Transport Costs,0.0001627179735805,Rail Network,0.0001426296075806,Transport Infrastructure Ireland,9.555684664519504e-05,67775/26,123,Emer Currie,EMER CURRIE,written,en,To ask the Minister for Transport to retain a bus service in Dublin West (details supplied).,the minister for transport to retain a bus service in dublin west details supplied 67775 26,Transport,519,521
124. Deputy Naoise Ó Cearúil asked the Minister for Transport the reasoning behind the proposed removal of the direct 126D bus service to Dublin City University as part of the revised 126 corridor; the assessment carried out of the impact on students currently using the service; and whether the National Transport Authority will consider retaining direct peak-time services to DCU where demand exists. [67344/26],,Transport,2026-09-24,0.9646977186203004,Bus Services,Bus Services,0.9646977186203004,Public Transport,0.0177635792642831,Dublin Bus,0.0065407468937337,Bus Éireann,0.0045531364157795,National Transport Authority,0.0015818654792383,Transport Policy,0.000863054243382,Transport Costs,0.000550421711523,Transport Infrastructure Ireland,0.0002246444346383,Rail Network,0.000221105539822,Departmental Data,0.0001623585267225,67344/26,124,Naoise Ó Cearúil,NAOISE Ó CEARÚIL,written,en,To ask the Minister for Transport the reasoning behind the proposed removal of the direct 126D bus service to Dublin City University as part of the revised 126 corridor; the assessment carried out of the impact on students currently using the service; and whether the National Transport Authority will consider retaining direct peak-time services to DCU where demand exists.,the minister for transport the reasoning behind the proposed removal of the direct 126d bus service to dublin city university as part of the revised 126 corridor the assessment carried out of the impact on students currently using the service and whether the national transport authority will consider retaining direct peak-time services to dcu where demand exists 67344 26,Transport,529,531
125. Deputy Gillian Toole asked the Minister for Transport the reason €20 million was spent by Dublin Airport Authority insulating homes in the noise preferential route of the North runway when these homes are not being flown over since August 2023. [67017/26],,Transport,2026-09-24,0.5028258562088013,Airport Policy,Airport Policy,0.5028258562088013,Dublin Airport Authority,0.1502312123775482,Air Services,0.0912938937544822,Aviation Industry,0.0605477280914783,Regional Airports,0.0479862280189991,Airport Security,0.0297217704355716,Transport Policy,0.0074982373043894,Military Aircraft,0.0072911162860691,Air Safety,0.0066045681014657,Air Navigation Orders,0.0062233810313045,67017/26,125,Gillian Toole,GILLIAN TOOLE,written,en,To ask the Minister for Transport the reason €20 million was spent by Dublin Airport Authority insulating homes in the noise preferential route of the North runway when these homes are not being flown over since August 2023.,the minister for transport the reason 20 million was spent by dublin airport authority insulating homes in the noise preferential route of the north runway when these homes are not being flown over since august 2023 67017 26,Transport,533,535
126. Deputy Paul Lawless asked the Minister for Transport the number of collisions involving trains in Ireland in each of the past ten years. [67174/26],,Transport,2026-09-24,0.2304640114307403,Road Traffic Accidents,Road Traffic Accidents,0.2304640114307403,Rail Network,0.1563972383737564,Traffic Management,0.0660087540745735,Road Safety,0.0543490499258041,National Car Test,0.0443521440029144,Public Transport,0.0299388952553272,Other,0.0276331733912229,Departmental Data,0.0232536364346742,Road Traffic Offences,0.0147850355133414,Transport Infrastructure Ireland,0.0142133543267846,67174/26,126,Paul Lawless,PAUL LAWLESS,written,en,To ask the Minister for Transport the number of collisions involving trains in Ireland in each of the past ten years.,the minister for transport the number of collisions involving trains in ireland in each of the past ten years 67174 26,Transport,537,539
127. Deputy Danny Healy-rae asked the Minister for Transport for updates on the fuel subsidy support schemes. [66662/26],,Transport,2026-09-24,0.2137705981731414,Departmental Schemes,Departmental Schemes,0.2137705981731414,Fuel Prices,0.1863349378108978,Energy Prices,0.0599115826189518,Electric Vehicles,0.0501878969371318,Transport Policy,0.0376655757427215,Haulage Industry,0.0324275121092796,Energy Policy,0.0317539572715759,Departmental Funding,0.025196248665452,Grant Payments,0.0245670843869447,Departmental Data,0.0223785061389207,66662/26,127,Danny Healy-rae,DANNY HEALY-RAE,written,en,To ask the Minister for Transport for updates on the fuel subsidy support schemes.,the minister for transport for updates on the fuel subsidy support schemes 66662 26,Transport,541,543
128. Deputy Thomas Gould asked the Minister for Transport whether he is aware that two routes in Cork under BusConnects had to be rerouted because a bus cannot traverse Church Hill despite numerous public consultations and millions spent to date. [66853/26],,Transport,2026-09-24,0.9820322394371032,Bus Services,Bus Services,0.9820322394371032,Public Transport,0.0082156546413898,Bus Éireann,0.0035603959113359,Dublin Bus,0.0028490650001913,National Transport Authority,0.0005289785331115,Transport Policy,0.0003393907682038,Transport Costs,0.0001945503317983,Departmental Data,0.0001814432616811,Rail Network,0.0001772142713889,Transport Infrastructure Ireland,0.0001160481697297,66853/26,128,Thomas Gould,THOMAS GOULD,written,en,To ask the Minister for Transport whether he is aware that two routes in Cork under BusConnects had to be rerouted because a bus cannot traverse Church Hill despite numerous public consultations and millions spent to date.,the minister for transport whether he is aware that two routes in cork under busconnects had to be rerouted because a bus cannot traverse church hill despite numerous public consultations and millions spent to date 66853 26,Transport,545,547
129. Deputy Naoise Ó Muirí asked the Minister for Transport if he is aware of ongoing capacity issues on the 15 bus route; and the measures that are being taken to ensure that local residents can reliably access the service. [67534/26],,Transport,2026-09-24,0.979530930519104,Bus Services,Bus Services,0.979530930519104,Public Transport,0.011938895098865,Bus Éireann,0.0022597422357648,Dublin Bus,0.0011776874307543,National Transport Authority,0.0006765695870853,Transport Policy,0.0004549044533632,Departmental Data,0.0003612080472521,Transport Costs,0.0002126562612829,Rail Network,0.0001747921924106,Transport Infrastructure Ireland,0.000167968290043,67534/26,129,Naoise Ó Muirí,NAOISE Ó MUIRÍ,written,en,To ask the Minister for Transport if he is aware of ongoing capacity issues on the 15 bus route; and the measures that are being taken to ensure that local residents can reliably access the service.,the minister for transport if he is aware of ongoing capacity issues on the 15 bus route and the measures that are being taken to ensure that local residents can reliably access the service 67534 26,Transport,549,551
130. Deputy Emer Currie asked the Minister for Transport for an update on Dart+West; and whether Irish Rail plans on engaging with the local community on the closure of level crossings. [67496/26],,Transport,2026-09-24,0.9524357318878174,Rail Network,Rail Network,0.9524357318878174,Public Transport,0.0367490500211715,Transport Policy,0.0014010923914611,Transport Costs,0.0010358967119827,Bus Services,0.0009660380892455,Transport Infrastructure Ireland,0.000815243110992,National Transport Authority,0.0008040679967962,Park-and-Ride Facilities,0.0006237198831513,Traffic Management,0.0002310635318281,Other,0.0001488546986365,67496/26,130,Emer Currie,EMER CURRIE,written,en,To ask the Minister for Transport for an update on Dart+West; and whether Irish Rail plans on engaging with the local community on the closure of level crossings.,the minister for transport for an update on dart west and whether irish rail plans on engaging with the local community on the closure of level crossings 67496 26,Transport,553,555
131. Deputy Thomas Gould asked the Minister for Transport whether he has conducted any affordability tests on fare increases in Cork. [66855/26],,Transport,2026-09-24,0.3675850927829742,Public Transport,Public Transport,0.3675850927829742,Driver Test,0.221065267920494,Transport Costs,0.1575435847043991,Taxi Regulations,0.0361135154962539,Transport Policy,0.0320923589169979,Bus Services,0.022336333990097,Driver Licences,0.0215413328260183,Taxi Licences,0.0194724649190902,National Transport Authority,0.0177547801285982,Transport Infrastructure Ireland,0.0093709928914904,66855/26,131,Thomas Gould,THOMAS GOULD,written,en,To ask the Minister for Transport whether he has conducted any affordability tests on fare increases in Cork.,the minister for transport whether he has conducted any affordability tests on fare increases in cork 66855 26,Transport,557,559
132. Deputy Erin Mcgreehan asked the Minister for Transport to provide an update on the actions undertaken to improve transport in rural areas. [67411/26],,Transport,2026-09-24,0.5289987921714783,Public Transport,Public Transport,0.5289987921714783,Transport Policy,0.3410506248474121,Transport Infrastructure Ireland,0.0204099230468273,Road Network,0.0202100053429603,Transport Costs,0.018019113689661,National Transport Authority,0.014454124495387,Road Projects,0.0101474411785602,Bus Services,0.009877954609692,Road Safety,0.0035922119859606,Active Travel,0.00263317883946,67411/26,132,Erin Mcgreehan,ERIN MCGREEHAN,written,en,To ask the Minister for Transport to provide an update on the actions undertaken to improve transport in rural areas.,the minister for transport to provide an update on the actions undertaken to improve transport in rural areas 67411 26,Transport,561,563
133. Deputy Eoghan Kenny asked the Minister for Transport for an update as of September 2026 on the proposed increased fares on public transport; and if he will make a statement on the matter. [67661/26],,Transport,2026-09-24,0.8628385066986084,Public Transport,Public Transport,0.8628385066986084,Transport Costs,0.0942993536591529,Bus Services,0.0111464355140924,Transport Policy,0.0084590027108788,National Transport Authority,0.0036913389340043,Taxi Regulations,0.0018698134226724,Bus Éireann,0.0014382493682205,Rail Network,0.0012826159363612,School Transport,0.0012784547870978,Transport Infrastructure Ireland,0.0010338308056816,67661/26,133,Eoghan Kenny,EOGHAN KENNY,written,en,To ask the Minister for Transport for an update as of September 2026 on the proposed increased fares on public transport; and if he will make a statement on the matter.,the minister for transport for an update as of september 2026 on the proposed increased fares on public transport and 67661 26,Transport,565,567
134. Deputy Pa Daly asked the Minister for Transport the position regarding the new projected costs for Metrolink; if he will commit to delivering Metrolink within this new projected cost; if he will commit to equivalent ambition and resourcing for public transport projects outside of Dublin over the same period; and if he will make a statement on the matter. [67303/26],,Transport,2026-09-24,0.5463873744010925,Public Transport,Public Transport,0.5463873744010925,Rail Network,0.4077178835868835,Bus Services,0.010916861705482,Transport Costs,0.0106168584898114,Transport Policy,0.0079513676464557,National Transport Authority,0.0033673860598355,Transport Infrastructure Ireland,0.0019718720577657,Bus Éireann,0.0014208253705874,Park-and-Ride Facilities,0.0007344431360252,Departmental Funding,0.0004427601525094,67303/26,134,Pa Daly,PA DALY,written,en,To ask the Minister for Transport the position regarding the new projected costs for Metrolink; if he will commit to delivering Metrolink within this new projected cost; if he will commit to equivalent ambition and resourcing for public transport projects outside of Dublin over the same period; and if he will make a statement on the matter.,the minister for transport the position regarding the new projected costs for metrolink if he will commit to delivering metrolink within this new projected cost if he will commit to equivalent ambition and resourcing for public transport projects outside of dublin over the same period and 67303 26,Transport,569,571
135. Deputy John Clendennen asked the Minister for Transport for an update on the progress being made by the National Transport Authority towards a public consultation during the second half of 2027 for a potential new Tullamore Town bus service. [67620/26],,Transport,2026-09-24,0.7877430319786072,Bus Services,Bus Services,0.7877430319786072,Public Transport,0.0996285378932952,National Transport Authority,0.0454033873975276,Dublin Bus,0.016210488975048,Transport Policy,0.011298413388431,Bus Éireann,0.0100615983828902,Transport Infrastructure Ireland,0.0026131358463317,Rail Network,0.0017535266233608,Transport Costs,0.0016417629085481,Taxi Regulations,0.0014171971706673,67620/26,135,John Clendennen,JOHN CLENDENNEN,written,en,To ask the Minister for Transport for an update on the progress being made by the National Transport Authority towards a public consultation during the second half of 2027 for a potential new Tullamore Town bus service.,the minister for transport for an update on the progress being made by the national transport authority towards a public consultation during the second half of 2027 for a potential new tullamore town bus service 67620 26,Transport,573,575
136. Deputy Séamus Mcgrath asked the Minister for Transport for an update on the establishment of a Strategic Integrated Transportation Office in Cork City. [67327/26],,Transport,2026-09-24,0.4382601678371429,Public Transport,Public Transport,0.4382601678371429,Transport Policy,0.3842080533504486,National Transport Authority,0.0686413720250129,Transport Infrastructure Ireland,0.0249024331569671,Rail Network,0.0141145344823598,Transport Costs,0.0080344770103693,Bus Services,0.0067948820069432,Road Network,0.006553039420396,Park-and-Ride Facilities,0.0046195606701076,Active Travel,0.0038930664304643,67327/26,136,Séamus Mcgrath,SÉAMUS MCGRATH,written,en,To ask the Minister for Transport for an update on the establishment of a Strategic Integrated Transportation Office in Cork City.,the minister for transport for an update on the establishment of a strategic integrated transportation office in cork city 67327 26,Transport,577,579
"137. Deputy Michael Murphy asked the Minister for Transport if he will examine the introduction of a multidisciplinary investigation model for fatal and serious road collisions, similar to the system operating in Finland, bringing together expertise in policing, road engineering, vehicle safety, medicine and behavioural science to identify contributory factors and make recommendations aimed at preventing future collisions. [63674/26]",,Transport,2026-09-24,0.4625976979732513,Road Traffic Accidents,Road Traffic Accidents,0.4625976979732513,Road Safety,0.4293195009231567,Traffic Management,0.0202421974390745,Road Traffic Offences,0.0132112884894013,Road Network,0.0106450393795967,Road Safety Authority,0.0094678634777665,Road Projects,0.0039005896542221,Transport Infrastructure Ireland,0.0032084335107356,Transport Policy,0.0026018056087195,Departmental Reviews,0.0023656263947486,63674/26,137,Michael Murphy,MICHAEL MURPHY,written,en,"To ask the Minister for Transport if he will examine the introduction of a multidisciplinary investigation model for fatal and serious road collisions, similar to the system operating in Finland, bringing together expertise in policing, road engineering, vehicle safety, medicine and behavioural science to identify contributory factors and make recommendations aimed at preventing future collisions.",the minister for transport if he will examine the introduction of a multidisciplinary investigation model for fatal and serious road collisions similar to the system operating in finland bringing together expertise in policing road engineering vehicle safety medicine and behavioural science to identify contributory factors and make recommendations aimed at preventing future collisions 63674 26,Transport,581,583
138. Deputy Pearse Doherty asked the Minister for Transport if he will visit Letterkenny to meet with Donegal County Council and local representatives to see at first hand the severe traffic congestion currently affecting the town; and to discuss the immediate and long-term measures required to address Letterkenny’s transport infrastructure needs. [67469/26],,Transport,2026-09-24,0.6578355431556702,Traffic Management,Traffic Management,0.6578355431556702,Road Projects,0.106486015021801,Road Network,0.0723319202661514,Transport Policy,0.0320914760231971,Road Safety,0.0283303894102573,Transport Infrastructure Ireland,0.0263307094573974,Public Transport,0.013486067764461,Road Traffic Accidents,0.0114908786490559,Rail Network,0.0065442188642919,Road Tolls,0.00649991678074,67469/26,138,Pearse Doherty,PEARSE DOHERTY,written,en,To ask the Minister for Transport if he will visit Letterkenny to meet with Donegal County Council and local representatives to see at first hand the severe traffic congestion currently affecting the town; and to discuss the immediate and long-term measures required to address Letterkenny’s transport infrastructure needs.,the minister for transport if he will visit letterkenny to meet with donegal county council and local representatives to see at first hand the severe traffic congestion currently affecting the town and to discuss the immediate and long-term measures required to address letterkenny s transport infrastructure needs 67469 26,Transport,585,587
139. Deputy Maeve O'Connell asked the Minister for Transport if his Department are considering creating a congestion management plan for Dublin to counteract the negative impacts of traffic congestion. [66604/26],,Transport,2026-09-24,0.7354563474655151,Traffic Management,Traffic Management,0.7354563474655151,Road Projects,0.0620276518166065,Road Network,0.0345132946968078,Road Tolls,0.0285896901041269,Transport Policy,0.0170609522610902,Road Safety,0.0168705023825168,Transport Infrastructure Ireland,0.0138022098690271,Public Transport,0.01114022731781,Road Traffic Accidents,0.0087934285402297,Road Traffic Offences,0.0081348260864615,66604/26,139,Maeve O'Connell,MAEVE O'CONNELL,written,en,To ask the Minister for Transport if his Department are considering creating a congestion management plan for Dublin to counteract the negative impacts of traffic congestion.,the minister for transport if his department are considering creating a congestion management plan for dublin to counteract the negative impacts of traffic congestion 66604 26,Transport,589,591
140. Deputy Pa Daly asked the Minister for Transport to report on accessibility on public transport; if he is aware of concerns that many bus stops and train platforms remain inaccessible; and if he will make a statement on the matter. [67308/26],,Transport,2026-09-24,0.933959424495697,Public Transport,Public Transport,0.933959424495697,Bus Services,0.0221071019768714,Transport Costs,0.0152710536494851,Transport Policy,0.0099021000787615,Rail Network,0.0051841447129845,National Transport Authority,0.0048543317243456,Bus Éireann,0.0017960334662348,Transport Infrastructure Ireland,0.0011711703846231,School Transport,0.0005040290998294,Taxi Regulations,0.0003441403096076,67308/26,140,Pa Daly,PA DALY,written,en,To ask the Minister for Transport to report on accessibility on public transport; if he is aware of concerns that many bus stops and train platforms remain inaccessible; and if he will make a statement on the matter.,the minister for transport to report on accessibility on public transport if he is aware of concerns that many bus stops and train platforms remain inaccessible and 67308 26,Transport,593,595
"141. Deputy Pa Daly asked the Minister for Transport further to PQ64566/26 of 16 September 2026, to provide the report (details supplied); the proportion that are new services; the proportion that are enhancements; the number he expects will actually be delivered given a similar list contained in the submission for budget 2026; if the Government will commit to providing the resources to deliver these 140 new services and enhancements; if there are specific projects that will be prioritised; and if he will make a statement on the matter. [67302/26]",,Transport,2026-09-24,0.2234508544206619,Bus Services,Bus Services,0.2234508544206619,Departmental Data,0.1161677092313766,Public Transport,0.0871646329760551,Departmental Reports,0.0481832697987556,Departmental Funding,0.0344963483512401,Departmental Reviews,0.0304867178201675,Budget 2026,0.0296763740479946,Departmental Correspondence,0.024107975885272,Departmental Expenditure,0.0228724963963031,Departmental Budgets,0.0212640669196844,67302/26,141,Pa Daly,PA DALY,written,en,"To ask the Minister for Transport further to PQ64566/26 of 16 September 2026, to provide the report (details supplied); the proportion that are new services; the proportion that are enhancements; the number he expects will actually be delivered given a similar list contained in the submission for budget 2026; if the Government will commit to providing the resources to deliver these 140 new services and enhancements; if there are specific projects that will be prioritised; and if he will make a statement on the matter.",the minister for transport further to pq64566 26 of 16 september 2026 to provide the report details supplied the proportion that are new services the proportion that are enhancements the number he expects will actually be delivered given a similar list contained in the submission for budget 2026 if the government will commit to providing the resources to deliver these 140 new services and enhancements if there are specific projects that will be prioritised and 67302 26,Transport,597,599
142. Deputy Maeve O'Connell asked the Minister for Transport for an update on the work of his Department in managing and reducing traffic congestion across Dublin. [66599/26],,Transport,2026-09-24,0.7808019518852234,Traffic Management,Traffic Management,0.7808019518852234,Road Projects,0.0502175949513912,Road Network,0.0341510400176048,Road Tolls,0.0237381011247634,Road Safety,0.0202098842710256,Road Traffic Accidents,0.0193645674735307,Transport Infrastructure Ireland,0.0118061220273375,Transport Policy,0.008291152305901,Road Traffic Offences,0.0066868220455944,Public Transport,0.0061525744386017,66599/26,142,Maeve O'Connell,MAEVE O'CONNELL,written,en,To ask the Minister for Transport for an update on the work of his Department in managing and reducing traffic congestion across Dublin.,the minister for transport for an update on the work of his department in managing and reducing traffic congestion across dublin 66599 26,Transport,601,603
143. Deputy Paula Butterly asked the Minister for Transport if his Department will undertake a feasibility study on the development of a North Drogheda railway station and a new railway station in Mid-Louth; and if he will make a statement on the matter. [66673/26],,Transport,2026-09-24,0.9801791310310364,Rail Network,Rail Network,0.9801791310310364,Public Transport,0.0063420729711651,Road Projects,0.0031924741342663,Transport Policy,0.0011806333204731,Transport Infrastructure Ireland,0.0010698329424485,Departmental Projects,0.0010355524718761,Park-and-Ride Facilities,0.00058504025219,Road Network,0.0004859117616433,Coast Guard Service,0.0003290165623184,Traffic Management,0.0003070135426241,66673/26,143,Paula Butterly,PAULA BUTTERLY,written,en,To ask the Minister for Transport if his Department will undertake a feasibility study on the development of a North Drogheda railway station and a new railway station in Mid-Louth; and if he will make a statement on the matter.,the minister for transport if his department will undertake a feasibility study on the development of a north drogheda railway station and a new railway station in mid-louth and 66673 26,Transport,605,607
144. Deputy Barry Heneghan asked the Minister for Transport for an update on the current status of the Project Four North DART+ programme; the timeline for publication of the emerging preferred option and commencement of public consultation; the anticipated timeline for progressing the project through planning and delivery. [67399/26],,Transport,2026-09-24,0.8307087421417236,Rail Network,Rail Network,0.8307087421417236,Public Transport,0.1445758640766143,Transport Policy,0.0061597358435392,Bus Services,0.0033456049859523,Transport Costs,0.0027565518394112,National Transport Authority,0.0018915138207376,Transport Infrastructure Ireland,0.0013141651870682,Park-and-Ride Facilities,0.0007346091442741,Road Projects,0.0004127876018173,Bus Éireann,0.0003283148689661,67399/26,144,Barry Heneghan,BARRY HENEGHAN,written,en,To ask the Minister for Transport for an update on the current status of the Project Four North DART+ programme; the timeline for publication of the emerging preferred option and commencement of public consultation; the anticipated timeline for progressing the project through planning and delivery.,the minister for transport for an update on the current status of the project four north dart programme the timeline for publication of the emerging preferred option and commencement of public consultation the anticipated timeline for progressing the project through planning and delivery 67399 26,Transport,609,611
"145. Deputy Darren O'Rourke asked the Minister for Transport the number of lost kilometres on the Ratoath-Dublin 103 bus service for each of the years 2024, 2025 and to date in 2026; the efforts he is making to improve the 103 bus service and to hold Bus Éireann to account for poor performance. [66586/26]",,Transport,2026-09-24,0.8373956680297852,Bus Services,Bus Services,0.8373956680297852,Bus Éireann,0.0838968008756637,Dublin Bus,0.0563999898731708,Public Transport,0.0126569280400872,National Transport Authority,0.0012019517598673,Departmental Data,0.001127575407736,Transport Costs,0.0007595757488161,Transport Policy,0.0006467088242061,Rail Network,0.0002953916264232,Antisocial Behaviour,0.0002833226462826,66586/26,145,Darren O'Rourke,DARREN O'ROURKE,written,en,"To ask the Minister for Transport the number of lost kilometres on the Ratoath-Dublin 103 bus service for each of the years 2024, 2025 and to date in 2026; the efforts he is making to improve the 103 bus service and to hold Bus Éireann to account for poor performance.",the minister for transport the number of lost kilometres on the ratoath-dublin 103 bus service for each of the years 2024 2025 and to date in 2026 the efforts he is making to improve the 103 bus service and to hold bus éireann to account for poor performance 66586 26,Transport,613,615
146. Deputy Ryan O'Meara asked the Minister for Transport for an update on the proposed Transport Hub in Nenagh. [67647/26],,Transport,2026-09-24,0.4000093042850494,Transport Policy,Transport Policy,0.4000093042850494,Public Transport,0.2448043525218963,Rail Network,0.0883715897798538,Road Projects,0.0782897472381591,Transport Infrastructure Ireland,0.0503516420722007,Road Network,0.031778909265995,Bus Services,0.0133052375167608,National Transport Authority,0.0094563197344541,Traffic Management,0.0081281224265694,Departmental Projects,0.0079773999750614,67647/26,146,Ryan O'Meara,RYAN O'MEARA,written,en,To ask the Minister for Transport for an update on the proposed Transport Hub in Nenagh.,the minister for transport for an update on the proposed transport hub in nenagh 67647 26,Transport,617,619
147. Deputy Pádraig Mac Lochlainn asked the Minister for Transport if he will travel to Donegal and meet with locally elected councillors to learn at firsthand about the serious traffic management crisis in Letterkenny impacting the people of and visitors to Donegal; and the proposed local roads infrastructure projects that can address this crisis. [67363/26],,Transport,2026-09-24,0.6049470901489258,Traffic Management,Traffic Management,0.6049470901489258,Road Projects,0.1266095340251922,Road Network,0.1130257546901702,Road Safety,0.0501775704324245,Transport Infrastructure Ireland,0.0230711922049522,Road Traffic Accidents,0.0193013213574886,Transport Policy,0.0147562567144632,Public Transport,0.0044179065153002,Road Traffic Offences,0.0034229534212499,Road Tolls,0.0033277405891567,67363/26,147,Pádraig Mac Lochlainn,PÁDRAIG MAC LOCHLAINN,written,en,To ask the Minister for Transport if he will travel to Donegal and meet with locally elected councillors to learn at firsthand about the serious traffic management crisis in Letterkenny impacting the people of and visitors to Donegal; and the proposed local roads infrastructure projects that can address this crisis.,the minister for transport if he will travel to donegal and meet with locally elected councillors to learn at firsthand about the serious traffic management crisis in letterkenny impacting the people of and visitors to donegal and the proposed local roads infrastructure projects that can address this crisis 67363 26,Transport,621,623
148. Deputy Richard Boyd Barrett asked the Minister for Transport his plans to increase the use of public transport; and his views on whether the increased fares will have the opposite effect. [67406/26],,Transport,2026-09-24,0.9187994003295898,Public Transport,Public Transport,0.9187994003295898,Transport Costs,0.0449973493814468,Transport Policy,0.010284949094057,Bus Services,0.0087977573275566,National Transport Authority,0.0035245723556727,Rail Network,0.0020912752952426,Bus Éireann,0.0011304902145639,Transport Infrastructure Ireland,0.0009776012739166,Taxi Regulations,0.0009067367645911,School Transport,0.0007658877293579,67406/26,148,Richard Boyd Barrett,RICHARD BOYD BARRETT,written,en,To ask the Minister for Transport his plans to increase the use of public transport; and his views on whether the increased fares will have the opposite effect.,the minister for transport his plans to increase the use of public transport and his views on whether the increased fares will have the opposite effect 67406 26,Transport,625,627
149. Deputy Ruairí Ó Murchú asked the Minister for Transport his plans to advance the introduction of simulators to training modules for learner drivers to improve road safety; and the work the RSA has done to develop the incorporation of simulators into driver training. [67426/26],,Transport,2026-09-24,0.6141277551651001,Road Safety,Road Safety,0.6141277551651001,Road Safety Authority,0.1679297536611557,Driver Test,0.1361545324325561,Road Traffic Accidents,0.0119312452152371,Road Traffic Offences,0.0113354222849011,Road Network,0.0103666568174958,Driver Licences,0.0098014390096068,National Car Test,0.0035869234707206,Transport Policy,0.0031971484422683,Traffic Management,0.0030403151176869,67426/26,149,Ruairí Ó Murchú,RUAIRÍ Ó MURCHÚ,written,en,To ask the Minister for Transport his plans to advance the introduction of simulators to training modules for learner drivers to improve road safety; and the work the RSA has done to develop the incorporation of simulators into driver training.,the minister for transport his plans to advance the introduction of simulators to training modules for learner drivers to improve road safety and the work the rsa has done to develop the incorporation of simulators into driver training 67426 26,Transport,629,631
150. Deputy Brendan Smith asked the Minister for Transport when a project will proceed to the next stage (details supplied). [67617/26],,Transport,2026-09-24,0.5432629585266113,Road Projects,Road Projects,0.5432629585266113,Departmental Projects,0.0654444545507431,Greenways Provision,0.0526451133191585,Rail Network,0.050325158983469,Public Transport,0.0352481417357921,Road Network,0.0281951054930686,Transport Infrastructure Ireland,0.0277121495455503,Bus Services,0.021258795633912,Transport Policy,0.0166731160134077,Coast Guard Service,0.0152327641844749,67617/26,150,Brendan Smith,BRENDAN SMITH,written,en,To ask the Minister for Transport when a project will proceed to the next stage (details supplied).,the minister for transport when a project will proceed to the next stage details supplied 67617 26,Transport,633,635
151. Deputy Richard Boyd Barrett asked the Minister for Transport If he is considering intervening to halt proposed increases in public transport fares. [67405/26],,Transport,2026-09-24,0.8944767713546753,Public Transport,Public Transport,0.8944767713546753,Transport Costs,0.0651300773024559,Bus Services,0.011551315896213,Transport Policy,0.008762408979237,National Transport Authority,0.0040861740708351,Rail Network,0.0018866087775677,Bus Éireann,0.0013497252948582,Taxi Regulations,0.0013439811300486,School Transport,0.001271104090847,Transport Infrastructure Ireland,0.0010790076339617,67405/26,151,Richard Boyd Barrett,RICHARD BOYD BARRETT,written,en,To ask the Minister for Transport If he is considering intervening to halt proposed increases in public transport fares.,the minister for transport if he is considering intervening to halt proposed increases in public transport fares 67405 26,Transport,637,639
"152. Deputy Matt Carthy asked the Minister for Transport if he has had any engagements with the NTA regarding the process in place for expanding existing local link routes, adding stops to routes and developing new routes; and if he will make a statement on the matter. [66800/26]",,Transport,2026-09-24,0.8674562573432922,Bus Services,Bus Services,0.8674562573432922,Public Transport,0.0971003845334053,National Transport Authority,0.0079809743911027,Transport Policy,0.0051251277327537,Bus Éireann,0.0038511957973241,Transport Infrastructure Ireland,0.0027365444693714,Dublin Bus,0.0025917743332684,Rail Network,0.0016832917463034,Road Network,0.0012535194400697,Transport Costs,0.001077608205378,66800/26,152,Matt Carthy,MATT CARTHY,written,en,"To ask the Minister for Transport if he has had any engagements with the NTA regarding the process in place for expanding existing local link routes, adding stops to routes and developing new routes; and if he will make a statement on the matter.",the minister for transport if he has had any engagements with the nta regarding the process in place for expanding existing local link routes adding stops to routes and developing new routes and 66800 26,Transport,641,643
153. Deputy Louis O'Hara asked the Minister for Transport to provide an update on the Western Rail Corridor project. [67225/26],,Transport,2026-09-24,0.9773245453834534,Rail Network,Rail Network,0.9773245453834534,Public Transport,0.0112903835251927,Transport Policy,0.0017434784676879,Road Projects,0.0015116865979507,Transport Infrastructure Ireland,0.0009547777008265,Departmental Projects,0.0006904437905177,Bus Services,0.0003361272683832,Departmental Funding,0.0003259939257986,Road Network,0.0002657737932167,Capital Expenditure Programme,0.0002602852764539,67225/26,153,Louis O'Hara,LOUIS O'HARA,written,en,To ask the Minister for Transport to provide an update on the Western Rail Corridor project.,the minister for transport to provide an update on the western rail corridor project 67225 26,Transport,645,647
154. Deputy Peter 'Chap' Cleere asked the Minister for Transport for an update of the Northern Ring Road for Kilkenny. [67470/26],,Transport,2026-09-24,0.9457210302352904,Road Projects,Road Projects,0.9457210302352904,Road Network,0.0448712855577468,Transport Infrastructure Ireland,0.0010760120349004,Road Safety,0.0009910139488056,Traffic Management,0.0009785295696929,Greenways Provision,0.0006557327578775,Departmental Projects,0.0006360276020132,Rail Network,0.000608590140473,Transport Policy,0.0004706930194515,Departmental Funding,0.0003026093472726,67470/26,154,Peter 'Chap' Cleere,PETER 'CHAP' CLEERE,written,en,To ask the Minister for Transport for an update of the Northern Ring Road for Kilkenny.,the minister for transport for an update of the northern ring road for kilkenny 67470 26,Transport,649,651
155. Deputy Claire Kerrane asked the Minister for Transport if he will ensure an earlier train service for students and patients travelling to Sligo from Boyle in County Roscommon. [66979/26],,Transport,2026-09-24,0.7056743502616882,Rail Network,Rail Network,0.7056743502616882,Public Transport,0.2686264216899872,Bus Services,0.0063403518870472,Transport Costs,0.0052865017205476,Transport Policy,0.0036120566073805,National Transport Authority,0.0014766324311494,Transport Infrastructure Ireland,0.0009889062494039,School Transport,0.0005304634105414,Park-and-Ride Facilities,0.0004853306454606,Bus Éireann,0.0004354618431534,66979/26,155,Claire Kerrane,CLAIRE KERRANE,written,en,To ask the Minister for Transport if he will ensure an earlier train service for students and patients travelling to Sligo from Boyle in County Roscommon.,the minister for transport if he will ensure an earlier train service for students and patients travelling to sligo from boyle in county roscommon 66979 26,Transport,653,655
156. Deputy Mark Ward asked the Minister for Transport for an update on Dart+ Southwest; when the project will be delivered; and if there will be an increase in capacity in the existing lines in advance of the project progressing. [67322/26],,Transport,2026-09-24,0.9263225197792052,Rail Network,Rail Network,0.9263225197792052,Public Transport,0.0568196214735507,Bus Services,0.003931070677936,Transport Policy,0.0019668617751449,Transport Costs,0.0011766338720917,Transport Infrastructure Ireland,0.0010948247509077,National Transport Authority,0.0009988790843635,Park-and-Ride Facilities,0.0005649382947012,Road Projects,0.0005254063871689,Traffic Management,0.0003294996568001,67322/26,156,Mark Ward,MARK WARD,written,en,To ask the Minister for Transport for an update on Dart+ Southwest; when the project will be delivered; and if there will be an increase in capacity in the existing lines in advance of the project progressing.,the minister for transport for an update on dart southwest when the project will be delivered and if there will be an increase in capacity in the existing lines in advance of the project progressing 67322 26,Transport,657,659
"157. Deputy Pádraig O'Sullivan asked the Minister for Transport for a progress update on the N/M20 Cork to Limerick, N72/N73 Mallow Relief Road, Cork City Northern Transport Project, N25 Carrigtwohill to Midleton, and M28 Cork to Ringaskiddy schemes; their phase under the Infrastructure Guidelines, the allocations and drawdowns in 2026, and planning submission dates to An Coimisiún Pleanála; the status of the N/M20 business case and its timeline for Government approval; and the 2026 funding allocated to Cork City and County Councils for the Cork Northern Distributor Multi-Modal Road. [67467/26]",,Transport,2026-09-24,0.9508659839630128,Road Projects,Road Projects,0.9508659839630128,Road Network,0.0410822182893753,Transport Infrastructure Ireland,0.0010544233955442,Road Safety,0.0007470193668268,Traffic Management,0.0006798141403123,Departmental Funding,0.0005100254202261,Transport Policy,0.0004452935536392,Departmental Projects,0.0004026588285341,Greenways Provision,0.0003717782674357,Departmental Schemes,0.0003673963074106,67467/26,157,Pádraig O'Sullivan,PÁDRAIG O'SULLIVAN,written,en,"To ask the Minister for Transport for a progress update on the N/M20 Cork to Limerick, N72/N73 Mallow Relief Road, Cork City Northern Transport Project, N25 Carrigtwohill to Midleton, and M28 Cork to Ringaskiddy schemes; their phase under the Infrastructure Guidelines, the allocations and drawdowns in 2026, and planning submission dates to An Coimisiún Pleanála; the status of the N/M20 business case and its timeline for Government approval; and the 2026 funding allocated to Cork City and County Councils for the Cork Northern Distributor Multi-Modal Road.",the minister for transport for a progress update on the n m20 cork to limerick n72 n73 mallow relief road cork city northern transport project n25 carrigtwohill to midleton and m28 cork to ringaskiddy schemes their phase under the infrastructure guidelines the allocations and drawdowns in 2026 and planning submission dates to an coimisiún pleanála the status of the n m20 business case and its timeline for government approval and the 2026 funding allocated to cork city and county councils for the cork northern distributor multi-modal road 67467 26,Transport,661,663
158. Deputy Micheál Carrigy asked the Minister for Transport the timelines on the N4 project to extend the N4 beyond Mullingar to connect to the Rooskey bypass; and the progress to date. [66934/26],,Transport,2026-09-24,0.961056351661682,Road Projects,Road Projects,0.961056351661682,Road Network,0.0297194216400384,Greenways Provision,0.0010960989166051,Transport Infrastructure Ireland,0.0010732999071478,Road Safety,0.0009795969817787,Traffic Management,0.0008835913613438,Rail Network,0.0006940836901776,Transport Policy,0.0004323505854699,Public Transport,0.0003818053810391,Departmental Schemes,0.0002793507883325,66934/26,158,Micheál Carrigy,MICHEÁL CARRIGY,written,en,To ask the Minister for Transport the timelines on the N4 project to extend the N4 beyond Mullingar to connect to the Rooskey bypass; and the progress to date.,the minister for transport the timelines on the n4 project to extend the n4 beyond mullingar to connect to the rooskey bypass and the progress to date 66934 26,Transport,665,667
159. Deputy Barry Ward asked the Minister for Transport the position regarding any initiative his Department is progressing to improve passenger safety on public transport. [66653/26],,Transport,2026-09-24,0.884736955165863,Public Transport,Public Transport,0.884736955165863,Transport Policy,0.0524290055036544,Transport Costs,0.0265888702124357,National Transport Authority,0.0089096631854772,Bus Services,0.0072647011838853,Transport Infrastructure Ireland,0.0025742426514625,Taxi Regulations,0.0019862747285515,Rail Network,0.0017000252846628,Taxi Licences,0.0015027014305815,School Transport,0.0012817861279472,66653/26,159,Barry Ward,BARRY WARD,written,en,To ask the Minister for Transport the position regarding any initiative his Department is progressing to improve passenger safety on public transport.,the minister for transport the position regarding any initiative his department is progressing to improve passenger safety on public transport 66653 26,Transport,669,671
160. Deputy David Cullinane asked the Minister for Transport the roads and public transport funding he plans to make available to services in County Waterford. [67607/26],,Transport,2026-09-24,0.6376078724861145,Public Transport,Public Transport,0.6376078724861145,Bus Services,0.1089843660593032,Transport Policy,0.0651106834411621,Departmental Funding,0.0359203405678272,Road Projects,0.0248424038290977,Rail Network,0.018291313201189,Road Network,0.0181096363812685,Transport Infrastructure Ireland,0.0178993288427591,National Transport Authority,0.0146310832351446,Transport Costs,0.0141648482531309,67607/26,160,David Cullinane,DAVID CULLINANE,written,en,To ask the Minister for Transport the roads and public transport funding he plans to make available to services in County Waterford.,the minister for transport the roads and public transport funding he plans to make available to services in county waterford 67607 26,Transport,673,675
161. Deputy Roderic O'Gorman asked the Minister for Transport to provide an update on the Luas Green Line extension to Tyrrelstown. [67562/26],,Transport,2026-09-24,0.7155249714851379,Public Transport,Public Transport,0.7155249714851379,Rail Network,0.2106321156024933,Transport Policy,0.0171987805515527,Bus Services,0.0152447745203971,Transport Costs,0.0102660665288567,Transport Infrastructure Ireland,0.0048237009905278,National Transport Authority,0.0047585139982402,Park-and-Ride Facilities,0.0023887446150183,Electric Vehicles,0.0018543823389336,Road Projects,0.0016508820699527,67562/26,161,Roderic O'Gorman,RODERIC O'GORMAN,written,en,To ask the Minister for Transport to provide an update on the Luas Green Line extension to Tyrrelstown.,the minister for transport to provide an update on the luas green line extension to tyrrelstown 67562 26,Transport,677,679
"162. Deputy Paul Mcauliffe asked the Minister for Transport for the latest update and timeline of construction for the Finglas Village renewal scheme, given there are reported delays to the project which is being jointly overseen by Dublin City Council and the National Transport Authority. [67515/26]",,Transport,2026-09-24,0.5907588601112366,Road Projects,Road Projects,0.5907588601112366,Departmental Schemes,0.0727657377719879,Road Network,0.0509938709437847,Transport Policy,0.0480161868035793,Active Travel,0.0278322044759988,Public Transport,0.0208300780504941,Departmental Funding,0.0182361025363206,Rural Schemes,0.0176984649151563,Regeneration Projects,0.0175566580146551,Transport Infrastructure Ireland,0.0152391362935304,67515/26,162,Paul Mcauliffe,PAUL MCAULIFFE,written,en,"To ask the Minister for Transport for the latest update and timeline of construction for the Finglas Village renewal scheme, given there are reported delays to the project which is being jointly overseen by Dublin City Council and the National Transport Authority.",the minister for transport for the latest update and timeline of construction for the finglas village renewal scheme given there are reported delays to the project which is being jointly overseen by dublin city council and the national transport authority 67515 26,Transport,681,683
163. Deputy John Clendennen asked the Minister for Transport whether consideration is given to school and education-related travel demand when planning and expanding Local Link services in rural areas. [67621/26],,Transport,2026-09-24,0.3981436789035797,School Transport,School Transport,0.3981436789035797,Public Transport,0.3918567597866058,Bus Services,0.139479860663414,Transport Policy,0.0281969606876373,Transport Costs,0.0121023720130324,Bus Éireann,0.0053963651880621,National Transport Authority,0.0045720282942056,Rail Network,0.0021300446242094,Transport Infrastructure Ireland,0.0013546246336773,Departmental Data,0.001333694322966,67621/26,163,John Clendennen,JOHN CLENDENNEN,written,en,To ask the Minister for Transport whether consideration is given to school and education-related travel demand when planning and expanding Local Link services in rural areas.,the minister for transport whether consideration is given to school and education-related travel demand when planning and expanding local link services in rural areas 67621 26,Transport,685,687
164. Deputy Shane Moynihan asked the Minister for Transport to provide an update on plans to introduce registration requirements for e-scooters; to outline the work being undertaken in developing such a system; and the anticipated timeline for its introduction. [67414/26],,Transport,2026-09-24,0.9538536667823792,Electric Vehicles,Electric Vehicles,0.9538536667823792,Transport Policy,0.0112840086221694,Taxi Licences,0.0034972166176885,Driver Licences,0.0033991504460573,Road Safety,0.0032396260648965,Departmental Data,0.0019431370310485,Public Transport,0.001699675573036,Departmental Schemes,0.0016291019273921,Road Traffic Offences,0.0014877974754199,Vehicle Registration Tax,0.0012441830476745,67414/26,164,Shane Moynihan,SHANE MOYNIHAN,written,en,To ask the Minister for Transport to provide an update on plans to introduce registration requirements for e-scooters; to outline the work being undertaken in developing such a system; and the anticipated timeline for its introduction.,the minister for transport to provide an update on plans to introduce registration requirements for e-scooters the work being undertaken in developing such a system and the anticipated timeline for its introduction 67414 26,Transport,689,691
"165. Deputy Paula Butterly asked the Minister for Transport if he will consider extending the proposed DART+ network northwards beyond Drogheda to include Dunleer, County Louth; if his Department has undertaken or plans to undertake any assessment of the feasibility; and if he will make a statement on the matter. [66675/26]",,Transport,2026-09-24,0.8802170753479004,Rail Network,Rail Network,0.8802170753479004,Public Transport,0.0988832712173461,Bus Services,0.0050208531320095,Transport Policy,0.0039081936702132,Transport Costs,0.0017371904104948,National Transport Authority,0.0015276505146175,Transport Infrastructure Ireland,0.0012052782112732,Road Projects,0.0004910650895908,Park-and-Ride Facilities,0.0004767583450302,Traffic Management,0.0003016559348907,66675/26,165,Paula Butterly,PAULA BUTTERLY,written,en,"To ask the Minister for Transport if he will consider extending the proposed DART+ network northwards beyond Drogheda to include Dunleer, County Louth; if his Department has undertaken or plans to undertake any assessment of the feasibility; and if he will make a statement on the matter.",the minister for transport if he will consider extending the proposed dart network northwards beyond drogheda to include dunleer county louth if his department has undertaken or plans to undertake any assessment of the feasibility and 66675 26,Transport,693,695
166. Deputy Eoin Ó Broin asked the Minister for Transport when a decision will be made on the funding for Dart+ SW. [66601/26],,Transport,2026-09-24,0.9059933423995972,Rail Network,Rail Network,0.9059933423995972,Public Transport,0.066543661057949,Bus Services,0.006938106380403,Transport Policy,0.0040675872005522,Road Projects,0.0030830013565719,Transport Infrastructure Ireland,0.0021602874621748,National Transport Authority,0.0011415431508794,Transport Costs,0.0010997646022588,Departmental Funding,0.0007980747031979,Traffic Management,0.000710715772584,66601/26,166,Eoin Ó Broin,EOIN Ó BROIN,written,en,To ask the Minister for Transport when a decision will be made on the funding for Dart+ SW.,the minister for transport when a decision will be made on the funding for dart sw 66601 26,Transport,697,699
"167. Deputy Pádraig O'Sullivan asked the Minister for Transport the status of the three BusConnects Cork sustainable transport corridor schemes approved by Government, including the date on which the planning application for each scheme was or is due to be submitted to An Coimisiún Pleanála; the date on which the redesigned Cork bus network will commence operation; the additional fleet and driver numbers required to deliver the planned increase in service levels and the number recruited to date; and the current estimated capital cost of the programme. [67466/26]",,Transport,2026-09-24,0.8791160583496094,Bus Services,Bus Services,0.8791160583496094,Public Transport,0.0460249744355678,Transport Policy,0.0178322773426771,Departmental Schemes,0.0111917564645409,Dublin Bus,0.004654292948544,Bus Éireann,0.0042052683420479,National Transport Authority,0.00418356154114,Road Projects,0.0033877962268888,Departmental Data,0.0019949912093579,Cycling Policy,0.00174736243207,67466/26,167,Pádraig O'Sullivan,PÁDRAIG O'SULLIVAN,written,en,"To ask the Minister for Transport the status of the three BusConnects Cork sustainable transport corridor schemes approved by Government, including the date on which the planning application for each scheme was or is due to be submitted to An Coimisiún Pleanála; the date on which the redesigned Cork bus network will commence operation; the additional fleet and driver numbers required to deliver the planned increase in service levels and the number recruited to date; and the current estimated capital cost of the programme.",the minister for transport the status of the three busconnects cork sustainable transport corridor schemes approved by government including the date on which the planning application for each scheme was or is due to be submitted to an coimisiún pleanála the date on which the redesigned cork bus network will commence operation the additional fleet and driver numbers required to deliver the planned increase in service levels and the number recruited to date and the current estimated capital cost of the programme 67466 26,Transport,701,703
168. Deputy Duncan Smith asked the Minister for Transport to provide an update on the delivery of Metrolink. [67227/26],,Transport,2026-09-24,0.6027582287788391,Rail Network,Rail Network,0.6027582287788391,Public Transport,0.356230616569519,Bus Services,0.0191267151385545,Transport Costs,0.004548501688987,Transport Policy,0.0038940641097724,National Transport Authority,0.0028847218491137,Bus Éireann,0.0016079231863841,Transport Infrastructure Ireland,0.0013629456516355,Park-and-Ride Facilities,0.0006404440500773,Departmental Data,0.0003792281786445,67227/26,168,Duncan Smith,DUNCAN SMITH,written,en,To ask the Minister for Transport to provide an update on the delivery of Metrolink.,the minister for transport to provide an update on the delivery of metrolink 67227 26,Transport,705,707
"169. Deputy Ruairí Ó Murchú asked the Minister for Transport the reason, almost two years (October 2024) after the introduction of the hourly Enterprise train service and one year (October 2025) after the reduction in car parking capacity at Clarke Station Dundalk has there been no progress in the provision of additional car parking spaces at Dundalk station; and the plans to increase car parking at the station. [67424/26]",,Transport,2026-09-24,0.8578989505767822,Rail Network,Rail Network,0.8578989505767822,Public Transport,0.0951701402664184,Park-and-Ride Facilities,0.00698819803074,Parking Provision,0.0066653052344918,Bus Services,0.0046721645630896,Transport Policy,0.0035786943044513,Transport Costs,0.002803839975968,Transport Infrastructure Ireland,0.0022698284592479,National Transport Authority,0.0018428496550768,Departmental Data,0.0010333429090678,67424/26,169,Ruairí Ó Murchú,RUAIRÍ Ó MURCHÚ,written,en,"To ask the Minister for Transport the reason, almost two years (October 2024) after the introduction of the hourly Enterprise train service and one year (October 2025) after the reduction in car parking capacity at Clarke Station Dundalk has there been no progress in the provision of additional car parking spaces at Dundalk station; and the plans to increase car parking at the station.",the minister for transport the reason almost two years october 2024 after the introduction of the hourly enterprise train service and one year october 2025 after the reduction in car parking capacity at clarke station dundalk has there been no progress in the provision of additional car parking spaces at dundalk station and the plans to increase car parking at the station 67424 26,Transport,709,711
"170. Deputy Seán Kyne asked the Minister for Transport the need to provide funding to local authorities for traffic cams and pedestrian crossings in rural towns and villages, including those on national roads; and whether he acknowledges that high speeds become a problem for safety of pedestrians and vulnerable road users. [67539/26]",,Transport,2026-09-24,0.4181419909000397,Road Safety,Road Safety,0.4181419909000397,Traffic Management,0.3097903728485107,Road Network,0.0798028334975242,Road Traffic Accidents,0.0522249229252338,Road Projects,0.0390076301991939,Transport Infrastructure Ireland,0.0234211012721061,Transport Policy,0.0124295074492692,Road Traffic Offences,0.0102618476375937,Active Travel,0.0054737697355449,Road Safety Authority,0.0043290345929563,67539/26,170,Seán Kyne,SEÁN KYNE,written,en,"To ask the Minister for Transport the need to provide funding to local authorities for traffic cams and pedestrian crossings in rural towns and villages, including those on national roads; and whether he acknowledges that high speeds become a problem for safety of pedestrians and vulnerable road users.",the minister for transport the need to provide funding to local authorities for traffic cams and pedestrian crossings in rural towns and villages including those on national roads and whether he acknowledges that high speeds become a problem for safety of pedestrians and vulnerable road users 67539 26,Transport,713,715
171. Deputy Keira Keogh asked the Minister for Transport the measures his Department is taking to introduce effective safety measures at rail level crossings in an effort to protect individuals from further tragic accidents; and if he will make a statement on the matter. [67554/26],,Transport,2026-09-24,0.7753946781158447,Rail Network,Rail Network,0.7753946781158447,Public Transport,0.0490377508103847,Road Safety,0.0210204422473907,Traffic Management,0.0149123379960656,Transport Policy,0.0128976218402385,National Car Test,0.0124284531921148,Park-and-Ride Facilities,0.0101831639185547,Transport Infrastructure Ireland,0.0098374178633093,Other,0.0068109547719359,Haulage Industry,0.0047476538456976,67554/26,171,Keira Keogh,KEIRA KEOGH,written,en,To ask the Minister for Transport the measures his Department is taking to introduce effective safety measures at rail level crossings in an effort to protect individuals from further tragic accidents; and if he will make a statement on the matter.,the minister for transport the measures his department is taking to introduce effective safety measures at rail level crossings in an effort to protect individuals from further tragic accidents and 67554 26,Transport,717,719
"172. Deputy Grace Boland asked the Minister for Transport whether he will request the National Transport Authority to urgently review the 2027 fare increases applying to rail commuters in Skerries and Balbriggan, having regard to the scale and speed of the cumulative increases and the continuing capacity pressures experienced by passengers. [67093/26]",,Transport,2026-09-24,0.7514688372612,Public Transport,Public Transport,0.7514688372612,Rail Network,0.0830285623669624,Transport Costs,0.0583128817379474,National Transport Authority,0.0356530398130416,Transport Policy,0.0176151543855667,Bus Services,0.0128756733611226,Transport Infrastructure Ireland,0.0053445524536073,Park-and-Ride Facilities,0.003725616261363,Dublin Bus,0.0020167457405477,Taxi Regulations,0.0016847199294716,67093/26,172,Grace Boland,GRACE BOLAND,written,en,"To ask the Minister for Transport whether he will request the National Transport Authority to urgently review the 2027 fare increases applying to rail commuters in Skerries and Balbriggan, having regard to the scale and speed of the cumulative increases and the continuing capacity pressures experienced by passengers.",the minister for transport whether he will request the national transport authority to urgently review the 2027 fare increases applying to rail commuters in skerries and balbriggan having regard to the scale and speed of the cumulative increases and the continuing capacity pressures experienced by passengers 67093 26,Transport,721,723
173. Deputy Mark Ward asked the Minister for Transport his views on the proposed increase in public transport fares; if this will be reconsidered in the budget; and when the fares will come into effect. [67321/26],,Transport,2026-09-24,0.8954480290412903,Public Transport,Public Transport,0.8954480290412903,Transport Costs,0.0667843595147132,Bus Services,0.0094652827829122,Transport Policy,0.0091210259124636,National Transport Authority,0.0034340748097747,Rail Network,0.0015591323608532,Taxi Regulations,0.0014921179972589,Bus Éireann,0.0011328452965244,Transport Infrastructure Ireland,0.0010318019194528,School Transport,0.0010003448696807,67321/26,173,Mark Ward,MARK WARD,written,en,To ask the Minister for Transport his views on the proposed increase in public transport fares; if this will be reconsidered in the budget; and when the fares will come into effect.,the minister for transport his views on the proposed increase in public transport fares if this will be reconsidered in the budget and when the fares will come into effect 67321 26,Transport,725,727
"174. Deputy Shónagh Ní Raghallaigh asked the Minister for Transport if he will intervene to reverse planned fare hikes to public transport in the new year, that will have a negative impact on commuters. [66894/26]",,Transport,2026-09-24,0.8220764398574829,Public Transport,Public Transport,0.8220764398574829,Transport Costs,0.1307457387447357,Transport Policy,0.0091433161869645,Bus Services,0.0076339631341397,National Transport Authority,0.0045184399932622,Rail Network,0.0032623312436044,Taxi Regulations,0.0022119281347841,Bus Éireann,0.0014616230037063,Transport Infrastructure Ireland,0.001402013702318,School Transport,0.0012878638226538,66894/26,174,Shónagh Ní Raghallaigh,SHÓNAGH NÍ RAGHALLAIGH,written,en,"To ask the Minister for Transport if he will intervene to reverse planned fare hikes to public transport in the new year, that will have a negative impact on commuters.",the minister for transport if he will intervene to reverse planned fare hikes to public transport in the new year that will have a negative impact on commuters 66894 26,Transport,729,731
175. Deputy Joe Neville asked the Minister for Transport if his Department can provide an update on the implementation of contactless payment on our public transport services. [67630/26],,Transport,2026-09-24,0.9173200130462646,Public Transport,Public Transport,0.9173200130462646,Transport Costs,0.0261337086558341,Bus Services,0.0195822343230247,Transport Policy,0.0123664001002907,National Transport Authority,0.0085217729210853,Transport Infrastructure Ireland,0.0018111582612618,Rail Network,0.0018106702482327,Taxi Regulations,0.0012510744854807,Taxi Licences,0.0009332111803814,Bus Éireann,0.0008878069347701,67630/26,175,Joe Neville,JOE NEVILLE,written,en,To ask the Minister for Transport if his Department can provide an update on the implementation of contactless payment on our public transport services.,the minister for transport if his department can provide an update on the implementation of contactless payment on our public transport services 67630 26,Transport,733,735
176. Deputy Peter 'Chap' Cleere asked the Minister for Transport if it would be possible for bus route 891 to include Hugginstown along its route. [67471/26],,Transport,2026-09-24,0.9770359396934508,Bus Services,Bus Services,0.9770359396934508,Public Transport,0.0107772527262568,Bus Éireann,0.0037398342974483,Dublin Bus,0.0020962709095329,National Transport Authority,0.0008397980127483,Transport Policy,0.0005696878070011,Rail Network,0.0003389917546883,Departmental Data,0.0002786981640383,Transport Costs,0.0002705499355215,Transport Infrastructure Ireland,0.0002403756807325,67471/26,176,Peter 'Chap' Cleere,PETER 'CHAP' CLEERE,written,en,To ask the Minister for Transport if it would be possible for bus route 891 to include Hugginstown along its route.,the minister for transport if it would be possible for bus route 891 to include hugginstown along its route 67471 26,Transport,737,739
177. Deputy Micheál Carrigy asked the Minister for Transport the progress of the bypass for Granard and Ballymahon. [66933/26],,Transport,2026-09-24,0.9607269763946532,Road Projects,Road Projects,0.9607269763946532,Road Network,0.0268072895705699,Road Safety,0.0016148121794685,Traffic Management,0.0011243176413699,Rail Network,0.0010110635776072,Transport Infrastructure Ireland,0.0008656418067403,Greenways Provision,0.0008230112725868,Public Transport,0.0007088358397595,Bus Services,0.0006938094156794,Transport Policy,0.0006572900456376,66933/26,177,Micheál Carrigy,MICHEÁL CARRIGY,written,en,To ask the Minister for Transport the progress of the bypass for Granard and Ballymahon.,the minister for transport the progress of the bypass for granard and ballymahon 66933 26,Transport,741,743
178. Deputy Gillian Toole asked the Minister for Transport if he has authority over the National Transport Authority (NTA); and if the NTA is accountable to his Department. [67016/26],,Transport,2026-09-24,0.4570896029472351,National Transport Authority,National Transport Authority,0.4570896029472351,Public Transport,0.1590901762247085,Transport Policy,0.0690029263496398,State Bodies,0.068822294473648,Departmental Bodies,0.0267766192555427,Bus Services,0.0236204490065574,Transport Infrastructure Ireland,0.0228199698030948,Public Sector Staff,0.0120857479050755,Local Authorities,0.0068497299216687,Taxi Regulations,0.0060403044335544,67016/26,178,Gillian Toole,GILLIAN TOOLE,written,en,To ask the Minister for Transport if he has authority over the National Transport Authority (NTA); and if the NTA is accountable to his Department.,the minister for transport if he has authority over the national transport authority nta and if the nta is accountable to his department 67016 26,Transport,745,747
179. Deputy Claire Kerrane asked the Minister for Transport the number of schools that will be included in round 5 funding under the Safe Routes to School Programme. [66977/26],,Transport,2026-09-24,0.4676507115364074,Road Safety,Road Safety,0.4676507115364074,School Transport,0.1095166504383087,Departmental Funding,0.0797969922423362,Departmental Programmes,0.0741152167320251,Departmental Schemes,0.0365313030779361,Transport Policy,0.0253079924732446,Active Travel,0.0244434587657451,Road Projects,0.0219857636839151,Road Network,0.0135661344975233,Rural Schemes,0.0131293134763836,66977/26,179,Claire Kerrane,CLAIRE KERRANE,written,en,To ask the Minister for Transport the number of schools that will be included in round 5 funding under the Safe Routes to School Programme.,the minister for transport the number of schools that will be included in round 5 funding under the safe routes to school programme 66977 26,Transport,749,751
180. Deputy Matt Carthy asked the Minister for Transport the current status of the N2 Ardee to Castleblayney road scheme; and when it is envisaged that this project will be completed. [66617/26],,Transport,2026-09-24,0.9581751823425292,Road Projects,Road Projects,0.9581751823425292,Road Network,0.0333465598523616,Road Safety,0.0013255069497972,Greenways Provision,0.0009173452272079,Traffic Management,0.0008026532595977,Transport Infrastructure Ireland,0.0007110621663741,Departmental Schemes,0.0005178546416573,Rail Network,0.0003147048701066,Transport Policy,0.000284989218926,Departmental Funding,0.0002593915851321,66617/26,180,Matt Carthy,MATT CARTHY,written,en,To ask the Minister for Transport the current status of the N2 Ardee to Castleblayney road scheme; and when it is envisaged that this project will be completed.,the minister for transport the current status of the n2 ardee to castleblayney road scheme and when it is envisaged that this project will be completed 66617 26,Transport,753,755
"181. Deputy Barry Heneghan asked the Minister for Transport if he could outline what actions are being taken to improve the reliability of the Dublin Bus Network in light of serious issues of 130 bus service including repeated cancellations and inconsistencies between scheduled and operated services; the number and percentage of scheduled 130 services that were cancelled or did not operate in each month of 2025 and to date in 2026, in tabular form; the reasons for these cancellations; and the measures that are being taken to improve reliability on the route. [67398/26]",,Transport,2026-09-24,0.5565478801727295,Bus Services,Bus Services,0.5565478801727295,Dublin Bus,0.3637892603874206,Bus Éireann,0.0212219152599573,Public Transport,0.0193892270326614,National Transport Authority,0.0049442527815699,Transport Policy,0.0029624309390783,Transport Costs,0.0021646444220095,Departmental Data,0.001602437463589,Rail Network,0.0014415081823244,Transport Infrastructure Ireland,0.0012760651297867,67398/26,181,Barry Heneghan,BARRY HENEGHAN,written,en,"To ask the Minister for Transport if he could outline what actions are being taken to improve the reliability of the Dublin Bus Network in light of serious issues of 130 bus service including repeated cancellations and inconsistencies between scheduled and operated services; the number and percentage of scheduled 130 services that were cancelled or did not operate in each month of 2025 and to date in 2026, in tabular form; the reasons for these cancellations; and the measures that are being taken to improve reliability on the route.",the minister for transport if he could outline what actions are being taken to improve the reliability of the dublin bus network in light of serious issues of 130 bus service including repeated cancellations and inconsistencies between scheduled and operated services the number and percentage of scheduled 130 services that were cancelled or did not operate in each month of 2025 and to date in 2026 in tabular form the reasons for these cancellations and the measures that are being taken to improve reliability on the route 67398 26,Transport,757,759
182. Deputy Edward Timmins asked the Minister for Transport to provide an update on the hourly train to Wicklow; and steps being taken to ensure the promised 2029 deadline is achieved. [67657/26],,Transport,2026-09-24,0.9213157892227172,Rail Network,Rail Network,0.9213157892227172,Public Transport,0.0636574625968933,Bus Services,0.0028091336134821,Transport Policy,0.0013418296584859,Transport Costs,0.0012940715532749,Road Projects,0.001039964496158,Transport Infrastructure Ireland,0.0008945172303356,Departmental Data,0.0005797394551336,National Transport Authority,0.0005094857187941,Road Network,0.0004317994462326,67657/26,182,Edward Timmins,EDWARD TIMMINS,written,en,To ask the Minister for Transport to provide an update on the hourly train to Wicklow; and steps being taken to ensure the promised 2029 deadline is achieved.,the minister for transport to provide an update on the hourly train to wicklow and steps being taken to ensure the promised 2029 deadline is achieved 67657 26,Transport,761,763
183. Deputy Joe Neville asked the Minister for Transport if his Department can outline how they liaise with the NTA on introducing new bus routes and schedules in areas of growing population and if it is based on need for the service of funding made available by his Department. [67548/26],,Transport,2026-09-24,0.887437641620636,Bus Services,Bus Services,0.887437641620636,Public Transport,0.065603882074356,National Transport Authority,0.0149162234738469,Bus Éireann,0.0069726663641631,Dublin Bus,0.0036145537160336,Transport Policy,0.003496540011838,Transport Infrastructure Ireland,0.0017304408829659,Transport Costs,0.0011447363067418,Rail Network,0.0010597585933282,Public Service Obligation,0.0006105126230977,67548/26,183,Joe Neville,JOE NEVILLE,written,en,To ask the Minister for Transport if his Department can outline how they liaise with the NTA on introducing new bus routes and schedules in areas of growing population and if it is based on need for the service of funding made available by his Department.,the minister for transport if his department can outline how they liaise with the nta on introducing new bus routes and schedules in areas of growing population and if it is based on need for the service of funding made available by his department 67548 26,Transport,765,767
184. Deputy Naoise Ó Muirí asked the Minister for Transport for an update on the rollout of new DART carriages; and the additional capacity each individual carriage provides. [67544/26],,Transport,2026-09-24,0.8792185187339783,Rail Network,Rail Network,0.8792185187339783,Public Transport,0.1031617894768714,Bus Services,0.0039881756529212,Transport Policy,0.0020695771090686,Transport Costs,0.0016622472321614,National Transport Authority,0.0014509006869047,Transport Infrastructure Ireland,0.0010224042925983,Park-and-Ride Facilities,0.0004556451749522,Departmental Data,0.0003431669611018,Traffic Management,0.0003108053933829,67544/26,184,Naoise Ó Muirí,NAOISE Ó MUIRÍ,written,en,To ask the Minister for Transport for an update on the rollout of new DART carriages; and the additional capacity each individual carriage provides.,the minister for transport for an update on the rollout of new dart carriages and the additional capacity each individual carriage provides 67544 26,Transport,769,771
185. Deputy Pa Daly asked the Minister for Transport the position regarding greenways; to provide an update on the Listowel to Tralee delivery; to report on a projected timeline for delivery; and whether this will be delivered in the next 12 months. [67306/26],,Transport,2026-09-24,0.9462734460830688,Greenways Provision,Greenways Provision,0.9462734460830688,Road Projects,0.0150471124798059,Active Travel,0.0065718945115804,Road Network,0.0047052078880369,Road Safety,0.0027929819189012,Transport Infrastructure Ireland,0.0027257781475782,Cycling Facilities,0.0018500853329896,Transport Policy,0.0018370362231507,Departmental Schemes,0.0018051153747364,Electric Vehicles,0.0013800001470372,67306/26,185,Pa Daly,PA DALY,written,en,To ask the Minister for Transport the position regarding greenways; to provide an update on the Listowel to Tralee delivery; to report on a projected timeline for delivery; and whether this will be delivered in the next 12 months.,the minister for transport the position regarding greenways to provide an update on the listowel to tralee delivery to report on a projected timeline for delivery and whether this will be delivered in the next 12 months 67306 26,Transport,773,775
186. Deputy Erin Mcgreehan asked the Minister for Transport to provide an update on his work to improve transport connections in North Louth. [67412/26],,Transport,2026-09-24,0.6296035051345825,Public Transport,Public Transport,0.6296035051345825,Transport Policy,0.2130500227212906,Rail Network,0.0293949358165264,Bus Services,0.0283018499612808,Transport Infrastructure Ireland,0.0231787227094173,Road Network,0.0160649269819259,Road Projects,0.014933886937797,National Transport Authority,0.012928613461554,Transport Costs,0.009774962440133,Active Travel,0.0031410993542522,67412/26,186,Erin Mcgreehan,ERIN MCGREEHAN,written,en,To ask the Minister for Transport to provide an update on his work to improve transport connections in North Louth.,the minister for transport to provide an update on his work to improve transport connections in north louth 67412 26,Transport,777,779
187. Deputy Noel Mccarthy asked the Minister for Transport to provide an update on the proposed development and introduction of safety measures on a road (details supplied). [67599/26],,Transport,2026-09-24,0.9098279476165771,Road Safety,Road Safety,0.9098279476165771,Road Network,0.0304326303303241,Road Traffic Accidents,0.016362166032195,Road Projects,0.0095934215933084,Road Safety Authority,0.0062124715186655,Road Traffic Offences,0.003468342591077,Traffic Management,0.0034105177037417,Transport Infrastructure Ireland,0.002362155355513,Transport Policy,0.0014321951894089,Active Travel,0.001200002618134,67599/26,187,Noel Mccarthy,NOEL MCCARTHY,written,en,To ask the Minister for Transport to provide an update on the proposed development and introduction of safety measures on a road (details supplied).,the minister for transport to provide an update on the proposed development and introduction of safety measures on a road details supplied 67599 26,Transport,781,783
"188. Deputy John Paul O'Shea asked the Minister for Transport If he will provide increased funding to Cork County Council for the restoration and maintenance of regional and local roads in Cork as part of Budget 2027, particularly where roads were damaged by severe weather in early 2026. [66999/26]",,Transport,2026-09-24,0.4320811331272125,Road Network,Road Network,0.4320811331272125,Road Projects,0.3128507435321808,Departmental Funding,0.0999324545264244,Transport Infrastructure Ireland,0.0170911625027656,Road Safety,0.014576599933207,Local Authorities,0.0128347072750329,Departmental Schemes,0.0092185651883482,Transport Policy,0.0089422324672341,Departmental Expenditure,0.0043477215804159,Departmental Budgets,0.004275195300579,66999/26,188,John Paul O'Shea,JOHN PAUL O'SHEA,written,en,"To ask the Minister for Transport If he will provide increased funding to Cork County Council for the restoration and maintenance of regional and local roads in Cork as part of Budget 2027, particularly where roads were damaged by severe weather in early 2026.",the minister for transport if he will provide increased funding to cork county council for the restoration and maintenance of regional and local roads in cork as part of budget 2027 particularly where roads were damaged by severe weather in early 2026 66999 26,Transport,785,787
189. Deputy Darren O'Rourke asked the Minister for Transport the measures he is taking to reduce road collisions and road fatalities. [66587/26],,Transport,2026-09-24,0.4552382528781891,Road Safety,Road Safety,0.4552382528781891,Road Traffic Accidents,0.4490261673927307,Road Network,0.0204258318990468,Traffic Management,0.0165398996323347,Road Safety Authority,0.0087496396154165,Road Traffic Offences,0.0072247716598212,Road Projects,0.005634403321892,Transport Infrastructure Ireland,0.0037309085018932,Transport Policy,0.0024739699438214,Departmental Data,0.0021629875991493,66587/26,189,Darren O'Rourke,DARREN O'ROURKE,written,en,To ask the Minister for Transport the measures he is taking to reduce road collisions and road fatalities.,the minister for transport the measures he is taking to reduce road collisions and road fatalities 66587 26,Transport,789,791
190. Deputy Seán Kyne asked the Minister for Transport if he is aware of concerns of severe overcrowding on the Oranmore to Galway train part of the Iarnród Éireann Irish Rail Dublin Heuston to Galway InterCity line; whether he accepts this shows the need for additional capacity and if he would make correspondence with Iarnród Éireann Irish Rail to ensure additional carriages would be made available to ensure public safety. [67610/26],,Transport,2026-09-24,0.94363135099411,Rail Network,Rail Network,0.94363135099411,Public Transport,0.0391079187393188,Transport Policy,0.0017555038211867,Transport Costs,0.0012188657419756,Transport Infrastructure Ireland,0.001212389790453,Bus Services,0.0011743110371753,National Transport Authority,0.0007660559494979,Traffic Management,0.0007492399890907,Park-and-Ride Facilities,0.0007258784607984,Road Projects,0.0003752185439225,67610/26,190,Seán Kyne,SEÁN KYNE,written,en,To ask the Minister for Transport if he is aware of concerns of severe overcrowding on the Oranmore to Galway train part of the Iarnród Éireann Irish Rail Dublin Heuston to Galway InterCity line; whether he accepts this shows the need for additional capacity and if he would make correspondence with Iarnród Éireann Irish Rail to ensure additional carriages would be made available to ensure public safety.,the minister for transport if he is aware of concerns of severe overcrowding on the oranmore to galway train part of the iarnród éireann irish rail dublin heuston to galway intercity line whether he accepts this shows the need for additional capacity and if he would make correspondence with iarnród éireann irish rail to ensure additional carriages would be made available to ensure public safety 67610 26,Transport,793,795
191. Deputy Noel Mccarthy asked the Minister for Transport to provide an update on the proposed development of a road (details supplied). [67590/26],,Transport,2026-09-24,0.935192048549652,Road Projects,Road Projects,0.935192048549652,Road Network,0.0511865876615047,Transport Infrastructure Ireland,0.0016583829419687,Road Safety,0.001031229738146,Departmental Projects,0.0009442195296287,Transport Policy,0.0009120919276028,Greenways Provision,0.0008223240729421,Traffic Management,0.0008126061293296,Rail Network,0.0006460204022005,Departmental Funding,0.00054997659754,67590/26,191,Noel Mccarthy,NOEL MCCARTHY,written,en,To ask the Minister for Transport to provide an update on the proposed development of a road (details supplied).,the minister for transport to provide an update on the proposed development of a road details supplied 67590 26,Transport,797,799
192. Deputy Colm Burke asked the Minister for Transport to provide an update on the status of the Glanmire to Cork city cycle route phase 2; and the progress made to date since the Public Consultation in 2024. [67552/26],,Transport,2026-09-24,0.64983069896698,Cycling Facilities,Cycling Facilities,0.64983069896698,Active Travel,0.1039366424083709,Cycling Policy,0.0977117493748664,Transport Policy,0.0134541885927319,Bus Services,0.0120193464681506,Departmental Schemes,0.0118878614157438,Road Projects,0.0102428589016199,Greenways Provision,0.0091357259079813,Public Transport,0.0088674267753958,Road Safety,0.00640220195055,67552/26,192,Colm Burke,COLM BURKE,written,en,To ask the Minister for Transport to provide an update on the status of the Glanmire to Cork city cycle route phase 2; and the progress made to date since the Public Consultation in 2024.,the minister for transport to provide an update on the status of the glanmire to cork city cycle route phase 2 and the progress made to date since the public consultation in 2024 67552 26,Transport,801,803
193. Deputy Shónagh Ní Raghallaigh asked the Minister for Transport if he will consider adding a stop on the 126 route in Athgarvan considering that the village is poorly serviced by public transport in the evening time. [66893/26],,Transport,2026-09-24,0.587054967880249,Public Transport,Public Transport,0.587054967880249,Bus Services,0.3542210757732391,Rail Network,0.0268389396369457,Transport Policy,0.0087571889162063,Transport Costs,0.0051248543895781,National Transport Authority,0.003857247531414,Transport Infrastructure Ireland,0.0020139312837272,Bus Éireann,0.0016050259582698,Road Projects,0.0014679887099191,Road Network,0.0009640121716074,66893/26,193,Shónagh Ní Raghallaigh,SHÓNAGH NÍ RAGHALLAIGH,written,en,To ask the Minister for Transport if he will consider adding a stop on the 126 route in Athgarvan considering that the village is poorly serviced by public transport in the evening time.,the minister for transport if he will consider adding a stop on the 126 route in athgarvan considering that the village is poorly serviced by public transport in the evening time 66893 26,Transport,805,807
"194. Deputy Roderic O'Gorman asked the Minister for Transport if his Department will consider revising the timeline for the Luas green line extension to Tyrrelstown, in view of the proposed Dunsink Urban Area Plan. [67572/26]",,Transport,2026-09-24,0.6863486170768738,Public Transport,Public Transport,0.6863486170768738,Rail Network,0.2290922850370407,Transport Policy,0.0248976107686758,Bus Services,0.0113323628902435,Transport Costs,0.0097321858629584,Transport Infrastructure Ireland,0.0064576114527881,National Transport Authority,0.0052478434517979,Road Projects,0.0029034405015408,Electric Vehicles,0.0027838847599923,Park-and-Ride Facilities,0.00225260714069,67572/26,194,Roderic O'Gorman,RODERIC O'GORMAN,written,en,"To ask the Minister for Transport if his Department will consider revising the timeline for the Luas green line extension to Tyrrelstown, in view of the proposed Dunsink Urban Area Plan.",the minister for transport if his department will consider revising the timeline for the luas green line extension to tyrrelstown in view of the proposed dunsink urban area plan 67572 26,Transport,809,811
"195. Deputy Albert Dolan asked the Minister for Transport the immediate actions being taken to address severe overcrowding on Galway commuter rail services, particularly between Athenry, Oranmore and Galway city, where passengers are routinely forced to stand in overcrowded conditions, raising concerns regarding passenger comfort, accessibility and health and safety; and if he will outline a timeline for increasing capacity on the route. [67393/26]",,Transport,2026-09-24,0.8552380800247192,Rail Network,Rail Network,0.8552380800247192,Public Transport,0.101618468761444,Transport Policy,0.0060775177553296,Transport Costs,0.003646588884294,Transport Infrastructure Ireland,0.0028453571721911,Bus Services,0.0026102995034307,National Transport Authority,0.0024550568778067,Park-and-Ride Facilities,0.0020683866459876,Traffic Management,0.0019719563424587,Airport Policy,0.0010482968064025,67393/26,195,Albert Dolan,ALBERT DOLAN,written,en,"To ask the Minister for Transport the immediate actions being taken to address severe overcrowding on Galway commuter rail services, particularly between Athenry, Oranmore and Galway city, where passengers are routinely forced to stand in overcrowded conditions, raising concerns regarding passenger comfort, accessibility and health and safety; and if he will outline a timeline for increasing capacity on the route.",the minister for transport the immediate actions being taken to address severe overcrowding on galway commuter rail services particularly between athenry oranmore and galway city where passengers are routinely forced to stand in overcrowded conditions raising concerns regarding passenger comfort accessibility and health and safety and if he will outline a timeline for increasing capacity on the route 67393 26,Transport,813,815
196. Deputy James Geoghegan asked the Minister for Transport to provide an update on the proposed expansion of the Luas network to Poolbeg. [66690/26],,Transport,2026-09-24,0.6213936805725098,Public Transport,Public Transport,0.6213936805725098,Rail Network,0.3205820024013519,Transport Policy,0.0139413010329008,Transport Costs,0.0119187775999307,Bus Services,0.0097751999273896,National Transport Authority,0.0056321797892451,Transport Infrastructure Ireland,0.0038066192064434,Park-and-Ride Facilities,0.0007815950666554,Traffic Management,0.0006938781589269,Bus Éireann,0.0005511317867785,66690/26,196,James Geoghegan,JAMES GEOGHEGAN,written,en,To ask the Minister for Transport to provide an update on the proposed expansion of the Luas network to Poolbeg.,the minister for transport to provide an update on the proposed expansion of the luas network to poolbeg 66690 26,Transport,817,819
197. Deputy Eoin Ó Broin asked the Minister for Transport the reasons for the delay in the roll out of the Bus Connects network redesign in Dublin and when the required additional current expenditure will be provided to the NTA and Dublin Bus to complete the network redesign roll out. [66602/26],,Transport,2026-09-24,0.9581157565116882,Bus Services,Bus Services,0.9581157565116882,Public Transport,0.0197566449642181,Dublin Bus,0.0090068764984607,Bus Éireann,0.0055013867095112,National Transport Authority,0.0021179812029004,Transport Policy,0.0014008689904585,Transport Costs,0.0004406272782944,Transport Infrastructure Ireland,0.0003857477859128,Rail Network,0.0002376443881075,Departmental Data,0.0001704047754174,66602/26,197,Eoin Ó Broin,EOIN Ó BROIN,written,en,To ask the Minister for Transport the reasons for the delay in the roll out of the Bus Connects network redesign in Dublin and when the required additional current expenditure will be provided to the NTA and Dublin Bus to complete the network redesign roll out.,the minister for transport the reasons for the delay in the roll out of the bus connects network redesign in dublin and when the required additional current expenditure will be provided to the nta and dublin bus to complete the network redesign roll out 66602 26,Transport,821,823
"198. Deputy Aisling Dempsey asked the Minister for Transport if he will request the NTA to examine the feasibility of establishing a dedicated shuttle bus service along the emerging preferred route for the proposed Navan rail line, serving Navan, Kilmessan and Dunshaughlin and connecting passengers with the existing rail services at M3 Parkway/Dunboyne; and if consideration will be given to operating such a service as an interim public transport measure pending the delivery of the Navan Rail Line, with timetables coordinated with train departures and arrivals to facilitate commuting to and from Dublin. [67573/26]",,Transport,2026-09-24,0.5512073636054993,Rail Network,Rail Network,0.5512073636054993,Public Transport,0.3668529391288757,Bus Services,0.0434007942676544,National Transport Authority,0.0085099330171942,Transport Policy,0.0075961202383041,Transport Costs,0.0043999864719808,Transport Infrastructure Ireland,0.0025401741731911,Bus Éireann,0.0025071275886148,Park-and-Ride Facilities,0.0016742252046242,Dublin Bus,0.0016268993495032,67573/26,198,Aisling Dempsey,AISLING DEMPSEY,written,en,"To ask the Minister for Transport if he will request the NTA to examine the feasibility of establishing a dedicated shuttle bus service along the emerging preferred route for the proposed Navan rail line, serving Navan, Kilmessan and Dunshaughlin and connecting passengers with the existing rail services at M3 Parkway/Dunboyne; and if consideration will be given to operating such a service as an interim public transport measure pending the delivery of the Navan Rail Line, with timetables coordinated with train departures and arrivals to facilitate commuting to and from Dublin.",the minister for transport if he will request the nta to examine the feasibility of establishing a dedicated shuttle bus service along the emerging preferred route for the proposed navan rail line serving navan kilmessan and dunshaughlin and connecting passengers with the existing rail services at m3 parkway dunboyne and if consideration will be given to operating such a service as an interim public transport measure pending the delivery of the navan rail line with timetables coordinated with train departures and arrivals to facilitate commuting to and from dublin 67573 26,Transport,825,827
199. Deputy Pa Daly asked the Minister for Transport to provide an update on the roll out of light rail; to provide an update on the delivery over the next 12 months; and if he will make a statement on the matter . [67301/26],,Transport,2026-09-24,0.5022025108337402,Rail Network,Rail Network,0.5022025108337402,Public Transport,0.411311000585556,Transport Policy,0.0305455867201089,Electric Vehicles,0.0098952138796448,Transport Costs,0.0081942165270447,Bus Services,0.0072976644150912,Transport Infrastructure Ireland,0.0051049869507551,Departmental Data,0.0023654885590076,National Transport Authority,0.002048542490229,Road Projects,0.0015102117322385,67301/26,199,Pa Daly,PA DALY,written,en,To ask the Minister for Transport to provide an update on the roll out of light rail; to provide an update on the delivery over the next 12 months; and if he will make a statement on the matter .,the minister for transport to provide an update on the roll out of light rail to provide an update on the delivery over the next 12 months and 67301 26,Transport,829,831
"200. Deputy John Paul O'Shea asked the Minister for Transport to outline the current status of the M20 Cork–Limerick motorway; the anticipated timeline for the project to go to planning, CPO of lands associated with the project and ultimate construction. [67000/26]",,Transport,2026-09-24,0.8780346512794495,Road Projects,Road Projects,0.8780346512794495,Road Network,0.0997761189937591,Transport Infrastructure Ireland,0.0045382189564406,Road Safety,0.0022766361944377,Traffic Management,0.002162545453757,Greenways Provision,0.0018325966084375,Transport Policy,0.0011104267323389,Departmental Projects,0.000950408168137,Rail Network,0.0008369667339138,Healthcare Infrastructure Provision,0.00056831643451,67000/26,200,John Paul O'Shea,JOHN PAUL O'SHEA,written,en,"To ask the Minister for Transport to outline the current status of the M20 Cork–Limerick motorway; the anticipated timeline for the project to go to planning, CPO of lands associated with the project and ultimate construction.",the minister for transport the current status of the m20 cork limerick motorway the anticipated timeline for the project to go to planning cpo of lands associated with the project and ultimate construction 67000 26,Transport,833,835
"201. Deputy Cathal Crowe asked the Minister for Transport if he will provide an overview of the soon-to-be-launched Ennis town public bus service; the hours of operation; the extent of bus stops; the range of vehicles; the expected price fares for all ticket and concessionary passengers; if there are plans to provide further public bus routes across County Clare, including the potential to provide more on-demand TFI Anseo services in rural parts of the county; and if he will make a statement on the matter. [67332/26]",,Transport,2026-09-24,0.9646015167236328,Bus Services,Bus Services,0.9646015167236328,Public Transport,0.0208821408450603,Bus Éireann,0.0047388896346092,Dublin Bus,0.0038356808945536,Transport Policy,0.0009665702818892,National Transport Authority,0.0008469502208754,Transport Costs,0.000477102905279,Rail Network,0.0004037944599986,Departmental Data,0.000398311211029,School Transport,0.0002632072428241,67332/26,201,Cathal Crowe,CATHAL CROWE,written,en,"To ask the Minister for Transport if he will provide an overview of the soon-to-be-launched Ennis town public bus service; the hours of operation; the extent of bus stops; the range of vehicles; the expected price fares for all ticket and concessionary passengers; if there are plans to provide further public bus routes across County Clare, including the potential to provide more on-demand TFI Anseo services in rural parts of the county; and if he will make a statement on the matter.",the minister for transport if he will provide an overview of the soon-to-be-launched ennis town public bus service the hours of operation the extent of bus stops the range of vehicles the expected price fares for all ticket and concessionary passengers if there are plans to provide further public bus routes across county clare including the potential to provide more on-demand tfi anseo services in rural parts of the county and 67332 26,Transport,837,839
202. Deputy Pádraig Mac Lochlainn asked the Minister for Transport to provide an update on the timeline for the long awaited restoration of the Derry to Dublin airlink. [67365/26],,Transport,2026-09-24,0.2101569920778274,Public Transport,Public Transport,0.2101569920778274,Bus Services,0.1435441821813583,Airport Policy,0.1259262859821319,Air Services,0.1051921248435974,Dublin Airport Authority,0.0957550257444381,Aviation Industry,0.0543918795883655,Rail Network,0.0516624152660369,Transport Policy,0.0435724295675754,National Transport Authority,0.0321309268474578,Transport Costs,0.0133875999599695,67365/26,202,Pádraig Mac Lochlainn,PÁDRAIG MAC LOCHLAINN,written,en,To ask the Minister for Transport to provide an update on the timeline for the long awaited restoration of the Derry to Dublin airlink.,the minister for transport to provide an update on the timeline for the long awaited restoration of the derry to dublin airlink 67365 26,Transport,841,843
203. Deputy Mairéad Farrell asked the Minister for Transport to provide an update on double-decker buses due to be deployed across the State in 2026 and 2027; when they will be deployed in Galway specifically; and if he will advise on the routes that will be deployed. [67591/26],,Transport,2026-09-24,0.977292537689209,Bus Services,Bus Services,0.977292537689209,Public Transport,0.0115338563919067,Dublin Bus,0.0024488905910402,Bus Éireann,0.002384049585089,Transport Policy,0.0006031789234839,Departmental Data,0.0005468440940603,National Transport Authority,0.0003887425118591,Rail Network,0.000345635402482,Transport Costs,0.0003299189847894,Electric Vehicles,0.0002630556409712,67591/26,203,Mairéad Farrell,MAIRÉAD FARRELL,written,en,To ask the Minister for Transport to provide an update on double-decker buses due to be deployed across the State in 2026 and 2027; when they will be deployed in Galway specifically; and if he will advise on the routes that will be deployed.,the minister for transport to provide an update on double-decker buses due to be deployed across the state in 2026 and 2027 when they will be deployed in galway specifically and if he will advise on the routes that will be deployed 67591 26,Transport,845,847
204. Deputy Aindrias Moynihan asked the Minister for Transport to outline the analysis undertaken by his Department regarding the impact of the recent NTA announcement on public transport fare changes and the effect of this on rural commuters; and the steps being taken to ensure public transport is affordable and accessible for rural commuters; and if he will make a statement on the matter. [67593/26],,Transport,2026-09-24,0.8844732642173767,Public Transport,Public Transport,0.8844732642173767,Transport Costs,0.0704008340835571,Transport Policy,0.0115272374823689,Bus Services,0.0084349513053894,National Transport Authority,0.0067609208635985,Taxi Regulations,0.0025682519190013,Rail Network,0.001734179444611,Bus Éireann,0.0014026693534106,Transport Infrastructure Ireland,0.001369634992443,Taxi Licences,0.001325256191194,67593/26,204,Aindrias Moynihan,AINDRIAS MOYNIHAN,written,en,To ask the Minister for Transport to outline the analysis undertaken by his Department regarding the impact of the recent NTA announcement on public transport fare changes and the effect of this on rural commuters; and the steps being taken to ensure public transport is affordable and accessible for rural commuters; and if he will make a statement on the matter.,the minister for transport the analysis undertaken by his department regarding the impact of the recent nta announcement on public transport fare changes and the effect of this on rural commuters and the steps being taken to ensure public transport is affordable and accessible for rural commuters and 67593 26,Transport,849,851
205. Deputy David Cullinane asked the Minister for Transport if he will ensure funding for the N24 and N25 upgrades. [67606/26],,Transport,2026-09-24,0.8926106691360474,Road Projects,Road Projects,0.8926106691360474,Road Network,0.0962506979703903,Road Safety,0.0027046019677072,Transport Infrastructure Ireland,0.0014086697483435,Departmental Funding,0.0009615733870305,Traffic Management,0.0007193463970907,Greenways Provision,0.0006145658553577,Transport Policy,0.0004013074212707,Departmental Schemes,0.0002629866066854,Rail Network,0.0002271453704452,67606/26,205,David Cullinane,DAVID CULLINANE,written,en,To ask the Minister for Transport if he will ensure funding for the N24 and N25 upgrades.,the minister for transport if he will ensure funding for the n24 and n25 upgrades 67606 26,Transport,853,855
"206. Deputy Grace Boland asked the Minister for Transport whether he accepts that the cumulative effect of the 2025 and 2027 fare determinations, under which commuters in Skerries and Balbriggan will face fare increases of almost 50 per cent within approximately 20 months, is disproportionate and unfair; and the action he will take to address this anomaly. [67092/26]",,Transport,2026-09-24,0.7025448679924011,Public Transport,Public Transport,0.7025448679924011,Transport Costs,0.2145653367042541,Bus Services,0.0168381053954362,Transport Policy,0.0153569355607032,National Transport Authority,0.0081733986735343,Taxi Regulations,0.0052915452979505,Rail Network,0.003569011343643,Transport Infrastructure Ireland,0.0033381476532667,Taxi Licences,0.0018227658001706,Dublin Bus,0.0017305039800703,67092/26,206,Grace Boland,GRACE BOLAND,written,en,"To ask the Minister for Transport whether he accepts that the cumulative effect of the 2025 and 2027 fare determinations, under which commuters in Skerries and Balbriggan will face fare increases of almost 50 per cent within approximately 20 months, is disproportionate and unfair; and the action he will take to address this anomaly.",the minister for transport whether he accepts that the cumulative effect of the 2025 and 2027 fare determinations under which commuters in skerries and balbriggan will face fare increases of almost 50 per cent within approximately 20 months is disproportionate and unfair and the action he will take to address this anomaly 67092 26,Transport,857,859
207. Deputy Aisling Dempsey asked the Minister for Transport the current status of the proposed enhancement of the NX Navan-Dublin service; the date on which the proposed 24% increase in peak-time service levels is expected to commence; and if additional capacity will be provided where passenger demand continues to exceed available capacity following implementation of the revised timetable. [67578/26],,Transport,2026-09-24,0.3817541301250458,Public Transport,Public Transport,0.3817541301250458,Bus Services,0.3716115355491638,Rail Network,0.1790246665477752,Transport Policy,0.0106113525107502,Dublin Bus,0.0088099408894777,National Transport Authority,0.0070904181338846,Transport Costs,0.0065749450586736,Transport Infrastructure Ireland,0.0062689129263162,Road Projects,0.0033214741852134,Bus Éireann,0.0031230524182319,67578/26,207,Aisling Dempsey,AISLING DEMPSEY,written,en,To ask the Minister for Transport the current status of the proposed enhancement of the NX Navan-Dublin service; the date on which the proposed 24% increase in peak-time service levels is expected to commence; and if additional capacity will be provided where passenger demand continues to exceed available capacity following implementation of the revised timetable.,the minister for transport the current status of the proposed enhancement of the nx navan-dublin service the date on which the proposed 24 increase in peak-time service levels is expected to commence and if additional capacity will be provided where passenger demand continues to exceed available capacity following implementation of the revised timetable 67578 26,Transport,861,863
"208. Deputy Paul Mcauliffe asked the Minister for Transport for the latest update and timeline of construction for the Finglas Roundabout projects at St Margaret's Road and McKee Avenue, given there are reported delays to the projects. [67519/26]",,Transport,2026-09-24,0.9552733898162842,Road Projects,Road Projects,0.9552733898162842,Road Network,0.0264301542192697,Traffic Management,0.0032290003728121,Road Safety,0.0026135290972888,Greenways Provision,0.0021119548473507,Transport Infrastructure Ireland,0.0017885064007714,Rail Network,0.0011028981534764,Departmental Projects,0.0007787896320223,Transport Policy,0.0007657612441107,Public Transport,0.000706392165739,67519/26,208,Paul Mcauliffe,PAUL MCAULIFFE,written,en,"To ask the Minister for Transport for the latest update and timeline of construction for the Finglas Roundabout projects at St Margaret's Road and McKee Avenue, given there are reported delays to the projects.",the minister for transport for the latest update and timeline of construction for the finglas roundabout projects at st margaret s road and mckee avenue given there are reported delays to the projects 67519 26,Transport,865,867
209. Deputy Shane Moynihan asked the Minister for Transport to provide an update on progress towards the establishment of a transport security force; and the anticipated timeline for its establishment and commencement of operations. [67413/26],,Transport,2026-09-24,0.4775912761688232,Transport Policy,Transport Policy,0.4775912761688232,Public Transport,0.2906027138233185,National Transport Authority,0.0764891877770423,Transport Infrastructure Ireland,0.0391026772558689,Bus Services,0.0156603977084159,Road Network,0.0129673415794968,Taxi Regulations,0.0091699138283729,Transport Costs,0.008829416707158,Haulage Industry,0.0064740846864879,Road Safety,0.0053935195319354,67413/26,209,Shane Moynihan,SHANE MOYNIHAN,written,en,To ask the Minister for Transport to provide an update on progress towards the establishment of a transport security force; and the anticipated timeline for its establishment and commencement of operations.,the minister for transport to provide an update on progress towards the establishment of a transport security force and the anticipated timeline for its establishment and commencement of operations 67413 26,Transport,869,871
"210. Deputy Cathal Crowe asked the Minister for Transport if, in view of the fact that public transport connections to Dublin Airport are being significantly increased and improved, his plans to increase public transport accessibility to Shannon Airport, including the provision of a long-heralded rail spur to Shannon Airport. [67282/26]",,Transport,2026-09-24,0.9103866815567015,Public Transport,Public Transport,0.9103866815567015,Transport Costs,0.031063787639141,Transport Policy,0.0234339814633131,Rail Network,0.0122744366526603,Bus Services,0.0061070942319929,National Transport Authority,0.0050717229023575,Transport Infrastructure Ireland,0.002086091088131,School Transport,0.0010153379989787,Taxi Regulations,0.0007711429498158,Bus Éireann,0.0005667203804478,67282/26,210,Cathal Crowe,CATHAL CROWE,written,en,"To ask the Minister for Transport if, in view of the fact that public transport connections to Dublin Airport are being significantly increased and improved, his plans to increase public transport accessibility to Shannon Airport, including the provision of a long-heralded rail spur to Shannon Airport.",the minister for transport if in view of the fact that public transport connections to dublin airport are being significantly increased and improved his plans to increase public transport accessibility to shannon airport including the provision of a long-heralded rail spur to shannon airport 67282 26,Transport,873,875
211. Deputy Duncan Smith asked the Minister for Transport if his Department will support funding for an orbital bus route for residents of Kinsealy in order that they can access Portmarnock and Malahide train stations while reducing congestion. [67228/26],,Transport,2026-09-24,0.9304268956184388,Bus Services,Bus Services,0.9304268956184388,Public Transport,0.0421043559908866,Dublin Bus,0.0052834716625511,Bus Éireann,0.0050061540678143,Transport Policy,0.0043445159681141,National Transport Authority,0.0027206931263208,Rail Network,0.0010680441046133,Transport Infrastructure Ireland,0.0010647703893482,Transport Costs,0.0009719599038362,Departmental Funding,0.0005951520870439,67228/26,211,Duncan Smith,DUNCAN SMITH,written,en,To ask the Minister for Transport if his Department will support funding for an orbital bus route for residents of Kinsealy in order that they can access Portmarnock and Malahide train stations while reducing congestion.,the minister for transport if his department will support funding for an orbital bus route for residents of kinsealy in order that they can access portmarnock and malahide train stations while reducing congestion 67228 26,Transport,877,879
212. Deputy Colm Burke asked the Minister for Transport to provide an update on the status of the Dunkettle Road AT Scheme (Phase 2); and when it is envisaged that same will be completed. [67555/26],,Transport,2026-09-24,0.9517860412597656,Road Projects,Road Projects,0.9517860412597656,Road Network,0.025417074561119,Departmental Schemes,0.0061213891021907,Greenways Provision,0.0045884638093411,Road Safety,0.0014921172987669,Transport Infrastructure Ireland,0.0009225259418599,Departmental Projects,0.0008206429774872,Traffic Management,0.0007915760506875,Transport Policy,0.0006717512151226,Departmental Funding,0.0006397034157998,67555/26,212,Colm Burke,COLM BURKE,written,en,To ask the Minister for Transport to provide an update on the status of the Dunkettle Road AT Scheme (Phase 2); and when it is envisaged that same will be completed.,the minister for transport to provide an update on the status of the dunkettle road at scheme phase 2 and when it is envisaged that same will be completed 67555 26,Transport,881,883
213. Deputy Michael Murphy asked the Minister for Transport if he will engage with the Minister for Justice; Home Affairs and Migration and An Garda Síochána on the urgent strengthening of dedicated roads policing units; whether roads policing should operate within a dedicated command structure; and whether Garda allocations should better reflect factors such as the scale and length of the road network in each county. [63673/26],,Transport,2026-09-24,0.3344976902008056,Road Safety,Road Safety,0.3344976902008056,Road Network,0.2219467610120773,Traffic Management,0.0718658417463302,Road Projects,0.0693162083625793,Transport Policy,0.0512390881776809,Road Traffic Offences,0.0301777198910713,Transport Infrastructure Ireland,0.0258397590368986,An Garda Síochána,0.0242151096463203,Road Traffic Accidents,0.0241586882621049,National Transport Authority,0.0197772569954395,63673/26,213,Michael Murphy,MICHAEL MURPHY,written,en,To ask the Minister for Transport if he will engage with the Minister for Justice; Home Affairs and Migration and An Garda Síochána on the urgent strengthening of dedicated roads policing units; whether roads policing should operate within a dedicated command structure; and whether Garda allocations should better reflect factors such as the scale and length of the road network in each county.,the minister for transport if he will engage with the minister for justice home affairs and migration and an garda síochána on the urgent strengthening of dedicated roads policing units whether roads policing should operate within a dedicated command structure and whether garda allocations should better reflect factors such as the scale and length of the road network in each county 63673 26,Transport,885,887
"214. Deputy Mairéad Farrell asked the Minister for Transport to provide an update on Bus Connects Galway; when the new network will be implemented; if it is still on track for 2028; and if not, the delays that are impacting the rollout. [67598/26]",,Transport,2026-09-24,0.9788857102394104,Bus Services,Bus Services,0.9788857102394104,Public Transport,0.0118744606152176,Bus Éireann,0.0025102489162236,Dublin Bus,0.0022670975886285,National Transport Authority,0.0007834218558855,Transport Policy,0.0006656682817265,Rail Network,0.0002783149830065,Transport Infrastructure Ireland,0.0002130657230736,Transport Costs,0.0001964896800927,Road Network,0.0001306522608501,67598/26,214,Mairéad Farrell,MAIRÉAD FARRELL,written,en,"To ask the Minister for Transport to provide an update on Bus Connects Galway; when the new network will be implemented; if it is still on track for 2028; and if not, the delays that are impacting the rollout.",the minister for transport to provide an update on bus connects galway when the new network will be implemented if it is still on track for 2028 the delays that are impacting the rollout 67598 26,Transport,889,891
"215. Deputy Peter Roche asked the Minister for Transport the funding that has been made available to local authorities to install, replace and update speed limit signage arising from changes to speed limits; and whether he is satisfied that local authorities have sufficient resources to carry out this work. [67260/26]",,Transport,2026-09-24,0.6602386832237244,Road Safety,Road Safety,0.6602386832237244,Road Network,0.0955836698412895,Road Projects,0.0404824912548065,Traffic Management,0.0238533616065979,Local Authorities,0.0193750355392694,Active Travel,0.0138942552730441,Road Safety Authority,0.013406260870397,Road Traffic Offences,0.0121034858748316,Departmental Funding,0.0120173748582601,Transport Infrastructure Ireland,0.0098614990711212,67260/26,215,Peter Roche,PETER ROCHE,written,en,"To ask the Minister for Transport the funding that has been made available to local authorities to install, replace and update speed limit signage arising from changes to speed limits; and whether he is satisfied that local authorities have sufficient resources to carry out this work.",the minister for transport the funding that has been made available to local authorities to install replace and update speed limit signage arising from changes to speed limits and whether he is satisfied that local authorities have sufficient resources to carry out this work 67260 26,Transport,893,895
"216. Deputy Brendan Smith asked the Minister for Transport if he will ensure that increased funding will be provided in 2027 for the non national road network taking into account the urgent need for road improvements and upgrading work in County Cavan and County Monaghan, given the huge dependency in both counties on this road network with a small percentage of the road network having a national road status. [67604/26]",,Transport,2026-09-24,0.6983662247657776,Road Network,Road Network,0.6983662247657776,Road Projects,0.241546019911766,Departmental Funding,0.013001712039113,Transport Infrastructure Ireland,0.0106969214975833,Road Safety,0.0101303411647677,Transport Policy,0.0056587443687021,Active Travel,0.0019177498761564,Traffic Management,0.0014498650562018,Departmental Expenditure,0.0011214913101866,Departmental Schemes,0.0009832901414483,67604/26,216,Brendan Smith,BRENDAN SMITH,written,en,"To ask the Minister for Transport if he will ensure that increased funding will be provided in 2027 for the non national road network taking into account the urgent need for road improvements and upgrading work in County Cavan and County Monaghan, given the huge dependency in both counties on this road network with a small percentage of the road network having a national road status.",the minister for transport if he will ensure that increased funding will be provided in 2027 for the non national road network taking into account the urgent need for road improvements and upgrading work in county cavan and county monaghan given the huge dependency in both counties on this road network with a small percentage of the road network having a national road status 67604 26,Transport,897,899
217. Deputy Aindrias Moynihan asked the Minister for Transport the efforts being made to safeguard motorists from wild deer on our roads; and if he will make a statement on the matter. [67582/26],,Transport,2026-09-24,0.1219631507992744,Road Safety,Road Safety,0.1219631507992744,Wildlife Regulations,0.1161730661988258,Wildlife Protection,0.0773089453577995,Animal Welfare,0.0696386322379112,Animal Culls,0.0419429540634155,Wildlife Conservation,0.0358812361955642,Hare Coursing,0.0283492654561996,Departmental Policies,0.0270338281989097,Forestry Sector,0.0215024650096893,Transport Policy,0.0206207931041717,67582/26,217,Aindrias Moynihan,AINDRIAS MOYNIHAN,written,en,To ask the Minister for Transport the efforts being made to safeguard motorists from wild deer on our roads; and if he will make a statement on the matter.,the minister for transport the efforts being made to safeguard motorists from wild deer on our roads and 67582 26,Transport,901,903
"218. Deputy Paul Lawless asked the Minister for Transport the protocols which are in place when a train is late departing its departure station; the way in which the information regarding the delay is communicated to the various stations where that train will subsequently be late arriving and to the other trains using the same line, and to the mechanisms operating level crossings around the country; and if he will make a statement on the matter. [67176/26]",,Transport,2026-09-24,0.8752008080482483,Rail Network,Rail Network,0.8752008080482483,Public Transport,0.0980131700634956,Transport Policy,0.003764082212001,Bus Services,0.0026802397333085,Transport Costs,0.0020388371776789,National Transport Authority,0.0019226700533181,Transport Infrastructure Ireland,0.0013631978072226,Traffic Management,0.00135881267488,Park-and-Ride Facilities,0.0011066818842664,Airport Policy,0.0006919127190485,67176/26,218,Paul Lawless,PAUL LAWLESS,written,en,"To ask the Minister for Transport the protocols which are in place when a train is late departing its departure station; the way in which the information regarding the delay is communicated to the various stations where that train will subsequently be late arriving and to the other trains using the same line, and to the mechanisms operating level crossings around the country; and if he will make a statement on the matter.",the minister for transport the protocols which are in place when a train is late departing its departure station the way in which the information regarding the delay is communicated to the various stations where that train will subsequently be late arriving and to the other trains using the same line and to the mechanisms operating level crossings around the country and 67176 26,Transport,905,907
219. Deputy Louis O'Hara asked the Minister for Transport to provide an update on the Athenry Relief Road project. [67226/26],,Transport,2026-09-24,0.9736537337303162,Road Projects,Road Projects,0.9736537337303162,Road Network,0.0162224397063255,Greenways Provision,0.001045725075528,Transport Infrastructure Ireland,0.0007629689062014,Departmental Projects,0.0007535581826232,Departmental Funding,0.0006629892159253,Rail Network,0.0006433122907765,Departmental Schemes,0.0005413800827227,Traffic Management,0.0004856830346398,Transport Policy,0.0004685064195655,67226/26,219,Louis O'Hara,LOUIS O'HARA,written,en,To ask the Minister for Transport to provide an update on the Athenry Relief Road project.,the minister for transport to provide an update on the athenry relief road project 67226 26,Transport,909,911
220. Deputy Edward Timmins asked the Minister for Transport for an update on the Public Service Obligation PSO programme discussions in relation increasing the 132 bus service and improving the reliability of the service. [67656/26],,Transport,2026-09-24,0.9090102314949036,Bus Services,Bus Services,0.9090102314949036,Public Transport,0.0383393727242946,National Transport Authority,0.0098957894369959,Bus Éireann,0.0094437226653099,Dublin Bus,0.0092076221480965,Transport Policy,0.0026895503979176,Transport Costs,0.0012210868299007,Departmental Policies,0.0007085393299348,Public Service Obligation,0.0006930804229341,Transport Infrastructure Ireland,0.0006769887986592,67656/26,220,Edward Timmins,EDWARD TIMMINS,written,en,To ask the Minister for Transport for an update on the Public Service Obligation PSO programme discussions in relation increasing the 132 bus service and improving the reliability of the service.,the minister for transport for an update on the public service obligation pso programme discussions in relation increasing the 132 bus service and improving the reliability of the service 67656 26,Transport,913,915
"221. Deputy Ciarán Ahern asked the Minister for Transport if his Department has examined any additional infrastructural road safety measures on motorways following a number of incidents in recent months, including fatal collisions involving motorists driving the wrong way down slip roads and motorways. [67643/26]",,Transport,2026-09-24,0.8119204640388489,Road Safety,Road Safety,0.8119204640388489,Road Traffic Accidents,0.09877460449934,Road Network,0.0277406703680753,Road Traffic Offences,0.0143422884866595,Traffic Management,0.0086162658408284,Road Safety Authority,0.0082066692411899,Road Projects,0.0047688847407698,Transport Infrastructure Ireland,0.0032093105837702,Transport Policy,0.0014702742919325,Departmental Data,0.0012633935548365,67643/26,221,Ciarán Ahern,CIARÁN AHERN,written,en,"To ask the Minister for Transport if his Department has examined any additional infrastructural road safety measures on motorways following a number of incidents in recent months, including fatal collisions involving motorists driving the wrong way down slip roads and motorways.",the minister for transport if his department has examined any additional infrastructural road safety measures on motorways following a number of incidents in recent months including fatal collisions involving motorists driving the wrong way down slip roads and motorways 67643 26,Transport,917,919
222. Deputy Barry Ward asked the Minister for Transport the actions he is taking to ensure that all public transport is fully accessible for people with disabilities. [66652/26],,Transport,2026-09-24,0.9206033945083618,Public Transport,Public Transport,0.9206033945083618,Transport Costs,0.0323884338140487,Transport Policy,0.0112771121785044,Bus Services,0.0103237489238381,Disability Services,0.006307790055871,National Transport Authority,0.0029188559856265,Rail Network,0.0020203446038067,Transport Infrastructure Ireland,0.001104895141907,Bus Éireann,0.0009349674219265,Departmental Data,0.0007853762363083,66652/26,222,Barry Ward,BARRY WARD,written,en,To ask the Minister for Transport the actions he is taking to ensure that all public transport is fully accessible for people with disabilities.,the minister for transport the actions he is taking to ensure that all public transport is fully accessible for people with disabilities 66652 26,Transport,921,923
223. Deputy James Geoghegan asked the Minister for Transport for an update on the independent feasibility study for a metro to South-West Dublin. [66691/26],,Transport,2026-09-24,0.7684320211410522,Rail Network,Rail Network,0.7684320211410522,Public Transport,0.2012142241001129,Transport Policy,0.0078216791152954,Bus Services,0.0049258740618824,Transport Costs,0.0039962716400623,National Transport Authority,0.0016931303543969,Transport Infrastructure Ireland,0.0014784090453758,Park-and-Ride Facilities,0.0008162584854289,Bus Éireann,0.0006998340832069,Departmental Projects,0.0005831303424201,66691/26,223,James Geoghegan,JAMES GEOGHEGAN,written,en,To ask the Minister for Transport for an update on the independent feasibility study for a metro to South-West Dublin.,the minister for transport for an update on the independent feasibility study for a metro to south-west dublin 66691 26,Transport,925,927
"224. Deputy Ciarán Ahern asked the Minister for Transport further to Parliamentary Question No. 96 of 15 January 2026, whether his Department has had any engagement with the UNECE Working Party on Lighting and Light-Signalling task force regarding excessive brightness and intensity of modern LED and HID car headlights; and the nature of that engagement. [67638/26]",,Transport,2026-09-24,0.4372023642063141,Road Safety,Road Safety,0.4372023642063141,Road Traffic Offences,0.0947345122694969,Transport Policy,0.084056407213211,Traffic Management,0.0674406811594963,Road Safety Authority,0.0255226995795965,Road Traffic Accidents,0.021634429693222,Road Network,0.0206199493259191,Departmental Policies,0.0191777385771274,Transport Infrastructure Ireland,0.0140008376911282,Parking Provision,0.0102504538372159,67638/26,224,Ciarán Ahern,CIARÁN AHERN,written,en,"To ask the Minister for Transport further to Parliamentary Question No. 96 of 15 January 2026, whether his Department has had any engagement with the UNECE Working Party on Lighting and Light-Signalling task force regarding excessive brightness and intensity of modern LED and HID car headlights; and the nature of that engagement.",the minister for transport further to parliamentary question no 96 of 15 january 2026 whether his department has had any engagement with the unece working party on lighting and light-signalling task force regarding excessive brightness and intensity of modern led and hid car headlights and the nature of that engagement 67638 26,Transport,929,931
225. Deputy Naoise Ó Cearúil asked the Minister for Transport the progress that has been made by the National Transport Authority and Iarnród Éireann in improving the provision of real-time disruption information through the Irish Rail app; and when passengers can expect enhanced disruption notifications to be available through the app. [67343/26],,Transport,2026-09-24,0.9072620272636414,Rail Network,Rail Network,0.9072620272636414,Public Transport,0.0733033642172813,Transport Policy,0.0026044296100735,Transport Costs,0.0021106898784637,National Transport Authority,0.0020848447456955,Bus Services,0.0015095745911821,Transport Infrastructure Ireland,0.0012520173331722,Park-and-Ride Facilities,0.0008818237110972,Traffic Management,0.0005341125070117,Departmental Data,0.0004167264269199,67343/26,225,Naoise Ó Cearúil,NAOISE Ó CEARÚIL,written,en,To ask the Minister for Transport the progress that has been made by the National Transport Authority and Iarnród Éireann in improving the provision of real-time disruption information through the Irish Rail app; and when passengers can expect enhanced disruption notifications to be available through the app.,the minister for transport the progress that has been made by the national transport authority and iarnród éireann in improving the provision of real-time disruption information through the irish rail app and when passengers can expect enhanced disruption notifications to be available through the app 67343 26,Transport,933,935
"226. Deputy Eoghan Kenny asked the Minister for Transport for an update as of September 2026 on the Mallow Relief Road project, including if the timeline of the project progression is being met; and if he will make a statement on the matter. [67660/26]",,Transport,2026-09-24,0.974887192249298,Road Projects,Road Projects,0.974887192249298,Road Network,0.0122556556016206,Rail Network,0.0021026488393545,Greenways Provision,0.0010887465905398,Transport Infrastructure Ireland,0.0009665917605161,Departmental Projects,0.0007950406288728,Transport Policy,0.0007705702446401,Departmental Funding,0.0005962245049886,Traffic Management,0.0005876295035704,Public Transport,0.0005706577794626,67660/26,226,Eoghan Kenny,EOGHAN KENNY,written,en,"To ask the Minister for Transport for an update as of September 2026 on the Mallow Relief Road project, including if the timeline of the project progression is being met; and if he will make a statement on the matter.",the minister for transport for an update as of september 2026 on the mallow relief road project including if the timeline of the project progression is being met and 67660 26,Transport,937,939
227. Deputy Michael Cahill asked the Minister for Transport to request Transport Infrastructure Ireland to provide funding for a route (details supplied). [67371/26],,Transport,2026-09-24,0.2225979715585708,Bus Services,Bus Services,0.2225979715585708,Public Transport,0.1677705496549606,Transport Policy,0.1030939593911171,Transport Infrastructure Ireland,0.1005115211009979,Road Network,0.0867846459150314,Departmental Funding,0.0651952177286148,National Transport Authority,0.0531082972884178,Road Projects,0.0442325137555599,Active Travel,0.0361316241323947,Rail Network,0.0155823938548564,67371/26,227,Michael Cahill,MICHAEL CAHILL,written,en,To ask the Minister for Transport to request Transport Infrastructure Ireland to provide funding for a route (details supplied).,the minister for transport to request transport infrastructure ireland to provide funding for a route details supplied 67371 26,Transport,941,943
"228. Deputy Keira Keogh asked the Minister for Transport for an update on the introduction of catering services, particularly on long services, such as the Mayo to Dublin; and if he will make a full statement on the matter. [67547/26]",,Transport,2026-09-24,0.4236592054367065,Bus Services,Bus Services,0.4236592054367065,Public Transport,0.3426963090896606,Transport Policy,0.0703145861625671,National Transport Authority,0.0236996822059154,Rail Network,0.0189242232590913,Transport Costs,0.0135916257277131,Dublin Bus,0.0108918109908699,Taxi Regulations,0.0064483857713639,Transport Infrastructure Ireland,0.0062033864669501,Taxi Licences,0.0043673734180629,67547/26,228,Keira Keogh,KEIRA KEOGH,written,en,"To ask the Minister for Transport for an update on the introduction of catering services, particularly on long services, such as the Mayo to Dublin; and if he will make a full statement on the matter.",the minister for transport for an update on the introduction of catering services particularly on long services such as the mayo to dublin and if he will make a full statement on the matter 67547 26,Transport,945,947
229. Deputy Pádraig Rice asked the Minister for Foreign Affairs and Trade her response to raids and arrests targeting the LGBTQ+ community in Turkey; and if she has contacted the Turkish Embassy in Dublin to convey the Irish Government’s serious concerns. [67686/26],,Foreign,2026-09-24,0.5386347770690918,Human Rights,Human Rights,0.5386347770690918,Foreign Policy,0.2398864775896072,International Relations,0.0363396666944026,Consular Services,0.0219952724874019,Foreign Conflicts,0.0207861717790365,Middle East,0.0154805369675159,Diplomatic Representation,0.0149147361516952,Ukraine War,0.0098897209390997,European Union,0.0073687797412276,United Nations,0.0061659622006118,67686/26,229,Pádraig Rice,PÁDRAIG RICE,written,en,To ask the Minister for Foreign Affairs and Trade her response to raids and arrests targeting the LGBTQ+ community in Turkey; and if she has contacted the Turkish Embassy in Dublin to convey the Irish Government’s serious concerns.,the minister for foreign affairs and trade her response to raids and arrests targeting the lgbtq community in turkey and if she has contacted the turkish embassy in dublin to convey the irish government s serious concerns 67686 26,Foreign Affairs and Trade,955,957
230. Deputy Niamh Smyth asked the Minister for Foreign Affairs and Trade if she will review the case of a person (details supplied); and if the application for a first-time passport will be expedited. [67709/26],,Foreign,2026-09-24,0.997895359992981,Passport Services,Passport Services,0.997895359992981,Foreign Birth Registration,0.0007140691159293,Consular Services,0.0001080089714378,Departmental Correspondence,8.205081394407898e-05,Departmental Data,7.660941628273576e-05,Visa Applications,6.946834037080407e-05,Social Welfare Benefits,4.030761556350626e-05,Medical Cards,4.000362969236448e-05,Housing Provision,3.505776112433523e-05,Covid-19 Pandemic,2.804211362672504e-05,67709/26,230,Niamh Smyth,NIAMH SMYTH,written,en,To ask the Minister for Foreign Affairs and Trade if she will review the case of a person (details supplied); and if the application for a first-time passport will be expedited.,the minister for foreign affairs and trade if she will review the case of a person details supplied and if the application for a first-time passport will be expedited 67709 26,Foreign Affairs and Trade,959,961
231. Deputy Naoise Ó Muirí asked the Minister for Foreign Affairs and Trade for an update on an application under foreign birth registration (details supplied); and if she will make a statement on the matter. [67805/26],,Foreign,2026-09-24,0.9886308908462524,Foreign Birth Registration,Foreign Birth Registration,0.9886308908462524,Passport Services,0.003811048110947,Citizenship Applications,0.0008874567574821,Consular Services,0.0007238190737552,Departmental Data,0.0006431704387068,Other,0.0004620832914952,Birth Certificates,0.0004246737225912,Departmental Inquiries,0.0002369967260165,Departmental Policies,0.0002015749196289,Departmental Staff,0.0001455191522836,67805/26,231,Naoise Ó Muirí,NAOISE Ó MUIRÍ,written,en,To ask the Minister for Foreign Affairs and Trade for an update on an application under foreign birth registration (details supplied); and if she will make a statement on the matter.,the minister for foreign affairs and trade for an update on an application under foreign birth registration details supplied and 67805 26,Foreign Affairs and Trade,963,965
232. Deputy Cian O'Callaghan asked the Minister for Foreign Affairs and Trade the actions that she has taken and plans to take in the future in response to the ongoing persecution of members of the LGBTQIA+ community in Turkey. [67785/26],,Foreign,2026-09-24,0.7107837796211243,Human Rights,Human Rights,0.7107837796211243,Foreign Policy,0.158361479640007,International Relations,0.0170907787978649,Foreign Conflicts,0.0089124543592333,Consular Services,0.0077370144426822,Middle East,0.0061582471244037,Irish Prisoners Abroad,0.0059415851719677,European Union,0.0057993428781628,Diaspora Issues,0.0050113960169255,Departmental Policies,0.0047137322835624,67785/26,232,Cian O'Callaghan,CIAN O'CALLAGHAN,written,en,To ask the Minister for Foreign Affairs and Trade the actions that she has taken and plans to take in the future in response to the ongoing persecution of members of the LGBTQIA+ community in Turkey.,the minister for foreign affairs and trade the actions that she has taken and plans to take in the future in response to the ongoing persecution of members of the lgbtqia community in turkey 67785 26,Foreign Affairs and Trade,967,969
"233. Deputy John Paul O'Shea asked the Minister for Climate, Energy and the Environment if extended producer responsibility scheme for tyres under the Waste Management (Tyres and Waste Tyres) Regulations 2017 will go ahead in 2026. [67746/26]",,Climate,2026-09-24,0.6571480631828308,Waste Management,Waste Management,0.6571480631828308,Recycling Policy,0.1710490733385086,Departmental Schemes,0.042520485818386,Environmental Policy,0.0286679472774267,Illegal Dumping,0.0140123711898922,Energy Policy,0.0112259611487388,Environmental Schemes,0.008856295607984,Bord na Móna,0.007023025304079,Energy Conservation,0.006977348588407,Departmental Data,0.0052394410595297,67746/26,233,John Paul O'Shea,JOHN PAUL O'SHEA,written,en,"To ask the Minister for Climate, Energy and the Environment if extended producer responsibility scheme for tyres under the Waste Management (Tyres and Waste Tyres) Regulations 2017 will go ahead in 2026.",the minister for climate energy and the environment if extended producer responsibility scheme for tyres under the waste management tyres and waste tyres regulations 2017 will go ahead in 2026 67746 26,"Climate, Energy and the Environment",974,976
"234. Deputy Ciarán Ahern asked the Minister for Climate, Energy and the Environment his response to the recent report (details supplied). [67735/26]",,Climate,2026-09-24,0.1954571455717086,Energy Policy,Energy Policy,0.1954571455717086,Departmental Reports,0.1080810502171516,Environmental Policy,0.1069235280156135,Renewable Energy Generation,0.0484466068446636,Recycling Policy,0.0345290042459964,Climate Change Policy,0.0331432595849037,Energy Conservation,0.0312250740826129,Energy Infrastructure,0.0294690486043691,Departmental Consultations,0.0265881679952144,Departmental Reviews,0.0217988640069961,67735/26,234,Ciarán Ahern,CIARÁN AHERN,written,en,"To ask the Minister for Climate, Energy and the Environment his response to the recent report (details supplied).",the minister for climate energy and the environment his response to the recent report details supplied 67735 26,"Climate, Energy and the Environment",978,980
"235. Deputy John Connolly asked the Minister for Climate, Energy and the Environment if, given the recognised importance of pollack for recreational angling in Ireland and the role that recreational angling plays in supporting valuable tourism and charter boat business in many coastal communities, if it is intended to conduct any review of the Pollack Fishing Conservation Bye-Law No. 1028 of 2026. [67854/26]",,Climate,2026-09-24,0.3785967826843261,Inland Fisheries,Inland Fisheries,0.3785967826843261,Fisheries Protection,0.2297687381505966,Fishing Industry,0.1016288325190544,Angling Sector,0.0329430289566516,Special Areas of Conservation,0.0270819589495658,Inshore Fisheries,0.0170066375285387,Water Pollution,0.011939856223762,Foreshore Issues,0.0109462207183241,Marine Protected Areas,0.0105860605835914,Harbours and Piers,0.0101327365264296,67854/26,235,John Connolly,JOHN CONNOLLY,written,en,"To ask the Minister for Climate, Energy and the Environment if, given the recognised importance of pollack for recreational angling in Ireland and the role that recreational angling plays in supporting valuable tourism and charter boat business in many coastal communities, if it is intended to conduct any review of the Pollack Fishing Conservation Bye-Law No. 1028 of 2026.",the minister for climate energy and the environment if given the recognised importance of pollack for recreational angling in ireland and the role that recreational angling plays in supporting valuable tourism and charter boat business in many coastal communities if it is intended to conduct any review of the pollack fishing conservation bye-law no 1028 of 2026 67854 26,"Climate, Energy and the Environment",982,984
"236. Deputy Mark Ward asked the Minister for Climate, Energy and the Environment the status of the proposed scheme between local authorities and Irish Water to provide drinking water fountains nationwide; to provide a break down of the funding allocated of the €2 million in funding from the Circular Economy Fund made available for the rollout of public water infrastructure through Uisce Éireann, Local Authorities and the National Federation of Group Water Schemes, in tabular form. [67719/26]",,Climate,2026-09-24,0.3021721839904785,Water Services,Water Services,0.3021721839904785,Wastewater Treatment,0.1767649799585342,Water Quality,0.086314857006073,Departmental Schemes,0.0757572278380394,Water Supply,0.0677695721387863,Waterways Issues,0.0240330193191766,Environmental Policy,0.0144650293514132,Waste Management,0.0139074940234422,Departmental Funding,0.0124728828668594,Water Pollution,0.0095795216038823,67719/26,236,Mark Ward,MARK WARD,written,en,"To ask the Minister for Climate, Energy and the Environment the status of the proposed scheme between local authorities and Irish Water to provide drinking water fountains nationwide; to provide a break down of the funding allocated of the €2 million in funding from the Circular Economy Fund made available for the rollout of public water infrastructure through Uisce Éireann, Local Authorities and the National Federation of Group Water Schemes, in tabular form.",the minister for climate energy and the environment the status of the proposed scheme between local authorities and irish water to provide drinking water fountains nationwide to provide a break down of the funding allocated of the 2 million in funding from the circular economy fund made available for the rollout of public water infrastructure through uisce éireann local authorities and the national federation of group water schemes in tabular form 67719 26,"Climate, Energy and the Environment",986,988
"237. Deputy Donnchadh Ó Laoghaire asked the Minister for Defence to provide, a list of items, in particular armaments, vehicles and ammunition, purchased by the Defences Force in each of the last six years; and the name of the company purchased from and the country purchased from, in tabular form. [67809/26]",,Defence,2026-09-24,0.9712451100349426,Defence Forces,Defence Forces,0.9712451100349426,Naval Service,0.008131930604577,Departmental Data,0.0058973967097699,Air Corps,0.0040579340420663,Departmental Expenditure,0.0037325287703424,Departmental Contracts,0.0012039595749229,National Security,0.0003590362903196,Public Procurement Contracts,0.0003430944052524,Departmental Properties,0.0002786531695164,Maritime Jurisdiction,0.0002716129238251,67809/26,237,Donnchadh Ó Laoghaire,DONNCHADH Ó LAOGHAIRE,written,en,"To ask the Minister for Defence to provide, a list of items, in particular armaments, vehicles and ammunition, purchased by the Defences Force in each of the last six years; and the name of the company purchased from and the country purchased from, in tabular form.",the minister for defence to provide a list of items in particular armaments vehicles and ammunition purchased by the defences force in each of the last six years and the name of the company purchased from and the country purchased from in tabular form 67809 26,Defence,993,995
"238. Deputy Paula Butterly asked the Minister for Transport his plans to expand the rural link bus services nationwide; the measures being taken to improve service frequency, extend operating hours and introduce additional routes in rural communities; if he will provide details of any planned service enhancements for County Louth; and if he will make a statement on the matter. [66676/26]",,Transport,2026-09-24,0.9148305058479308,Bus Services,Bus Services,0.9148305058479308,Public Transport,0.066697858273983,Bus Éireann,0.0061541059985756,Dublin Bus,0.0022694652434438,Transport Policy,0.0021043457090854,Transport Costs,0.0010835813591256,National Transport Authority,0.0009680055081844,Departmental Data,0.0006577507592737,Rail Network,0.0006208152044564,Departmental Schemes,0.0004850493860431,66676/26,238,Paula Butterly,PAULA BUTTERLY,written,en,"To ask the Minister for Transport his plans to expand the rural link bus services nationwide; the measures being taken to improve service frequency, extend operating hours and introduce additional routes in rural communities; if he will provide details of any planned service enhancements for County Louth; and if he will make a statement on the matter.",the minister for transport his plans to expand the rural link bus services nationwide the measures being taken to improve service frequency extend operating hours and introduce additional routes in rural communities if he will provide details of any planned service enhancements for county louth and 66676 26,Transport,1000,1002
"239. Deputy Emer Currie asked the Minister for Transport the breakdown of the funding that has been invested in existing train services from 2020 to 2025 and to date in 2026 in Dublin West, by year, in tabular form. [67712/26]",,Transport,2026-09-24,0.91953045129776,Rail Network,Rail Network,0.91953045129776,Public Transport,0.0641636922955513,Bus Services,0.0021046241745352,Transport Policy,0.0017833375604823,Transport Costs,0.001483981614001,Departmental Data,0.001330537139438,Departmental Funding,0.0012739263474941,Transport Infrastructure Ireland,0.0009932850953191,Departmental Expenditure,0.0007071573054417,National Transport Authority,0.0005878893425688,67712/26,239,Emer Currie,EMER CURRIE,written,en,"To ask the Minister for Transport the breakdown of the funding that has been invested in existing train services from 2020 to 2025 and to date in 2026 in Dublin West, by year, in tabular form.",the minister for transport the breakdown of the funding that has been invested in existing train services from 2020 to 2025 and to date in 2026 in dublin west by year in tabular form 67712 26,Transport,1004,1006
"240. Deputy Emer Currie asked the Minister for Transport the breakdown of the funding that has been invested in new bus routes versus existing services from 2020 to 2025 and to date in 2026 in Dublin West, by year, in tabular form. [67708/26]",,Transport,2026-09-24,0.9496415257453918,Bus Services,Bus Services,0.9496415257453918,Public Transport,0.0214759018272161,Bus Éireann,0.0070313229225575,Dublin Bus,0.0068841543979942,Departmental Data,0.0027191704139113,Departmental Funding,0.0014486483996734,Transport Policy,0.001286880346015,National Transport Authority,0.0012183274375274,Transport Costs,0.0008215409470722,Rail Network,0.0006643062224611,67708/26,240,Emer Currie,EMER CURRIE,written,en,"To ask the Minister for Transport the breakdown of the funding that has been invested in new bus routes versus existing services from 2020 to 2025 and to date in 2026 in Dublin West, by year, in tabular form.",the minister for transport the breakdown of the funding that has been invested in new bus routes versus existing services from 2020 to 2025 and to date in 2026 in dublin west by year in tabular form 67708 26,Transport,1008,1010
"241. Deputy Shónagh Ní Raghallaigh asked the Minister for Transport the transport infrastructure projects, service enhancements and capital investments planned, funded or under consideration for Newbridge and the wider South Kildare area over the next five years; the way in which these proposals are aligned with projected housing and population growth; and if he will make a statement on the matter. [67744/26]",,Transport,2026-09-24,0.5664981603622437,Transport Policy,Transport Policy,0.5664981603622437,Public Transport,0.2234243303537368,Transport Infrastructure Ireland,0.0661472752690315,Road Network,0.0224817413836717,National Transport Authority,0.0168064814060926,Road Projects,0.0158412344753742,Rail Network,0.0127543853595852,Active Travel,0.0100102452561259,Departmental Funding,0.0081251421943306,Bus Services,0.0066244429908692,67744/26,241,Shónagh Ní Raghallaigh,SHÓNAGH NÍ RAGHALLAIGH,written,en,"To ask the Minister for Transport the transport infrastructure projects, service enhancements and capital investments planned, funded or under consideration for Newbridge and the wider South Kildare area over the next five years; the way in which these proposals are aligned with projected housing and population growth; and if he will make a statement on the matter.",the minister for transport the transport infrastructure projects service enhancements and capital investments planned funded or under consideration for newbridge and the wider south kildare area over the next five years the way in which these proposals are aligned with projected housing and population growth and 67744 26,Transport,1012,1014
242. Deputy Shónagh Ní Raghallaigh asked the Minister for Transport the proposals under consideration by the National Transport Authority to introduce additional direct bus services between Newbridge and major employment centres in Dublin; to expand overall public transport capacity for the South Kildare commuter belt; and if he will make a statement on the matter. [67743/26],,Transport,2026-09-24,0.8062343001365662,Bus Services,Bus Services,0.8062343001365662,Public Transport,0.1374768018722534,National Transport Authority,0.0209035668522119,Bus Éireann,0.0084044961258769,Dublin Bus,0.0075581832788884,Transport Policy,0.0071152574382722,Transport Costs,0.0021857661195099,Transport Infrastructure Ireland,0.0011401382507756,Rail Network,0.0007283986778929,Taxi Regulations,0.0005617259885184,67743/26,242,Shónagh Ní Raghallaigh,SHÓNAGH NÍ RAGHALLAIGH,written,en,To ask the Minister for Transport the proposals under consideration by the National Transport Authority to introduce additional direct bus services between Newbridge and major employment centres in Dublin; to expand overall public transport capacity for the South Kildare commuter belt; and if he will make a statement on the matter.,the minister for transport the proposals under consideration by the national transport authority to introduce additional direct bus services between newbridge and major employment centres in dublin to expand overall public transport capacity for the south kildare commuter belt and 67743 26,Transport,1016,1018
"243. Deputy Shónagh Ní Raghallaigh asked the Minister for Transport whether consideration is being given by the National Transport Authority and Iarnród Éireann to increasing the number of Intercity services stopping at Newbridge and reducing current gaps between services, including the introduction of later-night rail services between Dublin and Newbridge; and if he will make a statement on the matter. [67742/26]",,Transport,2026-09-24,0.8094398379325867,Rail Network,Rail Network,0.8094398379325867,Public Transport,0.163069948554039,Transport Policy,0.0053411512635648,Bus Services,0.0049384692683815,National Transport Authority,0.0036685045342892,Transport Costs,0.002568322699517,Transport Infrastructure Ireland,0.0016649627359583,Park-and-Ride Facilities,0.0006842879811301,Traffic Management,0.0006793443462811,Public Service Obligation,0.0003792134812101,67742/26,243,Shónagh Ní Raghallaigh,SHÓNAGH NÍ RAGHALLAIGH,written,en,"To ask the Minister for Transport whether consideration is being given by the National Transport Authority and Iarnród Éireann to increasing the number of Intercity services stopping at Newbridge and reducing current gaps between services, including the introduction of later-night rail services between Dublin and Newbridge; and if he will make a statement on the matter.",the minister for transport whether consideration is being given by the national transport authority and iarnród éireann to increasing the number of intercity services stopping at newbridge and reducing current gaps between services including the introduction of later-night rail services between dublin and newbridge and 67742 26,Transport,1020,1022
244. Deputy Shónagh Ní Raghallaigh asked the Minister for Transport the plans in place to increase commuter rail capacity and service frequency on the Dublin-Kildare corridor serving Newbridge; whether additional peak-time and off-peak services are under consideration; and the timelines for any proposed enhancements. [67741/26],,Transport,2026-09-24,0.9427934885025024,Rail Network,Rail Network,0.9427934885025024,Public Transport,0.0476254783570766,Transport Policy,0.0019714522641152,Transport Costs,0.0009510006057098,Bus Services,0.0008549236226826,Transport Infrastructure Ireland,0.0006561356130987,National Transport Authority,0.0004837962333112,Park-and-Ride Facilities,0.0003056285495404,Departmental Data,0.0002943442086689,Traffic Management,0.0001475711906095,67741/26,244,Shónagh Ní Raghallaigh,SHÓNAGH NÍ RAGHALLAIGH,written,en,To ask the Minister for Transport the plans in place to increase commuter rail capacity and service frequency on the Dublin-Kildare corridor serving Newbridge; whether additional peak-time and off-peak services are under consideration; and the timelines for any proposed enhancements.,the minister for transport the plans in place to increase commuter rail capacity and service frequency on the dublin-kildare corridor serving newbridge whether additional peak-time and off-peak services are under consideration and the timelines for any proposed enhancements 67741 26,Transport,1024,1026
245. Deputy Shónagh Ní Raghallaigh asked the Minister for Transport the current and projected passenger demand being used by the National Transport Authority and Iarnród Éireann for transport planning in Newbridge and the wider South Kildare area; and whether existing rail services are considered sufficient to meet that demand. [67740/26],,Transport,2026-09-24,0.6641594767570496,Rail Network,Rail Network,0.6641594767570496,Public Transport,0.2856793999671936,Transport Policy,0.0158919803798198,National Transport Authority,0.0080054001882672,Transport Costs,0.0059772357344627,Bus Services,0.0044713984243571,Transport Infrastructure Ireland,0.0032589144539088,Park-and-Ride Facilities,0.001105664181523,Traffic Management,0.0006433476810343,Road Network,0.0004663047147914,67740/26,245,Shónagh Ní Raghallaigh,SHÓNAGH NÍ RAGHALLAIGH,written,en,To ask the Minister for Transport the current and projected passenger demand being used by the National Transport Authority and Iarnród Éireann for transport planning in Newbridge and the wider South Kildare area; and whether existing rail services are considered sufficient to meet that demand.,the minister for transport the current and projected passenger demand being used by the national transport authority and iarnród éireann for transport planning in newbridge and the wider south kildare area and whether existing rail services are considered sufficient to meet that demand 67740 26,Transport,1028,1030
"246. Deputy John Mcguinness asked the Minister for Transport if free travel passengers are now being treated differently than paying customers, specifically, that free travel passengers cannot book a return seat a month in advance without being charged €2.50, while paying customers can; and if he will make a statement on the matter. [67815/26]",,Transport,2026-09-24,0.5602201819419861,Public Transport,Public Transport,0.5602201819419861,Transport Costs,0.2339725643396377,Transport Policy,0.0879127755761146,Taxi Regulations,0.0206953752785921,Bus Services,0.0099203288555145,National Transport Authority,0.0090373177081346,Taxi Licences,0.0063286619260907,Transport Infrastructure Ireland,0.0055862977169454,Departmental Schemes,0.005085673648864,Active Travel,0.0047271372750401,67815/26,246,John Mcguinness,JOHN MCGUINNESS,written,en,"To ask the Minister for Transport if free travel passengers are now being treated differently than paying customers, specifically, that free travel passengers cannot book a return seat a month in advance without being charged €2.50, while paying customers can; and if he will make a statement on the matter.",the minister for transport if free travel passengers are now being treated differently than paying customers specifically that free travel passengers cannot book a return seat a month in advance without being charged 2 50 while paying customers can and 67815 26,Transport,1032,1034
247. Deputy Michael Cahill asked the Minister for Transport if he has considered measures to reduce the barriers faced by Irish citizens returning from the United States who hold valid US driving licences; the proposals currently under consideration by his Department; and if he can make a statement on the matter. [67912/26],,Transport,2026-09-24,0.970118522644043,Driver Licences,Driver Licences,0.970118522644043,Taxi Licences,0.0050159362144768,Driver Test,0.0037701323162764,Road Traffic Offences,0.0032072539906948,Haulage Industry,0.0016432394040748,Taxi Regulations,0.0013095987960696,Electric Vehicles,0.0010035303421318,Transport Policy,0.0009460776345804,Road Safety,0.0009422090370208,Public Transport,0.0007769382791593,67912/26,247,Michael Cahill,MICHAEL CAHILL,written,en,To ask the Minister for Transport if he has considered measures to reduce the barriers faced by Irish citizens returning from the United States who hold valid US driving licences; the proposals currently under consideration by his Department; and if he can make a statement on the matter.,the minister for transport if he has considered measures to reduce the barriers faced by irish citizens returning from the united states who hold valid us driving licences the proposals currently under consideration by his department and if he can make a statement on the matter 67912 26,Transport,1036,1038
"248. Deputy Paul Lawless asked the Minister for Transport if driving licence fees, learner permit fees, or driving test fees are waived, reduced, or paid on an applicant's behalf by his Department, the Road Safety Authority, or any other State body for asylum seekers or refugees; if so, the legal or administrative basis for this; the annual cost in each year since asylum seekers became eligible to apply for a driving licence; and if he will make a statement on the matter. [67733/26]",,Transport,2026-09-24,0.5976694226264954,Driver Licences,Driver Licences,0.5976694226264954,Driver Test,0.3655940294265747,Road Safety Authority,0.0091248843818902,Taxi Licences,0.003314712550491,National Car Test,0.00284756696783,Departmental Data,0.002080607227981,Road Traffic Offences,0.0016011379193514,Road Safety,0.0011863387189805,Parking Provision,0.0010404987260699,Departmental Policies,0.0006594329024665,67733/26,248,Paul Lawless,PAUL LAWLESS,written,en,"To ask the Minister for Transport if driving licence fees, learner permit fees, or driving test fees are waived, reduced, or paid on an applicant's behalf by his Department, the Road Safety Authority, or any other State body for asylum seekers or refugees; if so, the legal or administrative basis for this; the annual cost in each year since asylum seekers became eligible to apply for a driving licence; and if he will make a statement on the matter.",the minister for transport if driving licence fees learner permit fees or driving test fees are waived reduced or paid on an applicant s behalf by his department the road safety authority or any other state body for asylum seekers or refugees if so the legal or administrative basis for this the annual cost in each year since asylum seekers became eligible to apply for a driving licence and 67733 26,Transport,1040,1042
"249. Deputy Paul Lawless asked the Minister for Transport the number of driving licence and/or learner permit applications received nationally from asylum seekers and refugees in each of the years 2022 and to date in 2026; the number of those applications approved, refused, or still pending; and if he will make a statement on the matter. [67732/26]",,Transport,2026-09-24,0.8827757835388184,Driver Licences,Driver Licences,0.8827757835388184,Departmental Data,0.0389198884367942,Driver Test,0.026794696226716,Taxi Licences,0.0138788372278213,Public Transport,0.0032974840141832,Work Permits,0.0018096780404448,Electric Vehicles,0.0016714741941541,Road Safety Authority,0.0013680034317076,Transport Policy,0.0012831670464947,Road Traffic Offences,0.0011404231190681,67732/26,249,Paul Lawless,PAUL LAWLESS,written,en,"To ask the Minister for Transport the number of driving licence and/or learner permit applications received nationally from asylum seekers and refugees in each of the years 2022 and to date in 2026; the number of those applications approved, refused, or still pending; and if he will make a statement on the matter.",the minister for transport the number of driving licence and or learner permit applications received nationally from asylum seekers and refugees in each of the years 2022 and to date in 2026 the number of those applications approved refused or still pending and 67732 26,Transport,1044,1046
"250. Deputy Paul Lawless asked the Minister for Transport the average driving test waiting time at each Road Safety Authority driving test centre nationally, for each of the years 2022, 2023, 2024, 2025 and to date in 2026, identifying the centre with the highest and the centre with the lowest waiting time in each of those years, in tabular form; and if he will make a statement on the matter. [67731/26]",,Transport,2026-09-24,0.9702597856521606,Driver Test,Driver Test,0.9702597856521606,Road Safety Authority,0.0175906214863061,Road Safety,0.0020290440879762,Driver Licences,0.0019598468206822,National Car Test,0.0012075358536094,Departmental Data,0.0010410354007035,Road Traffic Offences,0.0002833020989783,Departmental Staff,0.0002755903406068,Road Traffic Accidents,0.0002255970903206,Health Services Staff,0.0002151435182895,67731/26,250,Paul Lawless,PAUL LAWLESS,written,en,"To ask the Minister for Transport the average driving test waiting time at each Road Safety Authority driving test centre nationally, for each of the years 2022, 2023, 2024, 2025 and to date in 2026, identifying the centre with the highest and the centre with the lowest waiting time in each of those years, in tabular form; and if he will make a statement on the matter.",the minister for transport the average driving test waiting time at each road safety authority driving test centre nationally for each of the years 2022 2023 2024 2025 and to date in 2026 identifying the centre with the highest and the centre with the lowest waiting time in each of those years in tabular form and 67731 26,Transport,1048,1050
"251. Deputy Paul Lawless asked the Minister for Transport if he will provide, in tabular format, the number of driving licence and learner permit applications processed at each National Driver Licence Service centre nationally, broken down by application type (for example first learner permit, licence renewal, exchange of a foreign licence, and replacement of a lost or stolen licence), for each of the years 2022, 2023, 2024, 2025 and to date in 2026; and if he will make a statement on the matter. [67728/26]",,Transport,2026-09-24,0.9722402095794678,Driver Licences,Driver Licences,0.9722402095794678,Driver Test,0.0091427760198712,Departmental Data,0.0043304692953825,Taxi Licences,0.003426882205531,Road Safety Authority,0.000794219202362,Road Traffic Offences,0.0007330736261792,Public Transport,0.0005619935691356,Haulage Industry,0.0005305627128109,Electric Vehicles,0.0004607419832609,Work Permits,0.0003895114350598,67728/26,251,Paul Lawless,PAUL LAWLESS,written,en,"To ask the Minister for Transport if he will provide, in tabular format, the number of driving licence and learner permit applications processed at each National Driver Licence Service centre nationally, broken down by application type (for example first learner permit, licence renewal, exchange of a foreign licence, and replacement of a lost or stolen licence), for each of the years 2022, 2023, 2024, 2025 and to date in 2026; and if he will make a statement on the matter.",the minister for transport if he will provide in tabular format the number of driving licence and learner permit applications processed at each national driver licence service centre nationally broken down by application type for example first learner permit licence renewal exchange of a foreign licence and replacement of a lost or stolen licence for each of the years 2022 2023 2024 2025 and to date in 2026 and 67728 26,Transport,1052,1054
252. Deputy Michael Cahill asked the Minister for Transport to carry out emergency measures to prevent deer from causing death and serious injury to motorists and all road users; and if he will make a statement on the matter. [67959/26],,Transport,2026-09-24,0.2044751495122909,Wildlife Regulations,Wildlife Regulations,0.2044751495122909,Animal Welfare,0.1264442205429077,Wildlife Protection,0.1163018271327018,Animal Culls,0.0695638209581375,Hare Coursing,0.0508963391184806,Wildlife Conservation,0.0438433848321437,Departmental Policies,0.0242018718272447,Other,0.0221966579556465,Road Safety,0.0219305586069822,Control of Dogs,0.0175259001553058,67959/26,252,Michael Cahill,MICHAEL CAHILL,written,en,To ask the Minister for Transport to carry out emergency measures to prevent deer from causing death and serious injury to motorists and all road users; and if he will make a statement on the matter.,the minister for transport to carry out emergency measures to prevent deer from causing death and serious injury to motorists and all road users and 67959 26,Transport,1056,1058
253. Deputy Niamh Smyth asked the Minister for Transport If he will review the case of a person (details supplied); and if he will provide an update on the matter. [67879/26],,Transport,2026-09-24,0.3296293318271637,Driver Test,Driver Test,0.3296293318271637,Driver Licences,0.3245955109596252,Public Transport,0.0506657361984252,Taxi Licences,0.029259143397212,National Car Test,0.0220756828784942,Road Safety Authority,0.0168613102287054,Transport Policy,0.0164132881909608,Bus Services,0.0154423015192151,Taxi Regulations,0.0144291771575808,Transport Infrastructure Ireland,0.0132583435624837,67879/26,253,Niamh Smyth,NIAMH SMYTH,written,en,To ask the Minister for Transport If he will review the case of a person (details supplied); and if he will provide an update on the matter.,the minister for transport if he will review the case of a person details supplied and if he will provide an update on the matter 67879 26,Transport,1060,1062
254. Deputy Brian Stanley asked the Minister for Transport to introduce legislation to compel the registration of E Scooters and Bikes and a licencing system for users. [67757/26],,Transport,2026-09-24,0.4593694508075714,Electric Vehicles,Electric Vehicles,0.4593694508075714,Transport Policy,0.1295825392007827,Road Safety,0.0973820611834526,Driver Licences,0.0313843637704849,Road Traffic Offences,0.0312566980719566,Legislative Measures,0.0250373817980289,Departmental Schemes,0.0156840588897466,Departmental Policies,0.0147220529615879,Haulage Industry,0.0146254505962133,Taxi Licences,0.0123060308396816,67757/26,254,Brian Stanley,BRIAN STANLEY,written,en,To ask the Minister for Transport to introduce legislation to compel the registration of E Scooters and Bikes and a licencing system for users.,the minister for transport to introduce legislation to compel the registration of e scooters and bikes and a licencing system for users 67757 26,Transport,1064,1066
255. Deputy Brian Stanley asked the Minister for Transport to increase funding for CIS (Community Involvement Investment) in Laois to carry out works in local authority housing estates as some of them require re-surfacing. [67755/26],,Transport,2026-09-24,0.6756073236465454,Departmental Funding,Departmental Funding,0.6756073236465454,Road Projects,0.0659763440489769,Active Travel,0.0274270847439765,Local Authorities,0.0217191856354475,Urban Development,0.019021863117814,Road Network,0.0187570825219154,Transport Infrastructure Ireland,0.0154954018071293,Regeneration Projects,0.0133276367560029,Departmental Schemes,0.0132003901526331,Departmental Programmes,0.0127076273784041,67755/26,255,Brian Stanley,BRIAN STANLEY,written,en,To ask the Minister for Transport to increase funding for CIS (Community Involvement Investment) in Laois to carry out works in local authority housing estates as some of them require re-surfacing.,the minister for transport to increase funding for cis community involvement investment in laois to carry out works in local authority housing estates as some of them require re-surfacing 67755 26,Transport,1068,1070
"256. Deputy Malcolm Byrne asked the Minister for Transport further to Parliamentary Question No. 55313/26, to provide an update on the development of the Arklow Coastguard Station; and if he will publish the review that was carried out and to set out a timeframe for the completion of works. [67976/26]",,Transport,2026-09-24,0.9411541819572448,Coast Guard Service,Coast Guard Service,0.9411541819572448,Naval Service,0.0092541351914405,Emergency Services,0.0049243704415857,An Garda Síochána,0.0031899206805974,Departmental Contracts,0.0020455385092645,Departmental Data,0.0017329278634861,Maritime Jurisdiction,0.0016239073593169,Ports Policy,0.0015331491595134,Departmental Expenditure,0.0015283491229638,Road Safety,0.0010233019711449,67976/26,256,Malcolm Byrne,MALCOLM BYRNE,written,en,"To ask the Minister for Transport further to Parliamentary Question No. 55313/26, to provide an update on the development of the Arklow Coastguard Station; and if he will publish the review that was carried out and to set out a timeframe for the completion of works.",the minister for transport further to parliamentary question no 55313 26 to provide an update on the development of the arklow coastguard station and if he will publish the review that was carried out and to set out a timeframe for the completion of works 67976 26,Transport,1072,1074
257. Deputy Seán Kyne asked the Minister for Transport his plans to reform the driving test including the introduction of transparency and technology in Irish driving tests; his views on suggestions (details supplied); and his views on if lessons can be learned from European colleagues in terms of best practice. [67844/26],,Transport,2026-09-24,0.9868068099021912,Driver Test,Driver Test,0.9868068099021912,Road Safety Authority,0.0042863194830715,Driver Licences,0.0015271308366209,Road Safety,0.0007830699905753,National Car Test,0.0005191887612454,Departmental Policies,0.0004162350960541,Departmental Schemes,0.0003701582318171,Health Services,0.0002275551669299,Departmental Data,0.0002194872649852,Disability Services,0.0001738567079883,67844/26,257,Seán Kyne,SEÁN KYNE,written,en,To ask the Minister for Transport his plans to reform the driving test including the introduction of transparency and technology in Irish driving tests; his views on suggestions (details supplied); and his views on if lessons can be learned from European colleagues in terms of best practice.,the minister for transport his plans to reform the driving test including the introduction of transparency and technology in irish driving tests his views on suggestions details supplied and his views on if lessons can be learned from european colleagues in terms of best practice 67844 26,Transport,1076,1078
258. Deputy Dessie Ellis asked the Minister for Transport the current recruitment program of drivers overseas for Dublin Bus; if recruitment targets have been met; whether additional recruitment campaigns need to be put in place; and if he will make a statement on the matter. [68017/26],,Transport,2026-09-24,0.4260269105434418,Bus Services,Bus Services,0.4260269105434418,Dublin Bus,0.382024347782135,Public Transport,0.0565794333815574,Bus Éireann,0.0288201831281185,National Transport Authority,0.0271285660564899,Transport Policy,0.0107004269957542,Transport Costs,0.0080628721043467,Transport Infrastructure Ireland,0.0044773812405765,Taxi Regulations,0.0033124594483524,Park-and-Ride Facilities,0.0029650521464645,68017/26,258,Dessie Ellis,DESSIE ELLIS,written,en,To ask the Minister for Transport the current recruitment program of drivers overseas for Dublin Bus; if recruitment targets have been met; whether additional recruitment campaigns need to be put in place; and if he will make a statement on the matter.,the minister for transport the current recruitment program of drivers overseas for dublin bus if recruitment targets have been met whether additional recruitment campaigns need to be put in place and 68017 26,Transport,1080,1082
259. Deputy Emer Currie asked the Minister for Transport an update on the NTA’s consideration of a route (details supplied); and for a decision to be made at the nearest opportunity given the lack of connectivity in the area. [67808/26],,Transport,2026-09-24,0.5664836764335632,Bus Services,Bus Services,0.5664836764335632,Public Transport,0.2163931280374527,National Transport Authority,0.0665438324213028,Transport Policy,0.0248896982520818,Transport Infrastructure Ireland,0.0179622434079647,Road Network,0.0125598991289734,Rail Network,0.0090497080236673,Road Projects,0.0061151678673923,Dublin Bus,0.0055846278555691,Bus Éireann,0.0038644352462142,67808/26,259,Emer Currie,EMER CURRIE,written,en,To ask the Minister for Transport an update on the NTA’s consideration of a route (details supplied); and for a decision to be made at the nearest opportunity given the lack of connectivity in the area.,the minister for transport an update on the nta s consideration of a route details supplied and for a decision to be made at the nearest opportunity given the lack of connectivity in the area 67808 26,Transport,1084,1086
"260. Deputy Dessie Ellis asked the Minister for Transport in view of the fact that the railway order has been granted, to outline a timeline for when works on the Luas Finglas line will commence; and if he will make a statement on the matter. [68012/26]",,Transport,2026-09-24,0.955311357975006,Rail Network,Rail Network,0.955311357975006,Public Transport,0.0366715528070926,Bus Services,0.0010410973336547,Transport Policy,0.0009414620581083,Transport Infrastructure Ireland,0.0008326042443513,Transport Costs,0.0006022857851348,National Transport Authority,0.0004589302407111,Road Projects,0.0003180871426593,Park-and-Ride Facilities,0.0003003385500051,Road Network,0.0001900619099615,68012/26,260,Dessie Ellis,DESSIE ELLIS,written,en,"To ask the Minister for Transport in view of the fact that the railway order has been granted, to outline a timeline for when works on the Luas Finglas line will commence; and if he will make a statement on the matter.",the minister for transport in view of the fact that the railway order has been granted a timeline for when works on the luas finglas line will commence and 68012 26,Transport,1088,1090
"261. Deputy Paul Lawless asked the Minister for Transport if he has engaged with Mayo County Council regarding traffic congestion issues in Ballyhaunis, County Mayo, particularly at the Clare Street junction; whether consideration has been given to undertaking a feasibility assessment for the installation of traffic lights at this location; whether any traffic counts or traffic management reviews are planned for Ballyhaunis town centre in 2026 or 2027; and if he will make a statement on the matter. [67782/26]",,Transport,2026-09-24,0.723567008972168,Traffic Management,Traffic Management,0.723567008972168,Road Projects,0.0690554976463317,Road Safety,0.0655449330806732,Road Network,0.0376390367746353,Road Traffic Accidents,0.0303091909736394,Road Traffic Offences,0.0133668463677167,Transport Infrastructure Ireland,0.0115180118009448,Transport Policy,0.007984816096723,Public Transport,0.0036550408694893,Road Tolls,0.0035692756064236,67782/26,261,Paul Lawless,PAUL LAWLESS,written,en,"To ask the Minister for Transport if he has engaged with Mayo County Council regarding traffic congestion issues in Ballyhaunis, County Mayo, particularly at the Clare Street junction; whether consideration has been given to undertaking a feasibility assessment for the installation of traffic lights at this location; whether any traffic counts or traffic management reviews are planned for Ballyhaunis town centre in 2026 or 2027; and if he will make a statement on the matter.",the minister for transport if he has engaged with mayo county council regarding traffic congestion issues in ballyhaunis county mayo particularly at the clare street junction whether consideration has been given to undertaking a feasibility assessment for the installation of traffic lights at this location whether any traffic counts or traffic management reviews are planned for ballyhaunis town centre in 2026 or 2027 and 67782 26,Transport,1092,1094
262. Deputy Colm Burke asked the Minister for Transport the status of a fuel income support scheme application (details supplied); and the timeframe for funds to issue to the eligible applicant. [67935/26],,Transport,2026-09-24,0.6976209878921509,Departmental Schemes,Departmental Schemes,0.6976209878921509,Electric Vehicles,0.0436528846621513,Grant Payments,0.0285121742635965,Fuel Prices,0.0210321824997663,Transport Policy,0.0148518690839409,Energy Policy,0.0101549532264471,Environmental Schemes,0.0098678795620799,Haulage Industry,0.009125679731369,Energy Prices,0.00840665679425,Energy Conservation,0.0082513689994812,67935/26,262,Colm Burke,COLM BURKE,written,en,To ask the Minister for Transport the status of a fuel income support scheme application (details supplied); and the timeframe for funds to issue to the eligible applicant.,the minister for transport the status of a fuel income support scheme application details supplied and the timeframe for funds to issue to the eligible applicant 67935 26,Transport,1096,1098
263. Deputy Michael Cahill asked the Minister for Transport to carry out emergency measures to prevent deer from causing death and serious injury to motorists and all road users; and if he will make a statement on the matter. [67960/26],,Transport,2026-09-24,0.20367032289505,Wildlife Regulations,Wildlife Regulations,0.20367032289505,Animal Welfare,0.1262391954660415,Wildlife Protection,0.1149182617664337,Animal Culls,0.0686406269669532,Hare Coursing,0.051394872367382,Wildlife Conservation,0.0430871546268463,Departmental Policies,0.0245100371539592,Other,0.0227429661899805,Road Safety,0.0221778210252523,Control of Dogs,0.018227806314826,67960/26,263,Michael Cahill,MICHAEL CAHILL,written,en,To ask the Minister for Transport to carry out emergency measures to prevent deer from causing death and serious injury to motorists and all road users; and if he will make a statement on the matter.,the minister for transport to carry out emergency measures to prevent deer from causing death and serious injury to motorists and all road users and 67960 26,Transport,1100,1102
264. Deputy Michael Cahill asked the Minister for Transport to carry out emergency measures to prevent deer from causing death and serious injury to motorists and all road users; and if he will make a statement on the matter. [67962/26],,Transport,2026-09-24,0.2030937671661377,Wildlife Regulations,Wildlife Regulations,0.2030937671661377,Animal Welfare,0.1261694282293319,Wildlife Protection,0.1133415177464485,Animal Culls,0.068165622651577,Hare Coursing,0.0520050562918186,Wildlife Conservation,0.042445994913578,Departmental Policies,0.0243387520313262,Road Safety,0.0232580117881298,Other,0.0228866543620824,Control of Dogs,0.0184630658477544,67962/26,264,Michael Cahill,MICHAEL CAHILL,written,en,To ask the Minister for Transport to carry out emergency measures to prevent deer from causing death and serious injury to motorists and all road users; and if he will make a statement on the matter.,the minister for transport to carry out emergency measures to prevent deer from causing death and serious injury to motorists and all road users and 67962 26,Transport,1104,1106
265. Deputy Barry Ward asked the Tánaiste and Minister for Finance his views on whether the help to buy scheme reflects the principal of a fresh start as set out by the Central Bank (details supplied); and if this is under review within his Department. [67721/26],,Finance,2026-09-24,0.6681909561157227,Housing Schemes,Housing Schemes,0.6681909561157227,Tax Reliefs,0.1461692750453949,Departmental Schemes,0.0736688151955604,Banking Sector,0.0101535134017467,Tax Code,0.0089345294982194,Vacant Properties,0.0081366887316107,Financial Services,0.005905766505748,Business Supports,0.0058221542276442,Housing Policy,0.0053163985721766,Housing Provision,0.0046237646602094,67721/26,265,Barry Ward,BARRY WARD,written,en,To ask the Tánaiste and Minister for Finance his views on whether the help to buy scheme reflects the principal of a fresh start as set out by the Central Bank (details supplied); and if this is under review within his Department.,and minister for finance his views on whether the help to buy scheme reflects the principal of a fresh start as set out by the central bank details supplied and if this is under review within his department 67721 26,Finance,1111,1113
266. Deputy Seán Kyne asked the Tánaiste and Minister for Finance the engagement he has had with Insurance Ireland regarding a suggested €24 levy on insured households to be placed into an insurance fund; his views that such a proposal has merit or is an unfair charge on houselholds given the increased risk of flooding due to climate change and the likely impact of this on flood insurance cover and premiums [67831/26],,Finance,2026-09-24,0.6524624824523926,Insurance Industry,Insurance Industry,0.6524624824523926,Insurance Coverage,0.3101512193679809,Tax Code,0.0035514200571924,Other,0.002831389196217,Departmental Data,0.0025460384786128,Tax Data,0.0015589060494676,Hospital Charges,0.0014026321005076,Tax Reliefs,0.0012942703906446,Vehicle Registration Tax,0.0010479028569534,Tax Collection,0.0009948518127202,67831/26,266,Seán Kyne,SEÁN KYNE,written,en,To ask the Tánaiste and Minister for Finance the engagement he has had with Insurance Ireland regarding a suggested €24 levy on insured households to be placed into an insurance fund; his views that such a proposal has merit or is an unfair charge on houselholds given the increased risk of flooding due to climate change and the likely impact of this on flood insurance cover and premiums,and minister for finance the engagement he has had with insurance ireland regarding a suggested 24 levy on insured households to be placed into an insurance fund his views that such a proposal has merit or is an unfair charge on houselholds given the increased risk of flooding due to climate change and the likely impact of this on flood insurance cover and premiums 67831 26,Finance,1115,1117
267. Deputy Ged Nash asked the Tánaiste and Minister for Finance the number of individual tax units that have benefitted from the childcare services relief scheme in each year since its introduction; and the annual cost for each of these years. [67904/26],,Finance,2026-09-24,0.8065032362937927,Tax Reliefs,Tax Reliefs,0.8065032362937927,Tax Code,0.0471917279064655,Departmental Schemes,0.0344672836363315,Tax Data,0.0271117184311151,Tax Rebates,0.0185864232480525,Tax Credits,0.0160415209829807,Tax Exemptions,0.0112483855336904,Primary Medical Certificates,0.0037631660234183,Departmental Data,0.0029794282745569,Tax Collection,0.002971249166876,67904/26,267,Ged Nash,GED NASH,written,en,To ask the Tánaiste and Minister for Finance the number of individual tax units that have benefitted from the childcare services relief scheme in each year since its introduction; and the annual cost for each of these years.,and minister for finance the number of individual tax units that have benefitted from the childcare services relief scheme in each year since its introduction and the annual cost for each of these years 67904 26,Finance,1119,1121
268. Deputy Ken O'Flynn asked the Tánaiste and Minister for Finance the action being taken to protect mortgage holders whose loans have been sold to non-bank entities and who are being charged interest rates in excess of 6%; if any assessment has been made of the link between these rates and the rise in early arrears; and if he will make a statement on the matter. [67903/26],,Finance,2026-09-24,0.499843955039978,Mortgage Interest Rates,Mortgage Interest Rates,0.499843955039978,Financial Services,0.0988324582576751,Banking Sector,0.0922308936715126,Interest Rates,0.088717795908451,Credit Unions,0.0380824021995067,Central Bank of Ireland,0.0216330289840698,Fiscal Policy,0.0112870447337627,Departmental Data,0.0103032868355512,Other,0.0085100214928388,Inflation Rate,0.0058567845262587,67903/26,268,Ken O'Flynn,KEN O'FLYNN,written,en,To ask the Tánaiste and Minister for Finance the action being taken to protect mortgage holders whose loans have been sold to non-bank entities and who are being charged interest rates in excess of 6%; if any assessment has been made of the link between these rates and the rise in early arrears; and if he will make a statement on the matter.,and minister for finance the action being taken to protect mortgage holders whose loans have been sold to non-bank entities and who are being charged interest rates in excess of 6 if any assessment has been made of the link between these rates and the rise in early arrears and 67903 26,Finance,1123,1125
269. Deputy Ken O'Flynn asked the Tánaiste and Minister for Finance the number of principal dwelling home mortgage accounts in arrears that are held by credit servicing firms and other non-bank entities; the average interest rate applied to these accounts compared with accounts held by retail banks; and if he will make a statement on the matter. [67902/26],,Finance,2026-09-24,0.3333642780780792,Mortgage Interest Rates,Mortgage Interest Rates,0.3333642780780792,Departmental Data,0.172386422753334,Banking Sector,0.1312866359949112,Financial Services,0.1062027439475059,Credit Unions,0.0228842534124851,Interest Rates,0.0222229547798633,Central Bank of Ireland,0.0196402873843908,Tax Data,0.0189662408083677,Other,0.0120150102302432,Tax Credits,0.0116510624065995,67902/26,269,Ken O'Flynn,KEN O'FLYNN,written,en,To ask the Tánaiste and Minister for Finance the number of principal dwelling home mortgage accounts in arrears that are held by credit servicing firms and other non-bank entities; the average interest rate applied to these accounts compared with accounts held by retail banks; and if he will make a statement on the matter.,and minister for finance the number of principal dwelling home mortgage accounts in arrears that are held by credit servicing firms and other non-bank entities the average interest rate applied to these accounts compared with accounts held by retail banks and 67902 26,Finance,1127,1129
270. Deputy Ken O'Flynn asked the Tánaiste and Minister for Finance the number of principal dwelling home mortgage accounts that entered early arrears (under 90-days) in each of the last four quarters; the number of these classified as first-time arrears cases; and if he will make a statement on the matter. [67901/26],,Finance,2026-09-24,0.5163119435310364,Departmental Data,Departmental Data,0.5163119435310364,Mortgage Interest Rates,0.1171364709734916,Banking Sector,0.0848027542233467,Financial Services,0.0597474128007888,Tax Data,0.0312944650650024,Housing Schemes,0.0184638109058141,Other,0.0116986790671944,Housing Provision,0.0096098808571696,Central Bank of Ireland,0.0086357779800891,Tax Credits,0.0083172423765063,67901/26,270,Ken O'Flynn,KEN O'FLYNN,written,en,To ask the Tánaiste and Minister for Finance the number of principal dwelling home mortgage accounts that entered early arrears (under 90-days) in each of the last four quarters; the number of these classified as first-time arrears cases; and if he will make a statement on the matter.,and minister for finance the number of principal dwelling home mortgage accounts that entered early arrears under 90-days in each of the last four quarters the number of these classified as first-time arrears cases and 67901 26,Finance,1131,1133
"271. Deputy Ken O'Flynn asked the Tánaiste and Minister for Finance if the Revenue Commissioners, including through the Criminal Assets Bureau, have identified organised criminal involvement in the importation, distribution or retail of illicit e-liquid and vaping products in the State; and the number of related referrals or actions in 2025 and 2026. [67929/26]",,Finance,2026-09-24,0.5755055546760559,Revenue Commissioners,Revenue Commissioners,0.5755055546760559,Illicit Trade,0.1309947520494461,Customs and Excise,0.0771221294999122,EU Data,0.0193531345576047,Other,0.0142041463404893,Departmental Data,0.0125002153217792,Tax Data,0.0112505797296762,Tax Code,0.0102721396833658,Tax Collection,0.007428556215018,Vehicle Registration Tax,0.0065663270652294,67929/26,271,Ken O'Flynn,KEN O'FLYNN,written,en,"To ask the Tánaiste and Minister for Finance if the Revenue Commissioners, including through the Criminal Assets Bureau, have identified organised criminal involvement in the importation, distribution or retail of illicit e-liquid and vaping products in the State; and the number of related referrals or actions in 2025 and 2026.",and minister for finance if the revenue commissioners including through the criminal assets bureau have identified organised criminal involvement in the importation distribution or retail of illicit e-liquid and vaping products in the state and the number of related referrals or actions in 2025 and 2026 67929 26,Finance,1135,1137
"272. Deputy Ken O'Flynn asked the Tánaiste and Minister for Finance the number of compliance interventions, audits or inspections carried out by the Revenue Commissioners in respect of the retail vaping sector since 1 November 2025; and if he is satisfied that enforcement activity is directed at unlicensed and non-compliant sellers rather than concentrated on registered, tax-compliant retailers. [67928/26]",,Finance,2026-09-24,0.7696254253387451,Revenue Commissioners,Revenue Commissioners,0.7696254253387451,Tax Code,0.0441156923770904,Customs and Excise,0.0325811021029949,Tax Collection,0.0292337238788604,Illicit Trade,0.0189166795462369,Tax Data,0.0176140405237674,Vehicle Registration Tax,0.0093398792669177,Tax Yield,0.0069571486674249,Tax Exemptions,0.0046932166442275,Tax Rebates,0.0036448852624744,67928/26,272,Ken O'Flynn,KEN O'FLYNN,written,en,"To ask the Tánaiste and Minister for Finance the number of compliance interventions, audits or inspections carried out by the Revenue Commissioners in respect of the retail vaping sector since 1 November 2025; and if he is satisfied that enforcement activity is directed at unlicensed and non-compliant sellers rather than concentrated on registered, tax-compliant retailers.",and minister for finance the number of compliance interventions audits or inspections carried out by the revenue commissioners in respect of the retail vaping sector since 1 november 2025 and if he is satisfied that enforcement activity is directed at unlicensed and non-compliant sellers rather than concentrated on registered tax-compliant retailers 67928 26,Finance,1139,1141
273. Deputy Ken O'Flynn asked the Tánaiste and Minister for Finance if the Revenue Commissioners have identified the practice of applying Irish-market labelling to e-liquid products sourced abroad on which no E-liquid Products Tax has been accounted for; and the enforcement action taken in respect of that practice. [67927/26],,Finance,2026-09-24,0.516225278377533,Revenue Commissioners,Revenue Commissioners,0.516225278377533,Tax Code,0.1849372833967209,Customs and Excise,0.0594069398939609,Illicit Trade,0.0433369390666484,Tax Collection,0.0418191142380237,Tax Data,0.0340883806347847,Vehicle Registration Tax,0.0157719030976295,Tax Yield,0.0147273615002632,Tax Exemptions,0.0080235479399561,Other,0.0053923036903142,67927/26,273,Ken O'Flynn,KEN O'FLYNN,written,en,To ask the Tánaiste and Minister for Finance if the Revenue Commissioners have identified the practice of applying Irish-market labelling to e-liquid products sourced abroad on which no E-liquid Products Tax has been accounted for; and the enforcement action taken in respect of that practice.,and minister for finance if the revenue commissioners have identified the practice of applying irish-market labelling to e-liquid products sourced abroad on which no e-liquid products tax has been accounted for and the enforcement action taken in respect of that practice 67927 26,Finance,1143,1145
"274. Deputy Ken O'Flynn asked the Tánaiste and Minister for Finance if the Revenue Commissioners are undertaking joint or coordinated enforcement action with the Health Service Executive and An Garda Síochána in respect of unlicensed retailers selling non-compliant e-liquid and vaping products, including products containing HHC or other unauthorised substances; and if he will make a statement on the matter. [67931/26]",,Finance,2026-09-24,0.3023409843444824,Revenue Commissioners,Revenue Commissioners,0.3023409843444824,Illicit Trade,0.2285554111003875,Customs and Excise,0.1036421880125999,Tax Code,0.0417812764644622,Vehicle Registration Tax,0.0241506341844797,Tobacco Control Measures,0.0165592692792415,EU Data,0.0158679671585559,Other,0.013483309186995,Departmental Policies,0.0096498997882008,Tax Collection,0.0089771496132016,67931/26,274,Ken O'Flynn,KEN O'FLYNN,written,en,"To ask the Tánaiste and Minister for Finance if the Revenue Commissioners are undertaking joint or coordinated enforcement action with the Health Service Executive and An Garda Síochána in respect of unlicensed retailers selling non-compliant e-liquid and vaping products, including products containing HHC or other unauthorised substances; and if he will make a statement on the matter.",and minister for finance if the revenue commissioners are undertaking joint or coordinated enforcement action with the health service executive and an garda síochána in respect of unlicensed retailers selling non-compliant e-liquid and vaping products including products containing hhc or other unauthorised substances and 67931 26,Finance,1147,1149
"275. Deputy Ken O'Flynn asked the Tánaiste and Minister for Finance the measures the Revenue Commissioners have in place to detect and prevent the importation from Northern Ireland of e-liquid products on which the E-liquid Products Tax has not been accounted for; the number of such detections in 2026; and if consideration has been given to the enforcement implications for the State of the United Kingdom's Vaping Products Duty and Vaping Duty Stamps Scheme, which commence on 1 October 2026. [67925/26]",,Finance,2026-09-24,0.4338448941707611,Tax Code,Tax Code,0.4338448941707611,Revenue Commissioners,0.1341152787208557,Tax Data,0.0810483545064926,Customs and Excise,0.0804330110549926,Tax Collection,0.0582765713334083,Illicit Trade,0.0491680987179279,Tax Yield,0.0410672836005687,Tax Exemptions,0.0207015257328748,Vehicle Registration Tax,0.0131351556628942,Tax Reliefs,0.0085060754790902,67925/26,275,Ken O'Flynn,KEN O'FLYNN,written,en,"To ask the Tánaiste and Minister for Finance the measures the Revenue Commissioners have in place to detect and prevent the importation from Northern Ireland of e-liquid products on which the E-liquid Products Tax has not been accounted for; the number of such detections in 2026; and if consideration has been given to the enforcement implications for the State of the United Kingdom's Vaping Products Duty and Vaping Duty Stamps Scheme, which commence on 1 October 2026.",and minister for finance the measures the revenue commissioners have in place to detect and prevent the importation from northern ireland of e-liquid products on which the e-liquid products tax has not been accounted for the number of such detections in 2026 and if consideration has been given to the enforcement implications for the state of the united kingdom s vaping products duty and vaping duty stamps scheme which commence on 1 october 2026 67925 26,Finance,1151,1153
"276. Deputy Ken O'Flynn asked the Tánaiste and Minister for Finance the number of seizures of illicit, non-compliant or drug-laced e-liquid or vaping products made by the Revenue Commissioners in each of the years 2024 and 2025 and to date in 2026; the estimated volume in millilitres and value of product seized in each period; and the number of such cases referred for prosecution. [67922/26]",,Finance,2026-09-24,0.7001827359199524,Revenue Commissioners,Revenue Commissioners,0.7001827359199524,Illicit Trade,0.071093738079071,Customs and Excise,0.0489718280732631,Departmental Data,0.0231465026736259,Tax Data,0.0206701811403036,Tax Collection,0.0129488967359066,EU Data,0.0126481894403696,Tax Yield,0.0120283495634794,Tax Code,0.0081191211938858,Vehicle Registration Tax,0.0080544054508209,67922/26,276,Ken O'Flynn,KEN O'FLYNN,written,en,"To ask the Tánaiste and Minister for Finance the number of seizures of illicit, non-compliant or drug-laced e-liquid or vaping products made by the Revenue Commissioners in each of the years 2024 and 2025 and to date in 2026; the estimated volume in millilitres and value of product seized in each period; and the number of such cases referred for prosecution.",and minister for finance the number of seizures of illicit non-compliant or drug-laced e-liquid or vaping products made by the revenue commissioners in each of the years 2024 and 2025 and to date in 2026 the estimated volume in millilitres and value of product seized in each period and the number of such cases referred for prosecution 67922 26,Finance,1155,1157
277. Deputy Brendan Smith asked the Tánaiste and Minister for Finance his views on widely expressed concerns of long term holders of prize bonds in relation to the inadequate current variable rate of interest and also taking into account that the holders of such bonds have invested long term in such State schemes with benefits to this State [67724/26],,Finance,2026-09-24,0.0801695585250854,Prize Bonds,Prize Bonds,0.0801695585250854,Interest Rates,0.0545126348733902,Fiscal Policy,0.053283367305994,Other,0.053108125925064,Financial Services,0.0509019345045089,Tax Code,0.028363736346364,Inflation Rate,0.0274794176220893,Banking Sector,0.0262564476579427,Central Bank of Ireland,0.02597301825881,Departmental Policies,0.0250720549374818,67724/26,277,Brendan Smith,BRENDAN SMITH,written,en,To ask the Tánaiste and Minister for Finance his views on widely expressed concerns of long term holders of prize bonds in relation to the inadequate current variable rate of interest and also taking into account that the holders of such bonds have invested long term in such State schemes with benefits to this State,and minister for finance his views on widely expressed concerns of long term holders of prize bonds the inadequate current variable rate of interest and also taking into account that the holders of such bonds have invested long term in such state schemes with benefits to this state 67724 26,Finance,1159,1161
"278. Deputy Ken O'Flynn asked the Tánaiste and Minister for Finance the four scheduled stages by which the temporary excise reductions on petrol and diesel are to be restored from 1 November 2026 to the end of February 2027, including the effective date and the cent per litre increase at each stage for both petrol and diesel; the current cent per litre value of the temporary reduction remaining in place for each fuel, in tabular form; and if he will make a statement on the matter. [67943/26]",,Finance,2026-09-24,0.3693790137767792,Tax Code,Tax Code,0.3693790137767792,Fuel Prices,0.1574425250291824,Tax Data,0.1258702576160431,Customs and Excise,0.0763221532106399,Tax Yield,0.0516979694366455,Tax Rebates,0.0216117352247238,Tax Collection,0.0201781541109085,Illicit Trade,0.0146990418434143,Tax Reliefs,0.0146205825731158,Tax Exemptions,0.0141329243779182,67943/26,278,Ken O'Flynn,KEN O'FLYNN,written,en,"To ask the Tánaiste and Minister for Finance the four scheduled stages by which the temporary excise reductions on petrol and diesel are to be restored from 1 November 2026 to the end of February 2027, including the effective date and the cent per litre increase at each stage for both petrol and diesel; the current cent per litre value of the temporary reduction remaining in place for each fuel, in tabular form; and if he will make a statement on the matter.",and minister for finance the four scheduled stages by which the temporary excise reductions on petrol and diesel are to be restored from 1 november 2026 to the end of february 2027 including the effective date and the cent per litre increase at each stage for both petrol and diesel the current cent per litre value of the temporary reduction remaining in place for each fuel in tabular form and 67943 26,Finance,1163,1165
"279. Deputy Ken O'Flynn asked the Tánaiste and Minister for Finance if, in advance of any change to the rate of the E-liquid Products Tax in Budget 2027, his Department has assessed the effect of a rate increase on the size of the illicit and cross-border market, having regard to the differential with the rate applying in Northern Ireland; and if he will make a statement on the matter. [67930/26]",,Finance,2026-09-24,0.6193476319313049,Tax Code,Tax Code,0.6193476319313049,Tax Data,0.1230133846402168,Tax Yield,0.0328766964375972,Customs and Excise,0.0297783408313989,Fiscal Policy,0.0237504225224256,Tax Collection,0.0232432968914508,Budget 2026,0.010519053786993,Tax Exemptions,0.0096924640238285,Tax Reliefs,0.008890870027244,Other,0.0082714334130287,67930/26,279,Ken O'Flynn,KEN O'FLYNN,written,en,"To ask the Tánaiste and Minister for Finance if, in advance of any change to the rate of the E-liquid Products Tax in Budget 2027, his Department has assessed the effect of a rate increase on the size of the illicit and cross-border market, having regard to the differential with the rate applying in Northern Ireland; and if he will make a statement on the matter.",and minister for finance if in advance of any change to the rate of the e-liquid products tax in budget 2027 his department has assessed the effect of a rate increase on the size of the illicit and cross-border market having regard to the differential with the rate applying in northern ireland and 67930 26,Finance,1167,1169
280. Deputy Ken O'Flynn asked the Tánaiste and Minister for Finance the projected full year yield of the carbon tax increase to €78.50 per tonne scheduled for 2027; the estimated cost to the Exchequer of deferring that increase for a further year; the estimated per litre effect on petrol and on diesel of that increase; and if he will make a statement on the matter. [67949/26],,Finance,2026-09-24,0.4814447164535522,Tax Yield,Tax Yield,0.4814447164535522,Tax Data,0.3569231927394867,Tax Collection,0.0491348654031753,Tax Code,0.0293656978756189,Departmental Data,0.022055834531784,Other,0.003623936092481,Tax Rebates,0.003601067001,Tax Reliefs,0.0032359461765736,Fuel Prices,0.0028762882575392,Customs and Excise,0.0028193006291985,67949/26,280,Ken O'Flynn,KEN O'FLYNN,written,en,To ask the Tánaiste and Minister for Finance the projected full year yield of the carbon tax increase to €78.50 per tonne scheduled for 2027; the estimated cost to the Exchequer of deferring that increase for a further year; the estimated per litre effect on petrol and on diesel of that increase; and if he will make a statement on the matter.,and minister for finance the projected full year yield of the carbon tax increase to 78 50 per tonne scheduled for 2027 the estimated cost to the exchequer of deferring that increase for a further year the estimated per litre effect on petrol and on diesel of that increase and 67949 26,Finance,1171,1173
"281. Deputy Ken O'Flynn asked the Tánaiste and Minister for Finance the current status of the carbon tax increase on home heating fuels that was deferred from 1 May 2026 to 14 October 2026; the average effect of that increase on a 1,000 litre fill of home heating oil; whether a further deferral is under consideration in the context of Budget 2027; and if he will make a statement on the matter. [67954/26]",,Finance,2026-09-24,0.5535675287246704,Tax Code,Tax Code,0.5535675287246704,Tax Data,0.168797567486763,Tax Yield,0.0458937399089336,Fuel Prices,0.0318088755011558,Energy Policy,0.0215769819915294,Tax Reliefs,0.0198989659547805,Energy Prices,0.0188515111804008,Tax Collection,0.0141371423378586,Tax Exemptions,0.0132861267775297,Tax Rebates,0.0121387597173452,67954/26,281,Ken O'Flynn,KEN O'FLYNN,written,en,"To ask the Tánaiste and Minister for Finance the current status of the carbon tax increase on home heating fuels that was deferred from 1 May 2026 to 14 October 2026; the average effect of that increase on a 1,000 litre fill of home heating oil; whether a further deferral is under consideration in the context of Budget 2027; and if he will make a statement on the matter.",and minister for finance the current status of the carbon tax increase on home heating fuels that was deferred from 1 may 2026 to 14 october 2026 the average effect of that increase on a 1 000 litre fill of home heating oil whether a further deferral is under consideration in the context of budget 2027 and 67954 26,Finance,1175,1177
282. Deputy Ken O'Flynn asked the Tánaiste and Minister for Finance the estimated additional VAT accruing to the Exchequer for each 10 cent increase in the average retail price of a litre of petrol and diesel; the total VAT collected on petrol and diesel in each of the years 2023 to 2025 and to date in 2026; and if he will make a statement on the matter. [67946/26],,Finance,2026-09-24,0.5021395683288574,Tax Data,Tax Data,0.5021395683288574,Tax Yield,0.3501151502132416,Tax Code,0.0463131070137023,Tax Collection,0.0284331701695919,Departmental Data,0.0203040391206741,Tax Rebates,0.0044869184494018,Tax Credits,0.0038654359523206,Customs and Excise,0.0028697061352431,Tax Exemptions,0.0021557048894464,Universal Social Charge,0.0021105669438838,67946/26,282,Ken O'Flynn,KEN O'FLYNN,written,en,To ask the Tánaiste and Minister for Finance the estimated additional VAT accruing to the Exchequer for each 10 cent increase in the average retail price of a litre of petrol and diesel; the total VAT collected on petrol and diesel in each of the years 2023 to 2025 and to date in 2026; and if he will make a statement on the matter.,and minister for finance the estimated additional vat accruing to the exchequer for each 10 cent increase in the average retail price of a litre of petrol and diesel the total vat collected on petrol and diesel in each of the years 2023 to 2025 and to date in 2026 and 67946 26,Finance,1179,1181
"283. Deputy Ken O'Flynn asked the Tánaiste and Minister for Finance the rate of VAT currently applying to home heating oil (kerosene); the estimated full year cost of reducing that rate from 13.5 per cent to 9 per cent, in line with the temporary rate applied to domestic gas and electricity; whether any such reduction is under consideration; and if he will make a statement on the matter. [67952/26]",,Finance,2026-09-24,0.6607961654663086,Tax Code,Tax Code,0.6607961654663086,Tax Data,0.2125672250986099,Tax Yield,0.0381036773324012,Tax Collection,0.0230189058929681,Tax Exemptions,0.0144530525431036,Tax Rebates,0.0117087485268712,Departmental Data,0.0053273076191544,Tax Credits,0.0042266836389899,Tax Reliefs,0.0037022861652076,Customs and Excise,0.0023938179947435,67952/26,283,Ken O'Flynn,KEN O'FLYNN,written,en,"To ask the Tánaiste and Minister for Finance the rate of VAT currently applying to home heating oil (kerosene); the estimated full year cost of reducing that rate from 13.5 per cent to 9 per cent, in line with the temporary rate applied to domestic gas and electricity; whether any such reduction is under consideration; and if he will make a statement on the matter.",and minister for finance the rate of vat currently applying to home heating oil kerosene the estimated full year cost of reducing that rate from 13 5 per cent to 9 per cent in line with the temporary rate applied to domestic gas and electricity whether any such reduction is under consideration and 67952 26,Finance,1183,1185
"284. Deputy Ken O'Flynn asked the Tánaiste and Minister for Finance if his Department received or considered any independent analysis, including analysis prepared by an organisation (details supplied), on the likely effect of the E-liquid Products Tax on the illicit market and on tax leakage prior to commencement; and if his Department will publish any such assessment held. [67919/26]",,Finance,2026-09-24,0.3833044767379761,Tax Code,Tax Code,0.3833044767379761,Customs and Excise,0.1360173821449279,Illicit Trade,0.089978814125061,Tax Data,0.0724055469036102,Revenue Commissioners,0.0452571883797645,Tax Collection,0.0218690801411867,Tax Yield,0.0197141245007514,Other,0.0166217349469661,Fiscal Policy,0.0160269048064947,Departmental Data,0.0112477838993072,67919/26,284,Ken O'Flynn,KEN O'FLYNN,written,en,"To ask the Tánaiste and Minister for Finance if his Department received or considered any independent analysis, including analysis prepared by an organisation (details supplied), on the likely effect of the E-liquid Products Tax on the illicit market and on tax leakage prior to commencement; and if his Department will publish any such assessment held.",and minister for finance if his department received or considered any independent analysis including analysis prepared by an organisation details supplied on the likely effect of the e-liquid products tax on the illicit market and on tax leakage prior to commencement and if his department will publish any such assessment held 67919 26,Finance,1187,1189
"285. Deputy Ken O'Flynn asked the Tánaiste and Minister for Finance if, prior to the introduction of the E-liquid Products Tax, his Department or the Revenue Commissioners assessed a tax-stamp and track-and-trace model as an alternative to the self-declaration first-supply model; the projected tax leakage under each option considered; and the reasons a self-declaration model was chosen. [67917/26]",,Finance,2026-09-24,0.6451449394226074,Tax Code,Tax Code,0.6451449394226074,Tax Data,0.1400483548641204,Tax Collection,0.0726472437381744,Tax Yield,0.0544887967407703,Tax Exemptions,0.013967178761959,Customs and Excise,0.0092304665595293,Revenue Commissioners,0.0085722459480166,Tax Rebates,0.0079855350777506,Tax Reliefs,0.0072933956980705,Vehicle Registration Tax,0.0054988767951726,67917/26,285,Ken O'Flynn,KEN O'FLYNN,written,en,"To ask the Tánaiste and Minister for Finance if, prior to the introduction of the E-liquid Products Tax, his Department or the Revenue Commissioners assessed a tax-stamp and track-and-trace model as an alternative to the self-declaration first-supply model; the projected tax leakage under each option considered; and the reasons a self-declaration model was chosen.",and minister for finance if prior to the introduction of the e-liquid products tax his department or the revenue commissioners assessed a tax-stamp and track-and-trace model as an alternative to the self-declaration first-supply model the projected tax leakage under each option considered and the reasons a self-declaration model was chosen 67917 26,Finance,1191,1193
"286. Deputy Ken O'Flynn asked the Tánaiste and Minister for Finance his Department's estimate of the volume and value of e-liquid products consumed in the State that fall outside the E-liquid Products Tax, that is, the illicit and untaxed share of the market; the basis and date of that estimate; and if he will make a statement on the matter. [67915/26]",,Finance,2026-09-24,0.530635416507721,Departmental Data,Departmental Data,0.530635416507721,Tax Data,0.1316635906696319,Tax Yield,0.0591321252286434,Illicit Trade,0.0552704520523548,Customs and Excise,0.0297165904194116,Other,0.0231815185397863,Tax Code,0.0207296330481767,Trade Data,0.0131019419059157,Fuel Prices,0.0075325560756027,Tax Collection,0.0067868521437048,67915/26,286,Ken O'Flynn,KEN O'FLYNN,written,en,"To ask the Tánaiste and Minister for Finance his Department's estimate of the volume and value of e-liquid products consumed in the State that fall outside the E-liquid Products Tax, that is, the illicit and untaxed share of the market; the basis and date of that estimate; and if he will make a statement on the matter.",and minister for finance his department s estimate of the volume and value of e-liquid products consumed in the state that fall outside the e-liquid products tax that is the illicit and untaxed share of the market the basis and date of that estimate and 67915 26,Finance,1195,1197
287. Deputy Ken O'Flynn asked the Tánaiste and Minister for Finance the total revenue collected from the E-liquid Products Tax since its commencement on 1 November 2025 to the latest available date; the number of suppliers registered with the Revenue Commissioners under the first-supply model; and the way the yield to date compares with the yield projected by the Department when the measure was designed. [67913/26],,Finance,2026-09-24,0.4898630082607269,Tax Yield,Tax Yield,0.4898630082607269,Tax Data,0.3626497387886047,Tax Collection,0.0577898509800434,Departmental Data,0.0229878444224596,Revenue Commissioners,0.0182252582162618,Tax Code,0.0139317968860268,Tax Credits,0.0033270376734435,Tax Rebates,0.0024961675517261,Customs and Excise,0.0022273645736277,Universal Social Charge,0.002207098994404,67913/26,287,Ken O'Flynn,KEN O'FLYNN,written,en,To ask the Tánaiste and Minister for Finance the total revenue collected from the E-liquid Products Tax since its commencement on 1 November 2025 to the latest available date; the number of suppliers registered with the Revenue Commissioners under the first-supply model; and the way the yield to date compares with the yield projected by the Department when the measure was designed.,and minister for finance the total revenue collected from the e-liquid products tax since its commencement on 1 november 2025 to the latest available date the number of suppliers registered with the revenue commissioners under the first-supply model and the way the yield to date compares with the yield projected by the department when the measure was designed 67913 26,Finance,1199,1201
288. Deputy Ged Nash asked the Tánaiste and Minister for Finance if he is considering introducing a tax equivalent to Luxembourg's long established 'taxe d'abonnement' in relation to funds domiciled in Ireland; and the amount that would be raised on an annual basis if the Luxembourg system was adopted by Ireland (details supplied). [67880/26],,Finance,2026-09-24,0.8314611911773682,Tax Code,Tax Code,0.8314611911773682,Tax Data,0.0688283443450927,Tax Collection,0.0202002972364425,Tax Yield,0.0161648858338594,Tax Exemptions,0.0131490612402558,Tax Reliefs,0.0062176268547773,Fiscal Policy,0.0059875338338315,Universal Social Charge,0.0052713719196617,Tax Rebates,0.003749270690605,Tax Credits,0.0034901401959359,67880/26,288,Ged Nash,GED NASH,written,en,To ask the Tánaiste and Minister for Finance if he is considering introducing a tax equivalent to Luxembourg's long established 'taxe d'abonnement' in relation to funds domiciled in Ireland; and the amount that would be raised on an annual basis if the Luxembourg system was adopted by Ireland (details supplied).,and minister for finance if he is considering introducing a tax equivalent to luxembourg s long established taxe d abonnement funds domiciled in ireland and the amount that would be raised on an annual basis if the luxembourg system was adopted by ireland details supplied 67880 26,Finance,1203,1205
"289. Deputy Ged Nash asked the Tánaiste and Minister for Finance the projected cost of reducing the VAT rate on home heating oil to 9%, from the current 13.5% rate for 2027; and the additional projected cost of introducing it from 6 October 2026. [67877/26]",,Finance,2026-09-24,0.7314431071281433,Tax Code,Tax Code,0.7314431071281433,Tax Data,0.1484913080930709,Tax Yield,0.0314426645636558,Tax Collection,0.016880253329873,Tax Rebates,0.0118515761569142,Tax Exemptions,0.0086509091779589,Tax Reliefs,0.0069878841750323,Departmental Data,0.0063220369629561,Tax Credits,0.0031733540818095,Fuel Prices,0.0023793936707079,67877/26,289,Ged Nash,GED NASH,written,en,"To ask the Tánaiste and Minister for Finance the projected cost of reducing the VAT rate on home heating oil to 9%, from the current 13.5% rate for 2027; and the additional projected cost of introducing it from 6 October 2026.",and minister for finance the projected cost of reducing the vat rate on home heating oil to 9 from the current 13 5 rate for 2027 and the additional projected cost of introducing it from 6 october 2026 67877 26,Finance,1207,1209
290. Deputy Ken O'Flynn asked the Tánaiste and Minister for Finance if counterfeit toys seized by customs are assessed for child-safety and CE compliance and referred for destruction where a serious risk is identified; and the number so referred in 2025 and to date in 2026. [67975/26],,Finance,2026-09-24,0.4598886370658874,Customs and Excise,Customs and Excise,0.4598886370658874,Illicit Trade,0.1167455464601516,Tax Code,0.0782022401690483,Revenue Commissioners,0.0552416741847991,Other,0.0201454199850559,Vehicle Registration Tax,0.0197247304022312,EU Data,0.0167505573481321,Departmental Data,0.0128051890060305,Tax Data,0.0102317128330469,Tax Collection,0.0073311324231326,67975/26,290,Ken O'Flynn,KEN O'FLYNN,written,en,To ask the Tánaiste and Minister for Finance if counterfeit toys seized by customs are assessed for child-safety and CE compliance and referred for destruction where a serious risk is identified; and the number so referred in 2025 and to date in 2026.,and minister for finance if counterfeit toys seized by customs are assessed for child-safety and ce compliance and referred for destruction where a serious risk is identified and the number so referred in 2025 and to date in 2026 67975 26,Finance,1211,1213
291. Deputy Ken O'Flynn asked the Tánaiste and Minister for Finance if the Revenue Commissioners undertake joint or coordinated operations with An Garda Síochána and the Competition and Consumer Protection Commission targeting retail premises selling counterfeit goods; and if he will make a statement on the matter. [67974/26],,Finance,2026-09-24,0.668829619884491,Revenue Commissioners,Revenue Commissioners,0.668829619884491,Illicit Trade,0.0469262190163135,Customs and Excise,0.0343371517956256,Other,0.0137271042913198,Tax Code,0.011799088679254,Tax Collection,0.011238757520914,EU Data,0.0107389781624078,Corporate Governance,0.0099803265184164,State Bodies,0.0081093069165945,Vehicle Registration Tax,0.0075455349870026,67974/26,291,Ken O'Flynn,KEN O'FLYNN,written,en,To ask the Tánaiste and Minister for Finance if the Revenue Commissioners undertake joint or coordinated operations with An Garda Síochána and the Competition and Consumer Protection Commission targeting retail premises selling counterfeit goods; and if he will make a statement on the matter.,and minister for finance if the revenue commissioners undertake joint or coordinated operations with an garda síochána and the competition and consumer protection commission targeting retail premises selling counterfeit goods and 67974 26,Finance,1215,1217
292. Deputy Ken O'Flynn asked the Tánaiste and Minister for Finance the number of counterfeit or unsafe product detections referred by the Revenue Commissioners to the Competition and Consumer Protection Commission in each of the years 2024 and 2025 and to date in 2026. [67973/26],,Finance,2026-09-24,0.6283460259437561,Revenue Commissioners,Revenue Commissioners,0.6283460259437561,Customs and Excise,0.0474007464945316,Illicit Trade,0.0404167920351028,Departmental Data,0.0228121001273393,EU Data,0.0211601518094539,Other,0.0165874492377042,Tax Data,0.0152905127033591,Vehicle Registration Tax,0.0152453025802969,Tax Collection,0.0110481269657611,Tax Code,0.0105497250333428,67973/26,292,Ken O'Flynn,KEN O'FLYNN,written,en,To ask the Tánaiste and Minister for Finance the number of counterfeit or unsafe product detections referred by the Revenue Commissioners to the Competition and Consumer Protection Commission in each of the years 2024 and 2025 and to date in 2026.,and minister for finance the number of counterfeit or unsafe product detections referred by the revenue commissioners to the competition and consumer protection commission in each of the years 2024 and 2025 and to date in 2026 67973 26,Finance,1219,1221
"293. Deputy Ken O'Flynn asked the Tánaiste and Minister for Finance the resources, including staffing, allocated to customs enforcement against counterfeit goods at ports, mail centres and other points of importation; and if he is satisfied that this resourcing is adequate. [67972/26]",,Finance,2026-09-24,0.4904895424842834,Customs and Excise,Customs and Excise,0.4904895424842834,Illicit Trade,0.1647301614284515,Revenue Commissioners,0.0539145916700363,Tax Code,0.0501966997981071,Vehicle Registration Tax,0.0120403561741113,Other,0.0114194536581635,EU Data,0.0113651258870959,Tax Collection,0.0065053277648985,Departmental Data,0.0061825718730688,Tax Data,0.0058034569956362,67972/26,293,Ken O'Flynn,KEN O'FLYNN,written,en,"To ask the Tánaiste and Minister for Finance the resources, including staffing, allocated to customs enforcement against counterfeit goods at ports, mail centres and other points of importation; and if he is satisfied that this resourcing is adequate.",and minister for finance the resources including staffing allocated to customs enforcement against counterfeit goods at ports mail centres and other points of importation and if he is satisfied that this resourcing is adequate 67972 26,Finance,1223,1225
"294. Deputy Ken O'Flynn asked the Tánaiste and Minister for Finance if the Revenue Commissioners have identified counterfeit goods, including counterfeit toys and electronic accessories, being imported through or from Northern Ireland and sold in retail premises alongside untaxed or non-compliant e-liquid products; and the enforcement action taken. [67971/26]",,Finance,2026-09-24,0.5085445642471313,Revenue Commissioners,Revenue Commissioners,0.5085445642471313,Illicit Trade,0.1204409003257751,Customs and Excise,0.1075821593403816,EU Data,0.0309438407421112,Tax Code,0.0239084307104349,Other,0.0146256238222122,Vehicle Registration Tax,0.0092065064236521,Tax Data,0.0085999881848692,Tax Collection,0.0077474592253565,Data Protection,0.0057639717124402,67971/26,294,Ken O'Flynn,KEN O'FLYNN,written,en,"To ask the Tánaiste and Minister for Finance if the Revenue Commissioners have identified counterfeit goods, including counterfeit toys and electronic accessories, being imported through or from Northern Ireland and sold in retail premises alongside untaxed or non-compliant e-liquid products; and the enforcement action taken.",and minister for finance if the revenue commissioners have identified counterfeit goods including counterfeit toys and electronic accessories being imported through or from northern ireland and sold in retail premises alongside untaxed or non-compliant e-liquid products and the enforcement action taken 67971 26,Finance,1227,1229
"295. Deputy Ken O'Flynn asked the Tánaiste and Minister for Finance the number, category and estimated value of counterfeit goods seized by the Revenue Commissioners through Customs in each of the years 2024 and 2025 and to date in 2026; and the number of such cases referred for prosecution. [67970/26]",,Finance,2026-09-24,0.4531302452087402,Revenue Commissioners,Revenue Commissioners,0.4531302452087402,Customs and Excise,0.2096708118915558,Illicit Trade,0.0930517092347145,Tax Data,0.0292906053364276,Departmental Data,0.0216113775968551,Tax Code,0.0213924590498209,Tax Collection,0.021282073110342,Tax Yield,0.019248005002737,EU Data,0.0150215979665517,Vehicle Registration Tax,0.0124653140082955,67970/26,295,Ken O'Flynn,KEN O'FLYNN,written,en,"To ask the Tánaiste and Minister for Finance the number, category and estimated value of counterfeit goods seized by the Revenue Commissioners through Customs in each of the years 2024 and 2025 and to date in 2026; and the number of such cases referred for prosecution.",and minister for finance the number category and estimated value of counterfeit goods seized by the revenue commissioners through customs in each of the years 2024 and 2025 and to date in 2026 and the number of such cases referred for prosecution 67970 26,Finance,1231,1233
"296. Deputy Marie Sherlock asked the Tánaiste and Minister for Finance if counselling and psychotherapy treatments and services qualify for tax relief for health expenses, where the indvidual providing that service is qualified to provide the service; if CORU registration is considered for the purposes of being a 'registered practitioner'; and if not, if he will consider expanding tax relief for these services. [68027/26]",,Finance,2026-09-24,0.808220386505127,Tax Reliefs,Tax Reliefs,0.808220386505127,Primary Medical Certificates,0.0400244295597076,Tax Exemptions,0.0378493629395961,Tax Code,0.0206255596131086,Tax Credits,0.0120107466354966,Tax Rebates,0.0101428367197513,Departmental Schemes,0.0097635136917233,Health Services Staff,0.0051216431893408,Departmental Policies,0.0044823647476732,Tax Data,0.0033337310887873,68027/26,296,Marie Sherlock,MARIE SHERLOCK,written,en,"To ask the Tánaiste and Minister for Finance if counselling and psychotherapy treatments and services qualify for tax relief for health expenses, where the indvidual providing that service is qualified to provide the service; if CORU registration is considered for the purposes of being a 'registered practitioner'; and if not, if he will consider expanding tax relief for these services.",and minister for finance if counselling and psychotherapy treatments and services qualify for tax relief for health expenses where the indvidual providing that service is qualified to provide the service if coru registration is considered for the purposes of being a registered practitioner if he will consider expanding tax relief for these services 68027 26,Finance,1235,1237
297. Deputy Naoise Ó Muirí asked the Tánaiste and Minister for Finance if his Department have explored expanding the bike to work scheme to include third-level students. [67940/26],,Finance,2026-09-24,0.6131712794303894,Tax Reliefs,Tax Reliefs,0.6131712794303894,Departmental Schemes,0.1577125340700149,Tax Code,0.0395868048071861,Tax Rebates,0.0205734148621559,Cycling Policy,0.0158599819988012,Primary Medical Certificates,0.0123424995690584,Tax Exemptions,0.011813168413937,Housing Schemes,0.0105995098128914,Departmental Policies,0.0085331359878182,Vehicle Registration Tax,0.0074596391059458,67940/26,297,Naoise Ó Muirí,NAOISE Ó MUIRÍ,written,en,To ask the Tánaiste and Minister for Finance if his Department have explored expanding the bike to work scheme to include third-level students.,and minister for finance if his department have explored expanding the bike to work scheme to include third-level students 67940 26,Finance,1239,1241
"298. Deputy Paul Lawless asked the Tánaiste and Minister for Finance if he will advise whether a review of the help to buy scheme is currently planned; whether consideration is being given to revising the eligibility criteria, particularly the requirement that applicants obtain a mortgage at or above a specified percentage of the property's value; and whether consideration has been given to the difficulties this requirement creates for lower-income earners and self-build applicants who may qualify for smaller loans (details supplied). [67750/26]",,Finance,2026-09-24,0.6843121647834778,Housing Schemes,Housing Schemes,0.6843121647834778,Tax Reliefs,0.1510495394468307,Departmental Schemes,0.0895573422312736,Housing Policy,0.0072995591908693,Tax Code,0.0072467401623725,Vacant Properties,0.0069523802958428,Rental Sector,0.0052790334448218,Housing Provision,0.0034837685525417,Grant Payments,0.0031870470847934,Tax Credits,0.0024924974422901,67750/26,298,Paul Lawless,PAUL LAWLESS,written,en,"To ask the Tánaiste and Minister for Finance if he will advise whether a review of the help to buy scheme is currently planned; whether consideration is being given to revising the eligibility criteria, particularly the requirement that applicants obtain a mortgage at or above a specified percentage of the property's value; and whether consideration has been given to the difficulties this requirement creates for lower-income earners and self-build applicants who may qualify for smaller loans (details supplied).",and minister for finance if he will advise whether a review of the help to buy scheme is currently planned whether consideration is being given to revising the eligibility criteria particularly the requirement that applicants obtain a mortgage at or above a specified percentage of the property s value and whether consideration has been given to the difficulties this requirement creates for lower-income earners and self-build applicants who may qualify for smaller loans details supplied 67750 26,Finance,1243,1245
"299. Deputy John Clendennen asked the Minister for Public Expenditure, Infrastructure, Public Service Reform and Digitalisation the number of visitors to an OPW Heritage site (details supplied) for each of the years 2021-2025 and to date in 2026, in tabular form. [67675/26]",,Public Expenditure,2026-09-24,0.612702488899231,Office of Public Works,Office of Public Works,0.612702488899231,Heritage Sites,0.252753347158432,State Properties,0.0312208458781242,National Monuments,0.0269359648227691,Heritage Projects,0.0082158893346786,Flood Risk Management,0.0064565404318273,Other,0.0061362758278846,Departmental Data,0.0052960901521146,Departmental Properties,0.0035385873634368,National Parks,0.0028088721446692,67675/26,299,John Clendennen,JOHN CLENDENNEN,written,en,"To ask the Minister for Public Expenditure, Infrastructure, Public Service Reform and Digitalisation the number of visitors to an OPW Heritage site (details supplied) for each of the years 2021-2025 and to date in 2026, in tabular form.",the minister for public expenditure infrastructure public service reform and digitalisation the number of visitors to an opw heritage site details supplied for each of the years 2021-2025 and to date in 2026 in tabular form 67675 26,"Public Expenditure, Infrastructure, Public Service Reform and Digitalisation",1250,1252
"300. Deputy John Clendennen asked the Minister for Public Expenditure, Infrastructure, Public Service Reform and Digitalisation the number of visitors projected to visit an OPW Heritage site (details supplied) in the next calendar year, 2027. [67676/26]",,Public Expenditure,2026-09-24,0.6117890477180481,Office of Public Works,Office of Public Works,0.6117890477180481,Heritage Sites,0.259346455335617,State Properties,0.0283927135169506,National Monuments,0.0266247522085905,Heritage Projects,0.0081925075501203,Other,0.0057986113242805,Flood Risk Management,0.0056756739504635,Departmental Data,0.0044670249335467,Departmental Properties,0.0033551016822457,National Parks,0.0028497227467596,67676/26,300,John Clendennen,JOHN CLENDENNEN,written,en,"To ask the Minister for Public Expenditure, Infrastructure, Public Service Reform and Digitalisation the number of visitors projected to visit an OPW Heritage site (details supplied) in the next calendar year, 2027.",the minister for public expenditure infrastructure public service reform and digitalisation the number of visitors projected to visit an opw heritage site details supplied in the next calendar year 2027 67676 26,"Public Expenditure, Infrastructure, Public Service Reform and Digitalisation",1254,1256
"301. Deputy John Clendennen asked the Minister for Public Expenditure, Infrastructure, Public Service Reform and Digitalisation whether consideration would be given to the closure of OPW Heritage site (details supplied). [67677/26]",,Public Expenditure,2026-09-24,0.6271300911903381,Office of Public Works,Office of Public Works,0.6271300911903381,Heritage Sites,0.2336991876363754,State Properties,0.040325466543436,National Monuments,0.0259270798414945,Heritage Projects,0.0088170869275927,Flood Risk Management,0.0062751173973083,Other,0.0041286130435764,Departmental Properties,0.0034232302568852,Departmental Inquiries,0.0027126506902277,National Parks,0.0024305516853928,67677/26,301,John Clendennen,JOHN CLENDENNEN,written,en,"To ask the Minister for Public Expenditure, Infrastructure, Public Service Reform and Digitalisation whether consideration would be given to the closure of OPW Heritage site (details supplied).",the minister for public expenditure infrastructure public service reform and digitalisation whether consideration would be given to the closure of opw heritage site details supplied 67677 26,"Public Expenditure, Infrastructure, Public Service Reform and Digitalisation",1258,1260
"302. Deputy John Brady asked the Minister for Public Expenditure, Infrastructure, Public Service Reform and Digitalisation the amount that has been spent on the Financial Management Shared Service Project to date; the Departments or Votes that have indicated they will not use the system; and if he will make a statement on the matter. [67671/26]",,Public Expenditure,2026-09-24,0.5808391571044922,Departmental Expenditure,Departmental Expenditure,0.5808391571044922,Departmental Funding,0.0811638087034225,Capital Expenditure Programme,0.0805603563785553,Departmental Data,0.0760143175721168,Departmental Projects,0.0434194169938564,Departmental Budgets,0.0319102928042411,Departmental Bodies,0.0173317454755306,Departmental Programmes,0.0065116132609546,Departmental Reports,0.0054332939907908,State Bodies,0.0053041167557239,67671/26,302,John Brady,JOHN BRADY,written,en,"To ask the Minister for Public Expenditure, Infrastructure, Public Service Reform and Digitalisation the amount that has been spent on the Financial Management Shared Service Project to date; the Departments or Votes that have indicated they will not use the system; and if he will make a statement on the matter.",the minister for public expenditure infrastructure public service reform and digitalisation the amount that has been spent on the financial management shared service project to date the departments or votes that have indicated they will not use the system and 67671 26,"Public Expenditure, Infrastructure, Public Service Reform and Digitalisation",1262,1264
"303. Deputy Seán Kyne asked the Minister for Public Expenditure, Infrastructure, Public Service Reform and Digitalisation whether the mandate for staff members in the National Shared Services Office (NSSO) to work two days per week in office rather than the present obligation of working for one day has come from his Department, and the rationale for this increase considering that the NSSO is not a public facing organisation and staff do their work from home diligently and effectively. [67745/26]",,Public Expenditure,2026-09-24,0.3188886046409607,Public Sector Staff,Public Sector Staff,0.3188886046409607,State Bodies,0.1769401580095291,Departmental Bodies,0.1709346324205398,Public Sector Pay,0.0499756708741188,Departmental Staff,0.0342967137694358,Civil Service,0.0335426852107048,Workplace Relations Commission,0.0144260544329881,Departmental Data,0.0122056724503636,Appointments to State Boards,0.0094883553683757,Flexible Work Practices,0.0092926500365138,67745/26,303,Seán Kyne,SEÁN KYNE,written,en,"To ask the Minister for Public Expenditure, Infrastructure, Public Service Reform and Digitalisation whether the mandate for staff members in the National Shared Services Office (NSSO) to work two days per week in office rather than the present obligation of working for one day has come from his Department, and the rationale for this increase considering that the NSSO is not a public facing organisation and staff do their work from home diligently and effectively.",the minister for public expenditure infrastructure public service reform and digitalisation whether the mandate for staff members in the national shared services office nsso to work two days per week in office rather than the present obligation of working for one day has come from his department and the rationale for this increase considering that the nsso is not a public facing organisation and staff do their work from home diligently and effectively 67745 26,"Public Expenditure, Infrastructure, Public Service Reform and Digitalisation",1266,1268
"304. Deputy Holly Cairns asked the Minister for Public Expenditure, Infrastructure, Public Service Reform and Digitalisation the statutory grounds under which he has suspended autonomy for day to day spending from several HSE regions; to detail any consultation he had with the Minister for Health on this matter; and to detail the date and manner in which this decision was communicated to each of affected HSE regions. [67758/26]",,Public Expenditure,2026-09-24,0.422023743391037,Health Service Executive,Health Service Executive,0.422023743391037,Departmental Expenditure,0.1099608391523361,Departmental Data,0.0492763519287109,Departmental Funding,0.0374590568244457,State Bodies,0.0316480249166488,Other,0.0311362612992525,Departmental Budgets,0.0270700138062238,Departmental Bodies,0.025714635848999,Capital Expenditure Programme,0.0238703358918428,EU Funding,0.0218155495822429,67758/26,304,Holly Cairns,HOLLY CAIRNS,written,en,"To ask the Minister for Public Expenditure, Infrastructure, Public Service Reform and Digitalisation the statutory grounds under which he has suspended autonomy for day to day spending from several HSE regions; to detail any consultation he had with the Minister for Health on this matter; and to detail the date and manner in which this decision was communicated to each of affected HSE regions.",the minister for public expenditure infrastructure public service reform and digitalisation the statutory grounds under which he has suspended autonomy for day to day spending from several hse regions to detail any consultation he had with the minister for health on this matter and to detail the date and manner in which this decision was communicated to each of affected hse regions 67758 26,"Public Expenditure, Infrastructure, Public Service Reform and Digitalisation",1270,1272
"305. Deputy Cathy Bennett asked the Minister for Enterprise, Tourism and Employment the preparations his Department has undertaken for the implementation in Ireland of the EU REACH restrictions on the use of lead ammunition; the timeline for the introduction of any necessary regulations to give effect to the restrictions; if a transition plan is being developed to support owners of licensed firearms who may be affected; and if he will make a statement on the matter. [67720/26]",,Enterprise,2026-09-24,0.0793553590774536,EU Directives,EU Directives,0.0793553590774536,Control of Firearms,0.077079951763153,Legislative Measures,0.0708156898617744,Other,0.0646528676152229,Departmental Policies,0.0642631277441978,EU Regulations,0.0614453181624412,Consumer Protection,0.0522874258458614,Employment Rights,0.0313993021845817,Intellectual Property,0.0269153639674186,Export Controls,0.0250271782279014,67720/26,305,Cathy Bennett,CATHY BENNETT,written,en,"To ask the Minister for Enterprise, Tourism and Employment the preparations his Department has undertaken for the implementation in Ireland of the EU REACH restrictions on the use of lead ammunition; the timeline for the introduction of any necessary regulations to give effect to the restrictions; if a transition plan is being developed to support owners of licensed firearms who may be affected; and if he will make a statement on the matter.",the minister for enterprise tourism and employment the preparations his department has undertaken for the implementation in ireland of the eu reach restrictions on the use of lead ammunition the timeline for the introduction of any necessary regulations to give effect to the restrictions if a transition plan is being developed to support owners of licensed firearms who may be affected and 67720 26,"Enterprise, Tourism and Employment",1277,1279
"306. Deputy Ken O'Flynn asked the Minister for Enterprise, Tourism and Employment if his Department was consulted or informed regarding Fáilte Ireland's decision to support the 12th International Conference on Degrowth in Cork in 2027; and if he will make a statement on the matter. [67896/26]",,Enterprise,2026-09-24,0.1143907755613327,Enterprise Policy,Enterprise Policy,0.1143907755613327,Regional Development,0.0745601058006286,State Bodies,0.0686386227607727,Tourism Industry,0.0656075850129127,Industrial Development,0.0541817247867584,Enterprise Support Services,0.0499099977314472,Tourism Policy,0.0463498756289482,Tourism Promotion,0.0457667000591754,Departmental Bodies,0.0370887778699398,Departmental Meetings,0.0277145970612764,67896/26,306,Ken O'Flynn,KEN O'FLYNN,written,en,"To ask the Minister for Enterprise, Tourism and Employment if his Department was consulted or informed regarding Fáilte Ireland's decision to support the 12th International Conference on Degrowth in Cork in 2027; and if he will make a statement on the matter.",the minister for enterprise tourism and employment if his department was consulted or informed regarding fáilte ireland s decision to support the 12th international conference on degrowth in cork in 2027 and 67896 26,"Enterprise, Tourism and Employment",1281,1283
"307. Deputy Paul Murphy asked the Minister for Enterprise, Tourism and Employment for an update on the process concerning the transposition of Directive (EU) 2025/2450 of 26 November 2025 amending Directive 2009/38/EC as regards the establishment and operation of European Works Councils and the effective enforcement of transnational information and consultation rights; whether the transposition will require amending the Transnational Information and Consultation of Employees Act 1996; whether a timeline is in place concerning the transposition of the directive; and if not; when a timeline will be available; and to outline the consultation process. [67736/26]",,Enterprise,2026-09-24,0.9496062397956848,EU Directives,EU Directives,0.9496062397956848,EU Regulations,0.006542304996401,Legislative Measures,0.004656262230128,International Agreements,0.0039518373087048,Corporate Governance,0.002392177702859,European Union,0.0013318398268893,Departmental Meetings,0.0012244678800925,Employment Rights,0.0012226580874994,Consumer Protection,0.0012149431277066,Legislative Programme,0.0011854500044137,67736/26,307,Paul Murphy,PAUL MURPHY,written,en,"To ask the Minister for Enterprise, Tourism and Employment for an update on the process concerning the transposition of Directive (EU) 2025/2450 of 26 November 2025 amending Directive 2009/38/EC as regards the establishment and operation of European Works Councils and the effective enforcement of transnational information and consultation rights; whether the transposition will require amending the Transnational Information and Consultation of Employees Act 1996; whether a timeline is in place concerning the transposition of the directive; and if not; when a timeline will be available; and to outline the consultation process.",the minister for enterprise tourism and employment for an update on the process concerning the transposition of directive eu 2025 2450 of 26 november 2025 amending directive 2009 38 ec as regards the establishment and operation of european works councils and the effective enforcement of transnational information and consultation rights whether the transposition will require amending the transnational information and consultation of employees act 1996 whether a timeline is in place concerning the transposition of the directive when a timeline will be available and the consultation process 67736 26,"Enterprise, Tourism and Employment",1285,1287
"308. Deputy Ken O'Flynn asked the Minister for Enterprise, Tourism and Employment the total value of support, financial or in kind, provided or committed by Fáilte Ireland to the 12th International Conference on Degrowth for Ecological Sustainability and Social Equity in Cork in 2027; and if he will make a statement on the matter. [67883/26]",,Enterprise,2026-09-24,0.1596322655677795,State Bodies,State Bodies,0.1596322655677795,Enterprise Support Services,0.1226071044802665,Enterprise Policy,0.0928711891174316,Regional Development,0.0433987192809581,Departmental Funding,0.0399402789771556,Tourism Funding,0.0394984371960163,Tourism Industry,0.0368342250585556,Industrial Development,0.034066803753376,Departmental Data,0.0287903808057308,Business Supports,0.0261094141751527,67883/26,308,Ken O'Flynn,KEN O'FLYNN,written,en,"To ask the Minister for Enterprise, Tourism and Employment the total value of support, financial or in kind, provided or committed by Fáilte Ireland to the 12th International Conference on Degrowth for Ecological Sustainability and Social Equity in Cork in 2027; and if he will make a statement on the matter.",the minister for enterprise tourism and employment the total value of support financial or in kind provided or committed by fáilte ireland to the 12th international conference on degrowth for ecological sustainability and social equity in cork in 2027 and 67883 26,"Enterprise, Tourism and Employment",1289,1291
"309. Deputy Ken O'Flynn asked the Minister for Enterprise, Tourism and Employment if Fáilte Ireland has provided support to the 12th International Conference on Degrowth for Ecological Sustainability and Social Equity, to be held in Cork in 2027; the form that support has taken, including any financial sponsorship, grant funding, promotional support, provision of speakers or use of branding; and if he will make a statement on the matter. [67881/26]",,Enterprise,2026-09-24,0.1144514977931976,Departmental Meetings,Departmental Meetings,0.1144514977931976,State Bodies,0.077786386013031,Culture Policy,0.0660104975104332,Tourism Promotion,0.0639200210571289,Enterprise Policy,0.0604699179530143,Tourism Policy,0.0453508794307708,Tourism Industry,0.0441539883613586,Enterprise Support Services,0.0396434478461742,Departmental Bodies,0.0336566045880317,Official Engagements,0.0323791615664958,67881/26,309,Ken O'Flynn,KEN O'FLYNN,written,en,"To ask the Minister for Enterprise, Tourism and Employment if Fáilte Ireland has provided support to the 12th International Conference on Degrowth for Ecological Sustainability and Social Equity, to be held in Cork in 2027; the form that support has taken, including any financial sponsorship, grant funding, promotional support, provision of speakers or use of branding; and if he will make a statement on the matter.",the minister for enterprise tourism and employment if fáilte ireland has provided support to the 12th international conference on degrowth for ecological sustainability and social equity to be held in cork in 2027 the form that support has taken including any financial sponsorship grant funding promotional support provision of speakers or use of branding and 67881 26,"Enterprise, Tourism and Employment",1293,1295
"310. Deputy Ken O'Flynn asked the Minister for Enterprise, Tourism and Employment if Fáilte Ireland assessed any reputational, economic or stakeholder risks arising from its association with a conference (details supplied); the conclusions reached; and if he will make a statement on the matter. [67894/26]",,Enterprise,2026-09-24,0.0820709988474845,Tourism Industry,Tourism Industry,0.0820709988474845,State Bodies,0.0765642672777175,Enterprise Policy,0.0417994149029254,Other,0.0326578244566917,Consumer Protection,0.0305768623948097,Employment Rights,0.0272468719631433,Corporate Governance,0.0261857900768518,Tourism Policy,0.0232109706848859,Tourism Promotion,0.0227798037230968,Intellectual Property,0.0202795956283807,67894/26,310,Ken O'Flynn,KEN O'FLYNN,written,en,"To ask the Minister for Enterprise, Tourism and Employment if Fáilte Ireland assessed any reputational, economic or stakeholder risks arising from its association with a conference (details supplied); the conclusions reached; and if he will make a statement on the matter.",the minister for enterprise tourism and employment if fáilte ireland assessed any reputational economic or stakeholder risks arising from its association with a conference details supplied the conclusions reached and 67894 26,"Enterprise, Tourism and Employment",1297,1299
"311. Deputy Ken O'Flynn asked the Minister for Enterprise, Tourism and Employment the person or grade within Fáilte Ireland who authorised the decision to support a conference (details supplied); and the level at which approval was given; and if he will make a statement on the matter. [67892/26]",,Enterprise,2026-09-24,0.2407315373420715,Departmental Meetings,Departmental Meetings,0.2407315373420715,State Bodies,0.0887430310249328,Tourism Industry,0.0862649753689765,Official Engagements,0.0792663842439651,Tourism Promotion,0.0254451353102922,Tourist Accommodation,0.0252266358584165,Tourism Policy,0.023382157087326,Other,0.0195556599646806,Enterprise Policy,0.019205842167139,Departmental Correspondence,0.0176976304501295,67892/26,311,Ken O'Flynn,KEN O'FLYNN,written,en,"To ask the Minister for Enterprise, Tourism and Employment the person or grade within Fáilte Ireland who authorised the decision to support a conference (details supplied); and the level at which approval was given; and if he will make a statement on the matter.",the minister for enterprise tourism and employment the person or grade within fáilte ireland who authorised the decision to support a conference details supplied and the level at which approval was given and 67892 26,"Enterprise, Tourism and Employment",1301,1303
"312. Deputy Ken O'Flynn asked the Minister for Enterprise, Tourism and Employment if a written business case, briefing note, risk assessment or evaluation was prepared by Fáilte Ireland before support was approved for a conference (details supplied); and if he will make a statement on the matter. [67887/26]",,Enterprise,2026-09-24,0.2067437916994094,State Bodies,State Bodies,0.2067437916994094,Enterprise Policy,0.0976240038871765,Tourism Industry,0.0854579359292984,Enterprise Support Services,0.0794012546539306,Business Supports,0.0254919528961181,Consumer Protection,0.0202132668346166,Small and Medium Enterprises,0.0199337266385555,Industrial Development,0.0198801606893539,Tourist Accommodation,0.0193918962031602,Departmental Data,0.0187830850481987,67887/26,312,Ken O'Flynn,KEN O'FLYNN,written,en,"To ask the Minister for Enterprise, Tourism and Employment if a written business case, briefing note, risk assessment or evaluation was prepared by Fáilte Ireland before support was approved for a conference (details supplied); and if he will make a statement on the matter.",the minister for enterprise tourism and employment if a written business case briefing note risk assessment or evaluation was prepared by fáilte ireland before support was approved for a conference details supplied and 67887 26,"Enterprise, Tourism and Employment",1305,1307
"313. Deputy Ken O'Flynn asked the Minister for Enterprise, Tourism and Employment the statutory power or internal policy under which Fáilte Ireland decided to support a conference (details supplied); the manner in which that decision was assessed as consistent with the statutory objective of the National Tourism Development Authority to support a competitive and sustainable tourism sector; and if he will make a statement on the matter. [67885/26]",,Enterprise,2026-09-24,0.4561678171157837,Tourism Industry,Tourism Industry,0.4561678171157837,Tourism Policy,0.2553505897521972,Tourism Promotion,0.1594968736171722,Tourist Accommodation,0.0470678657293319,Tourism Funding,0.0207902826368808,Culture Policy,0.0069466889835894,Film Industry,0.0054542771540582,Tourism Schemes,0.0050157862715423,State Bodies,0.0039631957188248,Other,0.0023906372953206,67885/26,313,Ken O'Flynn,KEN O'FLYNN,written,en,"To ask the Minister for Enterprise, Tourism and Employment the statutory power or internal policy under which Fáilte Ireland decided to support a conference (details supplied); the manner in which that decision was assessed as consistent with the statutory objective of the National Tourism Development Authority to support a competitive and sustainable tourism sector; and if he will make a statement on the matter.",the minister for enterprise tourism and employment the statutory power or internal policy under which fáilte ireland decided to support a conference details supplied the manner in which that decision was assessed as consistent with the statutory objective of the national tourism development authority to support a competitive and sustainable tourism sector and 67885 26,"Enterprise, Tourism and Employment",1309,1311
"314. Deputy Shónagh Ní Raghallaigh asked the Minister for Education and Youth if she is aware of the situation of a first year student (details supplied) who is currently without a school place without the learning supports they require, despite their family applying to several schools; and if she will intervene to secure a suitable special school placement for this child. [67699/26]",,Education,2026-09-24,0.4915725588798523,School Admissions,School Admissions,0.4915725588798523,Special Educational Needs,0.4370929598808288,School Enrolments,0.0394205003976821,School Accommodation,0.0089135970920324,National Council for Special Education,0.00542300241068,Education Policy,0.0019716785755008,Education Schemes,0.0013142585521563,Departmental Data,0.0011672307737171,School Staff,0.0011520077241584,Schools Building Projects,0.0008294828003272,67699/26,314,Shónagh Ní Raghallaigh,SHÓNAGH NÍ RAGHALLAIGH,written,en,"To ask the Minister for Education and Youth if she is aware of the situation of a first year student (details supplied) who is currently without a school place without the learning supports they require, despite their family applying to several schools; and if she will intervene to secure a suitable special school placement for this child.",the minister for education and youth if she is aware of the situation of a first year student details supplied who is currently without a school place without the learning supports they require despite their family applying to several schools and if she will intervene to secure a suitable special school placement for this child 67699 26,Education and Youth,1316,1318
315. Deputy Ciarán Ahern asked the Minister for Education and Youth for an update on an Emergency Works Grant application for a school (details supplied). [67687/26],,Education,2026-09-24,0.4980534613132477,Schools Building Projects,Schools Building Projects,0.4980534613132477,School Funding,0.1864044964313507,Schools Refurbishment,0.1092348992824554,School Accommodation,0.0996050164103508,School Facilities,0.0507312528789043,Grant Payments,0.0089593287557363,Departmental Funding,0.0074035599827766,Departmental Schemes,0.0050341235473752,School Equipment,0.0038308692164719,Education Schemes,0.0029128114692866,67687/26,315,Ciarán Ahern,CIARÁN AHERN,written,en,To ask the Minister for Education and Youth for an update on an Emergency Works Grant application for a school (details supplied).,the minister for education and youth for an update on an emergency works grant application for a school details supplied 67687 26,Education and Youth,1320,1322
316. Deputy Ruth Coppinger asked the Minister for Education and Youth to provide and update and a timetable for when construction works at a school (details supplied) will be completed. [67718/26],,Education,2026-09-24,0.961614429950714,Schools Building Projects,Schools Building Projects,0.961614429950714,School Accommodation,0.0164957027882337,Schools Refurbishment,0.0132125364616513,School Facilities,0.0024109217338263,Site Acquisitions,0.0009815943194553,School Funding,0.0005460199899971,Departmental Projects,0.0004535317129921,Special Educational Needs,0.0003815250238403,Departmental Data,0.0003560787590686,School Enrolments,0.0001815706345951,67718/26,316,Ruth Coppinger,RUTH COPPINGER,written,en,To ask the Minister for Education and Youth to provide and update and a timetable for when construction works at a school (details supplied) will be completed.,the minister for education and youth to provide and update and a timetable for when construction works at a school details supplied will be completed 67718 26,Education and Youth,1324,1326
317. Deputy Ruth Coppinger asked the Minister for Education and Youth to provide an update and timeframe for construction works at a school (details supplied) to be completed. [67716/26],,Education,2026-09-24,0.9626154899597168,Schools Building Projects,Schools Building Projects,0.9626154899597168,School Accommodation,0.0144900018349289,Schools Refurbishment,0.014358140528202,School Facilities,0.0022978105116635,Site Acquisitions,0.0009859664132818,School Funding,0.0005634730914607,Departmental Projects,0.000499693211168,Departmental Data,0.000404218561016,Special Educational Needs,0.0003468098584562,Departmental Funding,0.0001696446561254,67716/26,317,Ruth Coppinger,RUTH COPPINGER,written,en,To ask the Minister for Education and Youth to provide an update and timeframe for construction works at a school (details supplied) to be completed.,the minister for education and youth to provide an update and timeframe for construction works at a school details supplied to be completed 67716 26,Education and Youth,1328,1330
318. Deputy Shónagh Ní Raghallaigh asked the Minister for Education and Youth if she will provide for immersive Irish medium provision in Brussels according to the demand for same and in line with her powers under the policy governing language of instruction in European schools. [67710/26],,Education,2026-09-24,0.7875282764434814,Irish Language,Irish Language,0.7875282764434814,Education Policy,0.0633612126111984,School Curriculum,0.0194375440478324,Irish Sign Language,0.0100150918588042,Schools Building Projects,0.0093363160267472,School Facilities,0.0085639776661992,Other,0.0066476282663643,Gaeltacht Policy,0.0064590242691338,School Funding,0.0062943338416516,School Accommodation,0.0040717525407671,67710/26,318,Shónagh Ní Raghallaigh,SHÓNAGH NÍ RAGHALLAIGH,written,en,To ask the Minister for Education and Youth if she will provide for immersive Irish medium provision in Brussels according to the demand for same and in line with her powers under the policy governing language of instruction in European schools.,the minister for education and youth if she will provide for immersive irish medium provision in brussels according to the demand for same and in line with her powers under the policy governing language of instruction in european schools 67710 26,Education and Youth,1332,1334
319. Deputy Shónagh Ní Raghallaigh asked the Minister for Education and Youth if she will consider reopening Route 4 recognising prior learning and experience of individuals wishing to qualify as teachers; and if she has given consideration to other measures to enhance the career progression of SNAs in our education system. [67707/26],,Education,2026-09-24,0.9208520650863647,Special Educational Needs,Special Educational Needs,0.9208520650863647,School Staff,0.0304203703999519,Teaching Qualifications,0.0119607727974653,Teacher Training,0.0081826196983456,National Council for Special Education,0.0068872799165546,Education Policy,0.0040541626513004,School Admissions,0.0019635711796581,State Examinations,0.0019241501577198,School Curriculum,0.0019220649264752,Education Schemes,0.0012605839874595,67707/26,319,Shónagh Ní Raghallaigh,SHÓNAGH NÍ RAGHALLAIGH,written,en,To ask the Minister for Education and Youth if she will consider reopening Route 4 recognising prior learning and experience of individuals wishing to qualify as teachers; and if she has given consideration to other measures to enhance the career progression of SNAs in our education system.,the minister for education and youth if she will consider reopening route 4 recognising prior learning and experience of individuals wishing to qualify as teachers and if she has given consideration to other measures to enhance the career progression of snas in our education system 67707 26,Education and Youth,1336,1338
320. Deputy John Paul O'Shea asked the Minister for Education and Youth if she will extend a post primary school transport route to collect a student (details supplied) who is attending a special class from her house. [67739/26],,Education,2026-09-24,0.9981075525283812,School Transport,School Transport,0.9981075525283812,Public Transport,0.0006181626813486,Bus Services,0.0002673719427548,Special Educational Needs,0.0001161547552328,Transport Costs,7.137098873499781e-05,Transport Policy,5.88580769544933e-05,Departmental Data,4.275679020793177e-05,Bus Éireann,4.078072743141093e-05,Road Safety,3.376475069671869e-05,Departmental Schemes,2.895089528465178e-05,67739/26,320,John Paul O'Shea,JOHN PAUL O'SHEA,written,en,To ask the Minister for Education and Youth if she will extend a post primary school transport route to collect a student (details supplied) who is attending a special class from her house.,the minister for education and youth if she will extend a post primary school transport route to collect a student details supplied who is attending a special class from her house 67739 26,Education and Youth,1340,1342
321. Deputy Niamh Smyth asked the Minister for Education and Youth if she will review correspondence (details supplied); if she will confirm whether spare capacity exists on the school transport route for the 2026/2027 school year; and if the application could be reconsidered given that the student traveled on this service last year when capacity became available. [67899/26],,Education,2026-09-24,0.9983333945274352,School Transport,School Transport,0.9983333945274352,Bus Services,0.0003031600499525,Public Transport,0.000178952483111,Special Educational Needs,0.0001043012525769,Departmental Data,9.447235061088576e-05,School Staff,6.813406071159989e-05,School Accommodation,6.736686918884516e-05,School Enrolments,6.162842328194529e-05,Bus Éireann,4.497747067944147e-05,School Facilities,3.857329284073785e-05,67899/26,321,Niamh Smyth,NIAMH SMYTH,written,en,To ask the Minister for Education and Youth if she will review correspondence (details supplied); if she will confirm whether spare capacity exists on the school transport route for the 2026/2027 school year; and if the application could be reconsidered given that the student traveled on this service last year when capacity became available.,the minister for education and youth if she will review correspondence details supplied if she will confirm whether spare capacity exists on the school transport route for the 2026 2027 school year and if the application could be reconsidered given that the student traveled on this service last year when capacity became available 67899 26,Education and Youth,1344,1346
322. Deputy Michael Cahill asked the Minister for Education and Youth to support a unions request to provide immediate investment to address teacher shortages and overcrowded classrooms (details supplied); and if she will make a statement on the matter. [67897/26],,Education,2026-09-24,0.8368086814880371,School Staff,School Staff,0.8368086814880371,Pupil-Teacher Ratio,0.0256820917129516,School Funding,0.0207154639065265,Teacher Training,0.0189073886722326,Education Policy,0.0066032884642481,School Accommodation,0.0062693860381841,Teaching Qualifications,0.0054380507208406,Special Educational Needs,0.0054270620457828,Teaching Council of Ireland,0.0052319723181426,School Management,0.0043399278074502,67897/26,322,Michael Cahill,MICHAEL CAHILL,written,en,To ask the Minister for Education and Youth to support a unions request to provide immediate investment to address teacher shortages and overcrowded classrooms (details supplied); and if she will make a statement on the matter.,the minister for education and youth to support a unions request to provide immediate investment to address teacher shortages and overcrowded classrooms details supplied and 67897 26,Education and Youth,1348,1350
323. Deputy Naoise Ó Muirí asked the Minister for Education and Youth for an update on a new school building (details supplied); and the reason Stage 2A is taking longer than expected. [67938/26],,Education,2026-09-24,0.9707739353179932,Schools Building Projects,Schools Building Projects,0.9707739353179932,School Accommodation,0.0185388661921024,Schools Refurbishment,0.0039326450787484,Site Acquisitions,0.0018706723349168,School Facilities,0.0015407834434881,Departmental Data,0.0003700716479215,Special Educational Needs,0.0002400755183771,Departmental Projects,0.0001956405030796,School Funding,0.0001907161349663,School Enrolments,0.0001567394356243,67938/26,323,Naoise Ó Muirí,NAOISE Ó MUIRÍ,written,en,To ask the Minister for Education and Youth for an update on a new school building (details supplied); and the reason Stage 2A is taking longer than expected.,the minister for education and youth for an update on a new school building details supplied and the reason stage 2a is taking longer than expected 67938 26,Education and Youth,1352,1354
"324. Deputy Niamh Smyth asked the Minister for Education and Youth further to parliamentary question 64517/26, if she will review the case of a person (details supplied); if she will address the particular circumstances outlined whereby the schools classified as nearer are not suitable options for the student concerned; and if she will consider whether a capacity review of the route in question could provide a practical solution. [67955/26]",,Education,2026-09-24,0.3429650962352752,School Admissions,School Admissions,0.3429650962352752,School Transport,0.2078266739845276,Special Educational Needs,0.198389396071434,School Enrolments,0.0900390744209289,School Accommodation,0.021677104756236,School Staff,0.0178285744041204,Education Policy,0.0174322631210088,State Examinations,0.0162961091846227,Schools Building Projects,0.0061050150543451,National Council for Special Education,0.0056422729976475,67955/26,324,Niamh Smyth,NIAMH SMYTH,written,en,"To ask the Minister for Education and Youth further to parliamentary question 64517/26, if she will review the case of a person (details supplied); if she will address the particular circumstances outlined whereby the schools classified as nearer are not suitable options for the student concerned; and if she will consider whether a capacity review of the route in question could provide a practical solution.",the minister for education and youth further to parliamentary question 64517 26 if she will review the case of a person details supplied if she will address the particular circumstances outlined whereby the schools classified as nearer are not suitable options for the student concerned and if she will consider whether a capacity review of the route in question could provide a practical solution 67955 26,Education and Youth,1356,1358
"325. Deputy Niamh Smyth asked the Minister for Education and Youth further to PQ 64830/26, if she will review the case of a person; if she will clarify the reason the children concerned have been classified as non-eligible given that their home address is closer to the school they attend than to the school being treated as their nearest post-primary school; and if their eligibility status could be reviewed accordingly. [67916/26]",,Education,2026-09-24,0.4638740718364715,School Admissions,School Admissions,0.4638740718364715,Special Educational Needs,0.3209667205810547,School Enrolments,0.0543431192636489,School Transport,0.0183927807956933,Departmental Data,0.0141439195722341,School Accommodation,0.0121070425957441,School Staff,0.0105079310014843,Education Schemes,0.0076237879693508,State Examinations,0.0072344560176134,Departmental Schemes,0.0065019009634852,67916/26,325,Niamh Smyth,NIAMH SMYTH,written,en,"To ask the Minister for Education and Youth further to PQ 64830/26, if she will review the case of a person; if she will clarify the reason the children concerned have been classified as non-eligible given that their home address is closer to the school they attend than to the school being treated as their nearest post-primary school; and if their eligibility status could be reviewed accordingly.",the minister for education and youth further to pq 64830 26 if she will review the case of a person if she will clarify the reason the children concerned have been classified as non-eligible given that their home address is closer to the school they attend than to the school being treated as their nearest post-primary school and if their eligibility status could be reviewed accordingly 67916 26,Education and Youth,1360,1362
326. Deputy Gary Gannon asked the Minister for Education and Youth the number of primary schools that have been reclassified from DEIS Urban Band 2 to DEIS Urban Band 1 since the conclusion of the 2022 DEIS identification and appeals process; and whether any such reclassifications have taken place outside of a Department-wide application of the DEIS identification mode. [67777/26],,Education,2026-09-24,0.4544827342033386,Educational Disadvantage,Educational Disadvantage,0.4544827342033386,Disadvantaged Status,0.4040853977203369,Departmental Data,0.0198434516787529,Education Schemes,0.0171080082654953,Departmental Programmes,0.0070738503709435,Departmental Funding,0.006456219125539,School Patronage,0.0058941110037267,Education Policy,0.0057128225453197,Scoileanna DEIS,0.0048363246023654,School Curriculum,0.004317931830883,67777/26,326,Gary Gannon,GARY GANNON,written,en,To ask the Minister for Education and Youth the number of primary schools that have been reclassified from DEIS Urban Band 2 to DEIS Urban Band 1 since the conclusion of the 2022 DEIS identification and appeals process; and whether any such reclassifications have taken place outside of a Department-wide application of the DEIS identification mode.,the minister for education and youth the number of primary schools that have been reclassified from deis urban band 2 to deis urban band 1 since the conclusion of the 2022 deis identification and appeals process and whether any such reclassifications have taken place outside of a department-wide application of the deis identification mode 67777 26,Education and Youth,1364,1366
327. Deputy Gary Gannon asked the Minister for Education and Youth when the next application of the DEIS identification model to all schools will take place for the purposes of determining inclusion in the DEIS programme and the classification of existing schools as DEIS Urban Band 1 or Urban Band 2; and whether consideration has been given to undertaking a new assessment having regard to changes in the profile and concentration of educational disadvantage since the model was last applied to all schools in 2022. [67776/26],,Education,2026-09-24,0.5302215814590454,Educational Disadvantage,Educational Disadvantage,0.5302215814590454,Disadvantaged Status,0.3856616020202636,Education Schemes,0.014377606101334,Departmental Programmes,0.0054936865344643,School Curriculum,0.0045758481137454,Education Policy,0.0045539727434515,School Funding,0.0043216650374233,Departmental Funding,0.0036657319869846,Scoileanna DEIS,0.0030256062746047,School Patronage,0.0024079566355794,67776/26,327,Gary Gannon,GARY GANNON,written,en,To ask the Minister for Education and Youth when the next application of the DEIS identification model to all schools will take place for the purposes of determining inclusion in the DEIS programme and the classification of existing schools as DEIS Urban Band 1 or Urban Band 2; and whether consideration has been given to undertaking a new assessment having regard to changes in the profile and concentration of educational disadvantage since the model was last applied to all schools in 2022.,the minister for education and youth when the next application of the deis identification model to all schools will take place for the purposes of determining inclusion in the deis programme and the classification of existing schools as deis urban band 1 or urban band 2 and whether consideration has been given to undertaking a new assessment having regard to changes in the profile and concentration of educational disadvantage since the model was last applied to all schools in 2022 67776 26,Education and Youth,1368,1370
328. Deputy John Paul O'Shea asked the Minister for Education and Youth for an update on a capital project for a school (details supplied). [67848/26],,Education,2026-09-24,0.9574331641197203,Schools Building Projects,Schools Building Projects,0.9574331641197203,School Accommodation,0.0170690026134252,Schools Refurbishment,0.0069280960597097,Departmental Projects,0.0022521039936691,School Facilities,0.0021682253573089,Site Acquisitions,0.0020131024066358,School Funding,0.0015640363562852,Capital Expenditure Programme,0.0014661074383184,Departmental Data,0.0011448607547208,Departmental Funding,0.0010295137763023,67848/26,328,John Paul O'Shea,JOHN PAUL O'SHEA,written,en,To ask the Minister for Education and Youth for an update on a capital project for a school (details supplied).,the minister for education and youth for an update on a capital project for a school details supplied 67848 26,Education and Youth,1372,1374
"329. Deputy Seán Ó Fearghaíl asked the Minister for Education and Youth If she will urgently review the case of a child (details supplied) in County Kildare, and been refused the home tuition scheme hours on the basis that an alternative preschool place is available in another location; if she will outline the rationale for this decision given that the child has already secured and commenced a supported transition to a preschool; and if consideration was given to the child's individual educational and developmental needs and the importance of continuity and familiarity in the transition process. [67847/26]",,Education,2026-09-24,0.3019653856754303,Special Educational Needs,Special Educational Needs,0.3019653856754303,Home Schooling,0.2559013962745666,School Admissions,0.1191517859697341,Education Schemes,0.1110860556364059,Education Policy,0.0319884903728961,School Enrolments,0.0149350427091121,School Transport,0.0144492993131279,School Costs,0.0113210603594779,Departmental Schemes,0.0070232572034001,Departmental Policies,0.0064153433777391,67847/26,329,Seán Ó Fearghaíl,SEÁN Ó FEARGHAÍL,written,en,"To ask the Minister for Education and Youth If she will urgently review the case of a child (details supplied) in County Kildare, and been refused the home tuition scheme hours on the basis that an alternative preschool place is available in another location; if she will outline the rationale for this decision given that the child has already secured and commenced a supported transition to a preschool; and if consideration was given to the child's individual educational and developmental needs and the importance of continuity and familiarity in the transition process.",the minister for education and youth if she will urgently review the case of a child details supplied in county kildare and been refused the home tuition scheme hours on the basis that an alternative preschool place is available in another location if she will outline the rationale for this decision given that the child has already secured and commenced a supported transition to a preschool and if consideration was given to the child s individual educational and developmental needs and the importance of continuity and familiarity in the transition process 67847 26,Education and Youth,1376,1378
330. Deputy John Paul O'Shea asked the Minister for Education and Youth the reason a recent emergency works application for a school (details supplied) was refused; and if she will ensure contact is made from her Department to the school on this serious safety issue. [67843/26],,Education,2026-09-24,0.411329835653305,Schools Building Projects,Schools Building Projects,0.411329835653305,School Accommodation,0.2149827182292938,Schools Refurbishment,0.1813262552022934,School Facilities,0.1325824409723281,School Funding,0.017774898558855,Site Acquisitions,0.0046382346190512,Special Educational Needs,0.0042252289131283,School Equipment,0.0026829412672668,School Enrolments,0.0020735517609864,Schools Administration,0.00182843755465,67843/26,330,John Paul O'Shea,JOHN PAUL O'SHEA,written,en,To ask the Minister for Education and Youth the reason a recent emergency works application for a school (details supplied) was refused; and if she will ensure contact is made from her Department to the school on this serious safety issue.,the minister for education and youth the reason a recent emergency works application for a school details supplied was refused and if she will ensure contact is made from her department to the school on this serious safety issue 67843 26,Education and Youth,1380,1382
"331. Deputy Seán Ó Fearghaíl asked the Minister for Education and Youth if she will consider the case of a child (details supplied) with a diagnosis of autism and a moderate intellectual disability who, despite applications to a number of special schools, has been unable to secure a school place for the current academic year; and the steps that will be taken to ensure that an appropriate school placement is provided without further delay. [67853/26]",,Education,2026-09-24,0.7772386074066162,Special Educational Needs,Special Educational Needs,0.7772386074066162,School Admissions,0.151493564248085,School Enrolments,0.02918092161417,National Council for Special Education,0.0105487769469618,School Accommodation,0.0048785656690597,Disability Services,0.0032308823429048,Disabilities Assessments,0.0022818159777671,Departmental Data,0.0020792772993445,Education Policy,0.0018293382599949,School Staff,0.0016761294100433,67853/26,331,Seán Ó Fearghaíl,SEÁN Ó FEARGHAÍL,written,en,"To ask the Minister for Education and Youth if she will consider the case of a child (details supplied) with a diagnosis of autism and a moderate intellectual disability who, despite applications to a number of special schools, has been unable to secure a school place for the current academic year; and the steps that will be taken to ensure that an appropriate school placement is provided without further delay.",the minister for education and youth if she will consider the case of a child details supplied with a diagnosis of autism and a moderate intellectual disability who despite applications to a number of special schools has been unable to secure a school place for the current academic year and the steps that will be taken to ensure that an appropriate school placement is provided without further delay 67853 26,Education and Youth,1384,1386
332. Deputy Naoise Ó Muirí asked the Minister for Education and Youth for an update on a school building project (details supplied); and if she will make a statement on the matter. [67804/26],,Education,2026-09-24,0.983260214328766,Schools Building Projects,Schools Building Projects,0.983260214328766,School Accommodation,0.0068942867219448,Schools Refurbishment,0.0025040623731911,Site Acquisitions,0.0011075305519625,School Facilities,0.0008102676365524,Departmental Data,0.0005687593948096,Departmental Projects,0.0004576373030431,School Funding,0.0002629175723996,Departmental Schemes,0.0002172449603676,Departmental Funding,0.0001980981032829,67804/26,332,Naoise Ó Muirí,NAOISE Ó MUIRÍ,written,en,To ask the Minister for Education and Youth for an update on a school building project (details supplied); and if she will make a statement on the matter.,the minister for education and youth for an update on a school building project details supplied and 67804 26,Education and Youth,1388,1390
333. Deputy Naoise Ó Muirí asked the Minister for Education and Youth for an update on an application for additional accommodation (details supplied); and if she will make a statement on the matter. [67802/26],,Education,2026-09-24,0.930544376373291,School Accommodation,School Accommodation,0.930544376373291,Schools Building Projects,0.0351377539336681,School Facilities,0.0169371329247951,Site Acquisitions,0.0019698918331414,Special Educational Needs,0.0016029394464567,Schools Refurbishment,0.0013599637895822,Departmental Data,0.0011835508048534,Departmental Properties,0.00097450154135,Ukraine War,0.0007131523452699,School Enrolments,0.0005611477536149,67802/26,333,Naoise Ó Muirí,NAOISE Ó MUIRÍ,written,en,To ask the Minister for Education and Youth for an update on an application for additional accommodation (details supplied); and if she will make a statement on the matter.,the minister for education and youth for an update on an application for additional accommodation details supplied and 67802 26,Education and Youth,1392,1394
334. Deputy Pádraig Mac Lochlainn asked the Minister for Education and Youth the position regarding an application submitted under the climate action summer works scheme for a school (details supplied); and if the school will be considered for funding in the next phase of the scheme due in October 2026. [67801/26],,Education,2026-09-24,0.2705353498458862,Schools Building Projects,Schools Building Projects,0.2705353498458862,School Funding,0.2094392776489257,School Facilities,0.1341244727373123,Schools Refurbishment,0.119771160185337,Departmental Schemes,0.0619661882519722,School Accommodation,0.0552202239632606,Departmental Funding,0.0134603660553693,School Equipment,0.0114609897136688,Education Schemes,0.0100822141394019,Energy Conservation,0.0096197128295898,67801/26,334,Pádraig Mac Lochlainn,PÁDRAIG MAC LOCHLAINN,written,en,To ask the Minister for Education and Youth the position regarding an application submitted under the climate action summer works scheme for a school (details supplied); and if the school will be considered for funding in the next phase of the scheme due in October 2026.,the minister for education and youth the position regarding an application submitted under the climate action summer works scheme for a school details supplied and if the school will be considered for funding in the next phase of the scheme due in october 2026 67801 26,Education and Youth,1396,1398
335. Deputy Naoise Ó Muirí asked the Minister for Education and Youth for an update on an application for an extension to a school (details supplied); and if she will make a statement on the matter. [67800/26],,Education,2026-09-24,0.6399930119514465,Schools Building Projects,Schools Building Projects,0.6399930119514465,School Accommodation,0.3026439845561981,Schools Refurbishment,0.0226482897996902,School Facilities,0.0207106731832027,Site Acquisitions,0.0041050510480999,Special Educational Needs,0.0015456867404282,School Funding,0.0014900737442076,School Enrolments,0.0006915965932421,Departmental Data,0.0003710576565936,School Equipment,0.0003035771369468,67800/26,335,Naoise Ó Muirí,NAOISE Ó MUIRÍ,written,en,To ask the Minister for Education and Youth for an update on an application for an extension to a school (details supplied); and if she will make a statement on the matter.,the minister for education and youth for an update on an application for an extension to a school details supplied and 67800 26,Education and Youth,1400,1402
"336. Deputy Michael Cahill asked the Minister for Education and Youth if she is aware of the financial pressures facing primary schools arising from increased costs such as heating, electricity, insurance and cleaning; if consideration is being given to increasing the primary school capitation grant in Budget 2027; and if she will make a statement on the matter. [68026/26]",,Education,2026-09-24,0.7726414203643799,School Funding,School Funding,0.7726414203643799,Capitation Grants,0.0372614860534668,Education Costs,0.0205385200679302,School Costs,0.016869755461812,Grant Payments,0.0164225995540618,Departmental Funding,0.0106583638116717,Education Schemes,0.0093521317467093,Departmental Budgets,0.0071509354747831,School Facilities,0.0067566367797553,School Equipment,0.0061328480951488,68026/26,336,Michael Cahill,MICHAEL CAHILL,written,en,"To ask the Minister for Education and Youth if she is aware of the financial pressures facing primary schools arising from increased costs such as heating, electricity, insurance and cleaning; if consideration is being given to increasing the primary school capitation grant in Budget 2027; and if she will make a statement on the matter.",the minister for education and youth if she is aware of the financial pressures facing primary schools arising from increased costs such as heating electricity insurance and cleaning if consideration is being given to increasing the primary school capitation grant in budget 2027 and 68026 26,Education and Youth,1404,1406
337. Deputy Naoise Ó Muirí asked the Minister for Education and Youth for an update on an application for additional accommodation (details supplied); and if she will make a statement on the matter. [67799/26],,Education,2026-09-24,0.9336544275283812,School Accommodation,School Accommodation,0.9336544275283812,Schools Building Projects,0.0330018252134323,School Facilities,0.0161119904369115,Site Acquisitions,0.0018886390607804,Special Educational Needs,0.0015564067289233,Schools Refurbishment,0.0013170698657631,Departmental Data,0.0012080818414688,Departmental Properties,0.0009353869245387,Ukraine War,0.0007122806855477,School Enrolments,0.000586979673244,67799/26,337,Naoise Ó Muirí,NAOISE Ó MUIRÍ,written,en,To ask the Minister for Education and Youth for an update on an application for additional accommodation (details supplied); and if she will make a statement on the matter.,the minister for education and youth for an update on an application for additional accommodation details supplied and 67799 26,Education and Youth,1408,1410
338. Deputy Naoise Ó Muirí asked the Minister for Education and Youth if she will provide an update on the tender process for a school (details supplied). [67796/26],,Education,2026-09-24,0.900248646736145,Schools Building Projects,Schools Building Projects,0.900248646736145,School Accommodation,0.0355361700057983,Schools Refurbishment,0.0170805156230926,School Facilities,0.0066854013130068,Public Procurement Contracts,0.0044306484051048,School Funding,0.0040188590064644,Site Acquisitions,0.0039727669209241,Departmental Contracts,0.00372199784033,Departmental Projects,0.0022834890987724,Departmental Correspondence,0.0016025862423703,67796/26,338,Naoise Ó Muirí,NAOISE Ó MUIRÍ,written,en,To ask the Minister for Education and Youth if she will provide an update on the tender process for a school (details supplied).,the minister for education and youth if she will provide an update on the tender process for a school details supplied 67796 26,Education and Youth,1412,1414
339. Deputy Noel Mccarthy asked the Minister for Education and Youth to provide an update on the assessment of a report for a school (details supplied); and if her Department can confirm that the revised documentation submitted by the school was reviewed distinct from the first documentation submitted. [67780/26],,Education,2026-09-24,0.1368309259414672,Schools Building Projects,Schools Building Projects,0.1368309259414672,Departmental Reviews,0.0911629498004913,Special Educational Needs,0.0883066579699516,Departmental Correspondence,0.064384214580059,School Accommodation,0.0539027750492095,Departmental Data,0.0521627515554428,Departmental Reports,0.0346778705716133,School Admissions,0.0319715738296508,School Enrolments,0.0283041819930076,Education Policy,0.0275558177381753,67780/26,339,Noel Mccarthy,NOEL MCCARTHY,written,en,To ask the Minister for Education and Youth to provide an update on the assessment of a report for a school (details supplied); and if her Department can confirm that the revised documentation submitted by the school was reviewed distinct from the first documentation submitted.,the minister for education and youth to provide an update on the assessment of a report for a school details supplied and if her department can confirm that the revised documentation submitted by the school was reviewed distinct from the first documentation submitted 67780 26,Education and Youth,1416,1418
"340. Deputy Matt Carthy asked the Minister for Education and Youth the status of the Additional School Accommodation (ASA) project at a school (details supplied); and if she will address the fact that this vital project has successfully cleared Stage 2b (Detailed Design & Planning) and attained full planning permission for 2 mainstream classrooms, 1 SEN Base, and a multi-purpose playing pitch, yet has been excluded from the immediate National Development Plan (NDP) 2026–2027 priority list; and if she will make a statement on the matter. [67835/26]",,Education,2026-09-24,0.673471212387085,School Accommodation,School Accommodation,0.673471212387085,Schools Building Projects,0.2847020328044891,School Facilities,0.0262881591916084,Schools Refurbishment,0.0056856167502701,Special Educational Needs,0.002427385887131,School Enrolments,0.0013982021482661,Site Acquisitions,0.0013660402037203,School Funding,0.0007608435698784,School Admissions,0.0006508019869215,Departmental Data,0.0003249986039008,67835/26,340,Matt Carthy,MATT CARTHY,written,en,"To ask the Minister for Education and Youth the status of the Additional School Accommodation (ASA) project at a school (details supplied); and if she will address the fact that this vital project has successfully cleared Stage 2b (Detailed Design & Planning) and attained full planning permission for 2 mainstream classrooms, 1 SEN Base, and a multi-purpose playing pitch, yet has been excluded from the immediate National Development Plan (NDP) 2026–2027 priority list; and if she will make a statement on the matter.",the minister for education and youth the status of the additional school accommodation asa project at a school details supplied and if she will address the fact that this vital project has successfully cleared stage 2b detailed design planning and attained full planning permission for 2 mainstream classrooms 1 sen base and a multi-purpose playing pitch yet has been excluded from the immediate national development plan ndp 2026 2027 priority list and 67835 26,Education and Youth,1420,1422
341. Deputy Sinéad Gibney asked the Minister for Education and Youth whether she will engage with an organisation (details supplied) regarding the policy on incremental credits; and whether it adequately assesses past experience of teaching abroad. [67983/26],,Education,2026-09-24,0.3413299024105072,Teaching Qualifications,Teaching Qualifications,0.3413299024105072,Teacher Training,0.2934487164020538,School Staff,0.209090769290924,Teaching Council of Ireland,0.075395330786705,Education Policy,0.01414464879781,Education and Training Boards,0.0041643190197646,Public Sector Pay,0.0041294125840067,Pupil-Teacher Ratio,0.003681152826175,School Curriculum,0.0033179086167365,Special Educational Needs,0.0026395104359835,67983/26,341,Sinéad Gibney,SINÉAD GIBNEY,written,en,To ask the Minister for Education and Youth whether she will engage with an organisation (details supplied) regarding the policy on incremental credits; and whether it adequately assesses past experience of teaching abroad.,the minister for education and youth whether she will engage with an organisation details supplied regarding the policy on incremental credits and whether it adequately assesses past experience of teaching abroad 67983 26,Education and Youth,1424,1426
342. Deputy Peadar Tóibín asked the Minister for Education and Youth if she will give the go ahead for the addition of the construction of an extension and a safe car park at a school (details supplied). [67981/26],,Education,2026-09-24,0.4807284772396087,Schools Building Projects,Schools Building Projects,0.4807284772396087,School Accommodation,0.2810326814651489,School Facilities,0.161743938922882,Schools Refurbishment,0.0395484082400798,Site Acquisitions,0.0105276191607117,School Funding,0.0062862052582204,Special Educational Needs,0.002642017789185,School Equipment,0.0012414873344823,Departmental Projects,0.0010566972196102,Schools Administration,0.0009174972656182,67981/26,342,Peadar Tóibín,PEADAR TÓIBÍN,written,en,To ask the Minister for Education and Youth if she will give the go ahead for the addition of the construction of an extension and a safe car park at a school (details supplied).,the minister for education and youth if she will give the go ahead for the addition of the construction of an extension and a safe car park at a school details supplied 67981 26,Education and Youth,1428,1430
"343. Deputy Michael Cahill asked the Minister for Culture, Communications and Sport to consider emergency life or death situations by immediately addressing the mobile phone black spots in County Kerry; and if he will make a statement on the matter. [67821/26]",,Culture,2026-09-24,0.2102850079536438,Telecommunications Infrastructure,Telecommunications Infrastructure,0.2102850079536438,Telecommunications Services,0.0602381266653537,Departmental Communications,0.0534746050834655,Online Safety,0.0403342545032501,Other,0.0317823216319084,Emergency Planning,0.0275938529521226,Departmental Policies,0.0265690572559833,Departmental Data,0.0229685623198747,Departmental Meetings,0.022932494059205,Broadband Infrastructure,0.015817541629076,67821/26,343,Michael Cahill,MICHAEL CAHILL,written,en,"To ask the Minister for Culture, Communications and Sport to consider emergency life or death situations by immediately addressing the mobile phone black spots in County Kerry; and if he will make a statement on the matter.",the minister for culture communications and sport to consider emergency life or death situations by immediately addressing the mobile phone black spots in county kerry and 67821 26,"Culture, Communications and Sport",1435,1437
"344. Deputy Donnchadh Ó Laoghaire asked the Minister for Culture, Communications and Sport when the next round of Sports Capital Grant Funding will be open for applications. [67832/26]",,Culture,2026-09-24,0.9337614178657532,Sports Funding,Sports Funding,0.9337614178657532,Departmental Funding,0.0365225374698638,Sports Facilities,0.004932623822242,Departmental Schemes,0.0033844504505395,Departmental Expenditure,0.0029732363764196,Sport and Recreational Development,0.0028191816527396,Grant Payments,0.0023908882867544,Sports Organisations,0.0017058480298146,Departmental Data,0.0012525990605354,Departmental Budgets,0.0008125005406327,67832/26,344,Donnchadh Ó Laoghaire,DONNCHADH Ó LAOGHAIRE,written,en,"To ask the Minister for Culture, Communications and Sport when the next round of Sports Capital Grant Funding will be open for applications.",the minister for culture communications and sport when the next round of sports capital grant funding will be open for applications 67832 26,"Culture, Communications and Sport",1439,1441
"345. Deputy Cian O'Callaghan asked the Minister for Culture, Communications and Sport to confirm if his Department has appointed a suitably qualified individual to carry out an assessment of the issues faced by An Post retirees, as requested by the Oireachtas Joint Committee on Arts, Media, Communications, Culture and Sport in a letter dated 29th of May 2026; and to outline the reason agreed pension increases have not yet been paid to An Post retirees. [67957/26]",,Culture,2026-09-24,0.4892958700656891,Public Sector Pensions,Public Sector Pensions,0.4892958700656891,Pension Provisions,0.356095016002655,State Pensions,0.0243053380399942,Public Sector Staff,0.0169568676501512,Health Services Staff,0.0075911725871264,Departmental Staff,0.0070546818897128,State Bodies,0.0065136342309415,Public Sector Pay,0.0064789708703756,Pensions Reform,0.0053232694044709,Departmental Inquiries,0.0044521372765302,67957/26,345,Cian O'Callaghan,CIAN O'CALLAGHAN,written,en,"To ask the Minister for Culture, Communications and Sport to confirm if his Department has appointed a suitably qualified individual to carry out an assessment of the issues faced by An Post retirees, as requested by the Oireachtas Joint Committee on Arts, Media, Communications, Culture and Sport in a letter dated 29th of May 2026; and to outline the reason agreed pension increases have not yet been paid to An Post retirees.",the minister for culture communications and sport to confirm if his department has appointed a suitably qualified individual to carry out an assessment of the issues faced by an post retirees as requested by the oireachtas joint committee on arts media communications culture and sport in a letter dated 29th of may 2026 and the reason agreed pension increases have not yet been paid to an post retirees 67957 26,"Culture, Communications and Sport",1443,1445
"346. Deputy Michael Cahill asked the Minister for Culture, Communications and Sport to assist an organisation (details supplied) to obtain Govern Body status; and if he will make a statement on the matter. [67939/26]",,Culture,2026-09-24,0.3467469811439514,Sports Funding,Sports Funding,0.3467469811439514,Sports Organisations,0.1429511159658432,Sport and Recreational Development,0.1173397153615951,Sports Facilities,0.0892622619867324,Departmental Funding,0.0408202186226844,Departmental Bodies,0.0273782424628734,Broadcasting Sector,0.0266988556832075,Sports Events,0.0179793611168861,State Bodies,0.012235197238624,Media Sector,0.0098076816648244,67939/26,346,Michael Cahill,MICHAEL CAHILL,written,en,"To ask the Minister for Culture, Communications and Sport to assist an organisation (details supplied) to obtain Govern Body status; and if he will make a statement on the matter.",the minister for culture communications and sport to assist an organisation details supplied to obtain govern body status and 67939 26,"Culture, Communications and Sport",1447,1449
"347. Deputy Malcolm Byrne asked the Minister for Culture, Communications and Sport for an update on the overhaul of the grant application system at the Arts Council and the review into the IT systems at the Arts Council. [67890/26]",,Culture,2026-09-24,0.5406490564346313,Arts Council,Arts Council,0.5406490564346313,Arts Policy,0.1073520481586456,Departmental Funding,0.0635083690285682,Artists' Remuneration,0.0434487089514732,Arts Funding,0.0398669019341468,Culture Policy,0.0253525208681821,Departmental Bodies,0.0127753717824816,State Bodies,0.0117914229631423,Other,0.0112571856006979,Departmental Schemes,0.0092097129672765,67890/26,347,Malcolm Byrne,MALCOLM BYRNE,written,en,"To ask the Minister for Culture, Communications and Sport for an update on the overhaul of the grant application system at the Arts Council and the review into the IT systems at the Arts Council.",the minister for culture communications and sport for an update on the overhaul of the grant application system at the arts council and the review into the it systems at the arts council 67890 26,"Culture, Communications and Sport",1451,1453
"348. Deputy Malcolm Byrne asked the Minister for Culture, Communications and Sport for further details on the proposed introduction of a Youth Culture Card, including the date on which it would be available. [67888/26]",,Culture,2026-09-24,0.3608930110931396,Culture Policy,Culture Policy,0.3608930110931396,Arts Funding,0.0648469552397728,Sports Facilities,0.060204442590475,Arts Policy,0.0599053278565406,Broadcasting Sector,0.038005843758583,Sport and Recreational Development,0.0355144590139389,Sports Events,0.0292836893349885,National Cultural Institutions,0.0282821711152791,Irish Language,0.0232559256255626,Gaeltacht Policy,0.0222398806363344,67888/26,348,Malcolm Byrne,MALCOLM BYRNE,written,en,"To ask the Minister for Culture, Communications and Sport for further details on the proposed introduction of a Youth Culture Card, including the date on which it would be available.",the minister for culture communications and sport for further details on the proposed introduction of a youth culture card including the date on which it would be available 67888 26,"Culture, Communications and Sport",1455,1457
"349. Deputy Michael Cahill asked the Minister for Culture, Communications and Sport when all broadband black spots in County Kerry will be addressed; and if he will make a statement on the matter. [67869/26]",,Culture,2026-09-24,0.6245267987251282,National Broadband Plan,National Broadband Plan,0.6245267987251282,Broadband Infrastructure,0.3268581926822662,Telecommunications Infrastructure,0.010287812910974,Telecommunications Services,0.0045671272091567,Departmental Data,0.0039992742240428,Departmental Policies,0.0031766381580382,Departmental Schemes,0.0018530421657487,Energy Policy,0.0014696855796501,Disability Services,0.0012249075807631,Departmental Strategies,0.0010494599118828,67869/26,349,Michael Cahill,MICHAEL CAHILL,written,en,"To ask the Minister for Culture, Communications and Sport when all broadband black spots in County Kerry will be addressed; and if he will make a statement on the matter.",the minister for culture communications and sport when all broadband black spots in county kerry will be addressed and 67869 26,"Culture, Communications and Sport",1459,1461
"350. Deputy Conor Sheehan asked the Minister for Culture, Communications and Sport if his attention has been drawn to the sale of a property (details supplied); if consideration will be given by the State to acquiring the property; his views on the potential to develop the site into a National Museum of Irish Education; and if he will make a statement on the matter. [67868/26]",,Culture,2026-09-24,0.1356240361928939,National Cultural Institutions,National Cultural Institutions,0.1356240361928939,Museum Projects,0.1031569391489029,Heritage Sites,0.0957036092877388,Culture Policy,0.0929032787680625,National Monuments,0.0385452508926391,State Properties,0.034413643181324,Arts Council,0.0343625098466873,Other,0.0320478603243827,Sports Events,0.0300410278141498,Office of Public Works,0.0260662678629159,67868/26,350,Conor Sheehan,CONOR SHEEHAN,written,en,"To ask the Minister for Culture, Communications and Sport if his attention has been drawn to the sale of a property (details supplied); if consideration will be given by the State to acquiring the property; his views on the potential to develop the site into a National Museum of Irish Education; and if he will make a statement on the matter.",the minister for culture communications and sport if his attention has been drawn to the sale of a property details supplied if consideration will be given by the state to acquiring the property his views on the potential to develop the site into a national museum of irish education and 67868 26,"Culture, Communications and Sport",1463,1465
"351. Deputy Naoise Ó Muirí asked the Minister for Culture, Communications and Sport for an update on an application (details supplied); and if he will make a statement on the matter [67798/26]",,Culture,2026-09-24,0.6346644163131714,Sports Funding,Sports Funding,0.6346644163131714,Sports Facilities,0.0991909131407737,Sport and Recreational Development,0.0378466695547103,Sports Organisations,0.0282941274344921,Sports Events,0.0192582421004772,Departmental Schemes,0.0150928199291229,Broadcasting Sector,0.0122579671442508,Swimming Pools,0.0093364603817462,Departmental Correspondence,0.0063679246231913,Departmental Funding,0.0053108413703739,67798/26,351,Naoise Ó Muirí,NAOISE Ó MUIRÍ,written,en,"To ask the Minister for Culture, Communications and Sport for an update on an application (details supplied); and if he will make a statement on the matter",the minister for culture communications and sport for an update on an application details supplied and 67798 26,"Culture, Communications and Sport",1467,1469
"352. Deputy John Connolly asked the Minister for Culture, Communications and Sport the total funding provided to each recipient media organisation under the local democracy reporting scheme since its establishment. [67837/26]",,Culture,2026-09-24,0.4422788321971893,Departmental Funding,Departmental Funding,0.4422788321971893,Broadcasting Sector,0.0737110450863838,Departmental Data,0.0531492456793785,Media Sector,0.0426939539611339,Departmental Expenditure,0.0351562872529029,State Bodies,0.0337724909186363,Other,0.0302495397627353,Departmental Bodies,0.0289443340152502,Departmental Schemes,0.014390499331057,Arts Policy,0.0121449772268533,67837/26,352,John Connolly,JOHN CONNOLLY,written,en,"To ask the Minister for Culture, Communications and Sport the total funding provided to each recipient media organisation under the local democracy reporting scheme since its establishment.",the minister for culture communications and sport the total funding provided to each recipient media organisation under the local democracy reporting scheme since its establishment 67837 26,"Culture, Communications and Sport",1471,1473
"353. Deputy John Connolly asked the Minister for Culture, Communications and Sport the total amount of funding allocated under the local democracy reporting scheme in 2025. [67836/26]",,Culture,2026-09-24,0.3769357800483703,Departmental Funding,Departmental Funding,0.3769357800483703,Departmental Data,0.0428053624927997,Departmental Bodies,0.0422838740050792,Other,0.0294633284211158,Community Development Projects,0.0291407797485589,Departmental Schemes,0.028603320941329,Departmental Expenditure,0.0283566769212484,State Bodies,0.027977230027318,Local Authorities,0.0277774389833211,Broadcasting Sector,0.0233914367854595,67836/26,353,John Connolly,JOHN CONNOLLY,written,en,"To ask the Minister for Culture, Communications and Sport the total amount of funding allocated under the local democracy reporting scheme in 2025.",the minister for culture communications and sport the total amount of funding allocated under the local democracy reporting scheme in 2025 67836 26,"Culture, Communications and Sport",1475,1477
"354. Deputy John Connolly asked the Minister for Culture, Communications and Sport the number of journalist posts created or supported under the local democracy reporting scheme. [67839/26]",,Culture,2026-09-24,0.1603597700595855,Departmental Data,Departmental Data,0.1603597700595855,Other,0.0914049744606018,Departmental Funding,0.0850216150283813,Broadcasting Sector,0.084279678761959,State Bodies,0.0778654962778091,Media Sector,0.0438666082918643,Departmental Bodies,0.0413234829902648,Departmental Schemes,0.0203601382672786,Departmental Advertising,0.0202838759869337,Departmental Expenditure,0.0196953304111957,67839/26,354,John Connolly,JOHN CONNOLLY,written,en,"To ask the Minister for Culture, Communications and Sport the number of journalist posts created or supported under the local democracy reporting scheme.",the minister for culture communications and sport the number of journalist posts created or supported under the local democracy reporting scheme 67839 26,"Culture, Communications and Sport",1479,1481
"355. Deputy John Connolly asked the Minister for Culture, Communications and Sport whether funding provided under the local democracy reporting scheme is provided per specific title of media outlet or per company. [67838/26]",,Culture,2026-09-24,0.3177452981472015,Departmental Funding,Departmental Funding,0.3177452981472015,Broadcasting Sector,0.1348372250795364,Media Sector,0.0668825730681419,Departmental Data,0.0556712783873081,State Bodies,0.0357255153357982,Departmental Expenditure,0.0342369861900806,Other,0.0329851023852825,Departmental Bodies,0.0243133381009101,Departmental Advertising,0.0234445761889219,Departmental Schemes,0.0214264597743749,67838/26,355,John Connolly,JOHN CONNOLLY,written,en,"To ask the Minister for Culture, Communications and Sport whether funding provided under the local democracy reporting scheme is provided per specific title of media outlet or per company.",the minister for culture communications and sport whether funding provided under the local democracy reporting scheme is provided per specific title of media outlet or per company 67838 26,"Culture, Communications and Sport",1483,1485
"356. Deputy Michael Cahill asked the Minister for Culture, Communications and Sport if he will consider providing additional funding in Budget 2027 for TG4; and if he will make a statement on the matter. [67995/26]",,Culture,2026-09-24,0.197965994477272,Budget 2026,Budget 2026,0.197965994477272,Departmental Funding,0.130154013633728,Budget 2024,0.0712981447577476,Budget 2025,0.0664017796516418,Budget 2023,0.0596418902277946,Departmental Budgets,0.0504763424396514,Other,0.0174934118986129,Broadcasting Sector,0.0172968637198209,Media Sector,0.0133257927373051,Social Welfare Payments,0.0116303144022822,67995/26,356,Michael Cahill,MICHAEL CAHILL,written,en,"To ask the Minister for Culture, Communications and Sport if he will consider providing additional funding in Budget 2027 for TG4; and if he will make a statement on the matter.",the minister for culture communications and sport if he will consider providing additional funding in budget 2027 for tg4 and 67995 26,"Culture, Communications and Sport",1487,1489
"357. Deputy Conor Sheehan asked the Minister for Housing, Local Government and Heritage if he will provide a firm deadline for the completion and publication of any report recommending changes to local electoral areas ahead of the 2029 local elections; when he expects the report to be finalised and delivered; and if he will ensure that any proposed changes are brought forward at the earliest possible opportunity to allow sufficient time for local authorities, elected representatives and prospective candidates to prepare for the 2029 local elections. [67951/26]",,Housing,2026-09-24,0.2508850693702698,Electoral Process,Electoral Process,0.2508850693702698,Local Authorities,0.1462727040052414,Local Government Reform,0.1056892573833465,Planning Issues,0.0312690995633602,Other,0.0269707832485437,Housing Policy,0.0219477917999029,Electoral Commission,0.0212511979043483,Election Management System,0.0193612966686487,Housing Provision,0.0190173778682947,Urban Development,0.0105201471596956,67951/26,357,Conor Sheehan,CONOR SHEEHAN,written,en,"To ask the Minister for Housing, Local Government and Heritage if he will provide a firm deadline for the completion and publication of any report recommending changes to local electoral areas ahead of the 2029 local elections; when he expects the report to be finalised and delivered; and if he will ensure that any proposed changes are brought forward at the earliest possible opportunity to allow sufficient time for local authorities, elected representatives and prospective candidates to prepare for the 2029 local elections.",the minister for housing local government and heritage if he will provide a firm deadline for the completion and publication of any report recommending changes to local electoral areas ahead of the 2029 local elections when he expects the report to be finalised and delivered and if he will ensure that any proposed changes are brought forward at the earliest possible opportunity to allow sufficient time for local authorities elected representatives and prospective candidates to prepare for the 2029 local elections 67951 26,"Housing, Local Government and Heritage",1494,1496
"358. Deputy Gary Gannon asked the Minister for Housing, Local Government and Heritage the reason guidelines for local authorities on local memorialisation of former Mother and Baby Home and County Home sites have not yet been published, noting that the relevant working group's report and guidelines were stated to be at an advanced drafting stage in April 2025; and to provide a definitive timetable for their completion and publication. [67779/26]",,Housing,2026-09-24,0.3189493119716644,Mother and Baby Homes,Mother and Baby Homes,0.3189493119716644,Mother and Baby Homes Inquiries,0.0754344314336776,Other,0.0364721231162548,Departmental Policies,0.0338130071759223,Departmental Schemes,0.0297209043055772,Burial Grounds,0.0268778316676616,Adoption Services,0.0239802729338407,Departmental Inquiries,0.0209442693740129,Departmental Programmes,0.0191706921905279,Residential Institutions,0.0159826315939426,67779/26,358,Gary Gannon,GARY GANNON,written,en,"To ask the Minister for Housing, Local Government and Heritage the reason guidelines for local authorities on local memorialisation of former Mother and Baby Home and County Home sites have not yet been published, noting that the relevant working group's report and guidelines were stated to be at an advanced drafting stage in April 2025; and to provide a definitive timetable for their completion and publication.",the minister for housing local government and heritage the reason guidelines for local authorities on local memorialisation of former mother and baby home and county home sites have not yet been published noting that the relevant working group s report and guidelines were stated to be at an advanced drafting stage in april 2025 and to provide a definitive timetable for their completion and publication 67779 26,"Housing, Local Government and Heritage",1498,1500
"359. Deputy Gary Gannon asked the Minister for Housing, Local Government and Heritage the current status of the guidelines being developed for local authorities in relation to local memorialisation projects associated with former Mother and Baby Homes and County Home Institutions; whether the guidelines have been completed and submitted for Ministerial approval; and the date on which they will be published and circulated to local authorities. [67778/26]",,Housing,2026-09-24,0.4421204030513763,Mother and Baby Homes,Mother and Baby Homes,0.4421204030513763,Mother and Baby Homes Inquiries,0.0868178531527519,Departmental Schemes,0.0279838424175977,Departmental Policies,0.027126982808113,Adoption Services,0.0239421855658292,Other,0.0202922020107507,Residential Institutions,0.018334787338972,Burial Grounds,0.0157745070755481,Departmental Inquiries,0.0146637931466102,Local Authorities,0.0129696624353528,67778/26,359,Gary Gannon,GARY GANNON,written,en,"To ask the Minister for Housing, Local Government and Heritage the current status of the guidelines being developed for local authorities in relation to local memorialisation projects associated with former Mother and Baby Homes and County Home Institutions; whether the guidelines have been completed and submitted for Ministerial approval; and the date on which they will be published and circulated to local authorities.",the minister for housing local government and heritage the current status of the guidelines being developed for local authorities local memorialisation projects associated with former mother and baby homes and county home institutions whether the guidelines have been completed and submitted for ministerial approval and the date on which they will be published and circulated to local authorities 67778 26,"Housing, Local Government and Heritage",1502,1504
"360. Deputy Carol Nolan asked the Minister for Housing, Local Government and Heritage the statutory process followed by An Coimisiún Pleanála in determining an appeal arising from a planning authority decision on a retention permission application for a domestic dwelling extension; whether both the applicant and eligible third parties may appeal such decisions; and if he will make a statement on the matter. [67878/26]",,Housing,2026-09-24,0.715610682964325,Planning Issues,Planning Issues,0.715610682964325,Housing Policy,0.0614415183663368,Housing Schemes,0.0369813069701194,Housing Provision,0.0236280392855405,Vacant Properties,0.0197041388601064,Rental Sector,0.0181721877306699,Departmental Schemes,0.0122554460540413,Departmental Data,0.0104299876838922,Local Authorities,0.0098882997408509,Departmental Inquiries,0.0095900809392333,67878/26,360,Carol Nolan,CAROL NOLAN,written,en,"To ask the Minister for Housing, Local Government and Heritage the statutory process followed by An Coimisiún Pleanála in determining an appeal arising from a planning authority decision on a retention permission application for a domestic dwelling extension; whether both the applicant and eligible third parties may appeal such decisions; and if he will make a statement on the matter.",the minister for housing local government and heritage the statutory process followed by an coimisiún pleanála in determining an appeal arising from a planning authority decision on a retention permission application for a domestic dwelling extension whether both the applicant and eligible third parties may appeal such decisions and 67878 26,"Housing, Local Government and Heritage",1506,1508
"361. Deputy Darren O'Rourke asked the Minister for Housing, Local Government and Heritage the way in which local authorities are mandated and supported to ensure growing urban communities have adequate greenspace; and if he is considering implementing minimum requirements in this regard. [67876/26]",,Housing,2026-09-24,0.2618237733840942,Urban Development,Urban Development,0.2618237733840942,Planning Issues,0.14607535302639,Local Authorities,0.1080327033996582,Regeneration Projects,0.1075120791792869,Housing Policy,0.0761181116104126,Housing Provision,0.0310046542435884,Water Services,0.025570997968316,Traveller Accommodation,0.0214543808251619,Departmental Policies,0.0200388506054878,Rural Schemes,0.0189287476241588,67876/26,361,Darren O'Rourke,DARREN O'ROURKE,written,en,"To ask the Minister for Housing, Local Government and Heritage the way in which local authorities are mandated and supported to ensure growing urban communities have adequate greenspace; and if he is considering implementing minimum requirements in this regard.",the minister for housing local government and heritage the way in which local authorities are mandated and supported to ensure growing urban communities have adequate greenspace and if he is considering implementing minimum requirements in this regard 67876 26,"Housing, Local Government and Heritage",1510,1512
"362. Deputy Eoin Ó Broin asked the Minister for Housing, Local Government and Heritage if he is aware of a case (details supplied); if there is a comprehensive explanation for the significant delay in emergency service availability; and the efforts ongoing to ensure such delays do not occur in the future. [67870/26]",,Housing,2026-09-24,0.222873568534851,Emergency Accommodation,Emergency Accommodation,0.222873568534851,Emergency Departments,0.1124175637960434,Emergency Services,0.0735298469662666,Homeless Accommodation,0.0400340296328067,Housing Provision,0.0364273153245449,Homeless Persons Supports,0.0280433595180511,Septic Tanks,0.0261745192110538,Housing Policy,0.0255005042999982,Housing Schemes,0.0220702141523361,Fire Safety,0.0200760401785373,67870/26,362,Eoin Ó Broin,EOIN Ó BROIN,written,en,"To ask the Minister for Housing, Local Government and Heritage if he is aware of a case (details supplied); if there is a comprehensive explanation for the significant delay in emergency service availability; and the efforts ongoing to ensure such delays do not occur in the future.",the minister for housing local government and heritage if he is aware of a case details supplied if there is a comprehensive explanation for the significant delay in emergency service availability and the efforts ongoing to ensure such delays do not occur in the future 67870 26,"Housing, Local Government and Heritage",1514,1516
"363. Deputy Sinéad Gibney asked the Minister for Housing, Local Government and Heritage his Department's policy on the commencement of work on sites where ecological impact assessments are over five years old and significant activity of a protected species has been observed, such as the establishment of a bat colony, in the intervening five years. [67987/26]",,Housing,2026-09-24,0.2944574654102325,Invasive Species Policy,Invasive Species Policy,0.2944574654102325,Wildlife Protection,0.2334080338478088,Wildlife Regulations,0.1312832236289978,Wildlife Conservation,0.1238238364458084,Special Areas of Conservation,0.0297171790152788,National Parks and Wildlife Service,0.0176313426345586,Animal Culls,0.0166485756635665,Hare Coursing,0.0147684141993522,Environmental Policy,0.0112550463527441,Animal Welfare,0.0107630742713809,67987/26,363,Sinéad Gibney,SINÉAD GIBNEY,written,en,"To ask the Minister for Housing, Local Government and Heritage his Department's policy on the commencement of work on sites where ecological impact assessments are over five years old and significant activity of a protected species has been observed, such as the establishment of a bat colony, in the intervening five years.",the minister for housing local government and heritage his department s policy on the commencement of work on sites where ecological impact assessments are over five years old and significant activity of a protected species has been observed such as the establishment of a bat colony in the intervening five years 67987 26,"Housing, Local Government and Heritage",1518,1520
"364. Deputy Cian O'Callaghan asked the Minister for Housing, Local Government and Heritage the reason the National Parks and Wildlife Service (NPWS) no longer send a representative to attend a committee (details supplied); and if the NPWS will send a representative to attend meetings in the future. [67783/26]",,Housing,2026-09-24,0.8825900554656982,National Parks and Wildlife Service,National Parks and Wildlife Service,0.8825900554656982,National Parks,0.0244887340813875,Wildlife Protection,0.0105116171762347,Wildlife Regulations,0.0100687490776181,Special Areas of Conservation,0.007363406009972,State Bodies,0.0031890587415546,Local Authorities,0.0031733615323901,Wildlife Conservation,0.0030307844281196,Animal Culls,0.0029098803643137,Land Issues,0.0022868432570248,67783/26,364,Cian O'Callaghan,CIAN O'CALLAGHAN,written,en,"To ask the Minister for Housing, Local Government and Heritage the reason the National Parks and Wildlife Service (NPWS) no longer send a representative to attend a committee (details supplied); and if the NPWS will send a representative to attend meetings in the future.",the minister for housing local government and heritage the reason the national parks and wildlife service npws no longer send a representative to attend a committee details supplied and if the npws will send a representative to attend meetings in the future 67783 26,"Housing, Local Government and Heritage",1522,1524
"365. Deputy Peadar Tóibín asked the Minister for Housing, Local Government and Heritage the number of people are there on the housing waiting list who are on working visas; who are applying for asylum; and who have achieved asylum. [67986/26]",,Housing,2026-09-24,0.3860867917537689,Asylum Seekers,Asylum Seekers,0.3860867917537689,Asylum Applications,0.1094538420438766,International Protection,0.0843927487730979,Departmental Data,0.0578587800264358,Housing Provision,0.0416367352008819,Emergency Accommodation,0.033879667520523,Immigration Support Services,0.0215850789099931,Immigration Policy,0.0209215935319662,Ukraine War,0.0192464161664247,Passport Services,0.0179822314530611,67986/26,365,Peadar Tóibín,PEADAR TÓIBÍN,written,en,"To ask the Minister for Housing, Local Government and Heritage the number of people are there on the housing waiting list who are on working visas; who are applying for asylum; and who have achieved asylum.",the minister for housing local government and heritage the number of people are there on the housing waiting list who are on working visas who are applying for asylum and who have achieved asylum 67986 26,"Housing, Local Government and Heritage",1526,1528
"366. Deputy Peadar Tóibín asked the Minister for Housing, Local Government and Heritage the number of people on the housing waiting list who have less than one year habitual residence in Ireland; two years’ habitual residence in Ireland; three years’ habitual residence in Ireland; four year’s habitual residence in Ireland; and five years’ habitual residence in Ireland. [67984/26]",,Housing,2026-09-24,0.8241750001907349,Housing Provision,Housing Provision,0.8241750001907349,Departmental Data,0.0714479237794876,Housing Policy,0.0455397777259349,Housing Schemes,0.0201259478926658,Local Authorities,0.0053817480802536,Rental Sector,0.0035834619775414,Vacant Properties,0.0031716374214738,Passport Services,0.0014213235117495,Approved Housing Bodies,0.0014158390695229,House Sales,0.0013289597118273,67984/26,366,Peadar Tóibín,PEADAR TÓIBÍN,written,en,"To ask the Minister for Housing, Local Government and Heritage the number of people on the housing waiting list who have less than one year habitual residence in Ireland; two years’ habitual residence in Ireland; three years’ habitual residence in Ireland; four year’s habitual residence in Ireland; and five years’ habitual residence in Ireland.",the minister for housing local government and heritage the number of people on the housing waiting list who have less than one year habitual residence in ireland two years habitual residence in ireland three years habitual residence in ireland four year s habitual residence in ireland and five years habitual residence in ireland 67984 26,"Housing, Local Government and Heritage",1530,1532
"367. Deputy Peadar Tóibín asked the Minister for Housing, Local Government and Heritage the supports that are available for homeowners who need grants to help update their small group septic tank systems (details supplied). [67982/26]",,Housing,2026-09-24,0.904934585094452,Septic Tanks,Septic Tanks,0.904934585094452,Wastewater Treatment,0.0078801605850458,Local Authorities,0.0058364258147776,Housing Schemes,0.0058230878785252,Departmental Schemes,0.005295576993376,Turf Cutting,0.0043352949433028,Defective Building Materials,0.0039535453543066,Agriculture Schemes,0.003256764030084,Fire Service,0.0031219064258038,Housing Provision,0.0027556167915463,67982/26,367,Peadar Tóibín,PEADAR TÓIBÍN,written,en,"To ask the Minister for Housing, Local Government and Heritage the supports that are available for homeowners who need grants to help update their small group septic tank systems (details supplied).",the minister for housing local government and heritage the supports that are available for homeowners who need grants to help update their small group septic tank systems details supplied 67982 26,"Housing, Local Government and Heritage",1534,1536
"368. Deputy Shónagh Ní Raghallaigh asked the Minister for Housing, Local Government and Heritage his plans to introduce a visitor accommodation levy to offset the societal cost of tourism and raise revenue for community infrastructure. [67717/26]",,Housing,2026-09-24,0.2764618098735809,Tourism Industry,Tourism Industry,0.2764618098735809,Traveller Accommodation,0.1438497751951217,Tourist Accommodation,0.1273698508739471,Tourism Policy,0.1089986488223075,Tourism Funding,0.0352398157119751,Tourism Promotion,0.0302522182464599,Urban Development,0.0171581991016864,Rental Sector,0.0159545447677373,Student Accommodation,0.0133939180523157,Housing Policy,0.0117896161973476,67717/26,368,Shónagh Ní Raghallaigh,SHÓNAGH NÍ RAGHALLAIGH,written,en,"To ask the Minister for Housing, Local Government and Heritage his plans to introduce a visitor accommodation levy to offset the societal cost of tourism and raise revenue for community infrastructure.",the minister for housing local government and heritage his plans to introduce a visitor accommodation levy to offset the societal cost of tourism and raise revenue for community infrastructure 67717 26,"Housing, Local Government and Heritage",1538,1540
"369. Deputy Ken O'Flynn asked the Minister for Social Protection to provide a full account of the outcomes and success rate of the JobPath programme operated by organisations (details supplied), including the number of people referred, the number who secured employment and the number who remained in employment for a sustained period, given that 351,319 people were referred between 2015 and 2022 and the programme cost the State €344.6 million; and the total cost to the State to date. [67192/26]",,Social,2026-09-24,0.3204358518123626,Employment Schemes,Employment Schemes,0.3204358518123626,Employment Support Services,0.253702849149704,Departmental Data,0.0997314751148223,Community Employment Schemes,0.0949222967028617,Social Welfare Schemes,0.0353025719523429,Departmental Schemes,0.0259098671376705,Social Welfare Benefits,0.0162437353283166,Departmental Funding,0.0149887101724743,Disability Services,0.0073544071055948,Enterprise Support Services,0.0059450324624776,67192/26,369,Ken O'Flynn,KEN O'FLYNN,written,en,"To ask the Minister for Social Protection to provide a full account of the outcomes and success rate of the JobPath programme operated by organisations (details supplied), including the number of people referred, the number who secured employment and the number who remained in employment for a sustained period, given that 351,319 people were referred between 2015 and 2022 and the programme cost the State €344.6 million; and the total cost to the State to date.",the minister for social protection to provide a full account of the outcomes and success rate of the jobpath programme operated by organisations details supplied including the number of people referred the number who secured employment and the number who remained in employment for a sustained period given that 351 319 people were referred between 2015 and 2022 and the programme cost the state 344 6 million and the total cost to the state to date 67192 26,Social Protection,1545,1547
370. Deputy Ciarán Ahern asked the Minister for Social Protection the reason a person aged under 66 years-of-age who moved from receiving an invalidity pension to a bereaved partners contributory pension is no longer eligible to receive the living alone increase; whether this distinction has been reviewed for fairness and equality; if he will consider amending legislation to include widows and widowers under 66 years-of-age who live alone and are in receipt of a bereaved partners contributory pension as eligible to receive the living alone increase; and the additional measures he is considering to support widows and widowers under 66 who live alone. [67747/26],,Social,2026-09-24,0.4987596571445465,Social Welfare Eligibility,Social Welfare Eligibility,0.4987596571445465,Social Welfare Code,0.1847767978906631,Social Welfare Benefits,0.0987737700343132,Social Welfare Payments,0.0479181073606014,Pension Provisions,0.0310986470431089,State Pensions,0.0305962730199098,Social Welfare Schemes,0.0218624267727136,Widow's Pension,0.0182956177741289,Social Welfare Rates,0.0159798525273799,Pensions Reform,0.0063755987212061,67747/26,370,Ciarán Ahern,CIARÁN AHERN,written,en,To ask the Minister for Social Protection the reason a person aged under 66 years-of-age who moved from receiving an invalidity pension to a bereaved partners contributory pension is no longer eligible to receive the living alone increase; whether this distinction has been reviewed for fairness and equality; if he will consider amending legislation to include widows and widowers under 66 years-of-age who live alone and are in receipt of a bereaved partners contributory pension as eligible to receive the living alone increase; and the additional measures he is considering to support widows and widowers under 66 who live alone.,the minister for social protection the reason a person aged under 66 years-of-age who moved from receiving an invalidity pension to a bereaved partners contributory pension is no longer eligible to receive the living alone increase whether this distinction has been reviewed for fairness and equality if he will consider amending legislation to include widows and widowers under 66 years-of-age who live alone and are in receipt of a bereaved partners contributory pension as eligible to receive the living alone increase and the additional measures he is considering to support widows and widowers under 66 who live alone 67747 26,Social Protection,1549,1551
371. Deputy John Mcguinness asked the Minister for Social Protection the final number of participants in MyFutureFund who were eligible to opt out during the first opt-out window ending on 31 August 2026; the number and percentage who opted out; the number who subsequently cancelled an opt-out request during the cooling-off period; the total value of employee contributions refunded; the corresponding value of employer and State contributions retained in participants’ funds (details supplied); and if he will make a statement on the matter. [67997/26],,Social,2026-09-24,0.2346453517675399,Social Welfare Schemes,Social Welfare Schemes,0.2346453517675399,Departmental Data,0.1391097009181976,Social Welfare Payments,0.1281466037034988,Social Welfare Benefits,0.0971399992704391,Social Insurance,0.0683223903179168,Social Welfare Code,0.0224816035479307,Departmental Schemes,0.0216826535761356,Social Welfare Rates,0.0200517997145652,Social Welfare Eligibility,0.0177000910043716,Employment Support Services,0.0153272915631532,67997/26,371,John Mcguinness,JOHN MCGUINNESS,written,en,To ask the Minister for Social Protection the final number of participants in MyFutureFund who were eligible to opt out during the first opt-out window ending on 31 August 2026; the number and percentage who opted out; the number who subsequently cancelled an opt-out request during the cooling-off period; the total value of employee contributions refunded; the corresponding value of employer and State contributions retained in participants’ funds (details supplied); and if he will make a statement on the matter.,the minister for social protection the final number of participants in myfuturefund who were eligible to opt out during the first opt-out window ending on 31 august 2026 the number and percentage who opted out the number who subsequently cancelled an opt-out request during the cooling-off period the total value of employee contributions refunded the corresponding value of employer and state contributions retained in participants funds details supplied and 67997 26,Social Protection,1553,1555
372. Deputy Charles Ward asked the Minister for Social Protection if he is aware of reports from employers participating in the My Future Fund auto-enrolment pension initiative regarding significant delays in the processing and reimbursement of payments due to businesses; if his Department has assessed the impact such delays are having on the cash flow of small and micro-enterprises; the average waiting time currently being experienced for reimbursement; and the measures being taken to improve response times and communication with participating employers. [67985/26],,Social,2026-09-24,0.7481226325035095,Pension Provisions,Pension Provisions,0.7481226325035095,State Pensions,0.0556648150086402,Public Sector Pensions,0.0522139370441436,Pensions Reform,0.0300672277808189,Social Insurance,0.0080748982727527,Departmental Budgets,0.0047244150191545,Social Welfare Code,0.0041092801839113,Social Welfare Benefits,0.0038287532515823,Other,0.0033034256193786,Departmental Schemes,0.0031814074609428,67985/26,372,Charles Ward,CHARLES WARD,written,en,To ask the Minister for Social Protection if he is aware of reports from employers participating in the My Future Fund auto-enrolment pension initiative regarding significant delays in the processing and reimbursement of payments due to businesses; if his Department has assessed the impact such delays are having on the cash flow of small and micro-enterprises; the average waiting time currently being experienced for reimbursement; and the measures being taken to improve response times and communication with participating employers.,the minister for social protection if he is aware of reports from employers participating in the my future fund auto-enrolment pension initiative regarding significant delays in the processing and reimbursement of payments due to businesses if his department has assessed the impact such delays are having on the cash flow of small and micro-enterprises the average waiting time currently being experienced for reimbursement and the measures being taken to improve response times and communication with participating employers 67985 26,Social Protection,1557,1559
373. Deputy Barry Ward asked the Minister for Social Protection if a school (details supplied) can qualify for funding to support the provision of a breakfast club in the school which is currently provided using funds from an organisation (details supplied). [67696/26],,Social,2026-09-24,0.9649543762207032,School Meals Programme,School Meals Programme,0.9649543762207032,Departmental Funding,0.0047875423915684,Social Welfare Schemes,0.0035643740557134,School Funding,0.0022467151284217,School Facilities,0.0020398134365677,Departmental Schemes,0.0018279971554875,Social Welfare Eligibility,0.0018261485965922,Social Welfare Benefits,0.0016156267374753,Social Welfare Payments,0.0011054528877139,Departmental Data,0.0009495633421465,67696/26,373,Barry Ward,BARRY WARD,written,en,To ask the Minister for Social Protection if a school (details supplied) can qualify for funding to support the provision of a breakfast club in the school which is currently provided using funds from an organisation (details supplied).,the minister for social protection if a school details supplied can qualify for funding to support the provision of a breakfast club in the school which is currently provided using funds from an organisation details supplied 67696 26,Social Protection,1561,1563
374. Deputy Barry Ward asked the Minister for Social Protection the position regarding funding for breakfast clubs for non DEIS schools; and if there is a scheme for schools in this position to apply for. [67695/26],,Social,2026-09-24,0.9803110361099244,School Meals Programme,School Meals Programme,0.9803110361099244,Social Welfare Schemes,0.0028774060774594,Departmental Schemes,0.0015595644945278,Social Welfare Benefits,0.0014871096936985,Departmental Funding,0.0011610053479671,School Funding,0.0008817373309284,Social Welfare Eligibility,0.0008761723292991,School Facilities,0.0008489990723319,Departmental Data,0.0007645091973245,Social Welfare Payments,0.0007077772752381,67695/26,374,Barry Ward,BARRY WARD,written,en,To ask the Minister for Social Protection the position regarding funding for breakfast clubs for non DEIS schools; and if there is a scheme for schools in this position to apply for.,the minister for social protection the position regarding funding for breakfast clubs for non deis schools and if there is a scheme for schools in this position to apply for 67695 26,Social Protection,1565,1567
"375. Deputy Robert Troy asked the Minister for Justice, Home Affairs and Migration under the Irish Nationality and Citizenship Bill 2026, if any person who holds any period of reckonable residence on the day the act commences, continues to be assessed under the residence conditions in force on that day (details supplied). [67694/26]",,Justice,2026-09-24,0.4784102439880371,Citizenship Applications,Citizenship Applications,0.4784102439880371,Residency Permits,0.1297851353883743,Immigration Status,0.1094558909535408,Departmental Data,0.0597735121846199,Immigration Policy,0.0503037273883819,Naturalisation Applications,0.0298179592937231,Legislative Measures,0.0292331706732511,Other,0.0130353746935725,International Protection,0.007866789586842,Departmental Policies,0.0072024744004011,67694/26,375,Robert Troy,ROBERT TROY,written,en,"To ask the Minister for Justice, Home Affairs and Migration under the Irish Nationality and Citizenship Bill 2026, if any person who holds any period of reckonable residence on the day the act commences, continues to be assessed under the residence conditions in force on that day (details supplied).",the minister for justice home affairs and migration under the irish nationality and citizenship bill 2026 if any person who holds any period of reckonable residence on the day the act commences continues to be assessed under the residence conditions in force on that day details supplied 67694 26,"Justice, Home Affairs and Migration",1572,1574
"376. Deputy Gary Gannon asked the Minister for Justice, Home Affairs and Migration to provide the recognition or appeal-success rate for international protection appeals to date in 2026, by year, nationality, application procedure; and whether an oral hearing was held and, where legally permissible, with an individual Tribunal member or Appeals Officer. [67711/26]",,Justice,2026-09-24,0.9684412479400636,International Protection,International Protection,0.9684412479400636,Departmental Data,0.0048285131342709,Asylum Seekers,0.0041600451804697,Asylum Applications,0.0023657977581024,Refugee Resettlement Programme,0.0020489762537181,Immigration Policy,0.0018158558523282,Immigration Support Services,0.0015056377742439,Ukraine War,0.001473449752666,Family Reunification,0.001388615113683,Direct Provision System,0.00126658170484,67711/26,376,Gary Gannon,GARY GANNON,written,en,"To ask the Minister for Justice, Home Affairs and Migration to provide the recognition or appeal-success rate for international protection appeals to date in 2026, by year, nationality, application procedure; and whether an oral hearing was held and, where legally permissible, with an individual Tribunal member or Appeals Officer.",the minister for justice home affairs and migration to provide the recognition or appeal-success rate for international protection appeals to date in 2026 by year nationality application procedure and whether an oral hearing was held and where legally permissible with an individual tribunal member or appeals officer 67711 26,"Justice, Home Affairs and Migration",1576,1578
"377. Deputy Gary Gannon asked the Minister for Justice, Home Affairs and Migration the guidelines, practice directions, training materials and country-of-origin information provided to members of the International Protection Appeals Tribunal and Appeals Officers of the Tribunal for Asylum and Returns Appeals when determining international protection appeals; whether these materials are publicly available; and if he will publish any that are not currently available. [67705/26]",,Justice,2026-09-24,0.9562051296234132,International Protection,International Protection,0.9562051296234132,Asylum Seekers,0.0114237051457166,Asylum Applications,0.0062220180407166,Immigration Policy,0.004358887206763,Departmental Data,0.0025442678015679,Direct Provision System,0.0022083090152591,Immigration Support Services,0.0018096418352797,Refugee Resettlement Programme,0.0010855707805603,Family Reunification,0.0010061968350782,Immigration Status,0.0009388772305101,67705/26,377,Gary Gannon,GARY GANNON,written,en,"To ask the Minister for Justice, Home Affairs and Migration the guidelines, practice directions, training materials and country-of-origin information provided to members of the International Protection Appeals Tribunal and Appeals Officers of the Tribunal for Asylum and Returns Appeals when determining international protection appeals; whether these materials are publicly available; and if he will publish any that are not currently available.",the minister for justice home affairs and migration the guidelines practice directions training materials and country-of-origin information provided to members of the international protection appeals tribunal and appeals officers of the tribunal for asylum and returns appeals when determining international protection appeals whether these materials are publicly available and if he will publish any that are not currently available 67705 26,"Justice, Home Affairs and Migration",1580,1582
"378. Deputy Paul Lawless asked the Minister for Justice, Home Affairs and Migration the number of deportation orders that have been revoked by his Department in each of the past ten years; and if he will make a statement on the matter. [67703/26]",,Justice,2026-09-24,0.9273834228515624,Deportation Orders,Deportation Orders,0.9273834228515624,Departmental Data,0.0307337418198585,Asylum Seekers,0.0032426035031676,Asylum Applications,0.0029008754063397,Prison Service,0.0028128279373049,Immigration Policy,0.0018065456533804,Family Reunification,0.0018004466546699,Residency Permits,0.0014914907515048,Departmental Staff,0.0013790791854262,Coroners Service,0.0013562608510255,67703/26,378,Paul Lawless,PAUL LAWLESS,written,en,"To ask the Minister for Justice, Home Affairs and Migration the number of deportation orders that have been revoked by his Department in each of the past ten years; and if he will make a statement on the matter.",the minister for justice home affairs and migration the number of deportation orders that have been revoked by his department in each of the past ten years and 67703 26,"Justice, Home Affairs and Migration",1584,1586
"379. Deputy Johnny Guirke asked the Minister for Justice, Home Affairs and Migration to provide a list of all Peace Commissioners appointed from 20 June 2024 to date in 2026; and if he will make a statement on the matter. [67702/26]",,Justice,2026-09-24,0.7320554852485657,Peace Commissioners,Peace Commissioners,0.7320554852485657,Coroners Service,0.0189135447144508,Other,0.0188949853181839,Departmental Data,0.0120873861014842,"Domestic, Sexual and Gender-based Violence",0.0120750460773706,Northern Ireland,0.0084161171689629,Official Engagements,0.008135768584907,Courts Service,0.0074241240508854,Prison Service,0.0060927523300051,Departmental Policies,0.0051916888915002,67702/26,379,Johnny Guirke,JOHNNY GUIRKE,written,en,"To ask the Minister for Justice, Home Affairs and Migration to provide a list of all Peace Commissioners appointed from 20 June 2024 to date in 2026; and if he will make a statement on the matter.",the minister for justice home affairs and migration to provide a list of all peace commissioners appointed from 20 june 2024 to date in 2026 and 67702 26,"Justice, Home Affairs and Migration",1588,1590
"380. Deputy Mairéad Farrell asked the Minister for Justice, Home Affairs and Migration to provide an update on current processing times for stamp 0 permissions; if he is aware that there is a person (details supplied) who is currently waiting six months to renew their Stamp 0 permission, which has to be renewed on an annual basis; and the steps his Department is taking to address the delays. [67701/26]",,Justice,2026-09-24,0.3959147930145263,Visa Applications,Visa Applications,0.3959147930145263,Residency Permits,0.239671528339386,Immigration Status,0.2197630405426025,Immigration Policy,0.0594340227544307,International Protection,0.0129995038732886,Family Reunification,0.0129873352125287,Visa Agreements,0.0087236380204558,Citizenship Applications,0.0063252793624997,Asylum Applications,0.0043377364054322,Departmental Data,0.0039833486080169,67701/26,380,Mairéad Farrell,MAIRÉAD FARRELL,written,en,"To ask the Minister for Justice, Home Affairs and Migration to provide an update on current processing times for stamp 0 permissions; if he is aware that there is a person (details supplied) who is currently waiting six months to renew their Stamp 0 permission, which has to be renewed on an annual basis; and the steps his Department is taking to address the delays.",the minister for justice home affairs and migration to provide an update on current processing times for stamp 0 permissions if he is aware that there is a person details supplied who is currently waiting six months to renew their stamp 0 permission which has to be renewed on an annual basis and the steps his department is taking to address the delays 67701 26,"Justice, Home Affairs and Migration",1592,1594
"381. Deputy Paul Lawless asked the Minister for Justice, Home Affairs and Migration the number of judicial reviews that were undertaken by asylum seekers against IPAT rulings for each of the past five years; the cost to the State in terms of free legal aid for those taking the judicial reviews and also for those defending against these judicial reviews, for each of the past five years. [67700/26]",,Justice,2026-09-24,0.3450729250907898,Legal Aid,Legal Aid,0.3450729250907898,International Protection,0.1402592360973358,Asylum Seekers,0.0972522124648094,Asylum Applications,0.0624233447015285,Departmental Data,0.0526420101523399,Departmental Legal Cases,0.0465712994337081,Departmental Legal Services,0.0253393501043319,Domestic Violence,0.017430068925023,Immigration Policy,0.0168616585433483,"Domestic, Sexual and Gender-based Violence",0.0158975087106227,67700/26,381,Paul Lawless,PAUL LAWLESS,written,en,"To ask the Minister for Justice, Home Affairs and Migration the number of judicial reviews that were undertaken by asylum seekers against IPAT rulings for each of the past five years; the cost to the State in terms of free legal aid for those taking the judicial reviews and also for those defending against these judicial reviews, for each of the past five years.",the minister for justice home affairs and migration the number of judicial reviews that were undertaken by asylum seekers against ipat rulings for each of the past five years the cost to the state in terms of free legal aid for those taking the judicial reviews and also for those defending against these judicial reviews for each of the past five years 67700 26,"Justice, Home Affairs and Migration",1596,1598
"382. Deputy Shay Brennan asked the Minister for Justice, Home Affairs and Migration the position regarding join family visa applications (details supplied). [67813/26]",,Justice,2026-09-24,0.5598973035812378,Family Reunification,Family Reunification,0.5598973035812378,Visa Applications,0.3780759274959564,Residency Permits,0.008884510025382,Immigration Status,0.0083397570997476,International Protection,0.0069922120310366,Immigration Policy,0.0065416651777923,Visa Agreements,0.0058603920042514,Asylum Applications,0.0027099999133497,Departmental Schemes,0.0026145009323954,Departmental Data,0.0024708337150514,67813/26,382,Shay Brennan,SHAY BRENNAN,written,en,"To ask the Minister for Justice, Home Affairs and Migration the position regarding join family visa applications (details supplied).",the minister for justice home affairs and migration the position regarding join family visa applications details supplied 67813 26,"Justice, Home Affairs and Migration",1600,1602
"383. Deputy Paul Lawless asked the Minister for Justice, Home Affairs and Migration the current Garda strength assigned to the Mayo Garda Division, including community policing personnel; the number of Garda vacancies in the division; and if he will make a statement on the matter. [67828/26]",,Justice,2026-09-24,0.9889143109321594,An Garda Síochána,An Garda Síochána,0.9889143109321594,Departmental Data,0.007392787374556,Crime Prevention,0.0007614460191689,Departmental Staff,0.000238775712205,Probation and Welfare Service,0.0001606150763109,Closed-Circuit Television Systems,0.0001455966994399,Crime Data,0.0001367203949484,Public Sector Staff,0.00013089569984,Ministerial Staff,0.0001101188972825,Domestic Violence,0.0001058226844179,67828/26,383,Paul Lawless,PAUL LAWLESS,written,en,"To ask the Minister for Justice, Home Affairs and Migration the current Garda strength assigned to the Mayo Garda Division, including community policing personnel; the number of Garda vacancies in the division; and if he will make a statement on the matter.",the minister for justice home affairs and migration the current garda strength assigned to the mayo garda division including community policing personnel the number of garda vacancies in the division and 67828 26,"Justice, Home Affairs and Migration",1604,1606
"384. Deputy Paul Lawless asked the Minister for Justice, Home Affairs and Migration the measures being taken to address repeat offending and anti social behaviour in towns and rural communities; the number of persons convicted of repeat theft and public order offences in each of the past five years; and if he will make a statement on the matter. [67827/26]",,Justice,2026-09-24,0.4686518609523773,Antisocial Behaviour,Antisocial Behaviour,0.4686518609523773,Crime Prevention,0.1437707990407943,An Garda Síochána,0.105124182999134,Departmental Data,0.0569596551358699,Departmental Policies,0.0212736744433641,Other,0.0111926682293415,Legislative Measures,0.0097183836624026,Road Traffic Offences,0.0088798021897673,Departmental Reviews,0.0076544326730072,Sentencing Policy,0.0075739040039479,67827/26,384,Paul Lawless,PAUL LAWLESS,written,en,"To ask the Minister for Justice, Home Affairs and Migration the measures being taken to address repeat offending and anti social behaviour in towns and rural communities; the number of persons convicted of repeat theft and public order offences in each of the past five years; and if he will make a statement on the matter.",the minister for justice home affairs and migration the measures being taken to address repeat offending and anti social behaviour in towns and rural communities the number of persons convicted of repeat theft and public order offences in each of the past five years and 67827 26,"Justice, Home Affairs and Migration",1608,1610
"385. Deputy Emer Currie asked the Minister for Justice, Home Affairs and Migration the reason the Garda vetting process does not allow for Northern Ireland to be selected as a birthplace, given Northern Ireland is recognised as an identity in the Northern Ireland census; whether he will change it for persons who do not consider themselves as primarily Irish or British but Northern Irish; whether this has changed since the introduction of the ECRIS (European Criminal Records Information System); and whether he considers it acceptable that 20 additional days are required in the vetting process for people who include an address for Northern Ireland. [67898/26]",,Justice,2026-09-24,0.4022571146488189,An Garda Síochána,An Garda Síochána,0.4022571146488189,Northern Ireland,0.0651107132434845,Census of Population,0.0558695271611213,Other,0.0353580191731452,Immigration Policy,0.022986015304923,Departmental Data,0.0226934161037206,Departmental Policies,0.0165626257658004,Departmental Offices,0.0136432480067014,Departmental Inquiries,0.0131849180907011,Coroners Service,0.0117278322577476,67898/26,385,Emer Currie,EMER CURRIE,written,en,"To ask the Minister for Justice, Home Affairs and Migration the reason the Garda vetting process does not allow for Northern Ireland to be selected as a birthplace, given Northern Ireland is recognised as an identity in the Northern Ireland census; whether he will change it for persons who do not consider themselves as primarily Irish or British but Northern Irish; whether this has changed since the introduction of the ECRIS (European Criminal Records Information System); and whether he considers it acceptable that 20 additional days are required in the vetting process for people who include an address for Northern Ireland.",the minister for justice home affairs and migration the reason the garda vetting process does not allow for northern ireland to be selected as a birthplace given northern ireland is recognised as an identity in the northern ireland census whether he will change it for persons who do not consider themselves as primarily irish or british but northern irish whether this has changed since the introduction of the ecris european criminal records information system and whether he considers it acceptable that 20 additional days are required in the vetting process for people who include an address for northern ireland 67898 26,"Justice, Home Affairs and Migration",1612,1614
"386. Deputy Paul Lawless asked the Minister for Justice, Home Affairs and Migration To ask the Minister for Justice, Home Affairs and Migration if the Department, or any agency under the Department's aegis, funds, part-funds, or reimburses driving lessons, driving instructor fees, or driving test fees for asylum seekers or refugees; if so, the name of the scheme, its eligibility criteria, the total spend in each year since the scheme began, and the number of individuals assisted in each year; and if he will make a statement on the matter. [67734/26]",,Justice,2026-09-24,0.1952193677425384,Departmental Schemes,Departmental Schemes,0.1952193677425384,International Protection,0.1555992662906646,Departmental Data,0.1265695393085479,Immigration Policy,0.0750546157360076,Asylum Seekers,0.0709198713302612,Departmental Expenditure,0.0572852455079555,Departmental Funding,0.0570421032607555,Departmental Staff,0.0361398234963417,Departmental Programmes,0.0224569179117679,Departmental Policies,0.0187784060835838,67734/26,386,Paul Lawless,PAUL LAWLESS,written,en,"To ask the Minister for Justice, Home Affairs and Migration To ask the Minister for Justice, Home Affairs and Migration if the Department, or any agency under the Department's aegis, funds, part-funds, or reimburses driving lessons, driving instructor fees, or driving test fees for asylum seekers or refugees; if so, the name of the scheme, its eligibility criteria, the total spend in each year since the scheme began, and the number of individuals assisted in each year; and if he will make a statement on the matter.",the minister for justice home affairs and migration to ask the minister for justice home affairs and migration if the department or any agency under the department s aegis funds part-funds or reimburses driving lessons driving instructor fees or driving test fees for asylum seekers or refugees if so the name of the scheme its eligibility criteria the total spend in each year since the scheme began and the number of individuals assisted in each year and 67734 26,"Justice, Home Affairs and Migration",1616,1618
"387. Deputy Ken O'Flynn asked the Minister for Justice, Home Affairs and Migration the number of incidents of criminal damage, arson and threats to kill or cause serious harm recorded in the Cork City division in each of the years 2021 to 2025 and to date in 2026 that were assessed as connected to the collection or enforcement of drug-related debts; and if he will make a statement on the matter. [67945/26]",,Justice,2026-09-24,0.4893200397491455,Departmental Data,Departmental Data,0.4893200397491455,An Garda Síochána,0.1930712163448333,Crime Prevention,0.1134203672409057,Drug Dealing,0.0633430257439613,Domestic Violence,0.0125741828233003,Other,0.0116356816142797,Antisocial Behaviour,0.0083361016586422,"Domestic, Sexual and Gender-based Violence",0.0065212715417146,Substance Misuse,0.0053994813933968,Victim Support Services,0.0046219062060117,67945/26,387,Ken O'Flynn,KEN O'FLYNN,written,en,"To ask the Minister for Justice, Home Affairs and Migration the number of incidents of criminal damage, arson and threats to kill or cause serious harm recorded in the Cork City division in each of the years 2021 to 2025 and to date in 2026 that were assessed as connected to the collection or enforcement of drug-related debts; and if he will make a statement on the matter.",the minister for justice home affairs and migration the number of incidents of criminal damage arson and threats to kill or cause serious harm recorded in the cork city division in each of the years 2021 to 2025 and to date in 2026 that were assessed as connected to the collection or enforcement of drug-related debts and 67945 26,"Justice, Home Affairs and Migration",1620,1622
"388. Deputy Ken O'Flynn asked the Minister for Justice, Home Affairs and Migration the number of reports made under the Drug Related Intimidation Reporting Programme in each of the years 2021 to 2025 and to date in 2026, by Garda division, with a specific breakdown for the Cork City and Cork/Kerry divisions; and if he will make a statement on the matter. [67937/26]",,Justice,2026-09-24,0.3206765353679657,Drug Dealing,Drug Dealing,0.3206765353679657,Departmental Data,0.3058034479618072,An Garda Síochána,0.172270119190216,Crime Prevention,0.0323778390884399,Substance Misuse,0.0287594627588987,Prison Service,0.0115019092336297,"Domestic, Sexual and Gender-based Violence",0.0093266805633902,Other,0.0062098847702145,Gangland Crime,0.0059032593853771,Addiction Treatment Services,0.0055429888889193,67937/26,388,Ken O'Flynn,KEN O'FLYNN,written,en,"To ask the Minister for Justice, Home Affairs and Migration the number of reports made under the Drug Related Intimidation Reporting Programme in each of the years 2021 to 2025 and to date in 2026, by Garda division, with a specific breakdown for the Cork City and Cork/Kerry divisions; and if he will make a statement on the matter.",the minister for justice home affairs and migration the number of reports made under the drug related intimidation reporting programme in each of the years 2021 to 2025 and to date in 2026 by garda division with a specific breakdown for the cork city and cork kerry divisions and 67937 26,"Justice, Home Affairs and Migration",1624,1626
"389. Deputy Ken O'Flynn asked the Minister for Justice, Home Affairs and Migration the number of persons refused leave to land at each airport in the State outside Dublin Airport in 2024, 2025 and to date in 2026, in tabular form; and if he will make a statement on the matter. [67936/26]",,Justice,2026-09-24,0.2801143527030945,Departmental Data,Departmental Data,0.2801143527030945,International Protection,0.1851729899644851,Immigration Policy,0.1521473228931427,Asylum Seekers,0.0457744486629962,Asylum Applications,0.0335732586681842,Visa Applications,0.0247957129031419,Deportation Orders,0.021694891154766,Travel Documents,0.0213153939694166,Visa Agreements,0.0200119018554687,Airport Security,0.0192028637975454,67936/26,389,Ken O'Flynn,KEN O'FLYNN,written,en,"To ask the Minister for Justice, Home Affairs and Migration the number of persons refused leave to land at each airport in the State outside Dublin Airport in 2024, 2025 and to date in 2026, in tabular form; and if he will make a statement on the matter.",the minister for justice home affairs and migration the number of persons refused leave to land at each airport in the state outside dublin airport in 2024 2025 and to date in 2026 in tabular form and 67936 26,"Justice, Home Affairs and Migration",1628,1630
"390. Deputy Ken O'Flynn asked the Minister for Justice, Home Affairs and Migration the current whole-time-equivalent strength of the divisional drugs units in the Cork City and Cork/Kerry divisions in each of the years 2021 to 2025 and to date in 2026; and if he will make a statement on the matter. [67944/26]",,Justice,2026-09-24,0.7453325390815735,An Garda Síochána,An Garda Síochána,0.7453325390815735,Departmental Data,0.1733395159244537,Crime Prevention,0.0188092086464166,Drug Dealing,0.0149416616186499,"Domestic, Sexual and Gender-based Violence",0.0038923830725252,Prison Service,0.0029692365787923,Domestic Violence,0.0023987297900021,Probation and Welfare Service,0.0019605655688792,Health Services,0.001908341422677,Departmental Staff,0.0019050982082262,67944/26,390,Ken O'Flynn,KEN O'FLYNN,written,en,"To ask the Minister for Justice, Home Affairs and Migration the current whole-time-equivalent strength of the divisional drugs units in the Cork City and Cork/Kerry divisions in each of the years 2021 to 2025 and to date in 2026; and if he will make a statement on the matter.",the minister for justice home affairs and migration the current whole-time-equivalent strength of the divisional drugs units in the cork city and cork kerry divisions in each of the years 2021 to 2025 and to date in 2026 and 67944 26,"Justice, Home Affairs and Migration",1632,1634
"391. Deputy Ken O'Flynn asked the Minister for Justice, Home Affairs and Migration the arrangements in place to ensure that every arriving international flight at airports outside Dublin is met by an immigration officer; the number of arriving international flights at Kerry Airport in 2025 and to date in 2026 that were not met by an immigration officer; and if he will make a statement on the matter. [67934/26]",,Justice,2026-09-24,0.4265770018100738,Immigration Policy,Immigration Policy,0.4265770018100738,Visa Agreements,0.0816724300384521,Travel Documents,0.0741928070783615,Departmental Data,0.0665348619222641,Visa Applications,0.0637015253305435,International Protection,0.0556190572679042,Asylum Seekers,0.0255696680396795,Asylum Applications,0.0241004228591918,Immigration Support Services,0.016656843945384,Airport Security,0.014718173071742,67934/26,391,Ken O'Flynn,KEN O'FLYNN,written,en,"To ask the Minister for Justice, Home Affairs and Migration the arrangements in place to ensure that every arriving international flight at airports outside Dublin is met by an immigration officer; the number of arriving international flights at Kerry Airport in 2025 and to date in 2026 that were not met by an immigration officer; and if he will make a statement on the matter.",the minister for justice home affairs and migration the arrangements in place to ensure that every arriving international flight at airports outside dublin is met by an immigration officer the number of arriving international flights at kerry airport in 2025 and to date in 2026 that were not met by an immigration officer and 67934 26,"Justice, Home Affairs and Migration",1636,1638
"392. Deputy Ken O'Flynn asked the Minister for Justice, Home Affairs and Migration the number of Garda National Immigration Bureau immigration officers assigned to each airport in the State outside Dublin Airport, namely Cork, Shannon, Kerry, Knock and Donegal; if each of these airports has immigration officer coverage for all arriving international flights; and if he will make a statement on the matter. [67933/26]",,Justice,2026-09-24,0.6911882162094116,An Garda Síochána,An Garda Síochána,0.6911882162094116,Immigration Policy,0.0926221460103988,Departmental Data,0.0701693296432495,International Protection,0.0144596025347709,Departmental Staff,0.0134120155125856,Immigration Status,0.0084059489890933,Citizenship Applications,0.008140742778778,Visa Agreements,0.0077356011606752,Immigration Support Services,0.0068424013443291,Deportation Orders,0.0043652411550283,67933/26,392,Ken O'Flynn,KEN O'FLYNN,written,en,"To ask the Minister for Justice, Home Affairs and Migration the number of Garda National Immigration Bureau immigration officers assigned to each airport in the State outside Dublin Airport, namely Cork, Shannon, Kerry, Knock and Donegal; if each of these airports has immigration officer coverage for all arriving international flights; and if he will make a statement on the matter.",the minister for justice home affairs and migration the number of garda national immigration bureau immigration officers assigned to each airport in the state outside dublin airport namely cork shannon kerry knock and donegal if each of these airports has immigration officer coverage for all arriving international flights and 67933 26,"Justice, Home Affairs and Migration",1640,1642
"393. Deputy Ken O'Flynn asked the Minister for Justice, Home Affairs and Migration the number of nominated Garda Inspectors currently assigned to the Drug Related Intimidation Reporting Programme in the Cork City and Cork/Kerry divisions; and if he will make a statement on the matter. [67942/26]",,Justice,2026-09-24,0.8369203805923462,An Garda Síochána,An Garda Síochána,0.8369203805923462,Drug Dealing,0.0662536025047302,Departmental Data,0.0425100550055503,Crime Prevention,0.014368899166584,Road Traffic Offences,0.0025654933415353,Probation and Welfare Service,0.0025544597301632,Crime Data,0.0018833131762221,"Domestic, Sexual and Gender-based Violence",0.0016658559907227,Antisocial Behaviour,0.0016236358787864,Other,0.0015228012343868,67942/26,393,Ken O'Flynn,KEN O'FLYNN,written,en,"To ask the Minister for Justice, Home Affairs and Migration the number of nominated Garda Inspectors currently assigned to the Drug Related Intimidation Reporting Programme in the Cork City and Cork/Kerry divisions; and if he will make a statement on the matter.",the minister for justice home affairs and migration the number of nominated garda inspectors currently assigned to the drug related intimidation reporting programme in the cork city and cork kerry divisions and 67942 26,"Justice, Home Affairs and Migration",1644,1646
"394. Deputy Ken O'Flynn asked the Minister for Justice, Home Affairs and Migration the number of cases referred by An Garda Síochána to the Criminal Assets Bureau arising from drug-related debt enforcement and intimidation in each of the years 2021 to 2025 and to date in 2026; and if he will make a statement on the matter. [67948/26]",,Justice,2026-09-24,0.7441936135292053,An Garda Síochána,An Garda Síochána,0.7441936135292053,Drug Dealing,0.0833604708313942,Departmental Data,0.062931902706623,Crime Prevention,0.0252011772245168,Road Traffic Offences,0.0044188112951815,Other,0.0043312450870871,Gangland Crime,0.0035452486481517,Crime Data,0.0033484497107565,Antisocial Behaviour,0.003152108984068,Human Trafficking,0.0022887552622705,67948/26,394,Ken O'Flynn,KEN O'FLYNN,written,en,"To ask the Minister for Justice, Home Affairs and Migration the number of cases referred by An Garda Síochána to the Criminal Assets Bureau arising from drug-related debt enforcement and intimidation in each of the years 2021 to 2025 and to date in 2026; and if he will make a statement on the matter.",the minister for justice home affairs and migration the number of cases referred by an garda síochána to the criminal assets bureau arising from drug-related debt enforcement and intimidation in each of the years 2021 to 2025 and to date in 2026 and 67948 26,"Justice, Home Affairs and Migration",1648,1650
"395. Deputy Ken O'Flynn asked the Minister for Justice, Home Affairs and Migration to set out the process by which the Special Rapporteur on Racial Equality and Racism was appointed; the term of the appointment; and whether the role is established on a statutory or an administrative basis. [67966/26]",,Justice,2026-09-24,0.2871405482292175,Departmental Staff,Departmental Staff,0.2871405482292175,Departmental Bodies,0.1112312227487564,Departmental Functions,0.1000089198350906,Appointments to State Boards,0.0349382124841213,Departmental Programmes,0.0288362614810466,Departmental Data,0.027111841365695,An Garda Síochána,0.0266824625432491,Civil Service,0.0209330804646015,Public Sector Staff,0.0205969605594873,Equality Issues,0.0196350235491991,67966/26,395,Ken O'Flynn,KEN O'FLYNN,written,en,"To ask the Minister for Justice, Home Affairs and Migration to set out the process by which the Special Rapporteur on Racial Equality and Racism was appointed; the term of the appointment; and whether the role is established on a statutory or an administrative basis.",the minister for justice home affairs and migration to set out the process by which the special rapporteur on racial equality and racism was appointed the term of the appointment and whether the role is established on a statutory or an administrative basis 67966 26,"Justice, Home Affairs and Migration",1652,1654
"396. Deputy Ken O'Flynn asked the Minister for Justice, Home Affairs and Migration which Department and Minister currently hold responsibility for the Office of the Special Rapporteur on Racial Equality and Racism; and to set out the reporting and oversight arrangements that apply to the role. [67965/26]",,Justice,2026-09-24,0.2972240746021271,Departmental Staff,Departmental Staff,0.2972240746021271,Departmental Functions,0.153880700469017,Departmental Bodies,0.063310720026493,Departmental Offices,0.0351838059723377,Departmental Data,0.0339510552585125,Departmental Policies,0.0325132571160793,Equality Issues,0.0256667844951152,Departmental Programmes,0.0248012039810419,Departmental Strategies,0.0223021246492862,An Garda Síochána,0.0167284607887268,67965/26,396,Ken O'Flynn,KEN O'FLYNN,written,en,"To ask the Minister for Justice, Home Affairs and Migration which Department and Minister currently hold responsibility for the Office of the Special Rapporteur on Racial Equality and Racism; and to set out the reporting and oversight arrangements that apply to the role.",the minister for justice home affairs and migration which department and minister currently hold responsibility for the office of the special rapporteur on racial equality and racism and to set out the reporting and oversight arrangements that apply to the role 67965 26,"Justice, Home Affairs and Migration",1656,1658
"397. Deputy Ken O'Flynn asked the Minister for Justice, Home Affairs and Migration the declaration of interest and conflict of interest safeguards that apply to the Special Rapporteur on Racial Equality and Racism, having regard to any concurrent professional, commercial or advocacy activities of the office holder in the area of antiracism training and consultancy; and if he will make a statement on the matter. [67969/26]",,Justice,2026-09-24,0.1314879357814788,Equality Issues,Equality Issues,0.1314879357814788,Departmental Functions,0.0966110229492187,Departmental Policies,0.0893789678812027,Other,0.0382048599421978,Immigration Policy,0.0346124544739723,Departmental Bodies,0.0311710759997367,Anti-Racism Measures,0.0246599037200212,Legislative Measures,0.0236331056803464,Departmental Priorities,0.0229129828512668,Ministerial Responsibilities,0.0186615344136953,67969/26,397,Ken O'Flynn,KEN O'FLYNN,written,en,"To ask the Minister for Justice, Home Affairs and Migration the declaration of interest and conflict of interest safeguards that apply to the Special Rapporteur on Racial Equality and Racism, having regard to any concurrent professional, commercial or advocacy activities of the office holder in the area of antiracism training and consultancy; and if he will make a statement on the matter.",the minister for justice home affairs and migration the declaration of interest and conflict of interest safeguards that apply to the special rapporteur on racial equality and racism having regard to any concurrent professional commercial or advocacy activities of the office holder in the area of antiracism training and consultancy and 67969 26,"Justice, Home Affairs and Migration",1660,1662
"398. Deputy Aidan Farrelly asked the Minister for Justice, Home Affairs and Migration to provide a county by county breakdown of the payments made to barristers in criminal legal aid payments for the individual months of May, June, July and August this year; and the amount paid out in criminal legal aid payments by county to barristers for the corresponding four months in 2025, in tabular form; and if he will make a statement on the matter. [67895/26]",,Justice,2026-09-24,0.944679319858551,Legal Aid,Legal Aid,0.944679319858551,Departmental Data,0.0108618950471282,Legal Services Regulation,0.0048970025964081,Residency Permits,0.0042035626247525,Departmental Legal Services,0.0037928682286292,Courts Service,0.0036765909753739,Departmental Legal Cases,0.0026016852352768,Immigration Status,0.0022802525199949,Visa Applications,0.0017365055391564,"Domestic, Sexual and Gender-based Violence",0.0014044939307495,67895/26,398,Aidan Farrelly,AIDAN FARRELLY,written,en,"To ask the Minister for Justice, Home Affairs and Migration to provide a county by county breakdown of the payments made to barristers in criminal legal aid payments for the individual months of May, June, July and August this year; and the amount paid out in criminal legal aid payments by county to barristers for the corresponding four months in 2025, in tabular form; and if he will make a statement on the matter.",the minister for justice home affairs and migration to provide a county by county breakdown of the payments made to barristers in criminal legal aid payments for the individual months of may june july and august this year and the amount paid out in criminal legal aid payments by county to barristers for the corresponding four months in 2025 in tabular form and 67895 26,"Justice, Home Affairs and Migration",1664,1666
"399. Deputy Ken O'Flynn asked the Minister for Justice, Home Affairs and Migration whether a code of conduct, terms of reference or standards of office apply to the Special Rapporteur on Racial Equality and Racism; and the procedure by which a member of the public may raise a concern or complaint regarding the office. [67968/26]",,Justice,2026-09-24,0.1452691107988357,Departmental Policies,Departmental Policies,0.1452691107988357,Equality Issues,0.0865100547671318,Departmental Functions,0.0540113039314746,Anti-Racism Measures,0.0526789613068103,Departmental Strategies,0.0469041988253593,Departmental Bodies,0.035414669662714,Other,0.0319961495697498,Immigration Policy,0.0308602806180715,Legislative Measures,0.0285059362649917,Departmental Data,0.0262329019606113,67968/26,399,Ken O'Flynn,KEN O'FLYNN,written,en,"To ask the Minister for Justice, Home Affairs and Migration whether a code of conduct, terms of reference or standards of office apply to the Special Rapporteur on Racial Equality and Racism; and the procedure by which a member of the public may raise a concern or complaint regarding the office.",the minister for justice home affairs and migration whether a code of conduct terms of reference or standards of office apply to the special rapporteur on racial equality and racism and the procedure by which a member of the public may raise a concern or complaint regarding the office 67968 26,"Justice, Home Affairs and Migration",1668,1670
"400. Deputy Ken O'Flynn asked the Minister for Justice, Home Affairs and Migration the total cost to the Exchequer of the Office of the Special Rapporteur on Racial Equality and Racism in each year since its establishment, including any fees, expenses or supports paid to the office holder; and the source of that funding. [67967/26]",,Justice,2026-09-24,0.596562922000885,Departmental Staff,Departmental Staff,0.596562922000885,Departmental Functions,0.0413217209279537,Departmental Bodies,0.0364866033196449,Departmental Data,0.035479798913002,Civil Service,0.0227676983922719,Public Sector Staff,0.0209547709673643,State Bodies,0.017263863235712,Ministerial Staff,0.0171490740031003,Appointments to State Boards,0.0149104185402393,An Garda Síochána,0.01361620798707,67967/26,400,Ken O'Flynn,KEN O'FLYNN,written,en,"To ask the Minister for Justice, Home Affairs and Migration the total cost to the Exchequer of the Office of the Special Rapporteur on Racial Equality and Racism in each year since its establishment, including any fees, expenses or supports paid to the office holder; and the source of that funding.",the minister for justice home affairs and migration the total cost to the exchequer of the office of the special rapporteur on racial equality and racism in each year since its establishment including any fees expenses or supports paid to the office holder and the source of that funding 67967 26,"Justice, Home Affairs and Migration",1672,1674
"401. Deputy Michael Cahill asked the Minister for Justice, Home Affairs and Migration to urgently issue visas to Gaza students (details supplied); and if he will make a statement on the matter. [67882/26]",,Justice,2026-09-24,0.8833513855934143,Visa Applications,Visa Applications,0.8833513855934143,Visa Agreements,0.0318894200026989,Immigration Policy,0.0145782874897122,Student Visas,0.0099083902314305,Travel Documents,0.0057767191901803,Family Reunification,0.0055071813985705,Work Permits,0.004353835247457,International Protection,0.0040620327927172,Middle East,0.0039671473205089,Asylum Applications,0.003930983133614,67882/26,401,Michael Cahill,MICHAEL CAHILL,written,en,"To ask the Minister for Justice, Home Affairs and Migration to urgently issue visas to Gaza students (details supplied); and if he will make a statement on the matter.",the minister for justice home affairs and migration to urgently issue visas to gaza students details supplied and 67882 26,"Justice, Home Affairs and Migration",1676,1678
"402. Deputy Eamon Scanlon asked the Minister for Justice, Home Affairs and Migration if he will provide a grandfather clause in the Irish Nationality and Citizenship (Amendment) Bill 2026 to ensure that marriages entered into before 2025 remain subject to the existing three-year residency requirement for spouses of Irish citizens. [67762/26]",,Justice,2026-09-24,0.4808320701122284,Legislative Measures,Legislative Measures,0.4808320701122284,Immigration Policy,0.1143442094326019,Citizenship Applications,0.1056747958064079,Legislative Programme,0.0577059462666511,Legislative Process,0.0493742823600769,Other,0.02031453512609,Departmental Policies,0.0186294019222259,Residency Permits,0.0132306106388568,Family Reunification,0.0110862627625465,Departmental Data,0.010273715481162,67762/26,402,Eamon Scanlon,EAMON SCANLON,written,en,"To ask the Minister for Justice, Home Affairs and Migration if he will provide a grandfather clause in the Irish Nationality and Citizenship (Amendment) Bill 2026 to ensure that marriages entered into before 2025 remain subject to the existing three-year residency requirement for spouses of Irish citizens.",the minister for justice home affairs and migration if he will provide a grandfather clause in the irish nationality and citizenship amendment bill 2026 to ensure that marriages entered into before 2025 remain subject to the existing three-year residency requirement for spouses of irish citizens 67762 26,"Justice, Home Affairs and Migration",1680,1682
"403. Deputy Aidan Farrelly asked the Minister for Justice, Home Affairs and Migration to provide a county by county breakdown of the payments made to solicitors in criminal legal aid payments for the individual months of May, June, July and August this year; and the amount paid out in criminal legal aid payments by county to solicitors for the corresponding four months in 2025, in tabular form; and if will make a statement on the matter. [67891/26]",,Justice,2026-09-24,0.9400454163551332,Legal Aid,Legal Aid,0.9400454163551332,Departmental Data,0.0125675424933433,Legal Services Regulation,0.0057585965842008,Departmental Legal Services,0.0045237522572278,Courts Service,0.0042582582682371,Departmental Legal Cases,0.0033142704050987,Residency Permits,0.0031187185086309,Immigration Status,0.0018239355413243,Other,0.0015708041610196,"Domestic, Sexual and Gender-based Violence",0.0014636918203905,67891/26,403,Aidan Farrelly,AIDAN FARRELLY,written,en,"To ask the Minister for Justice, Home Affairs and Migration to provide a county by county breakdown of the payments made to solicitors in criminal legal aid payments for the individual months of May, June, July and August this year; and the amount paid out in criminal legal aid payments by county to solicitors for the corresponding four months in 2025, in tabular form; and if will make a statement on the matter.",the minister for justice home affairs and migration to provide a county by county breakdown of the payments made to solicitors in criminal legal aid payments for the individual months of may june july and august this year and the amount paid out in criminal legal aid payments by county to solicitors for the corresponding four months in 2025 in tabular form and if will make a statement on the matter 67891 26,"Justice, Home Affairs and Migration",1684,1686
"404. Deputy Aidan Farrelly asked the Minister for Justice, Home Affairs and Migration the total amounts that have been paid out to barristers in criminal legal aid payments for the individual months of May, June, July and August this year; and the amount paid out in criminal legal aid payments to barristers for the corresponding four months in 2025, in tabular form; and if can make a statement on the matter. [67889/26]",,Justice,2026-09-24,0.949557363986969,Legal Aid,Legal Aid,0.949557363986969,Departmental Legal Services,0.0061979885213077,Departmental Data,0.00611960189417,Legal Services Regulation,0.0045771016739308,Residency Permits,0.0037257561925798,Departmental Legal Cases,0.0034563040826469,Courts Service,0.0029658575076609,Visa Applications,0.0019623900298029,Immigration Status,0.0018575603608042,Departmental Expenditure,0.00184688414447,67889/26,404,Aidan Farrelly,AIDAN FARRELLY,written,en,"To ask the Minister for Justice, Home Affairs and Migration the total amounts that have been paid out to barristers in criminal legal aid payments for the individual months of May, June, July and August this year; and the amount paid out in criminal legal aid payments to barristers for the corresponding four months in 2025, in tabular form; and if can make a statement on the matter.",the minister for justice home affairs and migration the total amounts that have been paid out to barristers in criminal legal aid payments for the individual months of may june july and august this year and the amount paid out in criminal legal aid payments to barristers for the corresponding four months in 2025 in tabular form and if can make a statement on the matter 67889 26,"Justice, Home Affairs and Migration",1688,1690
"405. Deputy Aidan Farrelly asked the Minister for Justice, Home Affairs and Migration the total amounts that have been paid out to solicitors in criminal legal aid payments for the individual months of May, June, July and August this year; and the amount paid out in criminal legal aid payments to solicitors for the corresponding four months in 2025, in tabular form; and if will make a statement on the matter. [67886/26]",,Justice,2026-09-24,0.948930561542511,Legal Aid,Legal Aid,0.948930561542511,Departmental Legal Services,0.0070498054847121,Departmental Data,0.0059384875930845,Legal Services Regulation,0.0057769459672272,Departmental Legal Cases,0.0039160489104688,Courts Service,0.0035864878445863,Residency Permits,0.002549180528149,Immigration Status,0.0013998107751831,Departmental Expenditure,0.0013693957589566,"Domestic, Sexual and Gender-based Violence",0.0013361885212361,67886/26,405,Aidan Farrelly,AIDAN FARRELLY,written,en,"To ask the Minister for Justice, Home Affairs and Migration the total amounts that have been paid out to solicitors in criminal legal aid payments for the individual months of May, June, July and August this year; and the amount paid out in criminal legal aid payments to solicitors for the corresponding four months in 2025, in tabular form; and if will make a statement on the matter.",the minister for justice home affairs and migration the total amounts that have been paid out to solicitors in criminal legal aid payments for the individual months of may june july and august this year and the amount paid out in criminal legal aid payments to solicitors for the corresponding four months in 2025 in tabular form and if will make a statement on the matter 67886 26,"Justice, Home Affairs and Migration",1692,1694
"406. Deputy Eoin Ó Broin asked the Minister for Justice, Home Affairs and Migration if he will consider and reply to correspondence from an organisation regarding the points relevant to his Department (details supplied). [67977/26]",,Justice,2026-09-24,0.8106862306594849,Departmental Correspondence,Departmental Correspondence,0.8106862306594849,International Protection,0.0205230414867401,Departmental Inquiries,0.0201856195926666,Departmental Communications,0.0178318228572607,Departmental Data,0.0114086112007498,Departmental Policies,0.0070390356704592,Departmental Schemes,0.0036518562119454,Disability Services,0.0031834819819778,Departmental Contracts,0.0031253828201442,Departmental Reviews,0.0030158411245793,67977/26,406,Eoin Ó Broin,EOIN Ó BROIN,written,en,"To ask the Minister for Justice, Home Affairs and Migration if he will consider and reply to correspondence from an organisation regarding the points relevant to his Department (details supplied).",the minister for justice home affairs and migration if he will consider and reply to correspondence from an organisation regarding the points relevant to his department details supplied 67977 26,"Justice, Home Affairs and Migration",1696,1698
"407. Deputy Conor Sheehan asked the Minister for Justice, Home Affairs and Migration when the outstanding visa appeals for Palestinian nationals seeking to study in Ireland will be processed, given that third-level courses have already commenced for the current academic year and students risk losing their placements; and the specific criteria or differentiating factors that distinguished the 46 applications from Palestinian nationals that were recently granted visas from those that remain pending or have been refused. [67867/26]",,Justice,2026-09-24,0.9271268844604492,Visa Applications,Visa Applications,0.9271268844604492,Visa Agreements,0.0200144331902265,Immigration Policy,0.0114579144865274,Student Visas,0.008954326622188,Family Reunification,0.0073325266130268,Residency Permits,0.0040273917838931,Immigration Status,0.0037688768934458,Asylum Applications,0.0028704483993351,Work Permits,0.0016123383538797,Immigration Support Services,0.0014996590325608,67867/26,407,Conor Sheehan,CONOR SHEEHAN,written,en,"To ask the Minister for Justice, Home Affairs and Migration when the outstanding visa appeals for Palestinian nationals seeking to study in Ireland will be processed, given that third-level courses have already commenced for the current academic year and students risk losing their placements; and the specific criteria or differentiating factors that distinguished the 46 applications from Palestinian nationals that were recently granted visas from those that remain pending or have been refused.",the minister for justice home affairs and migration when the outstanding visa appeals for palestinian nationals seeking to study in ireland will be processed given that third-level courses have already commenced for the current academic year and students risk losing their placements and the specific criteria or differentiating factors that distinguished the 46 applications from palestinian nationals that were recently granted visas from those that remain pending or have been refused 67867 26,"Justice, Home Affairs and Migration",1700,1702
"408. Deputy Cathy Bennett asked the Minister for Justice, Home Affairs and Migration if he has considered the suspension of visa free travel for Israeli citizens; and the mechanisms by which he ensures that individuals who may have committed war crimes in Gaza in the course of Israel's genocide do not pose a risk to the safety of Irish communities. [67866/26]",,Justice,2026-09-24,0.42747563123703,Visa Applications,Visa Applications,0.42747563123703,Immigration Policy,0.1281904727220535,Visa Agreements,0.1097144335508346,Travel Documents,0.0709978938102722,Departmental Data,0.0284077711403369,Student Visas,0.0261566173285245,Middle East,0.024825157597661,International Protection,0.0186200849711895,Asylum Seekers,0.0140924099832773,Immigration Support Services,0.0098077161237597,67866/26,408,Cathy Bennett,CATHY BENNETT,written,en,"To ask the Minister for Justice, Home Affairs and Migration if he has considered the suspension of visa free travel for Israeli citizens; and the mechanisms by which he ensures that individuals who may have committed war crimes in Gaza in the course of Israel's genocide do not pose a risk to the safety of Irish communities.",the minister for justice home affairs and migration if he has considered the suspension of visa free travel for israeli citizens and the mechanisms by which he ensures that individuals who may have committed war crimes in gaza in the course of israel s genocide do not pose a risk to the safety of irish communities 67866 26,"Justice, Home Affairs and Migration",1704,1706
"409. Deputy John Connolly asked the Minister for Justice, Home Affairs and Migration the number of arrests made for public order offences within Galway city in each month for 2025 and to date in 2026. [67842/26]",,Justice,2026-09-24,0.6709479093551636,An Garda Síochána,An Garda Síochána,0.6709479093551636,Departmental Data,0.2316693216562271,Crime Prevention,0.0302702840417623,Road Traffic Offences,0.0105591360479593,Drug Dealing,0.0067136907018721,Crime Data,0.0056773209944367,Antisocial Behaviour,0.004670072812587,Prison Service,0.0038734029512852,Probation and Welfare Service,0.0034527063835412,Domestic Violence,0.0021044427994638,67842/26,409,John Connolly,JOHN CONNOLLY,written,en,"To ask the Minister for Justice, Home Affairs and Migration the number of arrests made for public order offences within Galway city in each month for 2025 and to date in 2026.",the minister for justice home affairs and migration the number of arrests made for public order offences within galway city in each month for 2025 and to date in 2026 67842 26,"Justice, Home Affairs and Migration",1708,1710
"410. Deputy Ruth Coppinger asked the Minister for Justice, Home Affairs and Migration his plans to ensure that students who have had their visas rejected coming from Palestine will have any appeals to this refusal looked at in as little time as possible. [67834/26]",,Justice,2026-09-24,0.8450287580490112,Visa Applications,Visa Applications,0.8450287580490112,Visa Agreements,0.0334752351045608,Immigration Policy,0.0326659269630909,Family Reunification,0.0184426549822092,Student Visas,0.0151579454541206,Asylum Applications,0.0098417345434427,International Protection,0.0064802835695445,Immigration Status,0.0062556439079344,Asylum Seekers,0.0048298025503754,Residency Permits,0.0046040522865951,67834/26,410,Ruth Coppinger,RUTH COPPINGER,written,en,"To ask the Minister for Justice, Home Affairs and Migration his plans to ensure that students who have had their visas rejected coming from Palestine will have any appeals to this refusal looked at in as little time as possible.",the minister for justice home affairs and migration his plans to ensure that students who have had their visas rejected coming from palestine will have any appeals to this refusal looked at in as little time as possible 67834 26,"Justice, Home Affairs and Migration",1712,1714
"411. Deputy John Mcguinness asked the Minister for Agriculture, Food and the Marine when a decision can be expected in respect of the reconsideration of afforestation application (details supplied) following the decision of the Forestry Appeals Committee to set aside and remit the original decision; whether his Department has set a target timeframe for the reconsideration of remitted cases; and if he will provide a specific timeframe for the conclusion of this case; and if he will make a statement on the matter. [67812/26]",,Agriculture,2026-09-24,0.984983503818512,Forestry Sector,Forestry Sector,0.984983503818512,Coillte Teoranta,0.0081633077934384,Agriculture Schemes,0.0016447888920083,Agriculture Supports,0.0005342588410712,Departmental Schemes,0.0005031990585848,Agriculture Industry,0.0003451770753599,Departmental Data,0.0002850859018508,Departmental Policies,0.0002355805190745,Other,0.000165849327459,Departmental Funding,0.0001537578355055,67812/26,411,John Mcguinness,JOHN MCGUINNESS,written,en,"To ask the Minister for Agriculture, Food and the Marine when a decision can be expected in respect of the reconsideration of afforestation application (details supplied) following the decision of the Forestry Appeals Committee to set aside and remit the original decision; whether his Department has set a target timeframe for the reconsideration of remitted cases; and if he will provide a specific timeframe for the conclusion of this case; and if he will make a statement on the matter.",the minister for agriculture food and the marine when a decision can be expected in respect of the reconsideration of afforestation application details supplied following the decision of the forestry appeals committee to set aside and remit the original decision whether his department has set a target timeframe for the reconsideration of remitted cases and if he will provide a specific timeframe for the conclusion of this case and 67812 26,"Agriculture, Food and the Marine",1719,1721
"412. Deputy Michael Cahill asked the Minister for Agriculture, Food and the Marine for an update on the engagement between his Department and an organisation (details supplied); and if he will make a statement on the matter. [67964/26]",,Agriculture,2026-09-24,0.1313995718955993,Animal Welfare,Animal Welfare,0.1313995718955993,Departmental Correspondence,0.0572987310588359,Forestry Sector,0.0566620305180549,Agriculture Industry,0.0446846820414066,Coillte Teoranta,0.0408268421888351,Horse Racing Industry,0.0407220274209976,Greyhound Industry,0.0346851125359535,Other,0.0274172164499759,Departmental Data,0.02284836769104,Veterinary Services,0.0216872841119766,67964/26,412,Michael Cahill,MICHAEL CAHILL,written,en,"To ask the Minister for Agriculture, Food and the Marine for an update on the engagement between his Department and an organisation (details supplied); and if he will make a statement on the matter.",the minister for agriculture food and the marine for an update on the engagement between his department and an organisation details supplied and 67964 26,"Agriculture, Food and the Marine",1723,1725
"413. Deputy John Connolly asked the Minister for Agriculture, Food and the Marine when his Department will publish the report of the Food Vision Seafood Sector Group established last year. [67855/26]",,Agriculture,2026-09-24,0.1563538312911987,Departmental Reports,Departmental Reports,0.1563538312911987,Agriculture Industry,0.0852689817547798,Departmental Data,0.0719218999147415,Food Industry,0.0679192394018173,Departmental Strategies,0.0462439246475696,Fishing Industry,0.0458751618862152,Health Strategies,0.0314838662743568,Departmental Reviews,0.0278293658047914,Other,0.0236572828143835,Food Safety,0.0191623251885175,67855/26,413,John Connolly,JOHN CONNOLLY,written,en,"To ask the Minister for Agriculture, Food and the Marine when his Department will publish the report of the Food Vision Seafood Sector Group established last year.",the minister for agriculture food and the marine when his department will publish the report of the food vision seafood sector group established last year 67855 26,"Agriculture, Food and the Marine",1727,1729
"414. Deputy Paul Murphy asked the Minister for Agriculture, Food and the Marine if his Department will review its position in relation to requests for records concerning the use of snares to capture badgers; whether searches for such records will encompass records described using terms (details supplied); and whether his Department continues to maintain that requests referring to “snares” do not encompass the stopped cable or body restraints used in its badger capture programme. [68016/26]",,Agriculture,2026-09-24,0.3354971706867218,Animal Welfare,Animal Welfare,0.3354971706867218,Animal Culls,0.1288834661245346,Wildlife Protection,0.1034121438860893,Animal Diseases,0.0784596800804138,Wildlife Regulations,0.0728770121932029,Hare Coursing,0.0719371885061264,Control of Dogs,0.0386754982173442,Wildlife Conservation,0.0372311696410179,Invasive Species Policy,0.0083714546635746,Departmental Data,0.0079676695168018,68016/26,414,Paul Murphy,PAUL MURPHY,written,en,"To ask the Minister for Agriculture, Food and the Marine if his Department will review its position in relation to requests for records concerning the use of snares to capture badgers; whether searches for such records will encompass records described using terms (details supplied); and whether his Department continues to maintain that requests referring to “snares” do not encompass the stopped cable or body restraints used in its badger capture programme.",the minister for agriculture food and the marine if his department will review its position requests for records concerning the use of snares to capture badgers whether searches for such records will encompass records described using terms details supplied and whether his department continues to maintain that requests referring to snares do not encompass the stopped cable or body restraints used in its badger capture programme 68016 26,"Agriculture, Food and the Marine",1731,1733
"415. Deputy Paul Murphy asked the Minister for Agriculture, Food and the Marine if he is aware that, in official correspondence dated 15 March 2024 concerning the Department’s badger capture programme, the Head of the Wildlife Unit referred to the “total number dead in snare/cage” and to “non-target animals captured in snares/cages”, before referring to those capture devices as “restraints”; whether his Department accepts that the term “snare” was being used by its Wildlife Unit to describe the stopped cable or body restraints used to capture badgers; and, if not, to identify precisely the devices the Head of the Wildlife Unit was referring to as “snares”. [68013/26]",,Agriculture,2026-09-24,0.3742639422416687,Animal Welfare,Animal Welfare,0.3742639422416687,Wildlife Protection,0.1236606538295745,Animal Culls,0.1171093061566352,Animal Diseases,0.0810133293271064,Wildlife Regulations,0.0662013664841651,Hare Coursing,0.0412613451480865,Wildlife Conservation,0.0400001443922519,Control of Dogs,0.0290315356105566,Departmental Data,0.013440391048789,Invasive Species Policy,0.0087588708847761,68013/26,415,Paul Murphy,PAUL MURPHY,written,en,"To ask the Minister for Agriculture, Food and the Marine if he is aware that, in official correspondence dated 15 March 2024 concerning the Department’s badger capture programme, the Head of the Wildlife Unit referred to the “total number dead in snare/cage” and to “non-target animals captured in snares/cages”, before referring to those capture devices as “restraints”; whether his Department accepts that the term “snare” was being used by its Wildlife Unit to describe the stopped cable or body restraints used to capture badgers; and, if not, to identify precisely the devices the Head of the Wildlife Unit was referring to as “snares”.",the minister for agriculture food and the marine if he is aware that in official correspondence dated 15 march 2024 concerning the department s badger capture programme the head of the wildlife unit referred to the total number dead in snare cage and to non-target animals captured in snares cages before referring to those capture devices as restraints whether his department accepts that the term snare was being used by its wildlife unit to describe the stopped cable or body restraints used to capture badgers and if not to identify precisely the devices the head of the wildlife unit was referring to as snares 68013 26,"Agriculture, Food and the Marine",1735,1737
"416. Deputy Eamon Scanlon asked the Minister for Agriculture, Food and the Marine for an update on the development of the new Regional Veterinary Laboratory in Sligo; the current status of the project; the anticipated timeline for planning, tendering and construction; and the expected completion date. [67803/26]",,Agriculture,2026-09-24,0.128788411617279,Other,Other,0.128788411617279,Veterinary Services,0.1275424212217331,Agriculture Industry,0.067247100174427,Departmental Data,0.0442916080355644,Animal Welfare,0.0442373864352703,Greyhound Industry,0.0399283282458782,Departmental Expenditure,0.0384629033505916,Hospital Facilities,0.026716211810708,Horse Racing Industry,0.0229534562677145,Departmental Funding,0.0212197937071323,67803/26,416,Eamon Scanlon,EAMON SCANLON,written,en,"To ask the Minister for Agriculture, Food and the Marine for an update on the development of the new Regional Veterinary Laboratory in Sligo; the current status of the project; the anticipated timeline for planning, tendering and construction; and the expected completion date.",the minister for agriculture food and the marine for an update on the development of the new regional veterinary laboratory in sligo the current status of the project the anticipated timeline for planning tendering and construction and the expected completion date 67803 26,"Agriculture, Food and the Marine",1739,1741
"417. Deputy Paul Murphy asked the Minister for Agriculture, Food and the Marine the numerical, scientific and editorial verification that was undertaken before publication of the Wildlife Unit End of Year Report for 2025; whether his Department has since identified further errors, including the statement that 2,051 badgers removed for epidemiological reasons in 2025 represented an increase from 413 in 2024 when Table 4 records 1,638 such removals in 2024; and whether a fully corrected version of the report will now be published identifying all amendments made. [68011/26]",,Agriculture,2026-09-24,0.2267843037843704,Wildlife Protection,Wildlife Protection,0.2267843037843704,Animal Welfare,0.2007616907358169,Animal Culls,0.1359362155199051,Wildlife Regulations,0.1274746507406234,Hare Coursing,0.0620228163897991,Wildlife Conservation,0.0493738315999507,Animal Diseases,0.0377743653953075,Departmental Data,0.0223727077245712,Control of Dogs,0.0172927249222993,National Parks and Wildlife Service,0.0095311691984534,68011/26,417,Paul Murphy,PAUL MURPHY,written,en,"To ask the Minister for Agriculture, Food and the Marine the numerical, scientific and editorial verification that was undertaken before publication of the Wildlife Unit End of Year Report for 2025; whether his Department has since identified further errors, including the statement that 2,051 badgers removed for epidemiological reasons in 2025 represented an increase from 413 in 2024 when Table 4 records 1,638 such removals in 2024; and whether a fully corrected version of the report will now be published identifying all amendments made.",the minister for agriculture food and the marine the numerical scientific and editorial verification that was undertaken before publication of the wildlife unit end of year report for 2025 whether his department has since identified further errors including the statement that 2 051 badgers removed for epidemiological reasons in 2025 represented an increase from 413 in 2024 when table 4 records 1 638 such removals in 2024 and whether a fully corrected version of the report will now be published identifying all amendments made 68011 26,"Agriculture, Food and the Marine",1743,1745
"418. Deputy Paul Murphy asked the Minister for Agriculture, Food and the Marine to provide the methodology and calculation supporting the estimate in the Wildlife Unit End of Year Report for 2025 that approximately 65,000 recorded badger setts represent between 7,000 and 10,000 badger social groups, given that the same report states that a social group typically uses four to six setts; and to identify the scientific or other evidence on which the estimate is based. [68010/26]",,Agriculture,2026-09-24,0.2789653241634369,Animal Welfare,Animal Welfare,0.2789653241634369,Wildlife Protection,0.1337500661611557,Animal Culls,0.1116905435919761,Animal Diseases,0.0857234224677085,Departmental Data,0.0819775164127349,Wildlife Regulations,0.0558824837207794,Wildlife Conservation,0.029341097921133,Hare Coursing,0.0218867026269435,Control of Dogs,0.015624651685357,Departmental Expenditure,0.0154748372733592,68010/26,418,Paul Murphy,PAUL MURPHY,written,en,"To ask the Minister for Agriculture, Food and the Marine to provide the methodology and calculation supporting the estimate in the Wildlife Unit End of Year Report for 2025 that approximately 65,000 recorded badger setts represent between 7,000 and 10,000 badger social groups, given that the same report states that a social group typically uses four to six setts; and to identify the scientific or other evidence on which the estimate is based.",the minister for agriculture food and the marine to provide the methodology and calculation supporting the estimate in the wildlife unit end of year report for 2025 that approximately 65 000 recorded badger setts represent between 7 000 and 10 000 badger social groups given that the same report states that a social group typically uses four to six setts and to identify the scientific or other evidence on which the estimate is based 68010 26,"Agriculture, Food and the Marine",1747,1749
"419. Deputy Paul Murphy asked the Minister for Agriculture, Food and the Marine to clarify the distinction between the 61,895 confirmed badger setts and the figure of more than 65,000 setts referred to in the Wildlife Unit End of Year Report for 2025; to state the exact number represented by each figure and the definition applied to each category; and whether unconfirmed, inactive, duplicate or historical sett records account for the difference. [68008/26]",,Agriculture,2026-09-24,0.1807928532361984,Animal Welfare,Animal Welfare,0.1807928532361984,Wildlife Protection,0.1336788237094879,Animal Culls,0.1306100189685821,Departmental Data,0.0973745733499527,Animal Diseases,0.0961802154779434,Wildlife Regulations,0.0789110362529754,Wildlife Conservation,0.0512316338717937,Hare Coursing,0.027809340506792,Invasive Species Policy,0.0179463122040033,Forestry Sector,0.0176874082535505,68008/26,419,Paul Murphy,PAUL MURPHY,written,en,"To ask the Minister for Agriculture, Food and the Marine to clarify the distinction between the 61,895 confirmed badger setts and the figure of more than 65,000 setts referred to in the Wildlife Unit End of Year Report for 2025; to state the exact number represented by each figure and the definition applied to each category; and whether unconfirmed, inactive, duplicate or historical sett records account for the difference.",the minister for agriculture food and the marine to clarify the distinction between the 61 895 confirmed badger setts and the figure of more than 65 000 setts referred to in the wildlife unit end of year report for 2025 to state the exact number represented by each figure and the definition applied to each category and whether unconfirmed inactive duplicate or historical sett records account for the difference 68008 26,"Agriculture, Food and the Marine",1751,1753
"420. Deputy Paul Murphy asked the Minister for Agriculture, Food and the Marine whether the stated total of 5,258 badger captures in the 2022 row of Table 4 of the Wildlife Unit End of Year Report for 2025 is incorrect, given that the component figures shown in that row total 7,247; to identify the correct figure; and whether his Department will correct the published report and any other records containing the erroneous figure. [68007/26]",,Agriculture,2026-09-24,0.2524402439594269,Animal Welfare,Animal Welfare,0.2524402439594269,Wildlife Protection,0.1550573408603668,Animal Culls,0.1477655470371246,Wildlife Regulations,0.098895326256752,Animal Diseases,0.0615486502647399,Departmental Data,0.0586862787604332,Hare Coursing,0.0401374660432338,Wildlife Conservation,0.037628699094057,Forestry Sector,0.0160533394664526,Control of Dogs,0.0130268763750791,68007/26,420,Paul Murphy,PAUL MURPHY,written,en,"To ask the Minister for Agriculture, Food and the Marine whether the stated total of 5,258 badger captures in the 2022 row of Table 4 of the Wildlife Unit End of Year Report for 2025 is incorrect, given that the component figures shown in that row total 7,247; to identify the correct figure; and whether his Department will correct the published report and any other records containing the erroneous figure.",the minister for agriculture food and the marine whether the stated total of 5 258 badger captures in the 2022 row of table 4 of the wildlife unit end of year report for 2025 is incorrect given that the component figures shown in that row total 7 247 to identify the correct figure and whether his department will correct the published report and any other records containing the erroneous figure 68007 26,"Agriculture, Food and the Marine",1755,1757
"421. Deputy Paul Murphy asked the Minister for Agriculture, Food and the Marine to clarify the statement in the Wildlife Unit End of Year Report for 2025 that CVERA “assess the applications” for badger-removal permits, in circumstances where CVERA has stated that it does not determine whether eligibility criteria have been met and does not assess the epidemiological evidence, veterinary information or wildlife attribution underpinning applications; the substantive assessment CVERA undertakes before approving capture blocks or issuing permits; and whether the report will be corrected if its description of CVERA’s role is inaccurate. [68006/26]",,Agriculture,2026-09-24,0.1708078682422638,Wildlife Protection,Wildlife Protection,0.1708078682422638,Animal Welfare,0.1204414963722229,Forestry Sector,0.1119256690144538,Animal Culls,0.1082392707467079,Animal Diseases,0.0778088495135307,Hare Coursing,0.0679445043206214,Wildlife Regulations,0.0601473525166511,Wildlife Conservation,0.0421661660075187,Invasive Species Policy,0.0361010245978832,Agriculture Schemes,0.0186505503952503,68006/26,421,Paul Murphy,PAUL MURPHY,written,en,"To ask the Minister for Agriculture, Food and the Marine to clarify the statement in the Wildlife Unit End of Year Report for 2025 that CVERA “assess the applications” for badger-removal permits, in circumstances where CVERA has stated that it does not determine whether eligibility criteria have been met and does not assess the epidemiological evidence, veterinary information or wildlife attribution underpinning applications; the substantive assessment CVERA undertakes before approving capture blocks or issuing permits; and whether the report will be corrected if its description of CVERA’s role is inaccurate.",the minister for agriculture food and the marine to clarify the statement in the wildlife unit end of year report for 2025 that cvera assess the applications for badger-removal permits in circumstances where cvera has stated that it does not determine whether eligibility criteria have been met and does not assess the epidemiological evidence veterinary information or wildlife attribution underpinning applications the substantive assessment cvera undertakes before approving capture blocks or issuing permits and whether the report will be corrected if its description of cvera s role is inaccurate 68006 26,"Agriculture, Food and the Marine",1759,1761
"422. Deputy Ken O'Flynn asked the Minister for Children, Disability and Equality the mechanism that exist to ensure that the digitisation of public services across Government does not result in persons who are older, disabled, digitally excluded or unable to use online systems being denied equal access to State services, supports or entitlements; and whether she has sought a Government-wide review of this issue. [67683/26]",,Children,2026-09-24,0.1426248401403427,Disability Services,Disability Services,0.1426248401403427,Rights of People with Disabilities,0.0828386098146438,Freedom of Information,0.0679802671074867,Online Safety,0.0426582172513008,Departmental Policies,0.0410413220524787,Citizens Information Services,0.0348631031811237,Social Media,0.0272447615861892,Protected Disclosures,0.0256493315100669,Departmental Communications,0.0242344886064529,Equality Issues,0.0198252312839031,67683/26,422,Ken O'Flynn,KEN O'FLYNN,written,en,"To ask the Minister for Children, Disability and Equality the mechanism that exist to ensure that the digitisation of public services across Government does not result in persons who are older, disabled, digitally excluded or unable to use online systems being denied equal access to State services, supports or entitlements; and whether she has sought a Government-wide review of this issue.",the minister for children disability and equality the mechanism that exist to ensure that the digitisation of public services across government does not result in persons who are older disabled digitally excluded or unable to use online systems being denied equal access to state services supports or entitlements and whether she has sought a government-wide review of this issue 67683 26,"Children, Disability and Equality",1766,1768
"423. Deputy Ken O'Flynn asked the Minister for Children, Disability and Equality the guidance her Department has issued to public bodies concerning their obligations under the Public Sector Equality and Human Rights Duty when introducing or expanding digital-only services; whether equality and human-rights assessments are required before such services replace existing non-digital access; and if not, the reason. [67680/26]",,Children,2026-09-24,0.2793813049793243,Equality Issues,Equality Issues,0.2793813049793243,Rights of People with Disabilities,0.0856924131512641,Departmental Policies,0.0807031989097595,Departmental Strategies,0.0304712895303964,Disability Services,0.0271592289209365,Artificial Intelligence,0.0265158209949731,Departmental Functions,0.0250027123838663,Equal Opportunities Employment,0.0223699416965246,Freedom of Information,0.0220027230679988,Departmental Communications,0.0179457031190395,67680/26,423,Ken O'Flynn,KEN O'FLYNN,written,en,"To ask the Minister for Children, Disability and Equality the guidance her Department has issued to public bodies concerning their obligations under the Public Sector Equality and Human Rights Duty when introducing or expanding digital-only services; whether equality and human-rights assessments are required before such services replace existing non-digital access; and if not, the reason.",the minister for children disability and equality the guidance her department has issued to public bodies concerning their obligations under the public sector equality and human rights duty when introducing or expanding digital-only services whether equality and human-rights assessments are required before such services replace existing non-digital access the reason 67680 26,"Children, Disability and Equality",1770,1772
"424. Deputy Ged Nash asked the Minister for Children, Disability and Equality the number of registered childminders in their own home, by county, in each of the years 2023 to 2025 and to date in 2026. [67905/26]",,Children,2026-09-24,0.7167356610298157,Childcare Services,Childcare Services,0.7167356610298157,Departmental Data,0.2147654443979263,Early Childhood Care and Education,0.0274857021868228,Departmental Schemes,0.0052157850004732,Children in Care,0.0027614785358309,Disability Services,0.0026137039531022,Other,0.0016745491884648,Child and Family Agency,0.0010906282113865,Care Services,0.0010459187906235,Health Services,0.0010084132663905,67905/26,424,Ged Nash,GED NASH,written,en,"To ask the Minister for Children, Disability and Equality the number of registered childminders in their own home, by county, in each of the years 2023 to 2025 and to date in 2026.",the minister for children disability and equality the number of registered childminders in their own home by county in each of the years 2023 to 2025 and to date in 2026 67905 26,"Children, Disability and Equality",1774,1776
"425. Deputy John Paul O'Shea asked the Minister for Children, Disability and Equality as part of the HSE’s National Service Plan 2026 to outline the location by county and by town/village of the proposed new 152 created residential placements for people with disabilities (details supplied). [67851/26]",,Children,2026-09-24,0.8515030741691589,Disability Services,Disability Services,0.8515030741691589,Health Service Executive,0.0476533360779285,Health Services,0.014709273353219,Disabilities Assessments,0.0127733489498496,Mental Health Services,0.0074805282056331,Care Services,0.0047082304954528,Rights of People with Disabilities,0.0043953056447207,Departmental Strategies,0.003232377115637,Departmental Data,0.0031483659986406,Community Care,0.0028972285799682,67851/26,425,John Paul O'Shea,JOHN PAUL O'SHEA,written,en,"To ask the Minister for Children, Disability and Equality as part of the HSE’s National Service Plan 2026 to outline the location by county and by town/village of the proposed new 152 created residential placements for people with disabilities (details supplied).",the minister for children disability and equality as part of the hse s national service plan 2026 the location by county and by town village of the proposed new 152 created residential placements for people with disabilities details supplied 67851 26,"Children, Disability and Equality",1778,1780
"426. Deputy John Paul O'Shea asked the Minister for Children, Disability and Equality for a breakdown of all 9,000 residential places for people with disabilities by county and by town/village in that county. [67850/26]",,Children,2026-09-24,0.6708611845970154,Disability Services,Disability Services,0.6708611845970154,Departmental Data,0.2893014550209045,Housing Provision,0.0056201783008873,Disabilities Assessments,0.0038022461812943,Health Services,0.0030902728904038,Disability Diagnoses,0.0015184064395725,Rights of People with Disabilities,0.0013569289585575,Health Services Waiting Lists,0.0012765070423483,International Protection,0.0011348854750394,Social Welfare Payments,0.0010772614041343,67850/26,426,John Paul O'Shea,JOHN PAUL O'SHEA,written,en,"To ask the Minister for Children, Disability and Equality for a breakdown of all 9,000 residential places for people with disabilities by county and by town/village in that county.",the minister for children disability and equality for a breakdown of all 9 000 residential places for people with disabilities by county and by town village in that county 67850 26,"Children, Disability and Equality",1782,1784
"427. Deputy Marie Sherlock asked the Minister for Children, Disability and Equality the share of expenditure spent on agency staff for every section 39 organisati [68024/26]",,Children,2026-09-24,0.5096844434738159,Departmental Expenditure,Departmental Expenditure,0.5096844434738159,Departmental Funding,0.1152409687638282,Departmental Data,0.0677320659160614,Disability Services,0.038498755544424,Departmental Bodies,0.0367495045065879,Departmental Budgets,0.0325422547757625,Health Service Executive,0.0218253042548894,State Bodies,0.020796962082386,Departmental Staff,0.017273761332035,Health Services,0.0165726281702518,68024/26,427,Marie Sherlock,MARIE SHERLOCK,written,en,"To ask the Minister for Children, Disability and Equality the share of expenditure spent on agency staff for every section 39 organisati",the minister for children disability and equality the share of expenditure spent on agency staff for every section 39 organisati 68024 26,"Children, Disability and Equality",1786,1788
"428. Deputy Naoise Ó Muirí asked the Minister for Children, Disability and Equality to provide an update on the development of Shaping the Future Phase 2; and when it will be published in 2026. [67979/26]",,Children,2026-09-24,0.1358018070459365,Departmental Projects,Departmental Projects,0.1358018070459365,Disability Services,0.1301606744527816,Childcare Services,0.0763578936457634,Departmental Strategies,0.0711610987782478,Departmental Programmes,0.0605333857238292,Departmental Funding,0.0532966665923595,Early Childhood Care and Education,0.0494594611227512,Departmental Policies,0.0333900414407253,Youth Services,0.0280855726450681,Departmental Data,0.023644458502531,67979/26,428,Naoise Ó Muirí,NAOISE Ó MUIRÍ,written,en,"To ask the Minister for Children, Disability and Equality to provide an update on the development of Shaping the Future Phase 2; and when it will be published in 2026.",the minister for children disability and equality to provide an update on the development of shaping the future phase 2 and when it will be published in 2026 67979 26,"Children, Disability and Equality",1790,1792
"429. Deputy Colm Burke asked the Minister for Children, Disability and Equality to confirm that home support will be provided for a person (details supplied) in the week where they are not currently receiving home support, given that they receive this care the three other weeks of the month. [67704/26]",,Children,2026-09-24,0.5459656119346619,Home Care Packages,Home Care Packages,0.5459656119346619,Home Help Service,0.3855356574058532,Care Services,0.0234054550528526,Disability Services,0.007485490757972,Departmental Schemes,0.0036848795134574,Health Services,0.0034410229418426,Health Services Waiting Lists,0.0019386374624446,Departmental Policies,0.0017296840669587,Home Schooling,0.0016999917570501,Departmental Data,0.0015510178636759,67704/26,429,Colm Burke,COLM BURKE,written,en,"To ask the Minister for Children, Disability and Equality to confirm that home support will be provided for a person (details supplied) in the week where they are not currently receiving home support, given that they receive this care the three other weeks of the month.",the minister for children disability and equality to confirm that home support will be provided for a person details supplied in the week where they are not currently receiving home support given that they receive this care the three other weeks of the month 67704 26,"Children, Disability and Equality",1794,1796
430. Deputy Seán Kyne asked the Minister for Health her plans to publish the Heads of a Bill on adult safeguarding; whether the published framework for adult safeguarding in the health and social care sectors will inform the legislation; and her views on whether the elderly and those with disabilities are vulnerable to threats and that safeguarding legislation is required. [67697/26],,Health,2026-09-24,0.4944682419300079,Legislative Measures,Legislative Measures,0.4944682419300079,Legislative Programme,0.1677487194538116,Legislative Process,0.09384286403656,Healthcare Policy,0.0497702993452549,Departmental Policies,0.0400470681488513,Proposed Legislation,0.0180017706006765,Legislative Reviews,0.0174127649515867,Health Services,0.0152634363621473,Departmental Strategies,0.0093356072902679,Disability Services,0.0070247617550194,67697/26,430,Seán Kyne,SEÁN KYNE,written,en,To ask the Minister for Health her plans to publish the Heads of a Bill on adult safeguarding; whether the published framework for adult safeguarding in the health and social care sectors will inform the legislation; and her views on whether the elderly and those with disabilities are vulnerable to threats and that safeguarding legislation is required.,the minister for health her plans to publish the heads of a bill on adult safeguarding whether the published framework for adult safeguarding in the health and social care sectors will inform the legislation and her views on whether the elderly and those with disabilities are vulnerable to threats and that safeguarding legislation is required 67697 26,Health,1801,1803
431. Deputy Robert Troy asked the Minister for Health if she will clarify the roll out of insulin pumps at the diabetic clinic based at the midlands regional hospital Mullingar; if the clinic currently has the capacity to roll out pumps; and the steps being taken to provide the necessary resources. [67693/26],,Health,2026-09-24,0.8141189217567444,Medical Aids and Appliances,Medical Aids and Appliances,0.8141189217567444,Health Services,0.0752881616353988,Medicinal Products,0.0450711660087108,Disease Management,0.0098588932305574,Hospital Services,0.0058225970715284,Hospital Equipment,0.0057867947034537,Cancer Services,0.0050210347399115,Healthcare Policy,0.0040657604113221,Vaccination Programme,0.0039263665676116,Departmental Data,0.002881497144699,67693/26,431,Robert Troy,ROBERT TROY,written,en,To ask the Minister for Health if she will clarify the roll out of insulin pumps at the diabetic clinic based at the midlands regional hospital Mullingar; if the clinic currently has the capacity to roll out pumps; and the steps being taken to provide the necessary resources.,the minister for health if she will clarify the roll out of insulin pumps at the diabetic clinic based at the midlands regional hospital mullingar if the clinic currently has the capacity to roll out pumps and the steps being taken to provide the necessary resources 67693 26,Health,1805,1807
"432. Deputy Robert Troy asked the Minister for Health if she will clarify the position of the diabetic clinic at the Midlands regional Hospital Mullingar; if the clinic will be closing temporarily from 1 October 2026; if so, the provisions being made for those who have scheduled appointments post this date; if she will further clarify the current staffing levels at this diabetic clinic; and if positions remain to be filled. [67692/26]",,Health,2026-09-24,0.9181983470916748,Hospital Staff,Hospital Staff,0.9181983470916748,Health Services Staff,0.0455346591770648,Hospital Services,0.0184340775012969,Health Services,0.0070330784656107,Departmental Data,0.0022360743023455,Hospital Facilities,0.0009942976757884,Departmental Staff,0.0007409530808217,Health Service Executive,0.0006691336166113,Mental Health Services,0.0006359193939715,Hospital Equipment,0.0004064430540893,67692/26,432,Robert Troy,ROBERT TROY,written,en,"To ask the Minister for Health if she will clarify the position of the diabetic clinic at the Midlands regional Hospital Mullingar; if the clinic will be closing temporarily from 1 October 2026; if so, the provisions being made for those who have scheduled appointments post this date; if she will further clarify the current staffing levels at this diabetic clinic; and if positions remain to be filled.",the minister for health if she will clarify the position of the diabetic clinic at the midlands regional hospital mullingar if the clinic will be closing temporarily from 1 october 2026 if so the provisions being made for those who have scheduled appointments post this date if she will further clarify the current staffing levels at this diabetic clinic and if positions remain to be filled 67692 26,Health,1809,1811
"433. Deputy Conor Sheehan asked the Minister for Health the timeline for the implementation of the newly approved Huntington’s Disease Care Pathway, following the approval notification issued by the Huntington's Disease Association of Ireland on 28 August 2026. [67691/26]",,Health,2026-09-24,0.7497838735580444,Disease Management,Disease Management,0.7497838735580444,Health Services,0.0880632624030113,Healthcare Policy,0.0418809801340103,Health Strategies,0.0308634527027606,Medicinal Products,0.01317392103374,Departmental Schemes,0.0100948829203844,Departmental Programmes,0.0055214753374457,Departmental Strategies,0.0042847413569688,Vaccination Programme,0.0032850748393684,Departmental Policies,0.0032218876294791,67691/26,433,Conor Sheehan,CONOR SHEEHAN,written,en,"To ask the Minister for Health the timeline for the implementation of the newly approved Huntington’s Disease Care Pathway, following the approval notification issued by the Huntington's Disease Association of Ireland on 28 August 2026.",the minister for health the timeline for the implementation of the newly approved huntington s disease care pathway following the approval notification issued by the huntington s disease association of ireland on 28 august 2026 67691 26,Health,1813,1815
434. Deputy Pádraig Rice asked the Minister for Health the policy in Ireland on umbilical cord donation for stem cell collection and treatment; and if her Department has considered the creation of a public cord blood bank. [67690/26],,Health,2026-09-24,0.3245127201080322,Health Services,Health Services,0.3245127201080322,Healthcare Policy,0.1447307169437408,Hospital Services,0.0701808482408523,Organ Donation,0.0365875773131847,Disease Management,0.02966227568686,Health Strategies,0.0275525487959384,Hospital Procedures,0.0254675261676311,Medical Aids and Appliances,0.0243209395557642,Cancer Services,0.0218392852693796,Assisted Human Reproduction,0.0165601707994937,67690/26,434,Pádraig Rice,PÁDRAIG RICE,written,en,To ask the Minister for Health the policy in Ireland on umbilical cord donation for stem cell collection and treatment; and if her Department has considered the creation of a public cord blood bank.,the minister for health the policy in ireland on umbilical cord donation for stem cell collection and treatment and if her department has considered the creation of a public cord blood bank 67690 26,Health,1817,1819
"435. Deputy Conor Sheehan asked the Minister for Health the steps being taken to address the severe delays in neurology review appointments for degenerative conditions, with specific reference to cases where patients with Huntington’s disease have had long waits to see their neurologist; and the specific measures within the new care pathway to reduce these waiting lists. [67689/26]",,Health,2026-09-24,0.3992109894752502,Hospital Waiting Lists,Hospital Waiting Lists,0.3992109894752502,Health Services Waiting Lists,0.261839359998703,Health Services,0.2032260745763778,Hospital Services,0.0233998764306306,Hospital Appointments Status,0.0160293783992528,Disease Management,0.0133661841973662,Departmental Data,0.012391310185194,National Treatment Purchase Fund,0.0092346053570508,Hospital Procedures,0.0065494291484355,Mental Health Services,0.0058466019108891,67689/26,435,Conor Sheehan,CONOR SHEEHAN,written,en,"To ask the Minister for Health the steps being taken to address the severe delays in neurology review appointments for degenerative conditions, with specific reference to cases where patients with Huntington’s disease have had long waits to see their neurologist; and the specific measures within the new care pathway to reduce these waiting lists.",the minister for health the steps being taken to address the severe delays in neurology review appointments for degenerative conditions with specific reference to cases where patients with huntington s disease have had long waits to see their neurologist and the specific measures within the new care pathway to reduce these waiting lists 67689 26,Health,1821,1823
436. Deputy Keira Keogh asked the Minister for Health for an update on the Tobacco Free Ireland Policy Review; and if she will make a statement on the matter. [67688/26],,Health,2026-09-24,0.6854684948921204,Tobacco Control Measures,Tobacco Control Measures,0.6854684948921204,Healthcare Policy,0.0909047797322273,Health Strategies,0.0407638810575008,Health Promotion,0.0368044152855873,Legislative Measures,0.0189266987144947,Health Services,0.0182916093617677,Departmental Policies,0.00740531925112,Medicinal Products,0.0066015915945172,Substance Misuse,0.0052760378457605,Departmental Reviews,0.0046033672988414,67688/26,436,Keira Keogh,KEIRA KEOGH,written,en,To ask the Minister for Health for an update on the Tobacco Free Ireland Policy Review; and if she will make a statement on the matter.,the minister for health for an update on the tobacco free ireland policy review and 67688 26,Health,1825,1827
437. Deputy Paul Nicholas Gogarty asked the Minister for Health if she will provide new funding to Diabetes Ireland to employ two psychologists to further support delivery of its Mental Health and Wellbeing Programmes to people living with diabetes and their parents/carers. [67685/26],,Health,2026-09-24,0.5459607243537903,Mental Health Services,Mental Health Services,0.5459607243537903,Departmental Funding,0.0998514294624328,Health Services,0.0970815792679786,Disease Management,0.0456050038337707,Healthcare Policy,0.0262482594698667,Health Strategies,0.0243171006441116,Mental Health Policy,0.0236923582851886,Health Services Staff,0.0234491508454084,Addiction Treatment Services,0.00710557308048,Meals-on-Wheels Services,0.0049914675764739,67685/26,437,Paul Nicholas Gogarty,PAUL NICHOLAS GOGARTY,written,en,To ask the Minister for Health if she will provide new funding to Diabetes Ireland to employ two psychologists to further support delivery of its Mental Health and Wellbeing Programmes to people living with diabetes and their parents/carers.,the minister for health if she will provide new funding to diabetes ireland to employ two psychologists to further support delivery of its mental health and wellbeing programmes to people living with diabetes and their parents carers 67685 26,Health,1829,1831
"438. Deputy Paul Nicholas Gogarty asked the Minister for Health if she will sanction a HIQA Health Technology Assessment on the effectiveness and long term health benefits of continuous glucose monitoring (CGM) for people with other types of diabetes, such as type 2 diabetes, cystic fibrosis-related diabetes, type 3c diabetes and so on, using daily insulin injections (basal-bolus) to potentially expand access to CGM based on clinical need rather than a type of diabetes. [67684/26]",,Health,2026-09-24,0.6097840666770935,Medical Aids and Appliances,Medical Aids and Appliances,0.6097840666770935,Medicinal Products,0.2214470654726028,Health Services,0.0693486183881759,Disease Management,0.0293382424861192,Healthcare Policy,0.0243066418915987,Departmental Schemes,0.0065876627340912,Health Strategies,0.0051326393149793,Cancer Services,0.0038044212851673,Departmental Data,0.0034925267100334,Departmental Policies,0.0028856068383902,67684/26,438,Paul Nicholas Gogarty,PAUL NICHOLAS GOGARTY,written,en,"To ask the Minister for Health if she will sanction a HIQA Health Technology Assessment on the effectiveness and long term health benefits of continuous glucose monitoring (CGM) for people with other types of diabetes, such as type 2 diabetes, cystic fibrosis-related diabetes, type 3c diabetes and so on, using daily insulin injections (basal-bolus) to potentially expand access to CGM based on clinical need rather than a type of diabetes.",the minister for health if she will sanction a hiqa health technology assessment on the effectiveness and long term health benefits of continuous glucose monitoring cgm for people with other types of diabetes such as type 2 diabetes cystic fibrosis-related diabetes type 3c diabetes and so on using daily insulin injections basal-bolus to potentially expand access to cgm based on clinical need rather than a type of diabetes 67684 26,Health,1833,1835
439. Deputy Paul Nicholas Gogarty asked the Minister for Health if she will make continuous glucose monitoring (CGM) available to women with type 2 diabetes (approximately 300 women per year) for the duration of their pregnancy to minimise the health risks for mother and baby. [67682/26],,Health,2026-09-24,0.321884423494339,Medical Aids and Appliances,Medical Aids and Appliances,0.321884423494339,Health Services,0.1658127158880233,Medicinal Products,0.1405063867568969,Disease Management,0.1201837658882141,Healthcare Policy,0.1103032380342483,Health Strategies,0.0333409495651721,Departmental Data,0.0200138520449399,Departmental Schemes,0.0165000017732381,Health Promotion,0.0106348078697919,Departmental Policies,0.0078419037163257,67682/26,439,Paul Nicholas Gogarty,PAUL NICHOLAS GOGARTY,written,en,To ask the Minister for Health if she will make continuous glucose monitoring (CGM) available to women with type 2 diabetes (approximately 300 women per year) for the duration of their pregnancy to minimise the health risks for mother and baby.,the minister for health if she will make continuous glucose monitoring cgm available to women with type 2 diabetes approximately 300 women per year for the duration of their pregnancy to minimise the health risks for mother and baby 67682 26,Health,1837,1839
440. Deputy Paul Nicholas Gogarty asked the Minister for Health if she will provide new funding to provide a new registered advanced nurse practitioner post in each young adult diabetes clinic in all level 4 hospitals to support the further development of each local service. [67681/26],,Health,2026-09-24,0.4603948593139648,Hospital Staff,Hospital Staff,0.4603948593139648,Health Services Staff,0.4498611390590668,Hospital Services,0.0236830431967973,Health Services,0.0186315197497606,Departmental Data,0.0081558702513575,Health Service Executive,0.0041019185446202,Departmental Funding,0.003468140726909,Mental Health Services,0.0026003106031566,Healthcare Policy,0.0025432158727198,General Practitioner Services,0.0023153307847678,67681/26,440,Paul Nicholas Gogarty,PAUL NICHOLAS GOGARTY,written,en,To ask the Minister for Health if she will provide new funding to provide a new registered advanced nurse practitioner post in each young adult diabetes clinic in all level 4 hospitals to support the further development of each local service.,the minister for health if she will provide new funding to provide a new registered advanced nurse practitioner post in each young adult diabetes clinic in all level 4 hospitals to support the further development of each local service 67681 26,Health,1841,1843
441. Deputy Johnny Guirke asked the Minister for Health if she is aware of an incident (details supplied); and the measures she will take to increase ambulance personal and vehicle capacity in County Meath. [67722/26],,Health,2026-09-24,0.9884695410728456,Ambulance Service,Ambulance Service,0.9884695410728456,Emergency Services,0.0040390617214143,Health Services,0.0010809171944856,Hospital Services,0.0005495480727404,Emergency Departments,0.0004929054994136,Departmental Data,0.0003258372307755,Disability Services,0.0003196602629031,Home Care Packages,0.0001947294658748,Medical Cards,0.0001918791094794,Care Services,0.0001907842961372,67722/26,441,Johnny Guirke,JOHNNY GUIRKE,written,en,To ask the Minister for Health if she is aware of an incident (details supplied); and the measures she will take to increase ambulance personal and vehicle capacity in County Meath.,the minister for health if she is aware of an incident details supplied and the measures she will take to increase ambulance personal and vehicle capacity in county meath 67722 26,Health,1845,1847
442. Deputy Paul Nicholas Gogarty asked the Minister for Health if she plans to begin the implementation of the National Diabetes Strategy by providing funding to create a Regional Diabetes Clinical Lead post in each HSE Health Region in the upcoming budget. [67678/26],,Health,2026-09-24,0.5864799618721008,Health Strategies,Health Strategies,0.5864799618721008,Healthcare Policy,0.155009463429451,Departmental Strategies,0.0691417008638382,Health Services,0.0490282252430915,Disease Management,0.0308194383978843,Health Promotion,0.0144332749769091,Departmental Programmes,0.0144068012014031,Health Services Staff,0.0093401903286576,Departmental Funding,0.0092566339299082,Departmental Policies,0.0045731305144727,67678/26,442,Paul Nicholas Gogarty,PAUL NICHOLAS GOGARTY,written,en,To ask the Minister for Health if she plans to begin the implementation of the National Diabetes Strategy by providing funding to create a Regional Diabetes Clinical Lead post in each HSE Health Region in the upcoming budget.,the minister for health if she plans to begin the implementation of the national diabetes strategy by providing funding to create a regional diabetes clinical lead post in each hse health region in the upcoming budget 67678 26,Health,1849,1851
"443. Deputy Paul Nicholas Gogarty asked the Minister for Health if she will remove the specific criteria of 'insulin initiation from the start' that is preventing approximately 500-700 people with a clinical diagnosis of type 1 diabetes from accessing continuous glucose monitoring (CGM), which clinical evidence and recommendations overwhelmingly supports as first-choice glucose monitoring treatment for all people with type 1 diabetes. [67679/26]",,Health,2026-09-24,0.3762973546981811,Medical Aids and Appliances,Medical Aids and Appliances,0.3762973546981811,Medicinal Products,0.2065671533346176,Health Services,0.1252984553575515,Disease Management,0.124741643667221,Healthcare Policy,0.052947711199522,Departmental Schemes,0.0179792046546936,Departmental Data,0.0149755496531724,Health Strategies,0.0122972996905446,Disability Services,0.0098367510363459,Departmental Policies,0.0076678241603076,67679/26,443,Paul Nicholas Gogarty,PAUL NICHOLAS GOGARTY,written,en,"To ask the Minister for Health if she will remove the specific criteria of 'insulin initiation from the start' that is preventing approximately 500-700 people with a clinical diagnosis of type 1 diabetes from accessing continuous glucose monitoring (CGM), which clinical evidence and recommendations overwhelmingly supports as first-choice glucose monitoring treatment for all people with type 1 diabetes.",the minister for health if she will remove the specific criteria of insulin initiation from the start that is preventing approximately 500-700 people with a clinical diagnosis of type 1 diabetes from accessing continuous glucose monitoring cgm which clinical evidence and recommendations overwhelmingly supports as first-choice glucose monitoring treatment for all people with type 1 diabetes 67679 26,Health,1853,1855
"444. Deputy Colm Burke asked the Minister for Health whether her Department, in conjunction with the relevant regulatory and clinical bodies has reviewed whether additional safeguards are required in relation to access by children and adolescents to over-the-counter medicines which may be used in incidents of self-harm. [67825/26]",,Health,2026-09-24,0.8792756795883179,Medicinal Products,Medicinal Products,0.8792756795883179,Healthcare Policy,0.0246008895337581,Substance Misuse,0.014291564002633,Health Services,0.0094766495749354,Health Strategies,0.0068340501748025,Pharmacy Services,0.0056742373853921,Departmental Policies,0.004711156245321,Health Promotion,0.0041267750784754,Departmental Data,0.0040699113160371,Misuse of Drugs,0.0040417062118649,67825/26,444,Colm Burke,COLM BURKE,written,en,"To ask the Minister for Health whether her Department, in conjunction with the relevant regulatory and clinical bodies has reviewed whether additional safeguards are required in relation to access by children and adolescents to over-the-counter medicines which may be used in incidents of self-harm.",the minister for health whether her department in conjunction with the relevant regulatory and clinical bodies has reviewed whether additional safeguards are required access by children and adolescents to over-the-counter medicines which may be used in incidents of self-harm 67825 26,Health,1857,1859
445. Deputy Colm Burke asked the Minister for Health whether consideration will be given to issuing clear and nationally consistent guidance to pharmacies and non-pharmacy retailers regarding the sale of paracetamol and other commonly available medicines to children and adolescents. [67824/26],,Health,2026-09-24,0.8275124430656433,Medicinal Products,Medicinal Products,0.8275124430656433,Pharmacy Services,0.1084051132202148,Healthcare Policy,0.0139289386570453,Cannabis for Medicinal Use,0.00701952772215,Health Services,0.0064674294553697,Prescriptions Charges,0.0043948581442236,Health Promotion,0.0026586952153593,Departmental Data,0.0026569755282253,Substance Misuse,0.0021448917686939,Health Strategies,0.0018904419848695,67824/26,445,Colm Burke,COLM BURKE,written,en,To ask the Minister for Health whether consideration will be given to issuing clear and nationally consistent guidance to pharmacies and non-pharmacy retailers regarding the sale of paracetamol and other commonly available medicines to children and adolescents.,the minister for health whether consideration will be given to issuing clear and nationally consistent guidance to pharmacies and non-pharmacy retailers regarding the sale of paracetamol and other commonly available medicines to children and adolescents 67824 26,Health,1861,1863
"446. Deputy Colm Burke asked the Minister for Health whether her Department will examine the introduction of a statutory minimum age for the purchase of over the counter paracetamol products, having regard to safeguarding concerns relating to children and adolescents. [67823/26]",,Health,2026-09-24,0.8145954608917236,Medicinal Products,Medicinal Products,0.8145954608917236,Healthcare Policy,0.0454552359879016,Health Services,0.0149189978837966,Pharmacy Services,0.0142337493598461,Tobacco Control Measures,0.0131000392138957,Substance Misuse,0.0127812400460243,Cannabis for Medicinal Use,0.0110207814723253,Health Promotion,0.0107284151017665,Health Strategies,0.0068273670040071,Misuse of Drugs,0.0058646174147725,67823/26,446,Colm Burke,COLM BURKE,written,en,"To ask the Minister for Health whether her Department will examine the introduction of a statutory minimum age for the purchase of over the counter paracetamol products, having regard to safeguarding concerns relating to children and adolescents.",the minister for health whether her department will examine the introduction of a statutory minimum age for the purchase of over the counter paracetamol products having regard to safeguarding concerns relating to children and adolescents 67823 26,Health,1865,1867
447. Deputy Colm Burke asked the Minister for Health to clarify the current legal position regarding the sale of over the counter paracetamol products to persons under 18 years-of-age; and whether any statutory minimum age currently applies in pharmacies or non-pharmacy retail outlets. [67822/26],,Health,2026-09-24,0.8468730449676514,Medicinal Products,Medicinal Products,0.8468730449676514,Pharmacy Services,0.0352798663079738,Healthcare Policy,0.0266390983015298,Cannabis for Medicinal Use,0.0130731100216507,Health Services,0.0112171480432152,Tobacco Control Measures,0.0082774376496672,Substance Misuse,0.0076603405177593,Health Promotion,0.0066669839434325,Prescriptions Charges,0.0051370835863053,Health Strategies,0.0036862695124,67822/26,447,Colm Burke,COLM BURKE,written,en,To ask the Minister for Health to clarify the current legal position regarding the sale of over the counter paracetamol products to persons under 18 years-of-age; and whether any statutory minimum age currently applies in pharmacies or non-pharmacy retail outlets.,the minister for health to clarify the current legal position regarding the sale of over the counter paracetamol products to persons under 18 years-of-age and whether any statutory minimum age currently applies in pharmacies or non-pharmacy retail outlets 67822 26,Health,1869,1871
448. Deputy Colm Burke asked the Minister for Health to confirm that the entirety of funding for a person (details supplied) to attend an adult disability day placement will urgently be made available due to the needs of the person. [67820/26],,Health,2026-09-24,0.9504402875900269,Disability Services,Disability Services,0.9504402875900269,Health Services,0.0259636156260967,Disabilities Assessments,0.0049346759915351,Care Services,0.0041627320460975,Departmental Data,0.0013879962498322,Departmental Funding,0.0013759246794506,Disability Diagnoses,0.0012593280989676,Health Services Waiting Lists,0.0011182188754901,Mental Health Services,0.000819758628495,Community Care,0.0007969440775923,67820/26,448,Colm Burke,COLM BURKE,written,en,To ask the Minister for Health to confirm that the entirety of funding for a person (details supplied) to attend an adult disability day placement will urgently be made available due to the needs of the person.,the minister for health to confirm that the entirety of funding for a person details supplied to attend an adult disability day placement will urgently be made available due to the needs of the person 67820 26,Health,1873,1875
449. Deputy Paul Mcauliffe asked the Minister for Health the outcome if a home subject to the fair deal scheme was not insured and damaged by fire; and the way in which the contribution to the fair deal scheme will be settled. [67816/26],,Health,2026-09-24,0.8663762807846069,Nursing Homes,Nursing Homes,0.8663762807846069,Departmental Schemes,0.0705819949507713,Health Services,0.0088181421160697,Care Services,0.0049743405543267,Healthcare Infrastructure Provision,0.0049243276007473,Departmental Data,0.0031690830364823,Care of the Elderly,0.0029969357419759,Healthcare Policy,0.0028683790005743,Departmental Inquiries,0.0019670042674988,Community Care,0.0019568013958632,67816/26,449,Paul Mcauliffe,PAUL MCAULIFFE,written,en,To ask the Minister for Health the outcome if a home subject to the fair deal scheme was not insured and damaged by fire; and the way in which the contribution to the fair deal scheme will be settled.,the minister for health the outcome if a home subject to the fair deal scheme was not insured and damaged by fire and the way in which the contribution to the fair deal scheme will be settled 67816 26,Health,1877,1879
"450. Deputy Cathal Crowe asked the Minister for Health if her Department has plans to raise the mileage rate for HSE workers, especially those working caring for patients in more rural areas and who have to travel longer distances; and if she will make a statement on the matter. [67829/26]",,Health,2026-09-24,0.5830138325691223,Health Services Staff,Health Services Staff,0.5830138325691223,Health Service Executive,0.2584147155284881,Health Services,0.0412351042032241,Covid-19 Pandemic,0.0131540624424815,Healthcare Policy,0.0120249101892113,General Practitioner Services,0.0095541104674339,Covid-19 Pandemic Supports,0.0081274593248963,Departmental Data,0.0048968526534736,Hospital Staff,0.0045845927670598,Care Services,0.0045424648560583,67829/26,450,Cathal Crowe,CATHAL CROWE,written,en,"To ask the Minister for Health if her Department has plans to raise the mileage rate for HSE workers, especially those working caring for patients in more rural areas and who have to travel longer distances; and if she will make a statement on the matter.",the minister for health if her department has plans to raise the mileage rate for hse workers especially those working caring for patients in more rural areas and who have to travel longer distances and 67829 26,Health,1881,1883
451. Deputy Cormac Devlin asked the Minister for Health if she is aware of the case of a person (details supplied); and if she will seek an update from her officials. [67819/26],,Health,2026-09-24,0.1652333438396453,Health Services,Health Services,0.1652333438396453,Hospital Appointments Status,0.1460088640451431,Departmental Correspondence,0.0973075553774833,Health Service Executive,0.0555351749062538,Health Services Staff,0.0444157011806964,Departmental Inquiries,0.0386822558939456,Covid-19 Pandemic,0.026654303073883,Hospital Waiting Lists,0.0262878164649009,Mental Health Services,0.0250377524644136,Nursing Homes,0.0200560986995697,67819/26,451,Cormac Devlin,CORMAC DEVLIN,written,en,To ask the Minister for Health if she is aware of the case of a person (details supplied); and if she will seek an update from her officials.,the minister for health if she is aware of the case of a person details supplied and if she will seek an update from her officials 67819 26,Health,1885,1887
452. Deputy Paul Mcauliffe asked the Minister for Health the obligations for homeowners who have entered into the fair deal scheme for providing insurance against fire and so on; the arrangements in place where the householder no longer has capacity to enter into an insurance contract; and if there is no power of attorney in place for someone else to do it on their behalf. [67818/26],,Health,2026-09-24,0.8917881846427917,Nursing Homes,Nursing Homes,0.8917881846427917,Departmental Schemes,0.0422542467713356,Health Services,0.0079210354015231,Care Services,0.0040274569764733,Departmental Data,0.003976970911026,Healthcare Policy,0.0032643887680023,Healthcare Infrastructure Provision,0.003019067691639,Care of the Elderly,0.0025067636743187,Insurance Coverage,0.0024463136214762,Medical Cards,0.0020795681048184,67818/26,452,Paul Mcauliffe,PAUL MCAULIFFE,written,en,To ask the Minister for Health the obligations for homeowners who have entered into the fair deal scheme for providing insurance against fire and so on; the arrangements in place where the householder no longer has capacity to enter into an insurance contract; and if there is no power of attorney in place for someone else to do it on their behalf.,the minister for health the obligations for homeowners who have entered into the fair deal scheme for providing insurance against fire and so on the arrangements in place where the householder no longer has capacity to enter into an insurance contract and if there is no power of attorney in place for someone else to do it on their behalf 67818 26,Health,1889,1891
"453. Deputy Ken O'Flynn asked the Minister for Health if consideration will be given to expanding dedicated support for family members who accrue or inherit responsibility for a relative's drug debt, in recognition of the intimidation and financial harm involved; and if she will make a statement on the matter. [67926/26]",,Health,2026-09-24,0.2145589590072631,Substance Misuse,Substance Misuse,0.2145589590072631,Medicinal Products,0.161523625254631,Healthcare Policy,0.1053372770547866,Health Services,0.1049558296799659,Addiction Treatment Services,0.1031249091029167,Health Strategies,0.0421180948615074,Health Promotion,0.0192692913115024,Misuse of Drugs,0.0162649396806955,Departmental Policies,0.0145385470241308,Prescriptions Charges,0.0099115259945392,67926/26,453,Ken O'Flynn,KEN O'FLYNN,written,en,"To ask the Minister for Health if consideration will be given to expanding dedicated support for family members who accrue or inherit responsibility for a relative's drug debt, in recognition of the intimidation and financial harm involved; and if she will make a statement on the matter.",the minister for health if consideration will be given to expanding dedicated support for family members who accrue or inherit responsibility for a relative s drug debt in recognition of the intimidation and financial harm involved and 67926 26,Health,1893,1895
454. Deputy Pearse Doherty asked the Minister for Health when a family will receive an offer of primary care psychology intervention (details supplied). [67737/26],,Health,2026-09-24,0.9018693566322328,Mental Health Services,Mental Health Services,0.9018693566322328,Health Services,0.0314946994185447,Primary Care Services,0.0149032417684793,Health Services Waiting Lists,0.008654486387968,Health Services Staff,0.0067706382833421,Mental Health Policy,0.0058866753242909,Disability Services,0.00505410740152,Psychological Assessments,0.0014316262677311,Hospital Services,0.0012136724544689,Departmental Data,0.0011966179590672,67737/26,454,Pearse Doherty,PEARSE DOHERTY,written,en,To ask the Minister for Health when a family will receive an offer of primary care psychology intervention (details supplied).,the minister for health when a family will receive an offer of primary care psychology intervention details supplied 67737 26,Health,1897,1899
455. Deputy Ken O'Flynn asked the Minister for Health the number of family support workers funded in the Cork Local Drug and Alcohol Task Force area in each of the years 2021 to 2025 and to date in 2026; and if she will make a statement on the matter. [67924/26],,Health,2026-09-24,0.4013656675815582,Health Services Staff,Health Services Staff,0.4013656675815582,Health Services,0.2027449756860733,Departmental Funding,0.0782476961612701,Departmental Data,0.0694997161626815,Addiction Treatment Services,0.0298646446317434,Mental Health Services,0.0227456856518983,Care Services,0.0194196756929159,Disability Services,0.019376516342163,Substance Misuse,0.0142446476966142,Health Service Executive,0.0112541979178786,67924/26,455,Ken O'Flynn,KEN O'FLYNN,written,en,To ask the Minister for Health the number of family support workers funded in the Cork Local Drug and Alcohol Task Force area in each of the years 2021 to 2025 and to date in 2026; and if she will make a statement on the matter.,the minister for health the number of family support workers funded in the cork local drug and alcohol task force area in each of the years 2021 to 2025 and to date in 2026 and 67924 26,Health,1901,1903
456. Deputy Malcolm Byrne asked the Minister for Health the reason for the delay in the printing of physical medical cards; and if there is an update on when the issues will be addressed. [67923/26],,Health,2026-09-24,0.9883944988250732,Medical Cards,Medical Cards,0.9883944988250732,Health Services,0.0021244781091809,Departmental Data,0.0012037445558235,Medicinal Products,0.0007653568172827,Hospital Charges,0.0006689351866953,Dental Services,0.0006294677732512,Disability Services,0.0005432381294667,Passport Services,0.0003683136892504,Health Service Executive,0.0002929703041445,Primary Medical Certificates,0.0002486058219801,67923/26,456,Malcolm Byrne,MALCOLM BYRNE,written,en,To ask the Minister for Health the reason for the delay in the printing of physical medical cards; and if there is an update on when the issues will be addressed.,the minister for health the reason for the delay in the printing of physical medical cards and if there is an update on when the issues will be addressed 67923 26,Health,1905,1907
457. Deputy Johnny Guirke asked the Minister for Health the average wait time for an ambulance in the County Meath region; and if she will make a statement on the matter. [67727/26],,Health,2026-09-24,0.993403136730194,Ambulance Service,Ambulance Service,0.993403136730194,Emergency Services,0.0017253927653655,Departmental Data,0.0005133259692229,Health Services,0.0003824883897323,Hospital Services,0.0002607158967293,Emergency Departments,0.0002288735995534,Health Services Staff,0.0001437719038221,Departmental Funding,0.0001268777705263,Hospital Staff,0.0001146149952546,Home Help Service,0.0001096994164981,67727/26,457,Johnny Guirke,JOHNNY GUIRKE,written,en,To ask the Minister for Health the average wait time for an ambulance in the County Meath region; and if she will make a statement on the matter.,the minister for health the average wait time for an ambulance in the county meath region and 67727 26,Health,1909,1911
458. Deputy Johnny Guirke asked the Minister for Health the number of ambulance personnel employed to serve the County Meath region; and if she will make a statement on the matter. [67726/26],,Health,2026-09-24,0.9914957284927368,Ambulance Service,Ambulance Service,0.9914957284927368,Emergency Services,0.0022450208198279,Departmental Data,0.0005098888068459,Health Services,0.000497251865454,Health Services Staff,0.0003886544436682,Hospital Services,0.0003676903725136,Hospital Staff,0.0002945315209217,Emergency Departments,0.000255065766396,Disability Services,0.0001843630307121,Home Help Service,0.0001664782466832,67726/26,458,Johnny Guirke,JOHNNY GUIRKE,written,en,To ask the Minister for Health the number of ambulance personnel employed to serve the County Meath region; and if she will make a statement on the matter.,the minister for health the number of ambulance personnel employed to serve the county meath region and 67726 26,Health,1913,1915
459. Deputy Johnny Guirke asked the Minister for Health the number of ambulance vehicles dedicated to County Meath; and if she will make a statement on the matter. [67725/26],,Health,2026-09-24,0.9922687411308287,Ambulance Service,Ambulance Service,0.9922687411308287,Emergency Services,0.0026458138599991,Departmental Data,0.0004679679695982,Health Services,0.0003926793287973,Hospital Services,0.0003209424030501,Emergency Departments,0.0002974004019051,Departmental Funding,0.0002043184358626,Disability Services,0.0001317769492743,Bus Services,9.706814307719468e-05,Social Welfare Benefits,9.233440505340695e-05,67725/26,459,Johnny Guirke,JOHNNY GUIRKE,written,en,To ask the Minister for Health the number of ambulance vehicles dedicated to County Meath; and if she will make a statement on the matter.,the minister for health the number of ambulance vehicles dedicated to county meath and 67725 26,Health,1917,1919
460. Deputy Sean Fleming asked the Minister for Health when a payment in respect of the Cross Border Directive will be paid to a person (details supplied). [67723/26],,Health,2026-09-24,0.3173026144504547,Health Services,Health Services,0.3173026144504547,Covid-19 Pandemic,0.090575985610485,Healthcare Policy,0.0692763775587081,Health Service Executive,0.066257394850254,Ukraine War,0.0371085181832313,Covid-19 Pandemic Supports,0.0331817679107189,Cross-Border Co-operation,0.0282520968466997,EU Directives,0.0255796033889055,Departmental Data,0.0228430647403001,International Agreements,0.0164571795612573,67723/26,460,Sean Fleming,SEAN FLEMING,written,en,To ask the Minister for Health when a payment in respect of the Cross Border Directive will be paid to a person (details supplied).,the minister for health when a payment in respect of the cross border directive will be paid to a person details supplied 67723 26,Health,1921,1923
"461. Deputy Ken O'Flynn asked the Minister for Health the funding provided for family support services for families affected by a member's addiction in the Cork/Kerry region in each of the years 2021 to 2025 and to date in 2026, including any services working alongside families experiencing drug-related intimidation; and if she will make a statement on the matter. [67921/26]",,Health,2026-09-24,0.6155186295509338,Addiction Treatment Services,Addiction Treatment Services,0.6155186295509338,Health Services,0.15347321331501,Substance Misuse,0.0656890943646431,Departmental Funding,0.0352856032550334,Healthcare Policy,0.0125084454193711,Departmental Data,0.0105913868173956,Departmental Schemes,0.0084272548556327,Mental Health Services,0.006296704057604,Health Strategies,0.0057156244292855,Health Promotion,0.0052065602503716,67921/26,461,Ken O'Flynn,KEN O'FLYNN,written,en,"To ask the Minister for Health the funding provided for family support services for families affected by a member's addiction in the Cork/Kerry region in each of the years 2021 to 2025 and to date in 2026, including any services working alongside families experiencing drug-related intimidation; and if she will make a statement on the matter.",the minister for health the funding provided for family support services for families affected by a member s addiction in the cork kerry region in each of the years 2021 to 2025 and to date in 2026 including any services working alongside families experiencing drug-related intimidation and 67921 26,Health,1925,1927
462. Deputy Ken O'Flynn asked the Minister for Health the funding allocated to the Cork Local Drug and Alcohol Task Force in each of the years 2021 to 2025 and to date in 2026; and if she will make a statement on the matter. [67920/26],,Health,2026-09-24,0.3101863265037536,Departmental Funding,Departmental Funding,0.3101863265037536,Health Services,0.1919286400079727,Addiction Treatment Services,0.1388318389654159,Substance Misuse,0.0869679450988769,Health Strategies,0.0524599961936473,Departmental Data,0.0323319919407367,Healthcare Policy,0.0212197471410036,Departmental Expenditure,0.0202572457492351,Mental Health Services,0.0201283395290374,Health Services Staff,0.0077098314650356,67920/26,462,Ken O'Flynn,KEN O'FLYNN,written,en,To ask the Minister for Health the funding allocated to the Cork Local Drug and Alcohol Task Force in each of the years 2021 to 2025 and to date in 2026; and if she will make a statement on the matter.,the minister for health the funding allocated to the cork local drug and alcohol task force in each of the years 2021 to 2025 and to date in 2026 and 67920 26,Health,1929,1931
463. Deputy Ken O'Flynn asked the Minister for Health the number of residential addiction treatment beds available to residents of the Cork/Kerry region in each of the years 2021 to 2025 and to date in 2026; and if she will make a statement on the matter. [67918/26],,Health,2026-09-24,0.6013733744621277,Addiction Treatment Services,Addiction Treatment Services,0.6013733744621277,Health Services,0.1777461171150207,Substance Misuse,0.0646059736609458,Departmental Data,0.0301590450108051,Hospital Facilities,0.0130038615316152,Mental Health Services,0.0091026714071631,Hospital Services,0.0080119399353861,Healthcare Policy,0.0073999185115098,Community Care,0.0060183145105838,Departmental Schemes,0.0049801049754023,67918/26,463,Ken O'Flynn,KEN O'FLYNN,written,en,To ask the Minister for Health the number of residential addiction treatment beds available to residents of the Cork/Kerry region in each of the years 2021 to 2025 and to date in 2026; and if she will make a statement on the matter.,the minister for health the number of residential addiction treatment beds available to residents of the cork kerry region in each of the years 2021 to 2025 and to date in 2026 and 67918 26,Health,1933,1935
464. Deputy Ken O'Flynn asked the Minister for Health the current waiting times for community and residential addiction treatment services in the Cork/Kerry region in each of the years 2021 to 2025 and to date in 2026; and if she will make a statement on the matter. [67914/26],,Health,2026-09-24,0.4633446335792541,Addiction Treatment Services,Addiction Treatment Services,0.4633446335792541,Health Services,0.2906923294067383,Departmental Data,0.0454421080648899,Substance Misuse,0.0323572196066379,Health Services Waiting Lists,0.0215335823595523,Mental Health Services,0.0195841714739799,Community Care,0.0082788672298192,Disability Services,0.0072007114067673,Departmental Funding,0.0070992629043757,Hospital Facilities,0.0060630398802459,67914/26,464,Ken O'Flynn,KEN O'FLYNN,written,en,To ask the Minister for Health the current waiting times for community and residential addiction treatment services in the Cork/Kerry region in each of the years 2021 to 2025 and to date in 2026; and if she will make a statement on the matter.,the minister for health the current waiting times for community and residential addiction treatment services in the cork kerry region in each of the years 2021 to 2025 and to date in 2026 and 67914 26,Health,1937,1939
"465. Deputy Pádraig Rice asked the Minister for Health if approval has been granted to Cork University Hospital to recruit the staff required to operationalise 21 additional acute inpatient beds, due to be delivered by year end. [67774/26]",,Health,2026-09-24,0.8734750151634216,Hospital Staff,Hospital Staff,0.8734750151634216,Hospital Services,0.0455478653311729,Health Services Staff,0.0413182266056537,Hospital Facilities,0.0181972794234752,Health Services,0.0035312401596456,Departmental Data,0.0024939395952969,Emergency Departments,0.0017060416284948,Hospital Admissions,0.0016040839254856,Healthcare Infrastructure Provision,0.0010188450105488,Health Service Executive,0.0009228308335877,67774/26,465,Pádraig Rice,PÁDRAIG RICE,written,en,"To ask the Minister for Health if approval has been granted to Cork University Hospital to recruit the staff required to operationalise 21 additional acute inpatient beds, due to be delivered by year end.",the minister for health if approval has been granted to cork university hospital to recruit the staff required to operationalise 21 additional acute inpatient beds due to be delivered by year end 67774 26,Health,1941,1943
"466. Deputy Pádraig Rice asked the Minister for Health the status of the 21 in-patient beds due to be delivered in Cork University Hospital this year; the timeline for opening these beds; and the total additional staff requirement to operationalise all 21 beds, by grade. [67773/26]",,Health,2026-09-24,0.8996471762657166,Hospital Facilities,Hospital Facilities,0.8996471762657166,Hospital Services,0.0469491481781005,Healthcare Infrastructure Provision,0.0121761374175548,Health Services,0.0092476615682244,Departmental Data,0.0071901967748999,Hospital Admissions,0.0033113595563918,Hospital Equipment,0.0031685114372521,Emergency Departments,0.0026026950217783,Hospital Staff,0.0020737687591463,Hospital Overcrowding,0.0016718383412808,67773/26,466,Pádraig Rice,PÁDRAIG RICE,written,en,"To ask the Minister for Health the status of the 21 in-patient beds due to be delivered in Cork University Hospital this year; the timeline for opening these beds; and the total additional staff requirement to operationalise all 21 beds, by grade.",the minister for health the status of the 21 in-patient beds due to be delivered in cork university hospital this year the timeline for opening these beds and the total additional staff requirement to operationalise all 21 beds by grade 67773 26,Health,1945,1947
467. Deputy Pádraig Rice asked the Minister for Health the number of days in which CT scanners in Cork University Hospital were closed or capacity was restricted due to staff shortages in 2026. [67771/26],,Health,2026-09-24,0.786432147026062,Hospital Equipment,Hospital Equipment,0.786432147026062,Hospital Services,0.0659298151731491,Hospital Staff,0.0394600369036197,Hospital Facilities,0.0325634032487869,Departmental Data,0.0091995280236005,Health Services,0.0073305210098624,Emergency Departments,0.0063389842398464,Hospital Procedures,0.0060834605246782,Hospital Admissions,0.0043738153763115,Cancer Services,0.0042326585389673,67771/26,467,Pádraig Rice,PÁDRAIG RICE,written,en,To ask the Minister for Health the number of days in which CT scanners in Cork University Hospital were closed or capacity was restricted due to staff shortages in 2026.,the minister for health the number of days in which ct scanners in cork university hospital were closed or capacity was restricted due to staff shortages in 2026 67771 26,Health,1949,1951
468. Deputy Pádraig Rice asked the Minister for Health the number of CT scan machines in Cork University Hospital. [67769/26],,Health,2026-09-24,0.8567756414413452,Hospital Equipment,Hospital Equipment,0.8567756414413452,Hospital Services,0.0208458751440048,Hospital Staff,0.0171073619276285,Health Services,0.0164963379502296,Hospital Facilities,0.0158505011349916,Departmental Data,0.0117436600849032,Medical Aids and Appliances,0.0075420020148158,Hospital Procedures,0.0062169497832655,Cancer Services,0.005491224117577,Health Services Staff,0.0030350470915436,67769/26,468,Pádraig Rice,PÁDRAIG RICE,written,en,To ask the Minister for Health the number of CT scan machines in Cork University Hospital.,the minister for health the number of ct scan machines in cork university hospital 67769 26,Health,1953,1955
469. Deputy Pádraig Rice asked the Minister for Health the number of radiographers employed in Cork University Hospital in each of the years from 2020 to date in 2026. [67763/26],,Health,2026-09-24,0.9139583706855774,Hospital Staff,Hospital Staff,0.9139583706855774,Health Services Staff,0.0723975673317909,Departmental Staff,0.0018431079806759,Hospital Services,0.0018009191844612,Departmental Data,0.0016191493486985,Health Services,0.0008815428591333,Health Service Executive,0.0008095005759969,Medical Qualifications,0.0004817767767235,Cancer Services,0.0003404298331588,Hospital Equipment,0.0003392303478904,67763/26,469,Pádraig Rice,PÁDRAIG RICE,written,en,To ask the Minister for Health the number of radiographers employed in Cork University Hospital in each of the years from 2020 to date in 2026.,the minister for health the number of radiographers employed in cork university hospital in each of the years from 2020 to date in 2026 67763 26,Health,1957,1959
470. Deputy Paul Lawless asked the Minister for Health the protocols in place for the care and supervision of patients presenting with acute psychosis while awaiting psychiatric assessment in emergency departments; the supports available to family members accompanying such patients; and whether her Department is reviewing these arrangements with a view to improving patient safety and dignity during prolonged waits for assessment. [67761/26],,Health,2026-09-24,0.8648595213890076,Mental Health Services,Mental Health Services,0.8648595213890076,Mental Health Policy,0.0187747944146394,Hospital Services,0.0095114856958389,Health Services,0.0092993127182126,Hospital Waiting Lists,0.0092607047408819,Health Services Waiting Lists,0.0071660401299595,Emergency Departments,0.0053902580402791,Mental Health Commission,0.005032449029386,Hospital Admissions,0.0044640530832111,Departmental Data,0.0038815166335552,67761/26,470,Paul Lawless,PAUL LAWLESS,written,en,To ask the Minister for Health the protocols in place for the care and supervision of patients presenting with acute psychosis while awaiting psychiatric assessment in emergency departments; the supports available to family members accompanying such patients; and whether her Department is reviewing these arrangements with a view to improving patient safety and dignity during prolonged waits for assessment.,the minister for health the protocols in place for the care and supervision of patients presenting with acute psychosis while awaiting psychiatric assessment in emergency departments the supports available to family members accompanying such patients and whether her department is reviewing these arrangements with a view to improving patient safety and dignity during prolonged waits for assessment 67761 26,Health,1961,1963
"471. Deputy Paul Lawless asked the Minister for Health the facilities available at Mayo University Hospital for patients presenting in an acute mental health crisis, including those experiencing psychosis; the number of dedicated mental health assessment rooms available; whether additional facilities are planned (details supplied); and if she will make a statement on the matter. [67760/26]",,Health,2026-09-24,0.476936012506485,Mental Health Services,Mental Health Services,0.476936012506485,Hospital Facilities,0.2016526311635971,Hospital Services,0.1859394907951355,Health Services,0.0411277487874031,Healthcare Infrastructure Provision,0.0222846344113349,Hospital Overcrowding,0.0051081925630569,Hospital Admissions,0.0050275851972401,Mental Health Policy,0.0044591943733394,Emergency Departments,0.0037966491654515,Hospital Waiting Lists,0.0034744585864245,67760/26,471,Paul Lawless,PAUL LAWLESS,written,en,"To ask the Minister for Health the facilities available at Mayo University Hospital for patients presenting in an acute mental health crisis, including those experiencing psychosis; the number of dedicated mental health assessment rooms available; whether additional facilities are planned (details supplied); and if she will make a statement on the matter.",the minister for health the facilities available at mayo university hospital for patients presenting in an acute mental health crisis including those experiencing psychosis the number of dedicated mental health assessment rooms available whether additional facilities are planned details supplied and 67760 26,Health,1965,1967
472. Deputy Paul Lawless asked the Minister for Health the average waiting time for psychiatric assessment for persons presenting with acute psychosis or other acute mental health crises at the Emergency Department of Mayo University Hospital in each of the past three years; the longest wait recorded during this period; and if she will make a statement on the matter. [67759/26],,Health,2026-09-24,0.3469805121421814,Mental Health Services,Mental Health Services,0.3469805121421814,Hospital Waiting Lists,0.2567402720451355,Emergency Departments,0.0688976719975471,Hospital Services,0.0630329996347427,Health Services Waiting Lists,0.0573083870112896,Hospital Admissions,0.0369240343570709,Departmental Data,0.0326769351959228,Health Services,0.0129661187529563,Hospital Appointments Status,0.0111736143007874,Hospital Overcrowding,0.0111643001437187,67759/26,472,Paul Lawless,PAUL LAWLESS,written,en,To ask the Minister for Health the average waiting time for psychiatric assessment for persons presenting with acute psychosis or other acute mental health crises at the Emergency Department of Mayo University Hospital in each of the past three years; the longest wait recorded during this period; and if she will make a statement on the matter.,the minister for health the average waiting time for psychiatric assessment for persons presenting with acute psychosis or other acute mental health crises at the emergency department of mayo university hospital in each of the past three years the longest wait recorded during this period and 67759 26,Health,1969,1971
473. Deputy Pádraig Mac Lochlainn asked the Minister for Health to advise on matter raised in correspondence (details supplied). [67884/26],,Health,2026-09-24,0.301138162612915,Departmental Correspondence,Departmental Correspondence,0.301138162612915,Health Services,0.2302227318286895,Health Service Executive,0.0445615649223327,Health Services Staff,0.0318449363112449,Medicinal Products,0.0305654983967542,Disability Services,0.0286336578428745,Mental Health Services,0.022996712476015,Departmental Inquiries,0.0226933024823665,Nursing Homes,0.0186887085437774,Medical Aids and Appliances,0.01761363632977,67884/26,473,Pádraig Mac Lochlainn,PÁDRAIG MAC LOCHLAINN,written,en,To ask the Minister for Health to advise on matter raised in correspondence (details supplied).,the minister for health to advise on matter raised in correspondence details supplied 67884 26,Health,1973,1975
"474. Deputy Pádraig Rice asked the Minister for Health if staff from existing HSE sites are to be redeployed to commission the HSE South West Surgical Hub; if so, the number of staff, broken down by grade and location (details supplied). [67754/26]",,Health,2026-09-24,0.6124835014343262,Health Services Staff,Health Services Staff,0.6124835014343262,Health Service Executive,0.3183618187904358,Hospital Staff,0.0206236857920885,Health Services,0.0126387868076562,Departmental Data,0.0048980806022882,Departmental Staff,0.0048055378720164,Mental Health Services,0.0033426417503505,Healthcare Infrastructure Provision,0.0021953620016574,Primary Care Centres,0.0021939231082797,Disability Services,0.0017246392089873,67754/26,474,Pádraig Rice,PÁDRAIG RICE,written,en,"To ask the Minister for Health if staff from existing HSE sites are to be redeployed to commission the HSE South West Surgical Hub; if so, the number of staff, broken down by grade and location (details supplied).",the minister for health if staff from existing hse sites are to be redeployed to commission the hse south west surgical hub if so the number of staff broken down by grade and location details supplied 67754 26,Health,1977,1979
"475. Deputy Pádraig Rice asked the Minister for Health the number of posts required for the HSE South West Surgical Hub, by grade; the number of posts funded; the number of posts approved; and the number of staff in post. [67752/26]",,Health,2026-09-24,0.6459141373634338,Health Service Executive,Health Service Executive,0.6459141373634338,Health Services Staff,0.2203269004821777,Hospital Staff,0.0280974078923463,Health Services,0.0203379578888416,Departmental Data,0.0192563366144895,Healthcare Infrastructure Provision,0.0151161011308431,Primary Care Centres,0.0129498848691582,Hospital Facilities,0.0046655475161969,Hospital Services,0.0034495862200856,Primary Care Services,0.0032495579216629,67752/26,475,Pádraig Rice,PÁDRAIG RICE,written,en,"To ask the Minister for Health the number of posts required for the HSE South West Surgical Hub, by grade; the number of posts funded; the number of posts approved; and the number of staff in post.",the minister for health the number of posts required for the hse south west surgical hub by grade the number of posts funded the number of posts approved and the number of staff in post 67752 26,Health,1981,1983
476. Deputy Niamh Smyth asked the Minister for Health If she will review the case of a person (details supplied). [67751/26],,Health,2026-09-24,0.387380301952362,Health Services,Health Services,0.387380301952362,Hospital Appointments Status,0.0691765770316124,Departmental Correspondence,0.0559038445353508,Health Service Executive,0.0421910211443901,Mental Health Services,0.0353374294936656,Departmental Inquiries,0.0314813554286956,Health Services Waiting Lists,0.0304872449487447,Health Services Staff,0.0304342806339263,Disability Services,0.0277468971908092,Departmental Reviews,0.0199505388736724,67751/26,476,Niamh Smyth,NIAMH SMYTH,written,en,To ask the Minister for Health If she will review the case of a person (details supplied).,the minister for health if she will review the case of a person details supplied 67751 26,Health,1985,1987
477. Deputy Eoin Ó Broin asked the Minister for Health if she will consider and reply to correspondence from an organisation (details supplied) regarding the points relevant to her Department. [67978/26],,Health,2026-09-24,0.823154866695404,Departmental Correspondence,Departmental Correspondence,0.823154866695404,Health Services,0.0289344936609268,Departmental Communications,0.0166835505515337,Departmental Inquiries,0.0138028440997004,Disability Services,0.0112488912418484,Health Service Executive,0.007000186946243,Mental Health Services,0.004467574879527,Medicinal Products,0.0037406794726848,Health Services Staff,0.0035986392758786,Departmental Data,0.0035515329800546,67978/26,477,Eoin Ó Broin,EOIN Ó BROIN,written,en,To ask the Minister for Health if she will consider and reply to correspondence from an organisation (details supplied) regarding the points relevant to her Department.,the minister for health if she will consider and reply to correspondence from an organisation details supplied regarding the points relevant to her department 67978 26,Health,1989,1991
478. Deputy Cathy Bennett asked the Minister for Health to provide a list of the services currently available in Monaghan Hospital. [67857/26],,Health,2026-09-24,0.9134082198143004,Hospital Services,Hospital Services,0.9134082198143004,Health Services,0.0473451800644397,Departmental Data,0.0069304844364523,Hospital Facilities,0.0059269056655466,Hospital Admissions,0.0055265887640416,Hospital Staff,0.0050542871467769,Hospital Procedures,0.004412776324898,Hospital Waiting Lists,0.0018327966099604,Hospital Appointments Status,0.0010743822203949,Hospital Overcrowding,0.0010046527022495,67857/26,478,Cathy Bennett,CATHY BENNETT,written,en,To ask the Minister for Health to provide a list of the services currently available in Monaghan Hospital.,the minister for health to provide a list of the services currently available in monaghan hospital 67857 26,Health,1993,1995
479. Deputy Cathy Bennett asked the Minister for Health the number of wards currently in use in Monaghan Hospital and what they are used for. [67858/26],,Health,2026-09-24,0.7942587733268738,Hospital Facilities,Hospital Facilities,0.7942587733268738,Hospital Services,0.0856759697198867,Healthcare Infrastructure Provision,0.0348556898534297,Hospital Equipment,0.0208913851529359,Health Services,0.010296544060111,Departmental Data,0.0079990904778242,National Children's Hospital,0.0061777639202773,Hospital Staff,0.0055912774987518,Hospital Admissions,0.0055091148242354,Emergency Departments,0.0040493770502507,67858/26,479,Cathy Bennett,CATHY BENNETT,written,en,To ask the Minister for Health the number of wards currently in use in Monaghan Hospital and what they are used for.,the minister for health the number of wards currently in use in monaghan hospital and what they are used for 67858 26,Health,1997,1999
"480. Deputy Cathy Bennett asked the Minister for Health to provide the number of staff employed in Monaghan Hospital, by department. [67859/26]",,Health,2026-09-24,0.9219918251037598,Hospital Staff,Hospital Staff,0.9219918251037598,Health Services Staff,0.0616458877921104,Hospital Services,0.0035646569449454,Departmental Data,0.0026721481699496,Departmental Staff,0.0020577951800078,Health Services,0.0010726922191679,Health Service Executive,0.0009934992995113,Hospital Admissions,0.0004340212617535,Cancer Services,0.0003895641129929,Hospital Facilities,0.0003302719269413,67859/26,480,Cathy Bennett,CATHY BENNETT,written,en,"To ask the Minister for Health to provide the number of staff employed in Monaghan Hospital, by department.",the minister for health to provide the number of staff employed in monaghan hospital by department 67859 26,Health,2001,2003
481. Deputy Cathy Bennett asked the Minister for Health the number of beds currently available in Monaghan Hospital for both in-patient and outpatient services. [67860/26],,Health,2026-09-24,0.725139319896698,Hospital Facilities,Hospital Facilities,0.725139319896698,Hospital Services,0.2065775543451309,Health Services,0.0219595842063426,Departmental Data,0.0139507977291941,Hospital Admissions,0.0057402234524488,Healthcare Infrastructure Provision,0.0056107891723513,Hospital Equipment,0.0020251586101949,Hospital Staff,0.0018675138708204,Community Care,0.0018542120233178,Hospital Overcrowding,0.0017710857791826,67860/26,481,Cathy Bennett,CATHY BENNETT,written,en,To ask the Minister for Health the number of beds currently available in Monaghan Hospital for both in-patient and outpatient services.,the minister for health the number of beds currently available in monaghan hospital for both in-patient and outpatient services 67860 26,Health,2005,2007
482. Deputy Cathy Bennett asked the Minister for Health if she could provide a list of the diagnostic equipment in Monaghan Hospital. [67861/26],,Health,2026-09-24,0.8256233930587769,Hospital Equipment,Hospital Equipment,0.8256233930587769,Hospital Services,0.0259385332465171,Medical Aids and Appliances,0.0238248351961374,Hospital Facilities,0.0236557461321353,Health Services,0.0219936538487672,Hospital Staff,0.0149295972660183,Covid-19 Pandemic,0.0060305036604404,Departmental Data,0.0055381408892571,Cancer Services,0.0047673759981989,Health Service Executive,0.0044665350578725,67861/26,482,Cathy Bennett,CATHY BENNETT,written,en,To ask the Minister for Health if she could provide a list of the diagnostic equipment in Monaghan Hospital.,the minister for health if she could provide a list of the diagnostic equipment in monaghan hospital 67861 26,Health,2009,2011
483. Deputy Cathy Bennett asked the Minister for Health if she could provide a list of theatre procedures done in Monaghan Hospital. [67862/26],,Health,2026-09-24,0.7850006222724915,Hospital Procedures,Hospital Procedures,0.7850006222724915,Hospital Services,0.1008539795875549,Hospital Waiting Lists,0.0339572839438915,Hospital Appointments Status,0.0134719032794237,Hospital Admissions,0.0116337593644857,Health Services,0.0112985335290431,Departmental Data,0.0091597670689225,Cancer Services,0.0054968898184597,Hospital Transfers,0.0021135581191629,Hospital Equipment,0.0020781985949724,67862/26,483,Cathy Bennett,CATHY BENNETT,written,en,To ask the Minister for Health if she could provide a list of theatre procedures done in Monaghan Hospital.,the minister for health if she could provide a list of theatre procedures done in monaghan hospital 67862 26,Health,2013,2015
484. Deputy Cathy Bennett asked the Minister for Health the current number of rooms in Monaghan Hospital; the number that are in use and number that are unused. [67863/26],,Health,2026-09-24,0.7406696081161499,Hospital Facilities,Hospital Facilities,0.7406696081161499,Hospital Services,0.088837593793869,Departmental Data,0.0494070090353488,Health Services,0.0190534237772226,Healthcare Infrastructure Provision,0.0171620287001132,Hospital Staff,0.0170356016606092,Departmental Properties,0.0107520874589681,Hospital Admissions,0.0103357005864381,Health Service Executive,0.006606891285628,Hospital Equipment,0.0053322133608162,67863/26,484,Cathy Bennett,CATHY BENNETT,written,en,To ask the Minister for Health the current number of rooms in Monaghan Hospital; the number that are in use and number that are unused.,the minister for health the current number of rooms in monaghan hospital the number that are in use and number that are unused 67863 26,Health,2017,2019
485. Deputy Cathy Bennett asked the Minister for Health the other facilities are available in Monaghan Hospital. [67864/26],,Health,2026-09-24,0.4879652261734009,Hospital Facilities,Hospital Facilities,0.4879652261734009,Hospital Services,0.4278927445411682,Health Services,0.0298660192638635,Healthcare Infrastructure Provision,0.0212461855262517,Hospital Equipment,0.0041246013715863,National Children's Hospital,0.004108898807317,Hospital Admissions,0.0037615997716784,Hospital Overcrowding,0.0027216316666454,National Maternity Hospital,0.0021795961074531,Community Care,0.0015693330205976,67864/26,485,Cathy Bennett,CATHY BENNETT,written,en,To ask the Minister for Health the other facilities are available in Monaghan Hospital.,the minister for health the other facilities are available in monaghan hospital 67864 26,Health,2021,2023
486. Deputy Cathy Bennett asked the Minister for Health the WTE staff in cardiology allocated to Monaghan Hospital. [67865/26],,Health,2026-09-24,0.9387729167938232,Hospital Staff,Hospital Staff,0.9387729167938232,Health Services Staff,0.046099729835987,Hospital Services,0.0058300294913351,Departmental Data,0.0018599769100546,Health Services,0.0013420997420325,Health Service Executive,0.0007072885055094,Departmental Staff,0.0005065237055532,Hospital Admissions,0.0003871900844387,Cancer Services,0.0003592470602598,Hospital Facilities,0.0002917097590398,67865/26,486,Cathy Bennett,CATHY BENNETT,written,en,To ask the Minister for Health the WTE staff in cardiology allocated to Monaghan Hospital.,the minister for health the wte staff in cardiology allocated to monaghan hospital 67865 26,Health,2025,2027
487. Deputy John Connolly asked the Minister for Health for an update on the development of specific services for adults with ADHD in County Galway. [67841/26],,Health,2026-09-24,0.5432144403457642,Mental Health Services,Mental Health Services,0.5432144403457642,Disability Services,0.2803101241588592,Health Services,0.0958179384469986,Disabilities Assessments,0.0100274728611111,Departmental Data,0.0063932728953659,Special Educational Needs,0.0056802351027727,Care Services,0.0050637638196349,Health Services Waiting Lists,0.004676142707467,Mental Health Policy,0.0040031094104051,Health Services Staff,0.0039929365739226,67841/26,487,John Connolly,JOHN CONNOLLY,written,en,To ask the Minister for Health for an update on the development of specific services for adults with ADHD in County Galway.,the minister for health for an update on the development of specific services for adults with adhd in county galway 67841 26,Health,2029,2031
488. Deputy Paul Lawless asked the Minister for Health whether consideration has been given to increasing recovery bed capacity for patients undergoing cerebral angiograms and other neurovascular procedures at Beaumont Hospital; whether an additional dedicated recovery bed or beds could be provided to reduce cancellations arising from bed shortages; and if she will make a statement on the matter. [68018/26],,Health,2026-09-24,0.5338857769966125,Hospital Services,Hospital Services,0.5338857769966125,Hospital Facilities,0.2934551537036896,Hospital Overcrowding,0.0569278709590435,Hospital Admissions,0.0357003211975097,Health Services,0.0155345471575856,Emergency Departments,0.0119524048641324,Healthcare Infrastructure Provision,0.0055821128189563,Hospital Transfers,0.0051216189749538,Hospital Procedures,0.0046134046278893,Hospital Equipment,0.0044739744625985,68018/26,488,Paul Lawless,PAUL LAWLESS,written,en,To ask the Minister for Health whether consideration has been given to increasing recovery bed capacity for patients undergoing cerebral angiograms and other neurovascular procedures at Beaumont Hospital; whether an additional dedicated recovery bed or beds could be provided to reduce cancellations arising from bed shortages; and if she will make a statement on the matter.,the minister for health whether consideration has been given to increasing recovery bed capacity for patients undergoing cerebral angiograms and other neurovascular procedures at beaumont hospital whether an additional dedicated recovery bed or beds could be provided to reduce cancellations arising from bed shortages and 68018 26,Health,2033,2035
489. Deputy Paul Lawless asked the Minister for Health the average and longest waiting times from diagnosis of a cerebral aneurysm to definitive treatment in each of the past five years; and if she will make a statement on the matter. [68022/26],,Health,2026-09-24,0.6458675861358643,Hospital Waiting Lists,Hospital Waiting Lists,0.6458675861358643,Health Services Waiting Lists,0.160657912492752,Health Services,0.0617151297628879,Departmental Data,0.0494447387754917,Hospital Appointments Status,0.0308081749826669,Hospital Services,0.0090984432026743,Hospital Procedures,0.0079101659357547,Disability Services,0.0076962667517364,Disease Management,0.0037788988556712,Disabilities Assessments,0.0027318713255226,68022/26,489,Paul Lawless,PAUL LAWLESS,written,en,To ask the Minister for Health the average and longest waiting times from diagnosis of a cerebral aneurysm to definitive treatment in each of the past five years; and if she will make a statement on the matter.,the minister for health the average and longest waiting times from diagnosis of a cerebral aneurysm to definitive treatment in each of the past five years and 68022 26,Health,2037,2039
490. Deputy Paul Lawless asked the Minister for Health the average and longest waiting times from diagnosis of a cerebral aneurysm to definitive treatment in each of the past five years; and if she will make a statement on the matter. [68021/26],,Health,2026-09-24,0.6514383554458618,Hospital Waiting Lists,Hospital Waiting Lists,0.6514383554458618,Health Services Waiting Lists,0.1570091694593429,Health Services,0.0604434944689273,Departmental Data,0.0500270836055278,Hospital Appointments Status,0.0295005273073911,Hospital Services,0.009141624905169,Hospital Procedures,0.0079657454043626,Disability Services,0.007578594610095,Disease Management,0.0038504404947161,Disabilities Assessments,0.0026845755055546,68021/26,490,Paul Lawless,PAUL LAWLESS,written,en,To ask the Minister for Health the average and longest waiting times from diagnosis of a cerebral aneurysm to definitive treatment in each of the past five years; and if she will make a statement on the matter.,the minister for health the average and longest waiting times from diagnosis of a cerebral aneurysm to definitive treatment in each of the past five years and 68021 26,Health,2041,2043
491. Deputy Paul Lawless asked the Minister for Health the number of cerebral angiogram procedures cancelled at Beaumont Hospital in each of the past five years due to a lack of available inpatient or recovery beds; the number of patients whose procedure was cancelled on more than one occasion; and if she will make a statement on the matter. [68019/26],,Health,2026-09-24,0.6821413040161133,Hospital Procedures,Hospital Procedures,0.6821413040161133,Hospital Services,0.2004221528768539,Departmental Data,0.0246449671685695,Hospital Waiting Lists,0.0241693221032619,Hospital Admissions,0.0199218951165676,Health Services,0.0121352337300777,Hospital Appointments Status,0.0073910211212933,Cancer Services,0.0035696970298886,Hospital Equipment,0.0022780245635658,Hospital Staff,0.0021618830505758,68019/26,491,Paul Lawless,PAUL LAWLESS,written,en,To ask the Minister for Health the number of cerebral angiogram procedures cancelled at Beaumont Hospital in each of the past five years due to a lack of available inpatient or recovery beds; the number of patients whose procedure was cancelled on more than one occasion; and if she will make a statement on the matter.,the minister for health the number of cerebral angiogram procedures cancelled at beaumont hospital in each of the past five years due to a lack of available inpatient or recovery beds the number of patients whose procedure was cancelled on more than one occasion and 68019 26,Health,2045,2047
492. Deputy Paul Lawless asked the Minister for Health the number of patients who had a cerebral angiogram appointment cancelled on the day of their scheduled procedure due to the unavailability of a recovery bed in each of the past five years; the number of patients whose procedure was cancelled on four or more occasions before receiving treatment; and if she will make a statement on the matter. [68015/26],,Health,2026-09-24,0.3973010182380676,Hospital Procedures,Hospital Procedures,0.3973010182380676,Hospital Appointments Status,0.1730822622776031,Hospital Waiting Lists,0.153801754117012,Hospital Services,0.130900502204895,Departmental Data,0.0429113246500492,Health Services,0.0322750806808471,Hospital Admissions,0.0282733086496591,Health Services Waiting Lists,0.0116819459944963,Hospital Transfers,0.0029762983322143,Cancer Services,0.0028520410414785,68015/26,492,Paul Lawless,PAUL LAWLESS,written,en,To ask the Minister for Health the number of patients who had a cerebral angiogram appointment cancelled on the day of their scheduled procedure due to the unavailability of a recovery bed in each of the past five years; the number of patients whose procedure was cancelled on four or more occasions before receiving treatment; and if she will make a statement on the matter.,the minister for health the number of patients who had a cerebral angiogram appointment cancelled on the day of their scheduled procedure due to the unavailability of a recovery bed in each of the past five years the number of patients whose procedure was cancelled on four or more occasions before receiving treatment and 68015 26,Health,2049,2051
493. Deputy Paul Lawless asked the Minister for Health the measures being taken to reduce delays for patients awaiting non urgent cerebral angiograms and aneurysm treatment; the number of recovery beds designated for neurosurgical and neurovascular patients at Beaumont Hospital; and if she will make a statement on the matter. [68014/26],,Health,2026-09-24,0.8675834536552429,Hospital Waiting Lists,Hospital Waiting Lists,0.8675834536552429,Hospital Services,0.0415715873241424,Health Services Waiting Lists,0.0398989729583263,Health Services,0.0164278782904148,Hospital Facilities,0.0070856031961739,Departmental Data,0.0052610407583415,Hospital Admissions,0.0042329360730946,Hospital Procedures,0.0034565285313874,Hospital Appointments Status,0.0023976149968802,Emergency Departments,0.0013845384819433,68014/26,493,Paul Lawless,PAUL LAWLESS,written,en,To ask the Minister for Health the measures being taken to reduce delays for patients awaiting non urgent cerebral angiograms and aneurysm treatment; the number of recovery beds designated for neurosurgical and neurovascular patients at Beaumont Hospital; and if she will make a statement on the matter.,the minister for health the measures being taken to reduce delays for patients awaiting non urgent cerebral angiograms and aneurysm treatment the number of recovery beds designated for neurosurgical and neurovascular patients at beaumont hospital and 68014 26,Health,2053,2055
494. Deputy Emer Currie asked the Minister for Health if the HSE is the owner of the buildings and lands (details supplied). [67806/26],,Health,2026-09-24,0.935565710067749,Health Service Executive,Health Service Executive,0.935565710067749,Healthcare Infrastructure Provision,0.019202958792448,Health Services,0.0094952462241053,Departmental Properties,0.0045565161854028,Departmental Data,0.0026883548125624,State Properties,0.0021769849117845,Health Services Staff,0.0019673171918839,Nursing Homes,0.0019205660792067,Departmental Inquiries,0.0014673034893348,Hospital Facilities,0.0014147666515782,67806/26,494,Emer Currie,EMER CURRIE,written,en,To ask the Minister for Health if the HSE is the owner of the buildings and lands (details supplied).,the minister for health if the hse is the owner of the buildings and lands details supplied 67806 26,Health,2057,2059
495. Deputy Marie Sherlock asked the Minister for Health if her Department has researched AI therapy chatbots or mental health tools; and if her Department is exploring options for the regulation of AI tools purporting to provide therapeutic services. [68023/26],,Health,2026-09-24,0.924350082874298,Artificial Intelligence,Artificial Intelligence,0.924350082874298,Information and Communications Technology,0.0356744416058063,Departmental Policies,0.0098689999431371,Departmental Strategies,0.0025025461800396,Health Services Staff,0.0019490397535264,Cybersecurity Policy,0.0018346442375332,Departmental Projects,0.0011996153043583,Departmental Bodies,0.0010425823274999,Disability Services,0.0008797951741144,Departmental Equipment,0.0007729175849817,68023/26,495,Marie Sherlock,MARIE SHERLOCK,written,en,To ask the Minister for Health if her Department has researched AI therapy chatbots or mental health tools; and if her Department is exploring options for the regulation of AI tools purporting to provide therapeutic services.,the minister for health if her department has researched ai therapy chatbots or mental health tools and if her department is exploring options for the regulation of ai tools purporting to provide therapeutic services 68023 26,Health,2061,2063
"496. Deputy Cian O'Callaghan asked the Minister for Health to provide the number of completed Cross-Border Directive reimbursement applications currently awaiting payment; the date of receipt of the oldest outstanding completed application; the current average and median processing time; and the number of applications outstanding for more than 30, 60, 90, 120 and 180 working days respectively. [67794/26]",,Health,2026-09-24,0.2296271324157714,Health Services,Health Services,0.2296271324157714,EU Directives,0.178247645497322,Departmental Data,0.1417756974697113,Departmental Schemes,0.0345726981759071,Ukraine War,0.0340513065457344,Healthcare Policy,0.0295917391777038,International Protection,0.0285960417240858,Medical Aids and Appliances,0.0249648038297891,Health Service Executive,0.0199977047741413,Departmental Programmes,0.0193518362939357,67794/26,496,Cian O'Callaghan,CIAN O'CALLAGHAN,written,en,"To ask the Minister for Health to provide the number of completed Cross-Border Directive reimbursement applications currently awaiting payment; the date of receipt of the oldest outstanding completed application; the current average and median processing time; and the number of applications outstanding for more than 30, 60, 90, 120 and 180 working days respectively.",the minister for health to provide the number of completed cross-border directive reimbursement applications currently awaiting payment the date of receipt of the oldest outstanding completed application the current average and median processing time and the number of applications outstanding for more than 30 60 90 120 and 180 working days respectively 67794 26,Health,2065,2067
497. Deputy Cian O'Callaghan asked the Minister for Health to examine the case of an advance nurse practitioner (details supplied) who is still being paid at the candidate ANP rate despite being formally registered as of June 2026. [67793/26],,Health,2026-09-24,0.8064586520195007,Health Services Staff,Health Services Staff,0.8064586520195007,Nursing Education,0.0348306074738502,Medical Qualifications,0.0226758904755115,Hospital Staff,0.0160413924604654,Health Services,0.0115524539723992,Departmental Data,0.0099936891347169,Nursing and Midwifery Board of Ireland,0.0081184720620512,Qualifications Recognition,0.007911360822618,Public Sector Pay,0.0075799562036991,Health Service Executive,0.0057031367905437,67793/26,497,Cian O'Callaghan,CIAN O'CALLAGHAN,written,en,To ask the Minister for Health to examine the case of an advance nurse practitioner (details supplied) who is still being paid at the candidate ANP rate despite being formally registered as of June 2026.,the minister for health to examine the case of an advance nurse practitioner details supplied who is still being paid at the candidate anp rate despite being formally registered as of june 2026 67793 26,Health,2069,2071
498. Deputy Sinéad Gibney asked the Minister for Health the case-specific information available to an applicant seeking an update on an outstanding Cross-Border Directive reimbursement application; whether applicants can be informed of the stage their application has reached; whether it has been assessed as complete; whether further information or review is required; the indicative timeframe for reimbursement; and whether consideration will be given to providing meaningful individual updates rather than general information regarding current backlogs. [67996/26],,Health,2026-09-24,0.3350908458232879,Health Services,Health Services,0.3350908458232879,EU Directives,0.110085554420948,Ukraine War,0.0741010382771492,Departmental Data,0.0465698763728141,Healthcare Policy,0.0399763248860836,International Protection,0.0314736180007457,Health Service Executive,0.0207692701369524,Cross-Border Co-operation,0.0173013322055339,Departmental Schemes,0.017094986513257,Medical Aids and Appliances,0.0165450200438499,67996/26,498,Sinéad Gibney,SINÉAD GIBNEY,written,en,To ask the Minister for Health the case-specific information available to an applicant seeking an update on an outstanding Cross-Border Directive reimbursement application; whether applicants can be informed of the stage their application has reached; whether it has been assessed as complete; whether further information or review is required; the indicative timeframe for reimbursement; and whether consideration will be given to providing meaningful individual updates rather than general information regarding current backlogs.,the minister for health the case-specific information available to an applicant seeking an update on an outstanding cross-border directive reimbursement application whether applicants can be informed of the stage their application has reached whether it has been assessed as complete whether further information or review is required the indicative timeframe for reimbursement and whether consideration will be given to providing meaningful individual updates rather than general information regarding current backlogs 67996 26,Health,2073,2075
"499. Deputy Cian O'Callaghan asked the Minister for Health the reason a two-year waiting list for an speech and language therapist for children has been allowed to develop; the number of children that are currently waiting for a Speech and Language assessment in HSE Dublin and North East, HSE Dublin and Midlands and HSE Dublin and South-East Regions; the steps her Department are taking to address this backlog; and the number of speech and language therapists currently employed by the HSE in the Clontarf, Kilbarrack, Coolock and Coastal Children's Disability Network Teams. [67792/26]",,Health,2026-09-24,0.5395485758781433,Disability Services,Disability Services,0.5395485758781433,Disabilities Assessments,0.145782858133316,Health Services Waiting Lists,0.1449815183877945,Health Services,0.1015784591436386,Departmental Data,0.0181700997054576,Health Services Staff,0.0084738284349441,Mental Health Services,0.007217314094305,Primary Care Services,0.0055366782471537,Disability Diagnoses,0.0044112117029726,Health Service Executive,0.0043438994325697,67792/26,499,Cian O'Callaghan,CIAN O'CALLAGHAN,written,en,"To ask the Minister for Health the reason a two-year waiting list for an speech and language therapist for children has been allowed to develop; the number of children that are currently waiting for a Speech and Language assessment in HSE Dublin and North East, HSE Dublin and Midlands and HSE Dublin and South-East Regions; the steps her Department are taking to address this backlog; and the number of speech and language therapists currently employed by the HSE in the Clontarf, Kilbarrack, Coolock and Coastal Children's Disability Network Teams.",the minister for health the reason a two-year waiting list for an speech and language therapist for children has been allowed to develop the number of children that are currently waiting for a speech and language assessment in hse dublin and north east hse dublin and midlands and hse dublin and south-east regions the steps her department are taking to address this backlog and the number of speech and language therapists currently employed by the hse in the clontarf kilbarrack coolock and coastal children s disability network teams 67792 26,Health,2077,2079
500. Deputy Cian O'Callaghan asked the Minister for Health to examine the case of a person (details supplied). [67791/26],,Health,2026-09-24,0.4166353940963745,Health Services,Health Services,0.4166353940963745,Hospital Appointments Status,0.1607322990894317,Health Service Executive,0.0442306883633136,Medical Aids and Appliances,0.0281712990254163,Health Services Waiting Lists,0.0249019712209701,Mental Health Services,0.0230884160846471,Health Services Staff,0.0205986574292182,Hospital Waiting Lists,0.0205899812281131,Departmental Inquiries,0.0204856246709823,Nursing Homes,0.0184092875570058,67791/26,500,Cian O'Callaghan,CIAN O'CALLAGHAN,written,en,To ask the Minister for Health to examine the case of a person (details supplied).,the minister for health to examine the case of a person details supplied 67791 26,Health,2081,2083
501. Deputy Cian O'Callaghan asked the Minister for Health to examine the case of a person (details supplied) whose scheduled spinal surgery has been cancelled ten times. [67789/26],,Health,2026-09-24,0.6637552380561829,Hospital Appointments Status,Hospital Appointments Status,0.6637552380561829,Hospital Procedures,0.1562970578670501,Hospital Waiting Lists,0.1057080179452896,Hospital Services,0.0253374297171831,Hospital Admissions,0.0096279885619878,Health Services,0.0078583601862192,Health Services Waiting Lists,0.0056055644527077,Departmental Data,0.0027688664849847,Hospital Transfers,0.0022870865650475,Cancer Services,0.0012496521230787,67789/26,501,Cian O'Callaghan,CIAN O'CALLAGHAN,written,en,To ask the Minister for Health to examine the case of a person (details supplied) whose scheduled spinal surgery has been cancelled ten times.,the minister for health to examine the case of a person details supplied whose scheduled spinal surgery has been cancelled ten times 67789 26,Health,2085,2087
"502. Deputy Sinéad Gibney asked the Minister for Health to confirm whether Cross-Border Directive reimbursement applications continue to be processed in the order in which they are received; whether there are circumstances in which a completed application received at a later date may be processed and reimbursed before an earlier completed application; and, if so, to outline those circumstances and the reason completed applications submitted in 2025 may remain outstanding while some applications submitted in January and February 2026 have subsequently been reimbursed. [67994/26]",,Health,2026-09-24,0.2280380129814148,Health Services,Health Services,0.2280380129814148,EU Directives,0.1502966880798339,Ukraine War,0.0963871628046035,Departmental Data,0.0693837404251098,Healthcare Policy,0.0331137739121913,Health Service Executive,0.0303561799228191,International Protection,0.0288087595254182,Medical Aids and Appliances,0.0273401718586683,Covid-19 Pandemic,0.0272709410637617,Medicinal Products,0.0234625022858381,67994/26,502,Sinéad Gibney,SINÉAD GIBNEY,written,en,"To ask the Minister for Health to confirm whether Cross-Border Directive reimbursement applications continue to be processed in the order in which they are received; whether there are circumstances in which a completed application received at a later date may be processed and reimbursed before an earlier completed application; and, if so, to outline those circumstances and the reason completed applications submitted in 2025 may remain outstanding while some applications submitted in January and February 2026 have subsequently been reimbursed.",the minister for health to confirm whether cross-border directive reimbursement applications continue to be processed in the order in which they are received whether there are circumstances in which a completed application received at a later date may be processed and reimbursed before an earlier completed application and if so those circumstances and the reason completed applications submitted in 2025 may remain outstanding while some applications submitted in january and february 2026 have subsequently been reimbursed 67994 26,Health,2089,2091
"503. Deputy Cian O'Callaghan asked the Minister for Health to confirm whether Cross-Border Directive reimbursement applications continue to be processed in the order in which they are received; whether there are circumstances in which a completed application received at a later date may be processed and reimbursed before an earlier completed application; if so, to outline those circumstances and explain how completed applications submitted in 2025 may remain outstanding while some applications submitted in January and February 2026 have subsequently been reimbursed. [67788/26]",,Health,2026-09-24,0.2187985330820083,Health Services,Health Services,0.2187985330820083,EU Directives,0.1575958728790283,Ukraine War,0.099525511264801,Departmental Data,0.0704423710703849,Healthcare Policy,0.031692761927843,International Protection,0.0304634887725114,Health Service Executive,0.0301250219345092,Medical Aids and Appliances,0.0264308806508779,Covid-19 Pandemic,0.0260819382965564,Medicinal Products,0.0223683435469865,67788/26,503,Cian O'Callaghan,CIAN O'CALLAGHAN,written,en,"To ask the Minister for Health to confirm whether Cross-Border Directive reimbursement applications continue to be processed in the order in which they are received; whether there are circumstances in which a completed application received at a later date may be processed and reimbursed before an earlier completed application; if so, to outline those circumstances and explain how completed applications submitted in 2025 may remain outstanding while some applications submitted in January and February 2026 have subsequently been reimbursed.",the minister for health to confirm whether cross-border directive reimbursement applications continue to be processed in the order in which they are received whether there are circumstances in which a completed application received at a later date may be processed and reimbursed before an earlier completed application if so those circumstances and explain how completed applications submitted in 2025 may remain outstanding while some applications submitted in january and february 2026 have subsequently been reimbursed 67788 26,Health,2093,2095
"504. Deputy Cian O'Callaghan asked the Minister for Health the case-specific information that is available to an applicant seeking an update on an outstanding Cross-Border Directive reimbursement application; whether applicants can be informed of the stage their application has reached, whether it has been assessed as complete; whether further information or review is required, and an indicative timeframe for reimbursement; and whether consideration will be given to providing meaningful individual updates rather than general information regarding current backlogs. [67787/26]",,Health,2026-09-24,0.3290006816387176,Health Services,Health Services,0.3290006816387176,Ukraine War,0.1049918532371521,EU Directives,0.0845488086342811,Departmental Data,0.0492541640996933,International Protection,0.043225459754467,Healthcare Policy,0.0336948074400424,Health Service Executive,0.0189317427575588,Cross-Border Co-operation,0.0178516600281,Medical Aids and Appliances,0.0146169951185584,Departmental Correspondence,0.0140250781551003,67787/26,504,Cian O'Callaghan,CIAN O'CALLAGHAN,written,en,"To ask the Minister for Health the case-specific information that is available to an applicant seeking an update on an outstanding Cross-Border Directive reimbursement application; whether applicants can be informed of the stage their application has reached, whether it has been assessed as complete; whether further information or review is required, and an indicative timeframe for reimbursement; and whether consideration will be given to providing meaningful individual updates rather than general information regarding current backlogs.",the minister for health the case-specific information that is available to an applicant seeking an update on an outstanding cross-border directive reimbursement application whether applicants can be informed of the stage their application has reached whether it has been assessed as complete whether further information or review is required and an indicative timeframe for reimbursement and whether consideration will be given to providing meaningful individual updates rather than general information regarding current backlogs 67787 26,Health,2097,2099
"505. Deputy Sinéad Gibney asked the Minister for Health to provide the number of completed Cross-Border Directive reimbursement applications currently awaiting payment; the date of receipt of the oldest outstanding completed application; the current average and median processing time; and the number of applications outstanding for more than 30, 60, 90, 120 and 180 working days respectively, in tabular form. [67992/26]",,Health,2026-09-24,0.2220532298088073,Health Services,Health Services,0.2220532298088073,EU Directives,0.1739901453256607,Departmental Data,0.1560248434543609,Ukraine War,0.0362450815737247,Departmental Schemes,0.0340730100870132,International Protection,0.0332497805356979,Healthcare Policy,0.0264458190649747,Medical Aids and Appliances,0.0240472834557294,Health Service Executive,0.020384632050991,Departmental Programmes,0.0189078524708747,67992/26,505,Sinéad Gibney,SINÉAD GIBNEY,written,en,"To ask the Minister for Health to provide the number of completed Cross-Border Directive reimbursement applications currently awaiting payment; the date of receipt of the oldest outstanding completed application; the current average and median processing time; and the number of applications outstanding for more than 30, 60, 90, 120 and 180 working days respectively, in tabular form.",the minister for health to provide the number of completed cross-border directive reimbursement applications currently awaiting payment the date of receipt of the oldest outstanding completed application the current average and median processing time and the number of applications outstanding for more than 30 60 90 120 and 180 working days respectively in tabular form 67992 26,Health,2101,2103
506. Deputy Martin Kenny asked the Minister for Health if the position of adult speech and language therapists has been filled for HSE North and North West and specifically for Leitrim and Sligo. [67990/26],,Health,2026-09-24,0.9187412858009338,Health Services Staff,Health Services Staff,0.9187412858009338,Health Service Executive,0.0226994100958108,Disability Services,0.0220424253493547,Health Services,0.0154872545972466,Primary Care Services,0.0040273219347,Hospital Staff,0.002871039090678,Mental Health Services,0.0025295256637036,Departmental Staff,0.0013979342766106,Departmental Data,0.0012525930069386,Care Services,0.0008348987321369,67990/26,506,Martin Kenny,MARTIN KENNY,written,en,To ask the Minister for Health if the position of adult speech and language therapists has been filled for HSE North and North West and specifically for Leitrim and Sligo.,the minister for health if the position of adult speech and language therapists has been filled for hse north and north west and specifically for leitrim and sligo 67990 26,Health,2105,2107
"507. Deputy Cian O'Callaghan asked the Minister for Health the assessment that has been made of the financial and healthcare impact of prolonged Cross-Border Directive reimbursement delays, including on patients servicing loans used to fund treatment and patients whose subsequent treatment has been postponed or cancelled while awaiting reimbursement; the additional staffing or resources that have been allocated to address the current backlog; the measures being taken to reduce processing times; and whether a target date has been established for returning processing times to the HSE's stated aim of reimbursement within 30 working days. [67786/26]",,Health,2026-09-24,0.3465830087661743,Health Services,Health Services,0.3465830087661743,Health Service Executive,0.0867766588926315,Healthcare Policy,0.0572964437305927,Cross-Border Co-operation,0.0562005825340747,Ukraine War,0.0430920422077178,EU Directives,0.0386410355567932,Departmental Data,0.0317504815757274,Covid-19 Pandemic,0.0190314687788486,International Agreements,0.0174935292452573,Health Strategies,0.0155295366421341,67786/26,507,Cian O'Callaghan,CIAN O'CALLAGHAN,written,en,"To ask the Minister for Health the assessment that has been made of the financial and healthcare impact of prolonged Cross-Border Directive reimbursement delays, including on patients servicing loans used to fund treatment and patients whose subsequent treatment has been postponed or cancelled while awaiting reimbursement; the additional staffing or resources that have been allocated to address the current backlog; the measures being taken to reduce processing times; and whether a target date has been established for returning processing times to the HSE's stated aim of reimbursement within 30 working days.",the minister for health the assessment that has been made of the financial and healthcare impact of prolonged cross-border directive reimbursement delays including on patients servicing loans used to fund treatment and patients whose subsequent treatment has been postponed or cancelled while awaiting reimbursement the additional staffing or resources that have been allocated to address the current backlog the measures being taken to reduce processing times and whether a target date has been established for returning processing times to the hse s stated aim of reimbursement within 30 working days 67786 26,Health,2109,2111
508. Deputy Cian O'Callaghan asked the Minister for Health if she will increase the qualifying income thresholds for a medical card for those over the aged of 70. [67784/26],,Health,2026-09-24,0.9917945265769958,Medical Cards,Medical Cards,0.9917945265769958,Health Services,0.0010491719003766,Medicinal Products,0.0007884831284172,Disability Services,0.0007005741354078,Departmental Data,0.0004560601373668,Dental Services,0.0004267646581865,Departmental Schemes,0.0003627885307651,Hospital Charges,0.0002611784730106,Nursing Homes,0.0002461076364852,Passport Services,0.0002406051935395,67784/26,508,Cian O'Callaghan,CIAN O'CALLAGHAN,written,en,To ask the Minister for Health if she will increase the qualifying income thresholds for a medical card for those over the aged of 70.,the minister for health if she will increase the qualifying income thresholds for a medical card for those over the aged of 70 67784 26,Health,2113,2115
"509. Deputy Pádraig Rice asked the Minister for Health to clarify if staff recruited by acute hospitals to achieve baseline implementation of Phase 1 of the Framework for Safe Nurse Staffing and Skill Mix are counted separately from, or included within, each site's employment ceiling. [67781/26]",,Health,2026-09-24,0.804654598236084,Hospital Staff,Hospital Staff,0.804654598236084,Health Services Staff,0.1539783477783203,Departmental Data,0.0108219776302576,Hospital Services,0.0093226796016097,Health Service Executive,0.003113152924925,Health Services,0.0023046594578772,Departmental Staff,0.00185783195775,Hospital Admissions,0.0009426552569493,Nursing and Midwifery Board of Ireland,0.000825730676297,Nursing Education,0.0007926643593236,67781/26,509,Pádraig Rice,PÁDRAIG RICE,written,en,"To ask the Minister for Health to clarify if staff recruited by acute hospitals to achieve baseline implementation of Phase 1 of the Framework for Safe Nurse Staffing and Skill Mix are counted separately from, or included within, each site's employment ceiling.",the minister for health to clarify if staff recruited by acute hospitals to achieve baseline implementation of phase 1 of the framework for safe nurse staffing and skill mix are counted separately from or included within each site s employment ceiling 67781 26,Health,2117,2119
"510. Deputy Pádraig Rice asked the Minister for Health the number of funded radiographer posts from 2024, 2025 and to date in 2026 which remain vacant in Cork University Hospital; the number for which approval has been sought; the number for which approval has been granted; and of those that have been approved, the number in post. [67766/26]",,Health,2026-09-24,0.8349013924598694,Hospital Staff,Hospital Staff,0.8349013924598694,Health Services Staff,0.1409491896629333,Departmental Data,0.003061946015805,Health Services,0.0027874908410012,Health Service Executive,0.0026191060896962,Departmental Staff,0.0024987098295241,Hospital Services,0.0023226111661642,Departmental Funding,0.0012073219986632,Cancer Services,0.0006134073482826,Mental Health Services,0.0005558036500588,67766/26,510,Pádraig Rice,PÁDRAIG RICE,written,en,"To ask the Minister for Health the number of funded radiographer posts from 2024, 2025 and to date in 2026 which remain vacant in Cork University Hospital; the number for which approval has been sought; the number for which approval has been granted; and of those that have been approved, the number in post.",the minister for health the number of funded radiographer posts from 2024 2025 and to date in 2026 which remain vacant in cork university hospital the number for which approval has been sought the number for which approval has been granted and of those that have been approved the number in post 67766 26,Health,2121,2123
"511. Deputy Matt Carthy asked the Minister for Health further to Parliamentary Question No. 1661 of 18 March 2026, to confirm that a drug (details supplied) is to be discontinued from January 2027; and the plans that are in place to replace this product which is essential for many people who are undergoing weight loss treatment. [67833/26]",,Health,2026-09-24,0.974677562713623,Medicinal Products,Medicinal Products,0.974677562713623,Health Services,0.0092816092073917,Healthcare Policy,0.0017880543600767,Departmental Schemes,0.0011668081860989,Departmental Data,0.000854201556649,Pharmacy Services,0.0008459318196401,Disability Services,0.0006968513480387,Substance Misuse,0.0006881188601255,Medical Cards,0.0005743327201344,Medical Aids and Appliances,0.0005616166745312,67833/26,511,Matt Carthy,MATT CARTHY,written,en,"To ask the Minister for Health further to Parliamentary Question No. 1661 of 18 March 2026, to confirm that a drug (details supplied) is to be discontinued from January 2027; and the plans that are in place to replace this product which is essential for many people who are undergoing weight loss treatment.",the minister for health further to parliamentary question no 1661 of 18 march 2026 to confirm that a drug details supplied is to be discontinued from january 2027 and the plans that are in place to replace this product which is essential for many people who are undergoing weight loss treatment 67833 26,Health,2125,2127
512. Deputy John Connolly asked the Minister for Health for any plans the HSE have to increase the parking capacity at Merlin Park Hospital Galway. [67840/26],,Health,2026-09-24,0.681329607963562,Hospital Facilities,Hospital Facilities,0.681329607963562,Healthcare Infrastructure Provision,0.1177197396755218,Hospital Charges,0.0598327815532684,Health Service Executive,0.0365725681185722,Hospital Services,0.0167327653616666,Health Services,0.0111267492175102,National Children's Hospital,0.0077456193976104,Parking Provision,0.0065759173594415,Departmental Data,0.0063657704740762,Departmental Properties,0.0037205757107585,67840/26,512,John Connolly,JOHN CONNOLLY,written,en,To ask the Minister for Health for any plans the HSE have to increase the parking capacity at Merlin Park Hospital Galway.,the minister for health for any plans the hse have to increase the parking capacity at merlin park hospital galway 67840 26,Health,2129,2131
513. Deputy Marie Sherlock asked the Minister for Health to list for every section 39 organisation the share of expenditure spent on agency staff. [68025/26],,Health,2026-09-24,0.3997102081775665,Departmental Expenditure,Departmental Expenditure,0.3997102081775665,Health Services,0.156936377286911,Departmental Data,0.1112422794103622,Health Services Staff,0.1096385344862937,Departmental Funding,0.056198664009571,Health Service Executive,0.0502295568585395,Mental Health Services,0.016246372833848,Hospital Staff,0.0157204009592533,Disability Services,0.0116106597706675,Departmental Budgets,0.0101716378703713,68025/26,513,Marie Sherlock,MARIE SHERLOCK,written,en,To ask the Minister for Health to list for every section 39 organisation the share of expenditure spent on agency staff.,the minister for health to list for every section 39 organisation the share of expenditure spent on agency staff 68025 26,Health,2133,2135
"514. Deputy Mairéad Farrell Chun a fhiafraí den Aire Sláinte cén uair a bheas níos mó spásanna in Áras Mhic Dara oscailte, agus céard é an t-eolas is déanaí maidir leis na naoi leaba a bhí geallta níos luaithe i mbliana. [68020/26]",,Health,2026-09-24,0.279404878616333,Other,Other,0.279404878616333,Acht na dTeangacha Oifigiúla,0.1620702296495437,Oideachas trí Ghaeilge,0.0570204146206378,An Teanga Gaeilge,0.0498815514147281,Údarás na Gaeltachta,0.0340913906693458,An Ghaeltacht,0.031586680561304,Pleanáil Teanga,0.0255018584430217,Scoileanna Gaeilge agus Gaeltachta,0.0221097972244024,Seirbhísí trí Ghaeilge,0.0212142094969749,Foras na Gaeilge,0.0162012074142694,68020/26,514,Mairéad Farrell,MAIRÉAD FARRELL,written,ga,"Chun a fhiafraí den Aire Sláinte cén uair a bheas níos mó spásanna in Áras Mhic Dara oscailte, agus céard é an t-eolas is déanaí maidir leis na naoi leaba a bhí geallta níos luaithe i mbliana.",deputy mairéad farrell chun a fhiafraí den aire sláinte cén uair a bheas níos mó spásanna in áras mhic dara oscailte agus céard é an t-eolas is déanaí maidir leis na naoi leaba a bhí geallta níos luaithe i mbliana 68020 26,Health,2137,2139
"515. Deputy Emer Currie asked the Minister for Further and Higher Education, Research, Innovation and Science for an update on the case of a student (details supplied) who has completed the academic component of a PLC course and has now received provisional results, but whose official results may not be uploaded in time to allow their qualification to be considered for the final CAO offer round on 29 September 2026; whether his Department has engaged with the relevant bodies to identify a means of ensuring the student is not disadvantaged solely as a result of the timing of the results process; and if he will make a statement on the matter. [67817/26]",,Further and Higher Education,2026-09-24,0.2532077431678772,Third Level Admissions,Third Level Admissions,0.2532077431678772,Third Level Education,0.1113438233733177,State Examinations,0.101547472178936,Qualifications Recognition,0.0924324095249176,Education and Training Provision,0.0873491317033767,Further and Higher Education,0.0740429759025573,Nursing Education,0.0289457198232412,Departmental Data,0.0249588098376989,Education Costs,0.0207472033798694,Education Policy,0.0132801653817296,67817/26,515,Emer Currie,EMER CURRIE,written,en,"To ask the Minister for Further and Higher Education, Research, Innovation and Science for an update on the case of a student (details supplied) who has completed the academic component of a PLC course and has now received provisional results, but whose official results may not be uploaded in time to allow their qualification to be considered for the final CAO offer round on 29 September 2026; whether his Department has engaged with the relevant bodies to identify a means of ensuring the student is not disadvantaged solely as a result of the timing of the results process; and if he will make a statement on the matter.",the minister for further and higher education research innovation and science for an update on the case of a student details supplied who has completed the academic component of a plc course and has now received provisional results but whose official results may not be uploaded in time to allow their qualification to be considered for the final cao offer round on 29 september 2026 whether his department has engaged with the relevant bodies to identify a means of ensuring the student is not disadvantaged solely as a result of the timing of the results process and 67817 26,"Further and Higher Education, Research, Innovation and Science",2144,2146
"516. Deputy Brendan Smith asked the Minister for Further and Higher Education, Research, Innovation and Science if the government has considered utilizing accumulated surplus balances in the National Training Fund to address identified structural funding deficits in the higher education sector; and whether exceptional arrangements have been examined to allow such funding to be deployed outside of existing departmental budgetary expenditure ceilings. [67958/26]",,Further and Higher Education,2026-09-24,0.4172689914703369,Further and Higher Education,Further and Higher Education,0.4172689914703369,Departmental Funding,0.3083314895629883,Education and Training Provision,0.0679336339235305,Third Level Education,0.0263927783817052,Departmental Budgets,0.0162254069000482,Departmental Expenditure,0.015806283801794,Education Policy,0.0149154411628842,Education and Training Boards,0.0138808405026793,Education Schemes,0.0100517813116312,Third Level Costs,0.0095911845564842,67958/26,516,Brendan Smith,BRENDAN SMITH,written,en,"To ask the Minister for Further and Higher Education, Research, Innovation and Science if the government has considered utilizing accumulated surplus balances in the National Training Fund to address identified structural funding deficits in the higher education sector; and whether exceptional arrangements have been examined to allow such funding to be deployed outside of existing departmental budgetary expenditure ceilings.",the minister for further and higher education research innovation and science if the government has considered utilizing accumulated surplus balances in the national training fund to address identified structural funding deficits in the higher education sector and whether exceptional arrangements have been examined to allow such funding to be deployed outside of existing departmental budgetary expenditure ceilings 67958 26,"Further and Higher Education, Research, Innovation and Science",2148,2150
"517. Deputy Brendan Smith asked the Minister for Further and Higher Education, Research, Innovation and Science if the full cost of pay awards arising under Government-approved national pay agreements will be provided through recurring core grant funding to higher education institutions in 2027; and whether this will include funding to address recognised legacy shortfalls associated with previous pay agreements. [67956/26]",,Further and Higher Education,2026-09-24,0.4310665726661682,Further and Higher Education,Further and Higher Education,0.4310665726661682,Departmental Funding,0.0773708894848823,Public Sector Pay,0.0580317974090576,Grant Payments,0.0511148571968078,Third Level Education,0.0417530387639999,Third Level Costs,0.0384087152779102,Education and Training Boards,0.0228462591767311,Third Level Staff,0.0213860888034105,Education Costs,0.0207657311111688,Education and Training Provision,0.0195146892219781,67956/26,517,Brendan Smith,BRENDAN SMITH,written,en,"To ask the Minister for Further and Higher Education, Research, Innovation and Science if the full cost of pay awards arising under Government-approved national pay agreements will be provided through recurring core grant funding to higher education institutions in 2027; and whether this will include funding to address recognised legacy shortfalls associated with previous pay agreements.",the minister for further and higher education research innovation and science if the full cost of pay awards arising under government-approved national pay agreements will be provided through recurring core grant funding to higher education institutions in 2027 and whether this will include funding to address recognised legacy shortfalls associated with previous pay agreements 67956 26,"Further and Higher Education, Research, Innovation and Science",2152,2154
"518. Deputy Brendan Smith asked the Minister for Further and Higher Education, Research, Innovation and Science if he will give detailed consideration to the requests outlined by a national organisation (details supplied); and if he will make a statement on the matter. [67963/26]",,Further and Higher Education,2026-09-24,0.5027754306793213,Further and Higher Education,Further and Higher Education,0.5027754306793213,Third Level Education,0.0767818614840507,Education and Training Provision,0.0743188634514808,Departmental Funding,0.0728200376033783,Education and Training Boards,0.0339272283017635,Departmental Bodies,0.0152518637478351,Grant Payments,0.0151171190664172,Third Level Costs,0.013788565993309,Education Policy,0.0126931890845298,Third Level Staff,0.0111857457086443,67963/26,518,Brendan Smith,BRENDAN SMITH,written,en,"To ask the Minister for Further and Higher Education, Research, Innovation and Science if he will give detailed consideration to the requests outlined by a national organisation (details supplied); and if he will make a statement on the matter.",the minister for further and higher education research innovation and science if he will give detailed consideration to the requests outlined by a national organisation details supplied and 67963 26,"Further and Higher Education, Research, Innovation and Science",2156,2158
"519. Deputy Conor D. Mcguinness asked the Minister for Further and Higher Education, Research, Innovation and Science the manner in which the recruitment of 25 professor positions for the TU sector will be advanced, including the timeline for recruitment; whether there will be a phased approach; whether individual TUs will compete to secure funding for positions, or if each TU has been assigned a number of positions for which they may recruit; if in the case of the latter the allocation by institution, and if he will make a statement on the matter. [67849/26]",,Further and Higher Education,2026-09-24,0.2810156047344208,Third Level Education,Third Level Education,0.2810156047344208,Technological Universities,0.2673110961914062,Further and Higher Education,0.2075945436954498,Education and Training Provision,0.0471051819622516,Education and Training Boards,0.031480386853218,Third Level Staff,0.0299642756581306,Third Level Admissions,0.0291685927659273,Departmental Funding,0.0124200424179434,Third Level Costs,0.010543948970735,Research and Development,0.0082087134942412,67849/26,519,Conor D. Mcguinness,CONOR D. MCGUINNESS,written,en,"To ask the Minister for Further and Higher Education, Research, Innovation and Science the manner in which the recruitment of 25 professor positions for the TU sector will be advanced, including the timeline for recruitment; whether there will be a phased approach; whether individual TUs will compete to secure funding for positions, or if each TU has been assigned a number of positions for which they may recruit; if in the case of the latter the allocation by institution, and if he will make a statement on the matter.",the minister for further and higher education research innovation and science the manner in which the recruitment of 25 professor positions for the tu sector will be advanced including the timeline for recruitment whether there will be a phased approach whether individual tus will compete to secure funding for positions or if each tu has been assigned a number of positions for which they may recruit if in the case of the latter the allocation by institution and 67849 26,"Further and Higher Education, Research, Innovation and Science",2160,2162
"520. Deputy Conor D. Mcguinness asked the Minister for Further and Higher Education, Research, Innovation and Science the reason a level eight (honours) degree (details supplied) is not included in the SUSI student grant scheme 2026; and if he will make a statement on the matter. [67810/26]",,Further and Higher Education,2026-09-24,0.5208548307418823,Grant Payments,Grant Payments,0.5208548307418823,Third Level Costs,0.143867626786232,Further and Higher Education,0.1095740646123886,Third Level Fees,0.0547275729477405,Third Level Education,0.0530614145100116,Departmental Schemes,0.0256992317736148,Education Costs,0.0196467973291873,Education Schemes,0.0143618136644363,Departmental Funding,0.0063171223737299,Education and Training Provision,0.0052371812053024,67810/26,520,Conor D. Mcguinness,CONOR D. MCGUINNESS,written,en,"To ask the Minister for Further and Higher Education, Research, Innovation and Science the reason a level eight (honours) degree (details supplied) is not included in the SUSI student grant scheme 2026; and if he will make a statement on the matter.",the minister for further and higher education research innovation and science the reason a level eight honours degree details supplied is not included in the susi student grant scheme 2026 and 67810 26,"Further and Higher Education, Research, Innovation and Science",2164,2166
"521. Deputy Michael Cahill asked the Minister for Rural and Community Development and the Gaeltacht the level of additional funding he plans to seek for the Irish language and Gaeltacht sector in Budget 2027; the measures being considered to support the implementation of the Government's language objectives and An Plean Fáis, and if he will make a statement on the matter [68005/26]",,Rural,2026-09-24,0.7084383368492126,Irish Language,Irish Language,0.7084383368492126,Gaeltacht Policy,0.0535718724131584,Other,0.0352539010345935,Departmental Funding,0.0260897316038608,Foras na Gaeilge,0.0128992712125182,Broadcasting Sector,0.0082569383084774,Culture Policy,0.007556801661849,Education Policy,0.0045118536800146,School Funding,0.0044981483370065,Library Services,0.0044900374487042,68005/26,521,Michael Cahill,MICHAEL CAHILL,written,en,"To ask the Minister for Rural and Community Development and the Gaeltacht the level of additional funding he plans to seek for the Irish language and Gaeltacht sector in Budget 2027; the measures being considered to support the implementation of the Government's language objectives and An Plean Fáis, and if he will make a statement on the matter",the minister for rural and community development and the gaeltacht the level of additional funding he plans to seek for the irish language and gaeltacht sector in budget 2027 the measures being considered to support the implementation of the government s language objectives and an plean fáis and 68005 26,Rural and Community Development and the Gaeltacht,2171,2173
"522. Deputy Johnny Guirke asked the Minister for Rural and Community Development and the Gaeltacht the amount of ORIS funding that has been allocated to Meath county council for each of the years 2020 to 2025, and to date in 2026, in tabular form; and if he will make a statement on the matter. [67738/26]",,Rural,2026-09-24,0.7420932054519653,Departmental Funding,Departmental Funding,0.7420932054519653,Rural Schemes,0.0897894725203514,Community Development Projects,0.0599754750728607,Local Authorities,0.0183802861720323,Departmental Schemes,0.0124146565794944,Departmental Programmes,0.0103108463808894,Departmental Data,0.0078170439228415,Men's Sheds,0.0062520317733287,Departmental Expenditure,0.0051813763566315,Departmental Bodies,0.0049206037074327,67738/26,522,Johnny Guirke,JOHNNY GUIRKE,written,en,"To ask the Minister for Rural and Community Development and the Gaeltacht the amount of ORIS funding that has been allocated to Meath county council for each of the years 2020 to 2025, and to date in 2026, in tabular form; and if he will make a statement on the matter.",the minister for rural and community development and the gaeltacht the amount of oris funding that has been allocated to meath county council for each of the years 2020 to 2025 and to date in 2026 in tabular form and 67738 26,Rural and Community Development and the Gaeltacht,2175,2177
"523. Deputy Michael Cahill asked the Minister for Rural and Community Development and the Gaeltacht if provision is being made within Budget 2027 to increase investment in the Irish language and Gaeltacht sector, including support for organisations (details supplied); and if he will make a statement on the matter. [67993/26]",,Rural,2026-09-24,0.7317925095558167,Irish Language,Irish Language,0.7317925095558167,Gaeltacht Policy,0.0493839234113693,Other,0.0314533300697803,Departmental Funding,0.0215725880116224,Foras na Gaeilge,0.0117370029911398,Culture Policy,0.0077083120122551,Library Services,0.0069245281629264,Broadcasting Sector,0.0066106580197811,Údarás na Gaeltachta,0.0052027134224772,Education Policy,0.0038552090991288,67993/26,523,Michael Cahill,MICHAEL CAHILL,written,en,"To ask the Minister for Rural and Community Development and the Gaeltacht if provision is being made within Budget 2027 to increase investment in the Irish language and Gaeltacht sector, including support for organisations (details supplied); and if he will make a statement on the matter.",the minister for rural and community development and the gaeltacht if provision is being made within budget 2027 to increase investment in the irish language and gaeltacht sector including support for organisations details supplied and 67993 26,Rural and Community Development and the Gaeltacht,2179,2181
524. Deputy Michael Cahill asked the Minister for Rural and Community Development and the Gaeltacht if he will consider providing additional funding in Budget 2027 for Foras na Gaeilge and Údarás na Gaeltachta; and if he will make a statement on the matter. [68299/26],,Rural,2026-09-24,0.3783504068851471,Údarás na Gaeltachta,Údarás na Gaeltachta,0.3783504068851471,Other,0.1236713752150535,Foras na Gaeilge,0.0829121023416519,Gaeltacht Policy,0.0480831786990165,Irish Language,0.0427571721374988,An Ghaeltacht,0.019081313163042,Oideachas trí Ghaeilge,0.0187067724764347,Scoileanna Gaeilge agus Gaeltachta,0.0166824627667665,Departmental Funding,0.0141144609078764,Acht na dTeangacha Oifigiúla,0.0115380343049764,68299/26,524,Michael Cahill,MICHAEL CAHILL,written,en,To ask the Minister for Rural and Community Development and the Gaeltacht if he will consider providing additional funding in Budget 2027 for Foras na Gaeilge and Údarás na Gaeltachta; and if he will make a statement on the matter.,the minister for rural and community development and the gaeltacht if he will consider providing additional funding in budget 2027 for foras na gaeilge and údarás na gaeltachta and 68299 26,Rural and Community Development and the Gaeltacht,2183,2185
