question,heading,department,date,pred_confidence,pred_heading,alt_heading_1,alt_conf_1,alt_heading_2,alt_conf_2,alt_heading_3,alt_conf_3,alt_heading_4,alt_conf_4,alt_heading_5,alt_conf_5,alt_heading_6,alt_conf_6,alt_heading_7,alt_conf_7,alt_heading_8,alt_conf_8,alt_heading_9,alt_conf_9,alt_heading_10,alt_conf_10,refNo,question_number,deputy,deputy_source,answer_type,language,raw_question,question_clean,department_paper,source_question_paragraph,source_pq_paragraph
1. Deputy Pearse Doherty asked the Minister for Foreign Affairs and Trade if a child's passport application (details supplied) applied for in July 2026 will be processed on time for a trave date of 23 September 2026. [67397/26],,Foreign,2026-09-23,0.9978293776512146,Passport Services,Passport Services,0.9978293776512146,Foreign Birth Registration,0.0007504886598326,Consular Services,0.0001079176217899,Departmental Data,0.0001003567740553,Visa Applications,6.835754174971953e-05,Departmental Correspondence,6.155196751933545e-05,Social Welfare Benefits,3.883000317728147e-05,Medical Cards,3.713795740623027e-05,Covid-19 Pandemic,3.505942004267126e-05,Housing Provision,3.45875378116034e-05,67397/26,1,Pearse Doherty,PEARSE DOHERTY,written,en,To ask the Minister for Foreign Affairs and Trade if a child's passport application (details supplied) applied for in July 2026 will be processed on time for a trave date of 23 September 2026.,the minister for foreign affairs and trade if a child s passport application details supplied applied for in july 2026 will be processed on time for a trave date of 23 september 2026 67397 26,Foreign Affairs and Trade,16,18
"2. Deputy Michael Cahill asked the Minister for Climate, Energy and the Environment in view of the Government’s commitment to achieving 80% renewable electricity by 2030 and the rapidly increasing contribution of solar energy to Ireland’s electricity generation, if he will provide an update on the development of a national policy framework for solar energy development. [67345/26]",,Climate,2026-09-23,0.8577966690063477,Renewable Energy Generation,Renewable Energy Generation,0.8577966690063477,Electricity Generation,0.0385612584650516,Energy Policy,0.033600315451622,Energy Infrastructure,0.01665910333395,Wind Energy Generation,0.0089127942919731,Electricity Grid,0.0068145561963319,Energy Production,0.006697463337332,Solar Energy Guidelines,0.0053359675221145,Environmental Policy,0.0031860724557191,Greenhouse Gas Emissions,0.0022227219305932,67345/26,2,Michael Cahill,MICHAEL CAHILL,written,en,"To ask the Minister for Climate, Energy and the Environment in view of the Government’s commitment to achieving 80% renewable electricity by 2030 and the rapidly increasing contribution of solar energy to Ireland’s electricity generation, if he will provide an update on the development of a national policy framework for solar energy development.",the minister for climate energy and the environment in view of the government s commitment to achieving 80 renewable electricity by 2030 and the rapidly increasing contribution of solar energy to ireland s electricity generation if he will provide an update on the development of a national policy framework for solar energy development 67345 26,"Climate, Energy and the Environment",23,25
"3. Deputy Louis O'Hara asked the Minister for Climate, Energy and the Environment whether his Department has considered developing a national support scheme for domestic plug-in battery storage systems as part of Ireland's response to fuel poverty, energy affordability and energy security. [67373/26]",,Climate,2026-09-23,0.3788681030273437,Energy Policy,Energy Policy,0.3788681030273437,Energy Infrastructure,0.1585342586040496,Electricity Generation,0.0739301294088363,Energy Prices,0.055350873619318,Electricity Grid,0.0510343015193939,Energy Conservation,0.049777116626501,Departmental Schemes,0.046450812369585,Renewable Energy Generation,0.0429722405970096,Environmental Schemes,0.0277864169329404,Energy Usage,0.0170886274427175,67373/26,3,Louis O'Hara,LOUIS O'HARA,written,en,"To ask the Minister for Climate, Energy and the Environment whether his Department has considered developing a national support scheme for domestic plug-in battery storage systems as part of Ireland's response to fuel poverty, energy affordability and energy security.",the minister for climate energy and the environment whether his department has considered developing a national support scheme for domestic plug-in battery storage systems as part of ireland s response to fuel poverty energy affordability and energy security 67373 26,"Climate, Energy and the Environment",27,29
"4. Deputy Barry Heneghan asked the Minister for Climate, Energy and the Environment the measures being considered in the upcoming Budget to assist SMEs and local businesses in reducing ongoing energy costs, including through increased supports for energy efficiency, building retrofits, renewable energy and other measures that can deliver long-term reductions in electricity and heating costs. [67381/26]",,Climate,2026-09-23,0.8581703305244446,Energy Prices,Energy Prices,0.8581703305244446,Energy Policy,0.0704806745052337,Energy Conservation,0.0181121379137039,Energy Usage,0.0082667637616395,Departmental Schemes,0.0068191601894795,Business Supports,0.0045052082277834,Environmental Schemes,0.0032943948172032,Electricity Grid,0.0020488111767917,Energy Infrastructure,0.0018189550610259,Fuel Prices,0.0016878629103302,67381/26,4,Barry Heneghan,BARRY HENEGHAN,written,en,"To ask the Minister for Climate, Energy and the Environment the measures being considered in the upcoming Budget to assist SMEs and local businesses in reducing ongoing energy costs, including through increased supports for energy efficiency, building retrofits, renewable energy and other measures that can deliver long-term reductions in electricity and heating costs.",the minister for climate energy and the environment the measures being considered in the upcoming budget to assist smes and local businesses in reducing ongoing energy costs including through increased supports for energy efficiency building retrofits renewable energy and other measures that can deliver long-term reductions in electricity and heating costs 67381 26,"Climate, Energy and the Environment",31,33
"5. Deputy Barry Heneghan asked the Minister for Climate, Energy and the Environment if he will consider measures in Budget 2027 to make energy retrofit grants more accessible and affordable for small and local businesses, particularly those for whom the upfront cost of works remains a barrier to undertaking energy-efficiency upgrades. [67380/26]",,Climate,2026-09-23,0.5655626058578491,Energy Conservation,Energy Conservation,0.5655626058578491,Environmental Schemes,0.1221552714705467,Energy Prices,0.0871463492512703,Energy Policy,0.0723237991333007,Departmental Schemes,0.0543841533362865,Building Energy Rating,0.0094922333955764,Business Supports,0.0085627622902393,Energy Usage,0.0065652504563331,Environmental Policy,0.0061515951529145,Grant Payments,0.0054601249285042,67380/26,5,Barry Heneghan,BARRY HENEGHAN,written,en,"To ask the Minister for Climate, Energy and the Environment if he will consider measures in Budget 2027 to make energy retrofit grants more accessible and affordable for small and local businesses, particularly those for whom the upfront cost of works remains a barrier to undertaking energy-efficiency upgrades.",the minister for climate energy and the environment if he will consider measures in budget 2027 to make energy retrofit grants more accessible and affordable for small and local businesses particularly those for whom the upfront cost of works remains a barrier to undertaking energy-efficiency upgrades 67380 26,"Climate, Energy and the Environment",35,37
"6. Deputy Barry Heneghan asked the Minister for Climate, Energy and the Environment in the context of the upcoming Budget, if he intends to increase funding or introduce additional supports for energy-efficiency and retrofit works for SMEs and small businesses. [67379/26]",,Climate,2026-09-23,0.3353437781333923,Energy Conservation,Energy Conservation,0.3353437781333923,Energy Prices,0.1114396974444389,Environmental Schemes,0.1042283698916435,Energy Policy,0.0799113437533378,Departmental Schemes,0.0485126338899135,Departmental Budgets,0.0474645309150218,Budget 2026,0.0443983897566795,Departmental Funding,0.0213076900690794,Energy Usage,0.0128251677379012,Environmental Policy,0.0113790230825543,67379/26,6,Barry Heneghan,BARRY HENEGHAN,written,en,"To ask the Minister for Climate, Energy and the Environment in the context of the upcoming Budget, if he intends to increase funding or introduce additional supports for energy-efficiency and retrofit works for SMEs and small businesses.",the minister for climate energy and the environment in the context of the upcoming budget if he intends to increase funding or introduce additional supports for energy-efficiency and retrofit works for smes and small businesses 67379 26,"Climate, Energy and the Environment",39,41
"7. Deputy Maurice Quinlivan asked the Minister for Climate, Energy and the Environment to provide details if Ardnacrusha generation station failed to produce electricity in the years 2022 to 2025 and to date in 2026. [67374/26]",,Climate,2026-09-23,0.2740023136138916,Electricity Generation,Electricity Generation,0.2740023136138916,Renewable Energy Generation,0.2031846791505813,Electricity Grid,0.1493440270423889,Energy Infrastructure,0.09745754301548,Energy Policy,0.0842742472887039,Energy Production,0.0450201258063316,Wind Energy Generation,0.0316305011510849,Energy Usage,0.0121355056762695,Energy Prices,0.0097463699057698,Energy Conservation,0.0090627586469054,67374/26,7,Maurice Quinlivan,MAURICE QUINLIVAN,written,en,"To ask the Minister for Climate, Energy and the Environment to provide details if Ardnacrusha generation station failed to produce electricity in the years 2022 to 2025 and to date in 2026.",the minister for climate energy and the environment if ardnacrusha generation station failed to produce electricity in the years 2022 to 2025 and to date in 2026 67374 26,"Climate, Energy and the Environment",43,45
"8. Deputy Brian Stanley asked the Minister for Climate, Energy and the Environment to clarify that electricity generated from solar panels on school buildings and which was funded by Government grants will not be exported to the grid free of charge and that schools will continue to get credits for it against their electricity bills. [67528/26]",,Climate,2026-09-23,0.4124822914600372,Renewable Energy Generation,Renewable Energy Generation,0.4124822914600372,Electricity Generation,0.242221713066101,Electricity Grid,0.086092971265316,Energy Infrastructure,0.0539213642477989,Energy Policy,0.0430057980120182,Energy Production,0.0298289116472005,Environmental Schemes,0.0157397482544183,Energy Conservation,0.0152694480493664,Energy Prices,0.0124790119007229,Departmental Schemes,0.0122535405680537,67528/26,8,Brian Stanley,BRIAN STANLEY,written,en,"To ask the Minister for Climate, Energy and the Environment to clarify that electricity generated from solar panels on school buildings and which was funded by Government grants will not be exported to the grid free of charge and that schools will continue to get credits for it against their electricity bills.",the minister for climate energy and the environment to clarify that electricity generated from solar panels on school buildings and which was funded by government grants will not be exported to the grid free of charge and that schools will continue to get credits for it against their electricity bills 67528 26,"Climate, Energy and the Environment",47,49
9. Deputy Aidan Farrelly asked the Minister for Defence the annual maintenance costs incurred for the upkeep of the former Government Learjet from 2003 to 2025. [67501/26],,Defence,2026-09-23,0.3098803460597992,Air Corps,Air Corps,0.3098803460597992,Official Travel,0.1018281653523445,Military Aircraft,0.088163636624813,Airport Policy,0.0567746311426162,Departmental Expenditure,0.0537419244647026,Departmental Data,0.0404611118137836,Air Services,0.0355065241456031,Air Navigation Orders,0.0351220704615116,Aviation Industry,0.0334312953054904,Departmental Transport,0.0311735942959785,67501/26,9,Aidan Farrelly,AIDAN FARRELLY,written,en,To ask the Minister for Defence the annual maintenance costs incurred for the upkeep of the former Government Learjet from 2003 to 2025.,the minister for defence the annual maintenance costs incurred for the upkeep of the former government learjet from 2003 to 2025 67501 26,Defence,54,56
10. Deputy Aidan Farrelly asked the Minister for Defence the annual maintenance cost of the Defence Forces new strategic reach aircraft (details supplied); and if she will clarify whether a third party has been engaged to maintain this aircraft. [67500/26],,Defence,2026-09-23,0.5031160712242126,Air Corps,Air Corps,0.5031160712242126,Defence Forces,0.4386642575263977,Departmental Expenditure,0.0079821944236755,Departmental Contracts,0.0079693049192428,Departmental Data,0.0052219037897884,Military Aircraft,0.0041033830493688,Naval Service,0.0028975682798773,Official Travel,0.0027636783197522,Air Navigation Orders,0.0022270923946052,National Security,0.0021709806751459,67500/26,10,Aidan Farrelly,AIDAN FARRELLY,written,en,To ask the Minister for Defence the annual maintenance cost of the Defence Forces new strategic reach aircraft (details supplied); and if she will clarify whether a third party has been engaged to maintain this aircraft.,the minister for defence the annual maintenance cost of the defence forces new strategic reach aircraft details supplied and if she will clarify whether a third party has been engaged to maintain this aircraft 67500 26,Defence,58,60
"11. Deputy Pa Daly asked the Minister for Transport further to PQ64566/26 of 16 September 2026, to provide the report (details supplied) including timelines for projected delivery and cost; the proportion which are new services and the proportion that are enhancements; the number he expects will actually be delivered given a similar list contained in the submission for budget 2026, in tabular form; if the Government will commit to providing the resources to deliver these 140 new services and enhancements; if there specific projects that will be prioritised; and if he will make a statement on the matter [67281/26]",,Transport,2026-09-23,0.1902565956115722,Bus Services,Bus Services,0.1902565956115722,Departmental Data,0.1192738264799118,Departmental Reports,0.0889878943562507,Public Transport,0.0871352329850196,Departmental Expenditure,0.0444788224995136,Departmental Funding,0.031864233314991,Departmental Reviews,0.0293410066515207,Departmental Correspondence,0.0246597807854414,Departmental Budgets,0.020287349820137,Transport Policy,0.0182988997548818,67281/26,11,Pa Daly,PA DALY,written,en,"To ask the Minister for Transport further to PQ64566/26 of 16 September 2026, to provide the report (details supplied) including timelines for projected delivery and cost; the proportion which are new services and the proportion that are enhancements; the number he expects will actually be delivered given a similar list contained in the submission for budget 2026, in tabular form; if the Government will commit to providing the resources to deliver these 140 new services and enhancements; if there specific projects that will be prioritised; and if he will make a statement on the matter",the minister for transport further to pq64566 26 of 16 september 2026 to provide the report details supplied including timelines for projected delivery and cost the proportion which are new services and the proportion that are enhancements the number he expects will actually be delivered given a similar list contained in the submission for budget 2026 in tabular form if the government will commit to providing the resources to deliver these 140 new services and enhancements if there specific projects that will be prioritised and 67281 26,Transport,65,67
"12. Deputy John Lahart asked the Minister for Transport if consideration has been given to the implementation of a temporary road tax for tourist vehicles, as these vehicles are contributing to road surface damage. [67338/26]",,Transport,2026-09-23,0.3274964392185211,Road Network,Road Network,0.3274964392185211,Road Safety,0.1441550254821777,Traffic Management,0.0999504700303077,Transport Policy,0.0642363280057907,Transport Infrastructure Ireland,0.0328362025320529,Road Tolls,0.0297975055873394,Road Traffic Accidents,0.0277612078934907,Road Projects,0.0253660939633846,Haulage Industry,0.0230412017554044,Airport Policy,0.0202826298773288,67338/26,12,John Lahart,JOHN LAHART,written,en,"To ask the Minister for Transport if consideration has been given to the implementation of a temporary road tax for tourist vehicles, as these vehicles are contributing to road surface damage.",the minister for transport if consideration has been given to the implementation of a temporary road tax for tourist vehicles as these vehicles are contributing to road surface damage 67338 26,Transport,69,71
"13. Deputy John Connolly asked the Minister for Transport if he will request the National Transport Authority to clarify when the Galway city bus services 410, 411 and 412 are put out to tender in 2027, it plans to tender the existing routes in their current form or introduce the three new services proposed under the BusConnects Galway Network Redesign; whether these new services are intended to replace the current routes; the timeline envisaged for their introduction; the service frequencies that will be specified as part of the tender process for these routes; and whether an increase in frequency is planned compared to current service levels. [67356/26]",,Transport,2026-09-23,0.9333693981170654,Bus Services,Bus Services,0.9333693981170654,Public Transport,0.024614717811346,National Transport Authority,0.0109003884717822,Dublin Bus,0.0091833202168345,Bus Éireann,0.0083593074232339,Transport Policy,0.0028631256427615,Transport Infrastructure Ireland,0.0010049620177596,Rail Network,0.0006411577342078,Transport Costs,0.000403582555009,Local Authorities,0.0004017927567474,67356/26,13,John Connolly,JOHN CONNOLLY,written,en,"To ask the Minister for Transport if he will request the National Transport Authority to clarify when the Galway city bus services 410, 411 and 412 are put out to tender in 2027, it plans to tender the existing routes in their current form or introduce the three new services proposed under the BusConnects Galway Network Redesign; whether these new services are intended to replace the current routes; the timeline envisaged for their introduction; the service frequencies that will be specified as part of the tender process for these routes; and whether an increase in frequency is planned compared to current service levels.",the minister for transport if he will request the national transport authority to clarify when the galway city bus services 410 411 and 412 are put out to tender in 2027 it plans to tender the existing routes in their current form or introduce the three new services proposed under the busconnects galway network redesign whether these new services are intended to replace the current routes the timeline envisaged for their introduction the service frequencies that will be specified as part of the tender process for these routes and whether an increase in frequency is planned compared to current service levels 67356 26,Transport,73,75
14. Deputy Duncan Smith asked the Minister for Transport the way in which his Department plans to address the number of areas in Dublin Fingal East that have seen significant building since the plans for BusConnects were agreed and as such with the roll out of BusConnects will not be properly served. [67232/26],,Transport,2026-09-23,0.9627293944358826,Bus Services,Bus Services,0.9627293944358826,Public Transport,0.021390113979578,Transport Policy,0.0025442806072533,Bus Éireann,0.0024218275211751,National Transport Authority,0.0015966983046382,Dublin Bus,0.0014693378470838,Road Projects,0.0007181833498179,Rail Network,0.0006938145961612,Transport Infrastructure Ireland,0.0005358224734663,Road Network,0.0005149834323674,67232/26,14,Duncan Smith,DUNCAN SMITH,written,en,To ask the Minister for Transport the way in which his Department plans to address the number of areas in Dublin Fingal East that have seen significant building since the plans for BusConnects were agreed and as such with the roll out of BusConnects will not be properly served.,the minister for transport the way in which his department plans to address the number of areas in dublin fingal east that have seen significant building since the plans for busconnects were agreed and as such with the roll out of busconnects will not be properly served 67232 26,Transport,77,79
15. Deputy Richard Boyd Barrett asked the Minister for Transport to provide a full copy of the research showing the relationship between passenger fares and public transport usage recently discussed at the Transport Committee (details supplied). [67362/26],,Transport,2026-09-23,0.8177418112754822,Public Transport,Public Transport,0.8177418112754822,Transport Costs,0.0699613615870475,Transport Policy,0.0609034448862075,National Transport Authority,0.0150888785719871,Bus Services,0.0058396495878696,Taxi Regulations,0.0047437227331101,Transport Infrastructure Ireland,0.0025388775393366,Taxi Licences,0.0018510650843381,Rail Network,0.0016682163113728,School Transport,0.0012772281188517,67362/26,15,Richard Boyd Barrett,RICHARD BOYD BARRETT,written,en,To ask the Minister for Transport to provide a full copy of the research showing the relationship between passenger fares and public transport usage recently discussed at the Transport Committee (details supplied).,the minister for transport to provide a full copy of the research showing the relationship between passenger fares and public transport usage recently discussed at the transport committee details supplied 67362 26,Transport,81,83
16. Deputy Michael Cahill asked the Minister for Transport to urgently review the decision to refuse driver's licence exchange for returning Irish emigrants; and if he will make a statement on the matter. [67498/26],,Transport,2026-09-23,0.9818098545074464,Driver Licences,Driver Licences,0.9818098545074464,Taxi Licences,0.0041362671181559,Driver Test,0.0024570843670517,Haulage Industry,0.0011465188581496,Taxi Regulations,0.0008383144740946,Public Transport,0.0006170953274704,Road Safety Authority,0.0005737683968618,Road Traffic Offences,0.0005731214187107,Transport Infrastructure Ireland,0.0004648849135264,Transport Policy,0.0004069597052875,67498/26,16,Michael Cahill,MICHAEL CAHILL,written,en,To ask the Minister for Transport to urgently review the decision to refuse driver's licence exchange for returning Irish emigrants; and if he will make a statement on the matter.,the minister for transport to urgently review the decision to refuse driver s licence exchange for returning irish emigrants and 67498 26,Transport,85,87
17. Deputy Micheál Carrigy asked the Minister for Transport for an update on the road transporters support scheme application for a person (details supplied); and the timeframe for payment from the scheme. [67478/26],,Transport,2026-09-23,0.2403199225664138,Departmental Schemes,Departmental Schemes,0.2403199225664138,Road Network,0.2345888018608093,Road Safety,0.1216241493821144,Road Projects,0.0870718657970428,Transport Policy,0.0614125728607177,Transport Infrastructure Ireland,0.0348052680492401,Cycling Policy,0.0277785286307334,Public Transport,0.027162367478013,Cycling Facilities,0.0198393873870372,Active Travel,0.0128013836219906,67478/26,17,Micheál Carrigy,MICHEÁL CARRIGY,written,en,To ask the Minister for Transport for an update on the road transporters support scheme application for a person (details supplied); and the timeframe for payment from the scheme.,the minister for transport for an update on the road transporters support scheme application for a person details supplied and the timeframe for payment from the scheme 67478 26,Transport,89,91
18. Deputy William Aird asked the Minister for Transport the total funding provided to TFI Local Link Laois Offaly in each of the years 2023 to 2025 and to date in 2026; the number of routes and passenger journeys supported in each year; the additional funding sought for 2027 to expand services and address unmet demand in County Laois; and whether a review of existing routes and service frequency is planned in consultation with local communities and Laois county council. [67463/26],,Transport,2026-09-23,0.6932086944580078,Bus Services,Bus Services,0.6932086944580078,Public Transport,0.1594725102186203,Departmental Funding,0.0258005019277334,Transport Policy,0.0194149538874626,Departmental Data,0.0132309310138225,Bus Éireann,0.0128008499741554,Transport Infrastructure Ireland,0.008475674316287,National Transport Authority,0.0065073678269982,Road Projects,0.0056333127431571,Dublin Bus,0.0055990130640566,67463/26,18,William Aird,WILLIAM AIRD,written,en,To ask the Minister for Transport the total funding provided to TFI Local Link Laois Offaly in each of the years 2023 to 2025 and to date in 2026; the number of routes and passenger journeys supported in each year; the additional funding sought for 2027 to expand services and address unmet demand in County Laois; and whether a review of existing routes and service frequency is planned in consultation with local communities and Laois county council.,the minister for transport the total funding provided to tfi local link laois offaly in each of the years 2023 to 2025 and to date in 2026 the number of routes and passenger journeys supported in each year the additional funding sought for 2027 to expand services and address unmet demand in county laois and whether a review of existing routes and service frequency is planned in consultation with local communities and laois county council 67463 26,Transport,93,95
"19. Deputy William Aird asked the Minister for Transport if he will provide details of the funding allocated to the Rural Transport Programme and TFI Local Link for 2026; the proposed allocation for 2027; whether additional funding will be provided in Budget 2027 to expand rural public transport services in County Laois, particularly in areas where residents have limited access to public transport for employment, education, healthcare and essential services; and if he will engage with the National Transport Authority to identify gaps in rural transport provision and consider the introduction of additional demand-responsive and evening services. [67462/26]",,Transport,2026-09-23,0.7893247008323669,Public Transport,Public Transport,0.7893247008323669,Bus Services,0.0735803619027137,Transport Policy,0.0430132374167442,Transport Costs,0.0259855389595031,Departmental Funding,0.0123627614229917,Departmental Schemes,0.0075946440920233,National Transport Authority,0.0054325335659086,Rail Network,0.00385009101592,Bus Éireann,0.0032202894799411,School Transport,0.0028794654645025,67462/26,19,William Aird,WILLIAM AIRD,written,en,"To ask the Minister for Transport if he will provide details of the funding allocated to the Rural Transport Programme and TFI Local Link for 2026; the proposed allocation for 2027; whether additional funding will be provided in Budget 2027 to expand rural public transport services in County Laois, particularly in areas where residents have limited access to public transport for employment, education, healthcare and essential services; and if he will engage with the National Transport Authority to identify gaps in rural transport provision and consider the introduction of additional demand-responsive and evening services.",the minister for transport if he will provide details of the funding allocated to the rural transport programme and tfi local link for 2026 the proposed allocation for 2027 whether additional funding will be provided in budget 2027 to expand rural public transport services in county laois particularly in areas where residents have limited access to public transport for employment education healthcare and essential services and if he will engage with the national transport authority to identify gaps in rural transport provision and consider the introduction of additional demand-responsive and evening services 67462 26,Transport,97,99
"20. Deputy William Aird asked the Minister for Transport if he will work with the Minister for Education and Youth and Bus Éireann, to identify opportunities to improve public transport provision for schoolchildren in rural communities in County Laois, particularly in areas where school bus routes are oversubscribed. [67461/26]",,Transport,2026-09-23,0.4614914655685425,School Transport,School Transport,0.4614914655685425,Public Transport,0.3288898766040802,Bus Services,0.121830828487873,Bus Éireann,0.043896909803152,Transport Costs,0.0122790299355983,Transport Policy,0.0066241594031453,Disability Services,0.0028549120761454,National Transport Authority,0.002653541509062,Departmental Data,0.002096175448969,Departmental Schemes,0.0010310502257198,67461/26,20,William Aird,WILLIAM AIRD,written,en,"To ask the Minister for Transport if he will work with the Minister for Education and Youth and Bus Éireann, to identify opportunities to improve public transport provision for schoolchildren in rural communities in County Laois, particularly in areas where school bus routes are oversubscribed.",the minister for transport if he will work with the minister for education and youth and bus éireann to identify opportunities to improve public transport provision for schoolchildren in rural communities in county laois particularly in areas where school bus routes are oversubscribed 67461 26,Transport,101,103
"21. Deputy Emer Currie asked the Minister for Transport further to Parliamentary Question No. 285 of 24 February 2026, the reason the LPSV (Large Public Service Vehicles) Reform Bill has not been accorded priority status for drafting or publication in the Autumn 2026 Legislative Programme; the progress made on the Bill (details supplied); the current status of the policy review and preparation of the Heads of Bill; and the outstanding policy or legislative issues which remain to be resolved; the dates by which he expects the General Scheme to be approved by Government and published, and introduced to the Oireachtas. [67536/26]",,Transport,2026-09-23,0.3451754748821258,Legislative Measures,Legislative Measures,0.3451754748821258,Legislative Process,0.1334157735109329,Transport Policy,0.1077752187848091,Legislative Programme,0.1000923290848732,Proposed Legislation,0.0229114275425672,Public Transport,0.0218778364360332,Taxi Regulations,0.0161489155143499,Driver Licences,0.0144216138869524,Departmental Schemes,0.012227033264935,Road Safety,0.0107468320056796,67536/26,21,Emer Currie,EMER CURRIE,written,en,"To ask the Minister for Transport further to Parliamentary Question No. 285 of 24 February 2026, the reason the LPSV (Large Public Service Vehicles) Reform Bill has not been accorded priority status for drafting or publication in the Autumn 2026 Legislative Programme; the progress made on the Bill (details supplied); the current status of the policy review and preparation of the Heads of Bill; and the outstanding policy or legislative issues which remain to be resolved; the dates by which he expects the General Scheme to be approved by Government and published, and introduced to the Oireachtas.",the minister for transport further to parliamentary question no 285 of 24 february 2026 the reason the lpsv large public service vehicles reform bill has not been accorded priority status for drafting or publication in the autumn 2026 legislative programme the progress made on the bill details supplied the current status of the policy review and preparation of the heads of bill and the outstanding policy or legislative issues which remain to be resolved the dates by which he expects the general scheme to be approved by government and published and introduced to the oireachtas 67536 26,Transport,105,107
"22. Deputy Louis O'Hara asked the Minister for Transport the efforts made by this Department, Iarnród Éireann and the NTA to address overcrowding on trains arriving into and departing Galway Train Station; if they have engaged with rail operators from other jurisdictions with a view to securing additional carriages on a temporary basis to help alleviate this problem; if any other short term solutions have been considered to address ongoing capacity issues; and if he will make a statement on the matter. [67417/26]",,Transport,2026-09-23,0.9033321738243104,Rail Network,Rail Network,0.9033321738243104,Public Transport,0.0718870311975479,Transport Costs,0.0025243880227208,Transport Policy,0.0023525888100266,Bus Services,0.0017996892565861,Transport Infrastructure Ireland,0.0016456313896924,National Transport Authority,0.0014864283148199,Park-and-Ride Facilities,0.0013395223068073,Traffic Management,0.0009507086942903,Tax Code,0.0005906195729039,67417/26,22,Louis O'Hara,LOUIS O'HARA,written,en,"To ask the Minister for Transport the efforts made by this Department, Iarnród Éireann and the NTA to address overcrowding on trains arriving into and departing Galway Train Station; if they have engaged with rail operators from other jurisdictions with a view to securing additional carriages on a temporary basis to help alleviate this problem; if any other short term solutions have been considered to address ongoing capacity issues; and if he will make a statement on the matter.",the minister for transport the efforts made by this department iarnród éireann and the nta to address overcrowding on trains arriving into and departing galway train station if they have engaged with rail operators from other jurisdictions with a view to securing additional carriages on a temporary basis to help alleviate this problem if any other short term solutions have been considered to address ongoing capacity issues and 67417 26,Transport,109,111
23. Deputy Brendan Smith asked the Minister for Transport if his Department will consider introducing additional local link routes in Cavan and Monaghan; and if such additional services will be introduced for the remainder of 2026 and in 2027. [67633/26],,Transport,2026-09-23,0.8529942035675049,Bus Services,Bus Services,0.8529942035675049,Public Transport,0.1236621886491775,Transport Policy,0.004615587182343,Bus Éireann,0.0036137080751359,Dublin Bus,0.0021336255595088,Transport Costs,0.0016628241864964,National Transport Authority,0.001522209495306,Departmental Data,0.0014437452191486,Rail Network,0.0012394349323585,Transport Infrastructure Ireland,0.0007958027999848,67633/26,23,Brendan Smith,BRENDAN SMITH,written,en,To ask the Minister for Transport if his Department will consider introducing additional local link routes in Cavan and Monaghan; and if such additional services will be introduced for the remainder of 2026 and in 2027.,the minister for transport if his department will consider introducing additional local link routes in cavan and monaghan and if such additional services will be introduced for the remainder of 2026 and in 2027 67633 26,Transport,113,115
"24. Deputy Johnny Mythen asked the Minister for Transport the reason he can not extend the drivers licence agreement to the United states of America, taking into account the Irish diaspora who hold Irish driving licences, yet the current agreement covers E.U. citizens, and non E.U. jurisdictions, such as Korea, Japan and South Africa; and if he will make a statement on the matter. [67670/26]",,Transport,2026-09-23,0.9745675921440125,Driver Licences,Driver Licences,0.9745675921440125,Taxi Licences,0.0057620746083557,Haulage Industry,0.0022624693810939,Driver Test,0.0021696365438401,Road Traffic Offences,0.0018155570141971,Taxi Regulations,0.0013489385601133,Public Transport,0.0006918279104866,Electric Vehicles,0.0006577794556505,Road Safety Authority,0.0006184265366755,Transport Policy,0.0005892615299671,67670/26,24,Johnny Mythen,JOHNNY MYTHEN,written,en,"To ask the Minister for Transport the reason he can not extend the drivers licence agreement to the United states of America, taking into account the Irish diaspora who hold Irish driving licences, yet the current agreement covers E.U. citizens, and non E.U. jurisdictions, such as Korea, Japan and South Africa; and if he will make a statement on the matter.",the minister for transport the reason he can not extend the drivers licence agreement to the united states of america taking into account the irish diaspora who hold irish driving licences yet the current agreement covers e u citizens and non e u jurisdictions such as korea japan and south africa and 67670 26,Transport,117,119
"25. Deputy John Connolly asked the Minister for Transport the actions taken by Iarnród Éireann in response to complaints regarding overcrowding and passenger safety on the morning Oranmore to Galway rail service since 2024; the number of complaints received concerning overcrowding on the service; whether a passenger capacity and safety assessment has been undertaken for the 8.00 a.m. Oranmore to Galway service; the current passenger capacity and average passenger numbers on that service; the measures being considered to increase capacity in the short term, including the provision of additional carriages (details supplied). [67663/26]",,Transport,2026-09-23,0.9415827989578248,Rail Network,Rail Network,0.9415827989578248,Public Transport,0.0390011891722679,Bus Services,0.0018971284152939,Transport Policy,0.0013739691348746,Transport Costs,0.0011607971973717,National Transport Authority,0.0011220551095902,Transport Infrastructure Ireland,0.0010429958347231,Departmental Data,0.0006778762326575,Park-and-Ride Facilities,0.0006694862968288,Traffic Management,0.0005541726131923,67663/26,25,John Connolly,JOHN CONNOLLY,written,en,"To ask the Minister for Transport the actions taken by Iarnród Éireann in response to complaints regarding overcrowding and passenger safety on the morning Oranmore to Galway rail service since 2024; the number of complaints received concerning overcrowding on the service; whether a passenger capacity and safety assessment has been undertaken for the 8.00 a.m. Oranmore to Galway service; the current passenger capacity and average passenger numbers on that service; the measures being considered to increase capacity in the short term, including the provision of additional carriages (details supplied).",the minister for transport the actions taken by iarnród éireann in response to complaints regarding overcrowding and passenger safety on the morning oranmore to galway rail service since 2024 the number of complaints received concerning overcrowding on the service whether a passenger capacity and safety assessment has been undertaken for the 8 00 a m oranmore to galway service the current passenger capacity and average passenger numbers on that service the measures being considered to increase capacity in the short term including the provision of additional carriages details supplied 67663 26,Transport,121,123
"26. Deputy Emer Currie asked the Tánaiste and Minister for Finance further to the ongoing work of the Technical Committee on Motor Vehicles concerning false and non-compliant vehicle registration plates, whether the regulatory framework used in Spain or comparable EU jurisdictions, including approved supplier registration, supplier identification, transaction traceability and minimum manufacturing standards, has been examined as part of its consideration of international best practice; and if he will make a statement on the matter. [67507/26]",,Finance,2026-09-23,0.3506727218627929,Vehicle Registration Tax,Vehicle Registration Tax,0.3506727218627929,Driver Licences,0.0558800287544727,Road Traffic Offences,0.0425672680139541,Electric Vehicles,0.0268858131021261,Departmental Data,0.0268713682889938,Departmental Policies,0.0236542001366615,Other,0.0207566525787115,Financial Services,0.0138026047497987,Insurance Industry,0.0134648140519857,Insurance Coverage,0.0128132496029138,67507/26,26,Emer Currie,EMER CURRIE,written,en,"To ask the Tánaiste and Minister for Finance further to the ongoing work of the Technical Committee on Motor Vehicles concerning false and non-compliant vehicle registration plates, whether the regulatory framework used in Spain or comparable EU jurisdictions, including approved supplier registration, supplier identification, transaction traceability and minimum manufacturing standards, has been examined as part of its consideration of international best practice; and if he will make a statement on the matter.",and minister for finance further to the ongoing work of the technical committee on motor vehicles concerning false and non-compliant vehicle registration plates whether the regulatory framework used in spain or comparable eu jurisdictions including approved supplier registration supplier identification transaction traceability and minimum manufacturing standards has been examined as part of its consideration of international best practice and 67507 26,Finance,128,130
"27. Deputy Emer Currie asked the Tánaiste and Minister for Finance whether consideration is being given to requiring suppliers of vehicle registration plates to maintain standardised electronic records of plates supplied, including the vehicle registration number, date of supply, number of plates supplied and appropriate details verifying the purchaser's entitlement to obtain the plate; whether such records could be made available to An Garda Síochána for enforcement purposes; and if he will make a statement on the matter. [67506/26]",,Finance,2026-09-23,0.4387571215629577,Vehicle Registration Tax,Vehicle Registration Tax,0.4387571215629577,Driver Licences,0.0639148578047752,Road Traffic Offences,0.0355450846254825,Departmental Data,0.0276318304240703,Electric Vehicles,0.0272653307765722,Other,0.0248189028352499,Insurance Coverage,0.0159052517265081,Insurance Industry,0.0137009946629405,Revenue Commissioners,0.0123335113748908,Tax Code,0.0122020691633224,67506/26,27,Emer Currie,EMER CURRIE,written,en,"To ask the Tánaiste and Minister for Finance whether consideration is being given to requiring suppliers of vehicle registration plates to maintain standardised electronic records of plates supplied, including the vehicle registration number, date of supply, number of plates supplied and appropriate details verifying the purchaser's entitlement to obtain the plate; whether such records could be made available to An Garda Síochána for enforcement purposes; and if he will make a statement on the matter.",and minister for finance whether consideration is being given to requiring suppliers of vehicle registration plates to maintain standardised electronic records of plates supplied including the vehicle registration number date of supply number of plates supplied and appropriate details verifying the purchaser s entitlement to obtain the plate whether such records could be made available to an garda síochána for enforcement purposes and 67506 26,Finance,132,134
"28. Deputy Emer Currie asked the Tánaiste and Minister for Finance whether, as part of the ongoing interdepartmental examination of vehicle registration plate regulation, consideration is being given to requiring each approved registration plate supplier to have a unique supplier identification number permanently displayed or otherwise incorporated on every road-use registration plate produced by that supplier, thereby allowing the origin of a plate to be traced; and if he will make a statement on the matter. [67504/26]",,Finance,2026-09-23,0.3087522387504577,Vehicle Registration Tax,Vehicle Registration Tax,0.3087522387504577,Driver Licences,0.0896659940481185,Departmental Data,0.0401369519531726,Other,0.0396241955459117,Road Traffic Offences,0.0391127951443195,Road Safety Authority,0.0158940218389034,Insurance Coverage,0.0152272107079625,Insurance Industry,0.0149363344535231,Customs and Excise,0.0142529755830764,Departmental Policies,0.0114397071301937,67504/26,28,Emer Currie,EMER CURRIE,written,en,"To ask the Tánaiste and Minister for Finance whether, as part of the ongoing interdepartmental examination of vehicle registration plate regulation, consideration is being given to requiring each approved registration plate supplier to have a unique supplier identification number permanently displayed or otherwise incorporated on every road-use registration plate produced by that supplier, thereby allowing the origin of a plate to be traced; and if he will make a statement on the matter.",and minister for finance whether as part of the ongoing interdepartmental examination of vehicle registration plate regulation consideration is being given to requiring each approved registration plate supplier to have a unique supplier identification number permanently displayed or otherwise incorporated on every road-use registration plate produced by that supplier thereby allowing the origin of a plate to be traced and 67504 26,Finance,136,138
"29. Deputy Emer Currie asked the Tánaiste and Minister for Finance further to Parliamentary Question No. 486 of 17 February 2026, and the ongoing interdepartmental examination of measures to improve compliance with vehicle registration plate requirements, whether consideration is being given to the establishment of a statutory register of approved vehicle registration plate manufacturers and suppliers; whether the work is considering requiring suppliers to verify the identity of purchasers and their connection to the vehicle registration concerned; and if he will make a statement on the matter. [67502/26]",,Finance,2026-09-23,0.3380894362926483,Vehicle Registration Tax,Vehicle Registration Tax,0.3380894362926483,Driver Licences,0.0673606917262077,Other,0.0344361700117588,Departmental Data,0.031611829996109,Insurance Coverage,0.0197530500590801,Insurance Industry,0.0195516515523195,Road Traffic Offences,0.0164197664707899,Customs and Excise,0.0162677988409996,Tax Code,0.0147807914763689,Primary Medical Certificates,0.0140360407531261,67502/26,29,Emer Currie,EMER CURRIE,written,en,"To ask the Tánaiste and Minister for Finance further to Parliamentary Question No. 486 of 17 February 2026, and the ongoing interdepartmental examination of measures to improve compliance with vehicle registration plate requirements, whether consideration is being given to the establishment of a statutory register of approved vehicle registration plate manufacturers and suppliers; whether the work is considering requiring suppliers to verify the identity of purchasers and their connection to the vehicle registration concerned; and if he will make a statement on the matter.",and minister for finance further to parliamentary question no 486 of 17 february 2026 and the ongoing interdepartmental examination of measures to improve compliance with vehicle registration plate requirements whether consideration is being given to the establishment of a statutory register of approved vehicle registration plate manufacturers and suppliers whether the work is considering requiring suppliers to verify the identity of purchasers and their connection to the vehicle registration concerned and 67502 26,Finance,140,142
"30. Deputy Emer Currie asked the Tánaiste and Minister for Finance if his Department is tracking international developments in terms of support for tokenisation, such as the latest announcement by the UK Financial Conduct Authority and Bank of England of its plans for a joint tokenization roadmap; and to set out the way in which the Government will ensure that Ireland does not fall behind other European jurisdictions. [67540/26]",,Finance,2026-09-23,0.1030955761671066,Financial Services,Financial Services,0.1030955761671066,Other,0.099872849881649,Fiscal Policy,0.0846588164567947,Banking Sector,0.0516386665403842,Tax Code,0.0362366624176502,Departmental Policies,0.0320098176598548,Central Bank of Ireland,0.0308155119419097,Departmental Data,0.0302090570330619,Tax Data,0.0241348836570978,National Treasury Management Agency,0.0207033492624759,67540/26,30,Emer Currie,EMER CURRIE,written,en,"To ask the Tánaiste and Minister for Finance if his Department is tracking international developments in terms of support for tokenisation, such as the latest announcement by the UK Financial Conduct Authority and Bank of England of its plans for a joint tokenization roadmap; and to set out the way in which the Government will ensure that Ireland does not fall behind other European jurisdictions.",and minister for finance if his department is tracking international developments in terms of support for tokenisation such as the latest announcement by the uk financial conduct authority and bank of england of its plans for a joint tokenization roadmap and to set out the way in which the government will ensure that ireland does not fall behind other european jurisdictions 67540 26,Finance,144,146
31. Deputy Emer Currie asked the Tánaiste and Minister for Finance the reason the Autumn Legislative Programme does not list the planned legislation to support the tokenisation of the fund sector as committed to in the new Ireland for Finance strategy; and to outline when this legislation is expected. [67538/26],,Finance,2026-09-23,0.6857657432556152,Legislative Measures,Legislative Measures,0.6857657432556152,Legislative Programme,0.1298139691352844,Legislative Process,0.0501275025308132,Programme for Government,0.0119476662948727,Proposed Legislation,0.0109780961647629,Departmental Policies,0.0087965764105319,Legislative Reviews,0.0076156775467097,Departmental Priorities,0.0054617156274616,Other,0.0044625070877373,Tax Code,0.0041736839339137,67538/26,31,Emer Currie,EMER CURRIE,written,en,To ask the Tánaiste and Minister for Finance the reason the Autumn Legislative Programme does not list the planned legislation to support the tokenisation of the fund sector as committed to in the new Ireland for Finance strategy; and to outline when this legislation is expected.,and minister for finance the reason the autumn legislative programme does not list the planned legislation to support the tokenisation of the fund sector as committed to in the new ireland for finance strategy and when this legislation is expected 67538 26,Finance,148,150
"32. Deputy William Aird asked the Tánaiste and Minister for Finance the actions being taken to improve competition in the retail banking sector following recent market consolidation; and the measures being considered to strengthen consumer protections in relation to fees, mortgage switching and digital only banking. [67447/26]",,Finance,2026-09-23,0.7673590779304504,Banking Sector,Banking Sector,0.7673590779304504,Financial Services,0.0844745486974716,Mortgage Interest Rates,0.0331956259906291,Interest Rates,0.0112823685631155,Departmental Data,0.0103287370875477,Credit Unions,0.0098135396838188,Central Bank of Ireland,0.0076428982429206,Fiscal Policy,0.0054453564807772,Other,0.005250752903521,Regulatory Bodies,0.0045072762295603,67447/26,32,William Aird,WILLIAM AIRD,written,en,"To ask the Tánaiste and Minister for Finance the actions being taken to improve competition in the retail banking sector following recent market consolidation; and the measures being considered to strengthen consumer protections in relation to fees, mortgage switching and digital only banking.",and minister for finance the actions being taken to improve competition in the retail banking sector following recent market consolidation and the measures being considered to strengthen consumer protections fees mortgage switching and digital only banking 67447 26,Finance,152,154
"33. Deputy William Aird asked the Tánaiste and Minister for Finance if he will assess the potential impact of a reduction in the VAT rate on wood fuels on domestic producers and suppliers, including businesses operating in County Laois; and if he will consider the benefits such a measure could provide for household heating costs, rural employment and the development of Ireland's domestic biomass supply chain. [67446/26]",,Finance,2026-09-23,0.8841143846511841,Tax Code,Tax Code,0.8841143846511841,Tax Data,0.0429324246942997,Tax Exemptions,0.0154975680634379,Tax Collection,0.0134358657523989,Tax Rebates,0.0097887460142374,Tax Yield,0.0083627672865986,Tax Reliefs,0.0052168117836117,Tax Credits,0.0013077151961624,Customs and Excise,0.001279802294448,Fuel Prices,0.0012412681244313,67446/26,33,William Aird,WILLIAM AIRD,written,en,"To ask the Tánaiste and Minister for Finance if he will assess the potential impact of a reduction in the VAT rate on wood fuels on domestic producers and suppliers, including businesses operating in County Laois; and if he will consider the benefits such a measure could provide for household heating costs, rural employment and the development of Ireland's domestic biomass supply chain.",and minister for finance if he will assess the potential impact of a reduction in the vat rate on wood fuels on domestic producers and suppliers including businesses operating in county laois and if he will consider the benefits such a measure could provide for household heating costs rural employment and the development of ireland s domestic biomass supply chain 67446 26,Finance,156,158
"34. Deputy William Aird asked the Tánaiste and Minister for Finance if he will review the current 23% VAT rate applying to wood-fuel heating appliances, including qualifying wood-burning stoves and biomass boilers; and if he will examine the potential for applying the 9% second reduced VAT rate to the supply and installation of qualifying wood-fuel heating systems, in line with the existing treatment of low-emission heat pump heating systems. [67445/26]",,Finance,2026-09-23,0.9236169457435608,Tax Code,Tax Code,0.9236169457435608,Tax Exemptions,0.0214547682553529,Tax Data,0.0162703916430473,Tax Rebates,0.0088792890310287,Tax Reliefs,0.00866224989295,Tax Collection,0.0052463267929852,Tax Yield,0.0016997207421809,Tax Credits,0.0009803051361814,Departmental Schemes,0.0007495715981349,Vehicle Registration Tax,0.0007198831881396,67445/26,34,William Aird,WILLIAM AIRD,written,en,"To ask the Tánaiste and Minister for Finance if he will review the current 23% VAT rate applying to wood-fuel heating appliances, including qualifying wood-burning stoves and biomass boilers; and if he will examine the potential for applying the 9% second reduced VAT rate to the supply and installation of qualifying wood-fuel heating systems, in line with the existing treatment of low-emission heat pump heating systems.",and minister for finance if he will review the current 23 vat rate applying to wood-fuel heating appliances including qualifying wood-burning stoves and biomass boilers and if he will examine the potential for applying the 9 second reduced vat rate to the supply and installation of qualifying wood-fuel heating systems in line with the existing treatment of low-emission heat pump heating systems 67445 26,Finance,160,162
"35. Deputy William Aird asked the Tánaiste and Minister for Finance if his Department has assessed the impact on household heating costs of the current 13.5% VAT rate applying to wood fuels, including pellets and firewood; and if he will examine whether a reduction to the 9% rate would assist households using biomass heating while also supporting the domestic wood-fuel supply chain. [67444/26]",,Finance,2026-09-23,0.9213907718658448,Tax Code,Tax Code,0.9213907718658448,Tax Data,0.0221037790179252,Tax Exemptions,0.013337567448616,Tax Rebates,0.0074675972573459,Tax Collection,0.00613629585132,Tax Reliefs,0.0059557068161666,Tax Yield,0.003443561727181,Fuel Prices,0.001217947807163,Energy Policy,0.0010859011672437,Energy Prices,0.0008865623385645,67444/26,35,William Aird,WILLIAM AIRD,written,en,"To ask the Tánaiste and Minister for Finance if his Department has assessed the impact on household heating costs of the current 13.5% VAT rate applying to wood fuels, including pellets and firewood; and if he will examine whether a reduction to the 9% rate would assist households using biomass heating while also supporting the domestic wood-fuel supply chain.",and minister for finance if his department has assessed the impact on household heating costs of the current 13 5 vat rate applying to wood fuels including pellets and firewood and if he will examine whether a reduction to the 9 rate would assist households using biomass heating while also supporting the domestic wood-fuel supply chain 67444 26,Finance,164,166
"36. Deputy William Aird asked the Tánaiste and Minister for Finance if he will consider reducing the rate of VAT applicable to wood fuels, including wood pellets, firewood and woodchip, from 13.5% to 9% and if he will examine the potential for aligning the VAT treatment of wood fuels with other domestic heating energy sources. [67443/26]",,Finance,2026-09-23,0.913392961025238,Tax Code,Tax Code,0.913392961025238,Tax Data,0.0257680136710405,Tax Exemptions,0.0196641907095909,Tax Collection,0.0089852781966328,Tax Rebates,0.0080872485414147,Tax Reliefs,0.0042216032743453,Tax Yield,0.0038810423575341,Tax Credits,0.0010888187680393,Customs and Excise,0.0010727726621553,Fuel Prices,0.0009372603963129,67443/26,36,William Aird,WILLIAM AIRD,written,en,"To ask the Tánaiste and Minister for Finance if he will consider reducing the rate of VAT applicable to wood fuels, including wood pellets, firewood and woodchip, from 13.5% to 9% and if he will examine the potential for aligning the VAT treatment of wood fuels with other domestic heating energy sources.",and minister for finance if he will consider reducing the rate of vat applicable to wood fuels including wood pellets firewood and woodchip from 13 5 to 9 and if he will examine the potential for aligning the vat treatment of wood fuels with other domestic heating energy sources 67443 26,Finance,168,170
"37. Deputy Pádraig Mac Lochlainn asked the Tánaiste and Minister for Finance the measures being considered to support the sustainability of rural pubs, given their important social, cultural and economic role in rural communities and the continued closure of such businesses; and whether he will support the introduction of an on-trade sustainability support scheme to help protect the future viability of rural pubs. [67382/26]",,Finance,2026-09-23,0.1263016760349273,Departmental Policies,Departmental Policies,0.1263016760349273,Departmental Schemes,0.063636228442192,Legislative Measures,0.0392401926219463,Other,0.0283391959965229,Departmental Strategies,0.024919293820858,Rural Schemes,0.0245359055697917,Community Development Projects,0.0171869620680809,Gambling Sector,0.0170787144452333,Departmental Reports,0.0137894228100776,Departmental Funding,0.013757917098701,67382/26,37,Pádraig Mac Lochlainn,PÁDRAIG MAC LOCHLAINN,written,en,"To ask the Tánaiste and Minister for Finance the measures being considered to support the sustainability of rural pubs, given their important social, cultural and economic role in rural communities and the continued closure of such businesses; and whether he will support the introduction of an on-trade sustainability support scheme to help protect the future viability of rural pubs.",and minister for finance the measures being considered to support the sustainability of rural pubs given their important social cultural and economic role in rural communities and the continued closure of such businesses and whether he will support the introduction of an on-trade sustainability support scheme to help protect the future viability of rural pubs 67382 26,Finance,172,174
"38. Deputy Ivana Bacik asked the Minister for Public Expenditure, Infrastructure, Public Service Reform and Digitalisation further to Parliamentary Question No. 924 of 7 September 2026, the proportion of earned revenue that is reinvested in the Iveagh Gardens; the amount invested in each of the past five years; the stated purpose for monies returned for the benefit of Iveagh Gardens and the value of reinvestment for same, in tabular form; the amount of earned revenue reinvested, specifically for the Office of Public Works's conservation plan for the gardens; and if he will make a statement on the need to ringfence monies raised in rent for conservation. [67277/26]",,Public Expenditure,2026-09-23,0.4306483268737793,Office of Public Works,Office of Public Works,0.4306483268737793,State Properties,0.1144571453332901,Heritage Sites,0.0583887062966823,Departmental Expenditure,0.0557204708456993,Departmental Data,0.0413043461740016,Departmental Funding,0.0336380191147327,Other,0.0335846953094005,Departmental Properties,0.0197072401642799,National Monuments,0.0168721191585063,Departmental Schemes,0.0143372863531112,67277/26,38,Ivana Bacik,IVANA BACIK,written,en,"To ask the Minister for Public Expenditure, Infrastructure, Public Service Reform and Digitalisation further to Parliamentary Question No. 924 of 7 September 2026, the proportion of earned revenue that is reinvested in the Iveagh Gardens; the amount invested in each of the past five years; the stated purpose for monies returned for the benefit of Iveagh Gardens and the value of reinvestment for same, in tabular form; the amount of earned revenue reinvested, specifically for the Office of Public Works's conservation plan for the gardens; and if he will make a statement on the need to ringfence monies raised in rent for conservation.",the minister for public expenditure infrastructure public service reform and digitalisation further to parliamentary question no 924 of 7 september 2026 the proportion of earned revenue that is reinvested in the iveagh gardens the amount invested in each of the past five years the stated purpose for monies returned for the benefit of iveagh gardens and the value of reinvestment for same in tabular form the amount of earned revenue reinvested specifically for the office of public works s conservation plan for the gardens on the need to ringfence monies raised in rent for conservation 67277 26,"Public Expenditure, Infrastructure, Public Service Reform and Digitalisation",179,181
"39. Deputy Brian Brennan asked the Minister for Public Expenditure, Infrastructure, Public Service Reform and Digitalisation if further to the flooding during storm Chandra works are to be carried out by the OPW to a location (details supplied). [67376/26]",,Public Expenditure,2026-09-23,0.7939438223838806,Flood Risk Management,Flood Risk Management,0.7939438223838806,Flood Relief Schemes,0.0922560095787048,Office of Public Works,0.0908362567424774,Heritage Sites,0.0020874319598078,Coastal Erosion,0.0017969424370676,Waterways Issues,0.0017915507778525,Departmental Data,0.0012595159932971,National Development Plan,0.0009582742932252,Coastal Protection,0.0009562010527588,Departmental Schemes,0.0008919431711547,67376/26,39,Brian Brennan,BRIAN BRENNAN,written,en,"To ask the Minister for Public Expenditure, Infrastructure, Public Service Reform and Digitalisation if further to the flooding during storm Chandra works are to be carried out by the OPW to a location (details supplied).",the minister for public expenditure infrastructure public service reform and digitalisation if further to the flooding during storm chandra works are to be carried out by the opw to a location details supplied 67376 26,"Public Expenditure, Infrastructure, Public Service Reform and Digitalisation",183,185
"40. Deputy John Brady asked the Minister for Public Expenditure, Infrastructure, Public Service Reform and Digitalisation if there are plans to re-instate the supplementary pension for members of uniformed services which was abolished under the post-2013 single public service pension scheme; if there are other potential measures to supplement the pension of members of the uniformed services under consideration; and if he will make a statement on the matter. [67513/26]",,Public Expenditure,2026-09-23,0.5427301526069641,Public Sector Pensions,Public Sector Pensions,0.5427301526069641,Pension Provisions,0.4026162624359131,State Pensions,0.0187462270259857,Public Sector Pay,0.0070366407744586,Pensions Reform,0.0061890347860753,Public Sector Staff,0.0032165832817554,Córas Iompair Éireann,0.0013474853476509,Other,0.0011150471400469,Departmental Data,0.000977337709628,Departmental Reviews,0.0009508293005637,67513/26,40,John Brady,JOHN BRADY,written,en,"To ask the Minister for Public Expenditure, Infrastructure, Public Service Reform and Digitalisation if there are plans to re-instate the supplementary pension for members of uniformed services which was abolished under the post-2013 single public service pension scheme; if there are other potential measures to supplement the pension of members of the uniformed services under consideration; and if he will make a statement on the matter.",the minister for public expenditure infrastructure public service reform and digitalisation if there are plans to re-instate the supplementary pension for members of uniformed services which was abolished under the post-2013 single public service pension scheme if there are other potential measures to supplement the pension of members of the uniformed services under consideration and 67513 26,"Public Expenditure, Infrastructure, Public Service Reform and Digitalisation",187,189
"41. Deputy Malcolm Byrne asked the Minister for Public Expenditure, Infrastructure, Public Service Reform and Digitalisation to confirm if a location (details supplied) is in the charge of the OPW; the agency which is responsible for its maintenance; and if he will make a statement on the matter. [67475/26]",,Public Expenditure,2026-09-23,0.9468297958374025,Office of Public Works,Office of Public Works,0.9468297958374025,State Properties,0.013240497559309,Heritage Sites,0.0088876215741038,Flood Risk Management,0.0055998601019382,Departmental Properties,0.0033219864126294,Departmental Data,0.0026325506623834,Public Procurement Contracts,0.0016038191970437,An Garda Síochána,0.0015784243587404,State Bodies,0.0012934093829244,Departmental Inquiries,0.0007727596675977,67475/26,41,Malcolm Byrne,MALCOLM BYRNE,written,en,"To ask the Minister for Public Expenditure, Infrastructure, Public Service Reform and Digitalisation to confirm if a location (details supplied) is in the charge of the OPW; the agency which is responsible for its maintenance; and if he will make a statement on the matter.",the minister for public expenditure infrastructure public service reform and digitalisation to confirm if a location details supplied is in the charge of the opw the agency which is responsible for its maintenance and 67475 26,"Public Expenditure, Infrastructure, Public Service Reform and Digitalisation",191,193
"42. Deputy Ged Nash asked the Minister for Enterprise, Tourism and Employment if he will intervene in a dispute (details supplied); and if he will urge the board of management of the credit union to attend the WRC to try and resolve the dispute. [67273/26]",,Enterprise,2026-09-23,0.5305424332618713,Credit Unions,Credit Unions,0.5305424332618713,Financial Services,0.0455983392894268,Banking Sector,0.0145708667114377,Other,0.0126279788091778,Departmental Data,0.0110677564516663,Insurance Industry,0.0104547934606671,Departmental Schemes,0.0096684349700808,Departmental Reviews,0.0096207410097122,Regulatory Bodies,0.0090825641527771,Small and Medium Enterprises,0.0087909279391169,67273/26,42,Ged Nash,GED NASH,written,en,"To ask the Minister for Enterprise, Tourism and Employment if he will intervene in a dispute (details supplied); and if he will urge the board of management of the credit union to attend the WRC to try and resolve the dispute.",the minister for enterprise tourism and employment if he will intervene in a dispute details supplied and if he will urge the board of management of the credit union to attend the wrc to try and resolve the dispute 67273 26,"Enterprise, Tourism and Employment",198,200
"43. Deputy Eoin Hayes asked the Minister for Enterprise, Tourism and Employment if he expects to implement the Short-Term Letting and Tourism Bill 2025 by the end of the year. [67404/26]",,Enterprise,2026-09-23,0.2613862156867981,Tourism Industry,Tourism Industry,0.2613862156867981,Tourism Policy,0.1919831037521362,Tourist Accommodation,0.1372502595186233,Legislative Measures,0.0995060876011848,Legislative Programme,0.0377888046205043,Tourism Promotion,0.0334971025586128,Legislative Process,0.0234358832240104,Rental Sector,0.0145170111209154,Proposed Legislation,0.014135506004095,Tourism Funding,0.0123626925051212,67404/26,43,Eoin Hayes,EOIN HAYES,written,en,"To ask the Minister for Enterprise, Tourism and Employment if he expects to implement the Short-Term Letting and Tourism Bill 2025 by the end of the year.",the minister for enterprise tourism and employment if he expects to implement the short-term letting and tourism bill 2025 by the end of the year 67404 26,"Enterprise, Tourism and Employment",202,204
"44. Deputy William Aird asked the Minister for Enterprise, Tourism and Employment to identify the actions being taken by Government to support indigenous Irish retailers operating in regional Ireland, many of whom are facing significant increases in employment and operating costs; and whether additional targeted supports will be considered in Budget 2027. [67456/26]",,Enterprise,2026-09-23,0.1736239045858383,Business Supports,Business Supports,0.1736239045858383,Enterprise Support Services,0.1265101879835128,Enterprise Policy,0.0885045155882835,Consumer Protection,0.0520806759595871,Small and Medium Enterprises,0.0466801412403583,Other,0.0236515514552593,Departmental Schemes,0.0231206584721803,Departmental Data,0.0228003244847059,Departmental Funding,0.0210292153060436,State Bodies,0.01911904476583,67456/26,44,William Aird,WILLIAM AIRD,written,en,"To ask the Minister for Enterprise, Tourism and Employment to identify the actions being taken by Government to support indigenous Irish retailers operating in regional Ireland, many of whom are facing significant increases in employment and operating costs; and whether additional targeted supports will be considered in Budget 2027.",the minister for enterprise tourism and employment to identify the actions being taken by government to support indigenous irish retailers operating in regional ireland many of whom are facing significant increases in employment and operating costs and whether additional targeted supports will be considered in budget 2027 67456 26,"Enterprise, Tourism and Employment",206,208
"45. Deputy William Aird asked the Minister for Enterprise, Tourism and Employment if an assessment has been undertaken of the impact that continued increases in the living wage will have on labour-intensive sectors such as retail, hospitality and other consumer-facing industries; and if he will outline any planned supports to assist businesses in adapting to these increases. [67455/26]",,Enterprise,2026-09-23,0.3245546817779541,Living Wage,Living Wage,0.3245546817779541,National Minimum Wage,0.0761031806468963,Cost of Living Issues,0.0478709898889064,Employment Rights,0.030350349843502,Industrial Relations,0.0275612454861402,Enterprise Policy,0.0222584400326013,Wage-setting Mechanisms,0.0203680805861949,Job Creation,0.0200922340154647,Inflation Rate,0.0200761444866657,Public Sector Pay,0.0193691439926624,67455/26,45,William Aird,WILLIAM AIRD,written,en,"To ask the Minister for Enterprise, Tourism and Employment if an assessment has been undertaken of the impact that continued increases in the living wage will have on labour-intensive sectors such as retail, hospitality and other consumer-facing industries; and if he will outline any planned supports to assist businesses in adapting to these increases.",the minister for enterprise tourism and employment if an assessment has been undertaken of the impact that continued increases in the living wage will have on labour-intensive sectors such as retail hospitality and other consumer-facing industries and if he will outline any planned supports to assist businesses in adapting to these increases 67455 26,"Enterprise, Tourism and Employment",210,212
"46. Deputy William Aird asked the Minister for Enterprise, Tourism and Employment if he has engaged with the Low Pay Commission regarding concerns that the current methodology for calculating the living wage, based on 60% of median earnings, may disproportionately reflect earnings levels in high-paying multinational and technology sectors; and whether a review of the methodology is under consideration. [67454/26]",,Enterprise,2026-09-23,0.236693799495697,Living Wage,Living Wage,0.236693799495697,National Minimum Wage,0.1124364137649536,Industrial Relations,0.0499175935983657,Employment Rights,0.0449584387242794,Inflation Rate,0.0390059053897857,Public Sector Pay,0.0320382453501224,Cost of Living Issues,0.0271544475108385,Wage-setting Mechanisms,0.0247057285159826,Industrial Disputes,0.016917897388339,Low Pay Commission,0.0149564342573285,67454/26,46,William Aird,WILLIAM AIRD,written,en,"To ask the Minister for Enterprise, Tourism and Employment if he has engaged with the Low Pay Commission regarding concerns that the current methodology for calculating the living wage, based on 60% of median earnings, may disproportionately reflect earnings levels in high-paying multinational and technology sectors; and whether a review of the methodology is under consideration.",the minister for enterprise tourism and employment if he has engaged with the low pay commission regarding concerns that the current methodology for calculating the living wage based on 60 of median earnings may disproportionately reflect earnings levels in high-paying multinational and technology sectors and whether a review of the methodology is under consideration 67454 26,"Enterprise, Tourism and Employment",214,216
"47. Deputy William Aird asked the Minister for Enterprise, Tourism and Employment the measures being taken to encourage employers to recruit and retain younger workers in the retail sector; and whether targeted incentives are under consideration as part of Budget 2027. [67453/26]",,Enterprise,2026-09-23,0.2392853945493698,Business Supports,Business Supports,0.2392853945493698,Employment Rights,0.0970337688922882,Enterprise Support Services,0.0878063440322876,Enterprise Policy,0.0805328488349914,Job Creation,0.0474627502262592,Small and Medium Enterprises,0.0467867478728294,Job Losses,0.0331129692494869,Departmental Policies,0.0230542961508035,Regional Development,0.0213090237230062,Business Regulation,0.0197975076735019,67453/26,47,William Aird,WILLIAM AIRD,written,en,"To ask the Minister for Enterprise, Tourism and Employment the measures being taken to encourage employers to recruit and retain younger workers in the retail sector; and whether targeted incentives are under consideration as part of Budget 2027.",the minister for enterprise tourism and employment the measures being taken to encourage employers to recruit and retain younger workers in the retail sector and whether targeted incentives are under consideration as part of budget 2027 67453 26,"Enterprise, Tourism and Employment",218,220
"48. Deputy William Aird asked the Minister for Enterprise, Tourism and Employment if his Department has carried out an analysis of the effect of rising labour costs on employment levels and investment decisions within the retail sector; and the way in which concerns regarding the future viability of jobs in regional retail businesses are being addressed. [67451/26]",,Enterprise,2026-09-23,0.1131193488836288,Living Wage,Living Wage,0.1131193488836288,Business Supports,0.0811163559556007,Job Creation,0.0657103732228279,Enterprise Policy,0.0616997256875038,Employment Rights,0.0559077896177768,Cost of Living Issues,0.0491658560931682,Small and Medium Enterprises,0.0451171360909938,National Minimum Wage,0.0386899597942829,Labour Market,0.0309937931597232,Enterprise Support Services,0.0280235446989536,67451/26,48,William Aird,WILLIAM AIRD,written,en,"To ask the Minister for Enterprise, Tourism and Employment if his Department has carried out an analysis of the effect of rising labour costs on employment levels and investment decisions within the retail sector; and the way in which concerns regarding the future viability of jobs in regional retail businesses are being addressed.",the minister for enterprise tourism and employment if his department has carried out an analysis of the effect of rising labour costs on employment levels and investment decisions within the retail sector and the way in which concerns regarding the future viability of jobs in regional retail businesses are being addressed 67451 26,"Enterprise, Tourism and Employment",222,224
"49. Deputy William Aird asked the Minister for Enterprise, Tourism and Employment if his Department has carried out an analysis of the effect of rising labour costs on employment levels and investment decisions within the retail sector and how concerns regarding the future viability of jobs in regional retail businesses are being addressed. [67450/26]",,Enterprise,2026-09-23,0.1123875528573989,Living Wage,Living Wage,0.1123875528573989,Business Supports,0.0877231806516647,Cost of Living Issues,0.0634419173002243,Enterprise Policy,0.0603254027664661,Job Creation,0.0543624274432659,Small and Medium Enterprises,0.0477038659155368,Employment Rights,0.0474810600280761,National Minimum Wage,0.0365617200732231,Enterprise Support Services,0.0272384118288755,Labour Market,0.0271801445633173,67450/26,49,William Aird,WILLIAM AIRD,written,en,"To ask the Minister for Enterprise, Tourism and Employment if his Department has carried out an analysis of the effect of rising labour costs on employment levels and investment decisions within the retail sector and how concerns regarding the future viability of jobs in regional retail businesses are being addressed.",the minister for enterprise tourism and employment if his department has carried out an analysis of the effect of rising labour costs on employment levels and investment decisions within the retail sector and how concerns regarding the future viability of jobs in regional retail businesses are being addressed 67450 26,"Enterprise, Tourism and Employment",226,228
"50. Deputy William Aird asked the Minister for Enterprise, Tourism and Employment the measures are being considered in Budget 2027 to support the competitiveness and long-term sustainability of Irish-owned retailers, particularly those operating in regional towns and cities, in light of increasing labour costs and regulatory burdens. [67449/26]",,Enterprise,2026-09-23,0.1665840595960617,Business Supports,Business Supports,0.1665840595960617,Budget 2026,0.0674625262618064,Budget 2024,0.0501170940697193,Energy Prices,0.0404091887176036,Budget 2023,0.034400537610054,Cost of Living Issues,0.0337810143828392,Other,0.0290221627801656,Legislative Measures,0.0217409674078226,Financial Services,0.0213051065802574,Departmental Budgets,0.0212623663246631,67449/26,50,William Aird,WILLIAM AIRD,written,en,"To ask the Minister for Enterprise, Tourism and Employment the measures are being considered in Budget 2027 to support the competitiveness and long-term sustainability of Irish-owned retailers, particularly those operating in regional towns and cities, in light of increasing labour costs and regulatory burdens.",the minister for enterprise tourism and employment the measures are being considered in budget 2027 to support the competitiveness and long-term sustainability of irish-owned retailers particularly those operating in regional towns and cities in light of increasing labour costs and regulatory burdens 67449 26,"Enterprise, Tourism and Employment",230,232
"51. Deputy William Aird asked the Minister for Enterprise, Tourism and Employment if he has assessed the cumulative impact of increases in the national minimum wage, employer PRSI contributions, statutory sick pay obligations and the auto-enrolment pension scheme on labour-intensive sectors such as retail. [67448/26]",,Enterprise,2026-09-23,0.2475446462631225,National Minimum Wage,National Minimum Wage,0.2475446462631225,Employment Rights,0.1100541800260543,Living Wage,0.0829369574785232,Industrial Relations,0.0608827956020832,Wage-setting Mechanisms,0.035915583372116,Industrial Disputes,0.028134686872363,Small and Medium Enterprises,0.0145124224945902,Business Regulation,0.0133293541148304,Social Insurance,0.0132870115339756,Low Pay Commission,0.0121409287676215,67448/26,51,William Aird,WILLIAM AIRD,written,en,"To ask the Minister for Enterprise, Tourism and Employment if he has assessed the cumulative impact of increases in the national minimum wage, employer PRSI contributions, statutory sick pay obligations and the auto-enrolment pension scheme on labour-intensive sectors such as retail.",the minister for enterprise tourism and employment if he has assessed the cumulative impact of increases in the national minimum wage employer prsi contributions statutory sick pay obligations and the auto-enrolment pension scheme on labour-intensive sectors such as retail 67448 26,"Enterprise, Tourism and Employment",234,236
"52. Deputy Richard Boyd Barrett asked the Minister for Enterprise, Tourism and Employment the reason reported warnings from officials (details supplied) about the potential end use of weapons were overlooked in the approval of dual-use exports to armaments companies with links to the Israeli military. [67631/26]",,Enterprise,2026-09-23,0.1546489000320434,Export Controls,Export Controls,0.1546489000320434,Trade Agreements,0.1467134803533554,Trade Data,0.1137811616063118,Trade Relations,0.0823209881782531,Middle East,0.0690954625606536,International Agreements,0.0605398677289485,Human Rights,0.050377320498228,Departmental Policies,0.0244715753942728,Other,0.020302377641201,Foreign Policy,0.0182505119591951,67631/26,52,Richard Boyd Barrett,RICHARD BOYD BARRETT,written,en,"To ask the Minister for Enterprise, Tourism and Employment the reason reported warnings from officials (details supplied) about the potential end use of weapons were overlooked in the approval of dual-use exports to armaments companies with links to the Israeli military.",the minister for enterprise tourism and employment the reason reported warnings from officials details supplied about the potential end use of weapons were overlooked in the approval of dual-use exports to armaments companies with links to the israeli military 67631 26,"Enterprise, Tourism and Employment",238,240
"53. Deputy Richard Boyd Barrett asked the Minister for Enterprise, Tourism and Employment following the recent publication of an FOI request from his Department (details supplied) about the export of dual-use goods to armaments companies with ties to the Iseaeli military, to provide all documents and memos related to this approval, [67592/26]",,Enterprise,2026-09-23,0.1902178823947906,Export Controls,Export Controls,0.1902178823947906,Trade Agreements,0.0766985788941383,Departmental Data,0.0446465872228145,Industrial Development,0.0409157164394855,Trade Data,0.0362158007919788,Human Rights,0.0329356528818607,Departmental Policies,0.0324135161936283,Work Permits,0.0312964208424091,Trade Relations,0.0296907369047403,International Agreements,0.0291715562343597,67592/26,53,Richard Boyd Barrett,RICHARD BOYD BARRETT,written,en,"To ask the Minister for Enterprise, Tourism and Employment following the recent publication of an FOI request from his Department (details supplied) about the export of dual-use goods to armaments companies with ties to the Iseaeli military, to provide all documents and memos related to this approval,",the minister for enterprise tourism and employment following the recent publication of an foi request from his department details supplied about the export of dual-use goods to armaments companies with ties to the iseaeli military to provide all documents and memos related to this approval 67592 26,"Enterprise, Tourism and Employment",242,244
54. Deputy Paul Donnelly asked the Minister for Education and Youth her plans to amalgamate two schools (details supplied) into a co-education school. [67347/26],,Education,2026-09-23,0.1954486221075058,School Patronage,School Patronage,0.1954486221075058,Schools Amalgamation,0.0944123193621635,Schools Administration,0.0791373625397682,Education Policy,0.0643597692251205,School Management,0.036660049110651,School Accommodation,0.0225789304822683,School Enrolments,0.0202871765941381,Disadvantaged Status,0.0184182170778512,Pupil-Teacher Ratio,0.0177608132362365,Schools Building Projects,0.0165498349815607,67347/26,54,Paul Donnelly,PAUL DONNELLY,written,en,To ask the Minister for Education and Youth her plans to amalgamate two schools (details supplied) into a co-education school.,the minister for education and youth her plans to amalgamate two schools details supplied into a co-education school 67347 26,Education and Youth,249,251
55. Deputy Mairéad Farrell asked the Minister for Education and Youth to provide an update on the new campus for schools (details supplied); and if she will provide a projected date for completion of the construction. [67351/26],,Education,2026-09-23,0.9570554494857788,Schools Building Projects,Schools Building Projects,0.9570554494857788,School Accommodation,0.0237947758287191,Site Acquisitions,0.0057917232625186,Schools Refurbishment,0.0044743940234184,School Facilities,0.0030993281397968,School Funding,0.0007081234361976,Departmental Data,0.0005662816110998,Departmental Projects,0.0003976150183007,Special Educational Needs,0.0002490916813258,School Enrolments,0.0002269996330142,67351/26,55,Mairéad Farrell,MAIRÉAD FARRELL,written,en,To ask the Minister for Education and Youth to provide an update on the new campus for schools (details supplied); and if she will provide a projected date for completion of the construction.,the minister for education and youth to provide an update on the new campus for schools details supplied and if she will provide a projected date for completion of the construction 67351 26,Education and Youth,253,255
56. Deputy Séamus Mcgrath asked the Minister for Education and Youth for an update on the 2026 funding allocations from the climate action summer works scheme (details supplied). [67331/26],,Education,2026-09-23,0.6166694760322571,School Funding,School Funding,0.6166694760322571,Departmental Funding,0.1436463296413421,Departmental Expenditure,0.0359706990420818,Departmental Schemes,0.0238296594470739,School Facilities,0.0229347981512546,Education Schemes,0.0190149825066328,Departmental Programmes,0.0163852274417877,Departmental Data,0.015348857268691,School Equipment,0.0094672832638025,Schools Refurbishment,0.0089709600433707,67331/26,56,Séamus Mcgrath,SÉAMUS MCGRATH,written,en,To ask the Minister for Education and Youth for an update on the 2026 funding allocations from the climate action summer works scheme (details supplied).,the minister for education and youth for an update on the 2026 funding allocations from the climate action summer works scheme details supplied 67331 26,Education and Youth,257,259
57. Deputy George Lawlor asked the Minister for Education and Youth if she will advise an organisation (details supplied) as to how they can secure funding for a dedicated youth worker; if she accepts that the work of this organisation would be hugely enhanced with the appointment of a permanent youth worker; and if she will make a statement on the matter. [67368/26],,Education,2026-09-23,0.801845371723175,Youth Services,Youth Services,0.801845371723175,Youth Work Supports,0.0601276233792305,Departmental Funding,0.0288968347012996,Voluntary Sector,0.0056059779599308,Education Policy,0.0055945590138435,Charitable and Voluntary Organisations,0.0037589389830827,Family Resource Centres,0.0035541332326829,Irish Language,0.0031342119909822,Departmental Bodies,0.0029095872305333,Departmental Data,0.0026613438967615,67368/26,57,George Lawlor,GEORGE LAWLOR,written,en,To ask the Minister for Education and Youth if she will advise an organisation (details supplied) as to how they can secure funding for a dedicated youth worker; if she accepts that the work of this organisation would be hugely enhanced with the appointment of a permanent youth worker; and if she will make a statement on the matter.,the minister for education and youth if she will advise an organisation details supplied as to how they can secure funding for a dedicated youth worker if she accepts that the work of this organisation would be hugely enhanced with the appointment of a permanent youth worker and 67368 26,Education and Youth,261,263
58. Deputy Niamh Smyth asked the Minister for Education and Youth the reason a child (details supplied) is unable to secure a place on school transport. [67366/26],,Education,2026-09-23,0.996649444103241,School Transport,School Transport,0.996649444103241,School Admissions,0.000699677679222,Special Educational Needs,0.0004013315192423,School Enrolments,0.0003391824720893,School Accommodation,0.0001555163180455,Public Transport,0.000114063899673,School Staff,0.0001021898788167,Departmental Data,8.637917198939249e-05,State Examinations,8.40263965073973e-05,Home Schooling,8.146230538841337e-05,67366/26,58,Niamh Smyth,NIAMH SMYTH,written,en,To ask the Minister for Education and Youth the reason a child (details supplied) is unable to secure a place on school transport.,the minister for education and youth the reason a child details supplied is unable to secure a place on school transport 67366 26,Education and Youth,265,267
59. Deputy Emer Currie asked the Minister for Education and Youth for the latest update on the delivery of a project (details supplied). [67400/26],,Education,2026-09-23,0.5396722555160522,Schools Building Projects,Schools Building Projects,0.5396722555160522,Departmental Projects,0.1129222735762596,School Accommodation,0.0992591008543968,Schools Refurbishment,0.028551472350955,School Facilities,0.022182036191225,Departmental Funding,0.0151530625298619,Special Educational Needs,0.0144198862835764,Departmental Data,0.0129856234416365,Departmental Contracts,0.0087747778743505,Site Acquisitions,0.0084373373538255,67400/26,59,Emer Currie,EMER CURRIE,written,en,To ask the Minister for Education and Youth for the latest update on the delivery of a project (details supplied).,the minister for education and youth for the latest update on the delivery of a project details supplied 67400 26,Education and Youth,269,271
60. Deputy Joanna Byrne asked the Minister for Education and Youth to confirm when a decision will be made on the submission from WALK to extend and expand the WALK Peer Programme over the next four years. [67482/26],,Education,2026-09-23,0.3767898678779602,Special Educational Needs,Special Educational Needs,0.3767898678779602,Education Schemes,0.1014400646090507,Departmental Programmes,0.0654100328683853,Education Policy,0.0446000322699546,School Curriculum,0.037118837237358,School Transport,0.0332201123237609,Departmental Schemes,0.0275656264275312,Departmental Policies,0.0225208103656768,Departmental Data,0.0198176316916942,Teacher Training,0.0197379719465971,67482/26,60,Joanna Byrne,JOANNA BYRNE,written,en,To ask the Minister for Education and Youth to confirm when a decision will be made on the submission from WALK to extend and expand the WALK Peer Programme over the next four years.,the minister for education and youth to confirm when a decision will be made on the submission from walk to extend and expand the walk peer programme over the next four years 67482 26,Education and Youth,273,275
61. Deputy Joanna Byrne asked the Minister for Education and Youth the progress that has been made on the meeting scheduled by her Department (details supplied) to discuss the WALK submission; the number of meetings that have taken place on the matter; the subsequent engagement or feedback that has been given to WALK on their submission; and when is a conclusion envisaged. [67481/26],,Education,2026-09-23,0.0848116427659988,Departmental Correspondence,Departmental Correspondence,0.0848116427659988,Departmental Funding,0.0746834799647331,Departmental Policies,0.061479814350605,Departmental Meetings,0.0511665269732475,Departmental Data,0.0493631213903427,Departmental Inquiries,0.0342590808868408,Departmental Reviews,0.0312818884849548,Departmental Communications,0.0300129894167184,Departmental Consultations,0.0256471950560808,Departmental Reports,0.0238722339272499,67481/26,61,Joanna Byrne,JOANNA BYRNE,written,en,To ask the Minister for Education and Youth the progress that has been made on the meeting scheduled by her Department (details supplied) to discuss the WALK submission; the number of meetings that have taken place on the matter; the subsequent engagement or feedback that has been given to WALK on their submission; and when is a conclusion envisaged.,the minister for education and youth the progress that has been made on the meeting scheduled by her department details supplied to discuss the walk submission the number of meetings that have taken place on the matter the subsequent engagement or feedback that has been given to walk on their submission and when is a conclusion envisaged 67481 26,Education and Youth,277,279
"62. Deputy Emer Currie asked the Minister for Education and Youth to provide a detailed chronology of the development of a school (details supplied); the stages completed to date; the date of each action or decision; the body or person responsible, including the school patron and the relevant unit within her Department; and the anticipated timeline, responsible party and next steps for progressing the project to completion, in tabular form. [67499/26]",,Education,2026-09-23,0.93830144405365,Schools Building Projects,Schools Building Projects,0.93830144405365,School Accommodation,0.0281665120273828,Schools Refurbishment,0.0068277139216661,Departmental Data,0.0042482041753828,School Facilities,0.0039326841942965,Site Acquisitions,0.002817606087774,Special Educational Needs,0.0019268032629042,School Enrolments,0.0018178313039243,Departmental Projects,0.001727097784169,Education Policy,0.0014467074070125,67499/26,62,Emer Currie,EMER CURRIE,written,en,"To ask the Minister for Education and Youth to provide a detailed chronology of the development of a school (details supplied); the stages completed to date; the date of each action or decision; the body or person responsible, including the school patron and the relevant unit within her Department; and the anticipated timeline, responsible party and next steps for progressing the project to completion, in tabular form.",the minister for education and youth to provide a detailed chronology of the development of a school details supplied the stages completed to date the date of each action or decision the body or person responsible including the school patron and the relevant unit within her department and the anticipated timeline responsible party and next steps for progressing the project to completion in tabular form 67499 26,Education and Youth,281,283
63. Deputy Joanna Byrne asked the Minister for Education and Youth to confirm that interim funding will be provided to WALK to ensure that the WALK Peer Ability Programme will be able to support students in Louth and beyond for the full academic school year. [67480/26],,Education,2026-09-23,0.4086405038833618,Special Educational Needs,Special Educational Needs,0.4086405038833618,School Funding,0.2144003957509994,Departmental Funding,0.110180877149105,Education Schemes,0.0673038065433502,School Transport,0.0267385896295309,Departmental Data,0.0162290316075086,Education Policy,0.0160917360335588,School Facilities,0.0117471981793642,Departmental Programmes,0.0111524267122149,Departmental Schemes,0.0097935432568192,67480/26,63,Joanna Byrne,JOANNA BYRNE,written,en,To ask the Minister for Education and Youth to confirm that interim funding will be provided to WALK to ensure that the WALK Peer Ability Programme will be able to support students in Louth and beyond for the full academic school year.,the minister for education and youth to confirm that interim funding will be provided to walk to ensure that the walk peer ability programme will be able to support students in louth and beyond for the full academic school year 67480 26,Education and Youth,285,287
64. Deputy Joanna Byrne asked the Minister for Education and Youth if the Government will reverse the decision to end the WALK Peer Ability Programme. [67479/26],,Education,2026-09-23,0.6506227254867554,Special Educational Needs,Special Educational Needs,0.6506227254867554,Education Schemes,0.0503711476922035,School Curriculum,0.0450209565460681,Education Policy,0.0384631752967834,Departmental Policies,0.0230366420000791,Departmental Programmes,0.0212456379085779,Departmental Schemes,0.0170870181173086,Teacher Training,0.012389893643558,National Council for Special Education,0.0115875536575913,School Staff,0.0085562020540237,67479/26,64,Joanna Byrne,JOANNA BYRNE,written,en,To ask the Minister for Education and Youth if the Government will reverse the decision to end the WALK Peer Ability Programme.,the minister for education and youth if the government will reverse the decision to end the walk peer ability programme 67479 26,Education and Youth,289,291
65. Deputy Séamus Mcgrath asked the Minister for Education and Youth when the construction phase will commence for a school (details supplied). [67441/26],,Education,2026-09-23,0.9775975346565248,Schools Building Projects,Schools Building Projects,0.9775975346565248,School Accommodation,0.0114914719015359,Schools Refurbishment,0.0044168406166136,School Facilities,0.0012271950254216,Site Acquisitions,0.0011694977292791,Departmental Data,0.0004914049641229,School Funding,0.0003201565996278,Departmental Projects,0.0002902271226048,Special Educational Needs,0.0001867209502961,School Enrolments,0.000163716613315,67441/26,65,Séamus Mcgrath,SÉAMUS MCGRATH,written,en,To ask the Minister for Education and Youth when the construction phase will commence for a school (details supplied).,the minister for education and youth when the construction phase will commence for a school details supplied 67441 26,Education and Youth,293,295
66. Deputy Catherine Callaghan asked the Minister for Education and Youth for an update on the progress of the additional accommodation scheme for a school (details supplied); the current status of the project within the Department's planning and approval process; to indicate the stage the project has reached; and to provide an estimated timeframe for the next steps in progressing the scheme. [67440/26],,Education,2026-09-23,0.862524151802063,School Accommodation,School Accommodation,0.862524151802063,Schools Building Projects,0.0930437818169593,School Facilities,0.0291749741882085,Schools Refurbishment,0.0060003767721354,School Funding,0.0014510315377265,Departmental Schemes,0.0008728952379897,Departmental Data,0.0007653828943148,Special Educational Needs,0.0007504416280426,Site Acquisitions,0.000724131881725,School Enrolments,0.0005000618984922,67440/26,66,Catherine Callaghan,CATHERINE CALLAGHAN,written,en,To ask the Minister for Education and Youth for an update on the progress of the additional accommodation scheme for a school (details supplied); the current status of the project within the Department's planning and approval process; to indicate the stage the project has reached; and to provide an estimated timeframe for the next steps in progressing the scheme.,the minister for education and youth for an update on the progress of the additional accommodation scheme for a school details supplied the current status of the project within the department s planning and approval process to indicate the stage the project has reached and to provide an estimated timeframe for the next steps in progressing the scheme 67440 26,Education and Youth,297,299
67. Deputy Mark Ward asked the Minister for Education and Youth for an update on the proposed 1% local bargaining payment due to post-primary teachers from 1 September 2025; when this will be paid; and to outline what has caused the delay. [67419/26],,Education,2026-09-23,0.626461386680603,School Staff,School Staff,0.626461386680603,Public Sector Pay,0.111661672592163,Teacher Training,0.0462385974824428,Covid-19 Pandemic Supports,0.0197632871568202,Teaching Qualifications,0.0128108793869614,Teaching Council of Ireland,0.011536824516952,Public Sector Staff,0.0097438190132379,Industrial Relations,0.0094054024666547,Flexible Work Practices,0.0075839930213987,Departmental Data,0.0074383062310516,67419/26,67,Mark Ward,MARK WARD,written,en,To ask the Minister for Education and Youth for an update on the proposed 1% local bargaining payment due to post-primary teachers from 1 September 2025; when this will be paid; and to outline what has caused the delay.,the minister for education and youth for an update on the proposed 1 local bargaining payment due to post-primary teachers from 1 september 2025 when this will be paid and what has caused the delay 67419 26,Education and Youth,301,303
68. Deputy Michael Healy-rae asked the Minister for Education and Youth if she will examine a situation that is affecting school students in the Killorglin area (details supplied). [67668/26],,Education,2026-09-23,0.4176762402057647,School Enrolments,School Enrolments,0.4176762402057647,School Admissions,0.227350041270256,Education Policy,0.0590243637561798,Special Educational Needs,0.0461129248142242,School Accommodation,0.0440923608839511,School Patronage,0.0152987278997898,Schools Administration,0.0150187816470861,School Transport,0.0149091780185699,School Facilities,0.0136030288413167,School Staff,0.0117258336395025,67668/26,68,Michael Healy-rae,MICHAEL HEALY-RAE,written,en,To ask the Minister for Education and Youth if she will examine a situation that is affecting school students in the Killorglin area (details supplied).,the minister for education and youth if she will examine a situation that is affecting school students in the killorglin area details supplied 67668 26,Education and Youth,305,307
69. Deputy Niamh Smyth asked the Minister for Education and Youth if the closure of a school transport route will be urgently reviewed (details supplied). [67364/26],,Education,2026-09-23,0.9985200762748718,School Transport,School Transport,0.9985200762748718,Bus Services,0.0001785375643521,Public Transport,0.0001339006994385,Road Safety,9.801962733035909e-05,Special Educational Needs,7.993852341314778e-05,Departmental Data,6.479980947915465e-05,School Facilities,5.590926230070181e-05,School Accommodation,5.213121039560065e-05,School Staff,4.973086106474511e-05,School Enrolments,3.1421172025147825e-05,67364/26,69,Niamh Smyth,NIAMH SMYTH,written,en,To ask the Minister for Education and Youth if the closure of a school transport route will be urgently reviewed (details supplied).,the minister for education and youth if the closure of a school transport route will be urgently reviewed details supplied 67364 26,Education and Youth,309,311
"70. Deputy Sinéad Gibney asked the Minister for Culture, Communications and Sport whether the final report of the National Per Cent for Art Committee will be published and to provide a timeline for same. [67337/26]",,Culture,2026-09-23,0.2272445261478424,Departmental Bodies,Departmental Bodies,0.2272445261478424,Arts Council,0.1946180462837219,Culture Policy,0.1061093881726265,Arts Policy,0.0726936683058738,State Bodies,0.0632408559322357,Artists' Remuneration,0.0207980759441852,Film Industry,0.020004890859127,Departmental Funding,0.0197470467537641,National Cultural Institutions,0.0183470267802476,Other,0.0175626333802938,67337/26,70,Sinéad Gibney,SINÉAD GIBNEY,written,en,"To ask the Minister for Culture, Communications and Sport whether the final report of the National Per Cent for Art Committee will be published and to provide a timeline for same.",the minister for culture communications and sport whether the final report of the national per cent for art committee will be published and to provide a timeline for same 67337 26,"Culture, Communications and Sport",316,318
"71. Deputy Brendan Smith asked the Minister for Culture, Communications and Sport if he is aware of concerns about geoblocking for listeners (details supplied) in this State considering that a Memorandum of Understanding was signed by the British Secretary of State and the Minister for Communications in February 2010 which provided for the widespread availability of services in this State. [67653/26]",,Culture,2026-09-23,0.3295875489711761,Broadcasting Sector,Broadcasting Sector,0.3295875489711761,Telecommunications Infrastructure,0.0989704951643943,Media Sector,0.0520653016865253,Sports Events,0.0298482179641723,Culture Policy,0.0259601064026355,Television Licence Fee,0.0242689047008752,Online Safety,0.0234054997563362,Departmental Meetings,0.0228033307939767,Other,0.0226589236408472,Raidió Teilifís Éireann,0.017928684130311,67653/26,71,Brendan Smith,BRENDAN SMITH,written,en,"To ask the Minister for Culture, Communications and Sport if he is aware of concerns about geoblocking for listeners (details supplied) in this State considering that a Memorandum of Understanding was signed by the British Secretary of State and the Minister for Communications in February 2010 which provided for the widespread availability of services in this State.",the minister for culture communications and sport if he is aware of concerns about geoblocking for listeners details supplied in this state considering that a memorandum of understanding was signed by the british secretary of state and the minister for communications in february 2010 which provided for the widespread availability of services in this state 67653 26,"Culture, Communications and Sport",320,322
"72. Deputy Brendan Smith asked the Minister for Culture, Communications and Sport if his attention has been drawn to the widespread concerns in Northern Ireland in relation to limited access to RTÉ channels for many viewers with further difficulties emerging with the availability of television streaming services; if he is also aware of the concerns of viewers in this State particularly in border counties such as Cavan and Monaghan due to the non availability of access to the player platforms of channels (details supplied) which traditionally have been popular channels in such areas. [67641/26]",,Culture,2026-09-23,0.4168072938919067,Broadcasting Sector,Broadcasting Sector,0.4168072938919067,Raidió Teilifís Éireann,0.3137383759021759,Television Licence Fee,0.0631836205720901,Media Sector,0.0291748773306608,Sports Events,0.0271585192531347,Sports Organisations,0.0123955560848116,Other,0.0111718326807022,Film Industry,0.0102469623088836,Culture Policy,0.0095928227528929,Commemorative Events,0.0071773137897253,67641/26,72,Brendan Smith,BRENDAN SMITH,written,en,"To ask the Minister for Culture, Communications and Sport if his attention has been drawn to the widespread concerns in Northern Ireland in relation to limited access to RTÉ channels for many viewers with further difficulties emerging with the availability of television streaming services; if he is also aware of the concerns of viewers in this State particularly in border counties such as Cavan and Monaghan due to the non availability of access to the player platforms of channels (details supplied) which traditionally have been popular channels in such areas.",the minister for culture communications and sport if his attention has been drawn to the widespread concerns in northern ireland limited access to rté channels for many viewers with further difficulties emerging with the availability of television streaming services if he is also aware of the concerns of viewers in this state particularly in border counties such as cavan and monaghan due to the non availability of access to the player platforms of channels details supplied which traditionally have been popular channels in such areas 67641 26,"Culture, Communications and Sport",324,326
"73. Deputy Denise Mitchell asked the Minister for Housing, Local Government and Heritage the steps being taken to regulate online bidding in housing sales to ensure that bids are genuine and not being used to artificially inflate house prices; and whether he will consider introducing rules similar to those in a number of Australian states which ensure underquoting of guide prices by estate agents in the second hand housing market is tackled by requiring an estimated selling price is backed by comparable sales evidence; and if he will make a statement on the matter. [67264/26]",,Housing,2026-09-23,0.2813720405101776,Housing Policy,Housing Policy,0.2813720405101776,Rental Sector,0.0678982660174369,Approved Housing Bodies,0.056710097938776,Housing Schemes,0.0562875568866729,Housing Provision,0.0382428430020809,Departmental Data,0.0369915999472141,House Prices,0.0245720278471708,Local Authorities,0.0187376830726861,Construction Industry,0.0181150659918785,Commercial Rates,0.0168537758290767,67264/26,73,Denise Mitchell,DENISE MITCHELL,written,en,"To ask the Minister for Housing, Local Government and Heritage the steps being taken to regulate online bidding in housing sales to ensure that bids are genuine and not being used to artificially inflate house prices; and whether he will consider introducing rules similar to those in a number of Australian states which ensure underquoting of guide prices by estate agents in the second hand housing market is tackled by requiring an estimated selling price is backed by comparable sales evidence; and if he will make a statement on the matter.",the minister for housing local government and heritage the steps being taken to regulate online bidding in housing sales to ensure that bids are genuine and not being used to artificially inflate house prices and whether he will consider introducing rules similar to those in a number of australian states which ensure underquoting of guide prices by estate agents in the second hand housing market is tackled by requiring an estimated selling price is backed by comparable sales evidence and 67264 26,"Housing, Local Government and Heritage",331,333
"74. Deputy Ken O'Flynn asked the Minister for Housing, Local Government and Heritage if he will set out the statutory basis under which Irish Water (Uisce Éireann) may award pension increases to members of its funded defined benefit pension schemes without requiring ministerial authorisation; if he will confirm that Irish Water is not subject to the approval process outlined in Circular 16/2021 for commercial semi state bodies; the reason for this divergence in governance compared with other State bodies operating funded DB schemes; and if he will make a statement on the matter. [67349/26]",,Housing,2026-09-23,0.3578498363494873,Water Services,Water Services,0.3578498363494873,Water Supply,0.0492282211780548,Housing Policy,0.0314889401197433,Local Authorities,0.0277456995099782,State Bodies,0.0274090785533189,Waterways Issues,0.0237600095570087,Wastewater Treatment,0.0172873064875602,Other,0.0172089859843254,Departmental Schemes,0.0170789826661348,Planning Issues,0.0168808102607727,67349/26,74,Ken O'Flynn,KEN O'FLYNN,written,en,"To ask the Minister for Housing, Local Government and Heritage if he will set out the statutory basis under which Irish Water (Uisce Éireann) may award pension increases to members of its funded defined benefit pension schemes without requiring ministerial authorisation; if he will confirm that Irish Water is not subject to the approval process outlined in Circular 16/2021 for commercial semi state bodies; the reason for this divergence in governance compared with other State bodies operating funded DB schemes; and if he will make a statement on the matter.",the minister for housing local government and heritage if he will set out the statutory basis under which irish water uisce éireann may award pension increases to members of its funded defined benefit pension schemes without requiring ministerial authorisation if he will confirm that irish water is not subject to the approval process outlined in circular 16 2021 for commercial semi state bodies the reason for this divergence in governance compared with other state bodies operating funded db schemes and 67349 26,"Housing, Local Government and Heritage",335,337
"75. Deputy Maurice Quinlivan asked the Minister for Housing, Local Government and Heritage if the Governement plans to hold a referendum on the public ownership of water. [67375/26]",,Housing,2026-09-23,0.3003603816032409,Referendum Campaigns,Referendum Campaigns,0.3003603816032409,Electoral Process,0.1010847836732864,Water Services,0.0713098868727684,Water Quality,0.043697640299797,Constitutional Amendments,0.0413860417902469,Water Supply,0.0311825834214687,Citizens' Assembly,0.0255932677537202,Local Government Reform,0.0168134644627571,Departmental Meetings,0.0107523640617728,Other,0.0106549123302102,67375/26,75,Maurice Quinlivan,MAURICE QUINLIVAN,written,en,"To ask the Minister for Housing, Local Government and Heritage if the Governement plans to hold a referendum on the public ownership of water.",the minister for housing local government and heritage if the governement plans to hold a referendum on the public ownership of water 67375 26,"Housing, Local Government and Heritage",339,341
"76. Deputy Emer Currie asked the Minister for Housing, Local Government and Heritage when he expects the new planning regulations in relation to childcare planning to be published that will update the 2001 planning guidelines under section 28 of the Planning and Development Act, 2000. [67505/26]",,Housing,2026-09-23,0.8973339796066284,Planning Issues,Planning Issues,0.8973339796066284,Housing Policy,0.0131481271237134,Legislative Measures,0.009262423031032,Departmental Policies,0.0059334449470043,Building Regulations,0.0046691368333995,Departmental Reviews,0.0045574088580906,Housing Provision,0.0039211469702422,National Planning Framework,0.0037256223149597,Departmental Data,0.0024368953891098,Departmental Reports,0.0022905222140252,67505/26,76,Emer Currie,EMER CURRIE,written,en,"To ask the Minister for Housing, Local Government and Heritage when he expects the new planning regulations in relation to childcare planning to be published that will update the 2001 planning guidelines under section 28 of the Planning and Development Act, 2000.",the minister for housing local government and heritage when he expects the new planning regulations childcare planning to be published that will update the 2001 planning guidelines under section 28 of the planning and development act 2000 67505 26,"Housing, Local Government and Heritage",343,345
"77. Deputy Cathal Crowe asked the Minister for Housing, Local Government and Heritage if, given the increasing cost of building materials, he and his Department will consider increasing the maximum grant payable under the defective concrete blocks scheme so that homeowners are not left significantly out-of-pocket due to the potential mismatch between the maximum grant cap and the actual rebuild cost; and if he will make a statement on the matter. [67425/26]",,Housing,2026-09-23,0.9728323817253112,Defective Building Materials,Defective Building Materials,0.9728323817253112,Departmental Schemes,0.0104741603136062,Housing Schemes,0.0031970229465514,Housing Policy,0.000728138780687,Fire Safety,0.0006970567628741,Housing Provision,0.0006279511726461,Vacant Properties,0.0006263273535296,Departmental Data,0.0005498715327121,Building Regulations,0.0005141104920767,Departmental Reports,0.0004311042430344,67425/26,77,Cathal Crowe,CATHAL CROWE,written,en,"To ask the Minister for Housing, Local Government and Heritage if, given the increasing cost of building materials, he and his Department will consider increasing the maximum grant payable under the defective concrete blocks scheme so that homeowners are not left significantly out-of-pocket due to the potential mismatch between the maximum grant cap and the actual rebuild cost; and if he will make a statement on the matter.",the minister for housing local government and heritage if given the increasing cost of building materials he and his department will consider increasing the maximum grant payable under the defective concrete blocks scheme so that homeowners are not left significantly out-of-pocket due to the potential mismatch between the maximum grant cap and the actual rebuild cost and 67425 26,"Housing, Local Government and Heritage",347,349
"78. Deputy Cathal Crowe asked the Minister for Housing, Local Government and Heritage the way in which the evolving technical standard I.S.465:2026 will resolve anomalies faced by homeowners who are affected by defective concrete blocks who have timber-frame inner leafs; and if he will make a statement on the matter. [67420/26]",,Housing,2026-09-23,0.9721892476081848,Defective Building Materials,Defective Building Materials,0.9721892476081848,Building Regulations,0.0050337282009422,Fire Safety,0.0028416111599653,Departmental Schemes,0.001849232125096,Housing Policy,0.0018423345172777,Planning Issues,0.0015889558708295,Housing Schemes,0.0009891969384625,Housing Provision,0.0007959062932059,Departmental Policies,0.0006168858380988,Rental Sector,0.0006111848633736,67420/26,78,Cathal Crowe,CATHAL CROWE,written,en,"To ask the Minister for Housing, Local Government and Heritage the way in which the evolving technical standard I.S.465:2026 will resolve anomalies faced by homeowners who are affected by defective concrete blocks who have timber-frame inner leafs; and if he will make a statement on the matter.",the minister for housing local government and heritage the way in which the evolving technical standard i s 465 2026 will resolve anomalies faced by homeowners who are affected by defective concrete blocks who have timber-frame inner leafs and 67420 26,"Housing, Local Government and Heritage",351,353
"79. Deputy Michael Cahill asked the Minister for Housing, Local Government and Heritage the current geographical distribution of large-scale solar developments across the State, given the Government’s target of 8GW of solar PV generation by 2030 and the Teagasc estimate that approximately 16,000 hectares of land could be required if the target were delivered entirely through large-scale solar PV; if he will consider introducing a national spatial strategy or planning framework to ensure that solar energy developments are appropriately and proportionately distributed across all regions (details supplied); and if he will make a statement on the matter. [67472/26]",,Housing,2026-09-23,0.6276379823684692,Renewable Energy Generation,Renewable Energy Generation,0.6276379823684692,Solar Energy Guidelines,0.2068286836147308,Wind Energy Generation,0.0163652878254652,Wind Energy Guidelines,0.015979990363121,Planning Issues,0.0096199689432978,Departmental Data,0.0087000234052538,Energy Policy,0.0079955980181694,Wastewater Treatment,0.0072889393195509,Environmental Policy,0.0070809447206556,Energy Infrastructure,0.0070580020546913,67472/26,79,Michael Cahill,MICHAEL CAHILL,written,en,"To ask the Minister for Housing, Local Government and Heritage the current geographical distribution of large-scale solar developments across the State, given the Government’s target of 8GW of solar PV generation by 2030 and the Teagasc estimate that approximately 16,000 hectares of land could be required if the target were delivered entirely through large-scale solar PV; if he will consider introducing a national spatial strategy or planning framework to ensure that solar energy developments are appropriately and proportionately distributed across all regions (details supplied); and if he will make a statement on the matter.",the minister for housing local government and heritage the current geographical distribution of large-scale solar developments across the state given the government s target of 8gw of solar pv generation by 2030 and the teagasc estimate that approximately 16 000 hectares of land could be required if the target were delivered entirely through large-scale solar pv if he will consider introducing a national spatial strategy or planning framework to ensure that solar energy developments are appropriately and proportionately distributed across all regions details supplied and 67472 26,"Housing, Local Government and Heritage",355,357
"80. Deputy Michael Cahill asked the Minister for Housing, Local Government and Heritage if he will assess the cumulative impact of the level of development on the region in view of the significant concentration of proposed large-scale solar developments in North Kerry, where approximately 1,939 hectares of land is currently identified across a number of proposed and approved solar projects (details supplied); the measures available to ensure a more balanced geographical distribution of future solar developments across the State; and if he will make a statement on the matter. [67473/26]",,Housing,2026-09-23,0.5809339284896851,Renewable Energy Generation,Renewable Energy Generation,0.5809339284896851,Solar Energy Guidelines,0.2032281160354614,Wind Energy Guidelines,0.037763625383377,Wind Energy Generation,0.0299398861825466,Planning Issues,0.0145944142714142,Energy Infrastructure,0.0086594941094517,Energy Policy,0.0082481056451797,Departmental Data,0.006532440893352,Electricity Generation,0.0064802882261574,Housing Provision,0.0057748430408537,67473/26,80,Michael Cahill,MICHAEL CAHILL,written,en,"To ask the Minister for Housing, Local Government and Heritage if he will assess the cumulative impact of the level of development on the region in view of the significant concentration of proposed large-scale solar developments in North Kerry, where approximately 1,939 hectares of land is currently identified across a number of proposed and approved solar projects (details supplied); the measures available to ensure a more balanced geographical distribution of future solar developments across the State; and if he will make a statement on the matter.",the minister for housing local government and heritage if he will assess the cumulative impact of the level of development on the region in view of the significant concentration of proposed large-scale solar developments in north kerry where approximately 1 939 hectares of land is currently identified across a number of proposed and approved solar projects details supplied the measures available to ensure a more balanced geographical distribution of future solar developments across the state and 67473 26,"Housing, Local Government and Heritage",359,361
"81. Deputy Michael Cahill asked the Minister for Housing, Local Government and Heritage to examine if the concentration of projects of a scale (details supplied) in particular regions is consistent with a balanced national approach to the delivery of the Government’s renewable energy targets; if his Department has undertaken an assessment of the cumulative impact of the development alongside other proposed solar projects in North Kerry; if he will consider if a national spatial framework is required to ensure that the benefits and impacts of large-scale renewable energy developments are distributed appropriately across the country; and if he will make a statement on the matter. [67524/26]",,Housing,2026-09-23,0.8508124947547913,Renewable Energy Generation,Renewable Energy Generation,0.8508124947547913,Solar Energy Guidelines,0.0341015011072158,Wind Energy Generation,0.0230628587305545,Wind Energy Guidelines,0.0229760892689228,Energy Policy,0.008294410072267,Energy Infrastructure,0.0045862686820328,Environmental Policy,0.0034114874433726,Planning Issues,0.003298696829006,Electricity Generation,0.0029854495078325,Departmental Schemes,0.0028518196195364,67524/26,81,Michael Cahill,MICHAEL CAHILL,written,en,"To ask the Minister for Housing, Local Government and Heritage to examine if the concentration of projects of a scale (details supplied) in particular regions is consistent with a balanced national approach to the delivery of the Government’s renewable energy targets; if his Department has undertaken an assessment of the cumulative impact of the development alongside other proposed solar projects in North Kerry; if he will consider if a national spatial framework is required to ensure that the benefits and impacts of large-scale renewable energy developments are distributed appropriately across the country; and if he will make a statement on the matter.",the minister for housing local government and heritage to examine if the concentration of projects of a scale details supplied in particular regions is consistent with a balanced national approach to the delivery of the government s renewable energy targets if his department has undertaken an assessment of the cumulative impact of the development alongside other proposed solar projects in north kerry if he will consider if a national spatial framework is required to ensure that the benefits and impacts of large-scale renewable energy developments are distributed appropriately across the country and 67524 26,"Housing, Local Government and Heritage",363,365
"82. Deputy Michael Cahill asked the Minister for Housing, Local Government and Heritage if he supports the preparation of a National Planning Statement specifically addressing solar energy development (details supplied); and if he will make a statement on the matter. [68134/26]",,Housing,2026-09-23,0.4322246015071869,Planning Issues,Planning Issues,0.4322246015071869,Solar Energy Guidelines,0.2099796384572982,Renewable Energy Generation,0.1487916111946106,Wind Energy Guidelines,0.0184815041720867,Energy Policy,0.0156212085857987,Housing Policy,0.0101252421736717,Environmental Policy,0.0099617214873433,Energy Infrastructure,0.0094959735870361,Building Regulations,0.0087120039388537,Wind Energy Generation,0.0072768996469676,68134/26,82,Michael Cahill,MICHAEL CAHILL,written,en,"To ask the Minister for Housing, Local Government and Heritage if he supports the preparation of a National Planning Statement specifically addressing solar energy development (details supplied); and if he will make a statement on the matter.",the minister for housing local government and heritage if he supports the preparation of a national planning statement specifically addressing solar energy development details supplied and 68134 26,"Housing, Local Government and Heritage",367,369
"83. Deputy Michael Cahill asked the Minister for Housing, Local Government and Heritage if he supports the preparation of a National Planning Statement specifically addressing solar energy development (details supplied); and if he will make a statement on the matter. [68136/26]",,Housing,2026-09-23,0.4238247275352478,Planning Issues,Planning Issues,0.4238247275352478,Solar Energy Guidelines,0.2152666449546814,Renewable Energy Generation,0.1521406024694442,Wind Energy Guidelines,0.018351960927248,Energy Policy,0.0155625455081462,Housing Policy,0.0101409386843442,Environmental Policy,0.0098219495266675,Energy Infrastructure,0.0094677945598959,Building Regulations,0.0085247261449694,Wind Energy Generation,0.0072551718913018,68136/26,83,Michael Cahill,MICHAEL CAHILL,written,en,"To ask the Minister for Housing, Local Government and Heritage if he supports the preparation of a National Planning Statement specifically addressing solar energy development (details supplied); and if he will make a statement on the matter.",the minister for housing local government and heritage if he supports the preparation of a national planning statement specifically addressing solar energy development details supplied and 68136 26,"Housing, Local Government and Heritage",371,373
84. Deputy Emer Currie asked the Minister for Social Protection if his Department will engage with a school (details supplied) to roll out the School Meals Programme. [67300/26],,Social,2026-09-23,0.9932283759117126,School Meals Programme,School Meals Programme,0.9932283759117126,Social Welfare Schemes,0.0008326459210366,Departmental Data,0.0005742807989008,Departmental Schemes,0.0005451332544907,Social Welfare Benefits,0.0004126407729927,School Facilities,0.0002994465176016,Social Welfare Eligibility,0.0002624830813147,Social Welfare Payments,0.0002133345842594,Special Educational Needs,0.000182003233931,Fuel Poverty,0.0001647996832616,67300/26,84,Emer Currie,EMER CURRIE,written,en,To ask the Minister for Social Protection if his Department will engage with a school (details supplied) to roll out the School Meals Programme.,the minister for social protection if his department will engage with a school details supplied to roll out the school meals programme 67300 26,Social Protection,378,380
"85. Deputy Eoin Hayes asked the Minister for Social Protection the estimated cost of increasing the income disregards by €1 in each of the social insurance schemes where income disregards are applicable as part of the means testing process, in tabular form. [67367/26]",,Social,2026-09-23,0.2895852029323578,Social Welfare Benefits,Social Welfare Benefits,0.2895852029323578,Social Welfare Schemes,0.2128074169158935,Social Welfare Payments,0.1192764192819595,Social Welfare Rates,0.1037966459989547,Social Welfare Code,0.0881708189845085,Social Welfare Eligibility,0.0412041023373603,Departmental Data,0.0409210361540317,Social Insurance,0.0213877186179161,Departmental Schemes,0.0146536603569984,Pension Provisions,0.0065212529152631,67367/26,85,Eoin Hayes,EOIN HAYES,written,en,"To ask the Minister for Social Protection the estimated cost of increasing the income disregards by €1 in each of the social insurance schemes where income disregards are applicable as part of the means testing process, in tabular form.",the minister for social protection the estimated cost of increasing the income disregards by 1 in each of the social insurance schemes where income disregards are applicable as part of the means testing process in tabular form 67367 26,Social Protection,382,384
86. Deputy Niamh Smyth asked the Minister for Social Protection If he will review the case of a person (details supplied); and if he will provide an update on the application. [67401/26],,Social,2026-09-23,0.3872150778770447,Social Welfare Benefits,Social Welfare Benefits,0.3872150778770447,Social Welfare Appeals,0.2009004354476928,Social Welfare Payments,0.148644283413887,Social Welfare Eligibility,0.1476159542798996,State Pensions,0.0195721480995416,Social Welfare Schemes,0.0150085426867008,Pension Provisions,0.010333620943129,Social Welfare Code,0.0077650104649364,Departmental Data,0.0058819791302084,Departmental Correspondence,0.005300547927618,67401/26,86,Niamh Smyth,NIAMH SMYTH,written,en,To ask the Minister for Social Protection If he will review the case of a person (details supplied); and if he will provide an update on the application.,the minister for social protection if he will review the case of a person details supplied and if he will provide an update on the application 67401 26,Social Protection,386,388
87. Deputy John Mcguinness asked the Minister for Social Protection the final number of participants in MyFutureFund eligible to opt out during the first opt-out window ending on 31 August 2026; the number and percentage who opted out; the number who subsequently cancelled an opt-out request during the cooling-off period; the total value of employee contributions refunded; the corresponding value of employer and State contributions retained in participants’ funds; a breakdown of those eligible (details supplied); the reasons recorded for opting out and the implications of the results for the operation of the scheme; and if he will make a statement on the matter [67511/26],,Social,2026-09-23,0.3625592291355133,Social Welfare Schemes,Social Welfare Schemes,0.3625592291355133,Social Welfare Payments,0.1190429106354713,Social Welfare Benefits,0.1185298487544059,Departmental Data,0.1104046404361724,Departmental Schemes,0.0412190519273281,Social Insurance,0.0317508354783058,Social Welfare Code,0.0227959211915731,Social Welfare Eligibility,0.0221545789390802,Social Welfare Rates,0.018646927550435,Community Employment Schemes,0.0100763877853751,67511/26,87,John Mcguinness,JOHN MCGUINNESS,written,en,To ask the Minister for Social Protection the final number of participants in MyFutureFund eligible to opt out during the first opt-out window ending on 31 August 2026; the number and percentage who opted out; the number who subsequently cancelled an opt-out request during the cooling-off period; the total value of employee contributions refunded; the corresponding value of employer and State contributions retained in participants’ funds; a breakdown of those eligible (details supplied); the reasons recorded for opting out and the implications of the results for the operation of the scheme; and if he will make a statement on the matter,the minister for social protection the final number of participants in myfuturefund eligible to opt out during the first opt-out window ending on 31 august 2026 the number and percentage who opted out the number who subsequently cancelled an opt-out request during the cooling-off period the total value of employee contributions refunded the corresponding value of employer and state contributions retained in participants funds a breakdown of those eligible details supplied the reasons recorded for opting out and the implications of the results for the operation of the scheme and 67511 26,Social Protection,390,392
88. Deputy Claire Kerrane asked the Minister for Social Protection the reason working family payment recipients cannot access the fuel allowance in two lump sums; and if he will consider this option (details supplied). [67476/26],,Social,2026-09-23,0.3434695899486542,Social Welfare Payments,Social Welfare Payments,0.3434695899486542,Social Welfare Benefits,0.3401195406913757,Social Welfare Eligibility,0.20880788564682,Social Welfare Schemes,0.0364493131637573,Social Welfare Code,0.027235459536314,Social Welfare Rates,0.0170669946819543,Fuel Poverty,0.0044988081790506,Departmental Data,0.0021340609528124,State Pensions,0.0013744201278313,Social Welfare Application Forms,0.0012051548110321,67476/26,88,Claire Kerrane,CLAIRE KERRANE,written,en,To ask the Minister for Social Protection the reason working family payment recipients cannot access the fuel allowance in two lump sums; and if he will consider this option (details supplied).,the minister for social protection the reason working family payment recipients cannot access the fuel allowance in two lump sums and if he will consider this option details supplied 67476 26,Social Protection,394,396
"89. Deputy William Aird asked the Minister for Social Protection the estimated cost of increasing the disability allowance income disregard to €1,000 per week. [67460/26]",,Social,2026-09-23,0.3040264248847961,Social Welfare Payments,Social Welfare Payments,0.3040264248847961,Social Welfare Rates,0.242594763636589,Social Welfare Benefits,0.2166904956102371,Social Welfare Schemes,0.061587419360876,Social Welfare Code,0.0347695499658584,Departmental Data,0.033665906637907,Departmental Budgets,0.0236939210444688,Social Welfare Eligibility,0.0171366669237613,Disability Services,0.0090074641630053,Departmental Expenditure,0.0061032716184854,67460/26,89,William Aird,WILLIAM AIRD,written,en,"To ask the Minister for Social Protection the estimated cost of increasing the disability allowance income disregard to €1,000 per week.",the minister for social protection the estimated cost of increasing the disability allowance income disregard to 1 000 per week 67460 26,Social Protection,398,400
"90. Deputy William Aird asked the Minister for Social Protection if he will consider reforming the disability allowance means test to assess a disabled person’s own income rather than that of their partner or other family members, in order to improve financial independence and reduce poverty among disabled people. [67459/26]",,Social,2026-09-23,0.2678768336772918,Social Welfare Code,Social Welfare Code,0.2678768336772918,Social Welfare Eligibility,0.2450391799211502,Social Welfare Benefits,0.1323800683021545,Disability Services,0.0752452760934829,Social Welfare Payments,0.0500498116016387,Departmental Policies,0.0483048558235168,Social Welfare Schemes,0.0353914201259613,Social Welfare Rates,0.0199472326785326,Rights of People with Disabilities,0.0099542792886495,Cost of Living Issues,0.0062602893449366,67459/26,90,William Aird,WILLIAM AIRD,written,en,"To ask the Minister for Social Protection if he will consider reforming the disability allowance means test to assess a disabled person’s own income rather than that of their partner or other family members, in order to improve financial independence and reduce poverty among disabled people.",the minister for social protection if he will consider reforming the disability allowance means test to assess a disabled person s own income rather than that of their partner or other family members in order to improve financial independence and reduce poverty among disabled people 67459 26,Social Protection,402,404
"91. Deputy William Aird asked the Minister for Social Protection if he will examine the impact of the current disability allowance means test on recipients who live with a working partner who also receives carer’s allowance, particularly where the partner’s earnings reduce the disabled person’s payment. [67458/26]",,Social,2026-09-23,0.3812710344791412,Social Welfare Eligibility,Social Welfare Eligibility,0.3812710344791412,Social Welfare Benefits,0.2204922884702682,Social Welfare Code,0.2087448239326477,Social Welfare Payments,0.0735337138175964,Social Welfare Schemes,0.0389505997300148,Social Welfare Rates,0.0179537758231163,Disability Services,0.0128168622031807,Departmental Policies,0.0079545192420482,Social Welfare Appeals,0.0039606727659702,Fuel Poverty,0.0017425986006855,67458/26,91,William Aird,WILLIAM AIRD,written,en,"To ask the Minister for Social Protection if he will examine the impact of the current disability allowance means test on recipients who live with a working partner who also receives carer’s allowance, particularly where the partner’s earnings reduce the disabled person’s payment.",the minister for social protection if he will examine the impact of the current disability allowance means test on recipients who live with a working partner who also receives carer s allowance particularly where the partner s earnings reduce the disabled person s payment 67458 26,Social Protection,406,408
"92. Deputy William Aird asked the Minister for Social Protection if he will consider increasing the weekly income disregard for Disability Allowance to €1,000 as part of Budget 2027, in line with a pre-Budget submission (details supplied). [67457/26]",,Social,2026-09-23,0.1526548117399215,Social Welfare Payments,Social Welfare Payments,0.1526548117399215,Social Welfare Benefits,0.1460594683885574,Budget 2025,0.1118334606289863,Social Welfare Code,0.1056239604949951,Social Welfare Rates,0.071702241897583,Budget 2026,0.0662586912512779,Budget 2023,0.0614763535559177,Social Welfare Eligibility,0.0483675487339496,Budget 2024,0.0340589471161365,Departmental Budgets,0.0335103869438171,67457/26,92,William Aird,WILLIAM AIRD,written,en,"To ask the Minister for Social Protection if he will consider increasing the weekly income disregard for Disability Allowance to €1,000 as part of Budget 2027, in line with a pre-Budget submission (details supplied).",the minister for social protection if he will consider increasing the weekly income disregard for disability allowance to 1 000 as part of budget 2027 in line with a pre-budget submission details supplied 67457 26,Social Protection,410,412
"93. Deputy Catherine Callaghan asked the Minister for Social Protection the time limits for backdating all social welfare payments under the remit of his Department, in tabular form. [67438/26]",,Social,2026-09-23,0.7872682809829712,Social Welfare Payments,Social Welfare Payments,0.7872682809829712,Social Welfare Benefits,0.0885531976819038,Social Welfare Rates,0.0456859469413757,Social Welfare Schemes,0.018170716241002,Social Welfare Code,0.0144520048052072,Departmental Data,0.0109082479029893,Social Welfare Eligibility,0.0108217541128396,Departmental Budgets,0.0034387465566396,State Pensions,0.00212247739546,Social Welfare Offices,0.0015891180373728,67438/26,93,Catherine Callaghan,CATHERINE CALLAGHAN,written,en,"To ask the Minister for Social Protection the time limits for backdating all social welfare payments under the remit of his Department, in tabular form.",the minister for social protection the time limits for backdating all social welfare payments under the remit of his department in tabular form 67438 26,Social Protection,414,416
94. Deputy Ivana Bacik asked the Minister for Social Protection the data his Department holds on food waste and single-use packaging arising from the Hot School Meals Programme; whether a national assessment of food and packaging waste has been undertaken; and if he will make a statement on the matter. [67636/26],,Social,2026-09-23,0.9718384146690368,School Meals Programme,School Meals Programme,0.9718384146690368,Departmental Data,0.0060754758305847,Social Welfare Schemes,0.002851725090295,Social Welfare Benefits,0.0015465191099792,Departmental Schemes,0.0012097054859623,Fuel Poverty,0.0011639926815405,Waste Management,0.0007215852383524,Social Welfare Payments,0.0007075441535562,Other,0.0005672173574566,Social Welfare Eligibility,0.0005519810947589,67636/26,94,Ivana Bacik,IVANA BACIK,written,en,To ask the Minister for Social Protection the data his Department holds on food waste and single-use packaging arising from the Hot School Meals Programme; whether a national assessment of food and packaging waste has been undertaken; and if he will make a statement on the matter.,the minister for social protection the data his department holds on food waste and single-use packaging arising from the hot school meals programme whether a national assessment of food and packaging waste has been undertaken and 67636 26,Social Protection,418,420
"95. Deputy Ivana Bacik asked the Minister for Social Protection the proportion of contracts under the Hot School Meals Programme that are currently held by for-profit companies, not-for-profit companies, not-for-profit organisations, community organisations or cooperatives, respectively; the consideration that has been given to increasing the participation of community and not-for-profit providers in the programme; and if he will make a statement on the matter. [67634/26]",,Social,2026-09-23,0.989283800125122,School Meals Programme,School Meals Programme,0.989283800125122,Social Welfare Schemes,0.0016668726457282,Departmental Data,0.0013820421881973,Social Welfare Benefits,0.0008354659075848,Departmental Schemes,0.0007767895585857,Social Welfare Eligibility,0.0005074190557934,Social Welfare Payments,0.0003748766612261,Social Welfare Rates,0.0003151306591462,School Facilities,0.0002305936504853,Departmental Funding,0.0002299363841302,67634/26,95,Ivana Bacik,IVANA BACIK,written,en,"To ask the Minister for Social Protection the proportion of contracts under the Hot School Meals Programme that are currently held by for-profit companies, not-for-profit companies, not-for-profit organisations, community organisations or cooperatives, respectively; the consideration that has been given to increasing the participation of community and not-for-profit providers in the programme; and if he will make a statement on the matter.",the minister for social protection the proportion of contracts under the hot school meals programme that are currently held by for-profit companies not-for-profit companies not-for-profit organisations community organisations or cooperatives respectively the consideration that has been given to increasing the participation of community and not-for-profit providers in the programme and 67634 26,Social Protection,422,424
"96. Deputy Ivana Bacik asked the Minister for Social Protection when he intends to publish the evaluation of service review of the School Meals Programme (details supplied), specifically the Hot School Meals Programme; whether the review will be made publicly available in full; and if he will make a statement on the matter. [67639/26]",,Social,2026-09-23,0.9918795228004456,School Meals Programme,School Meals Programme,0.9918795228004456,Departmental Data,0.0009407150209881,Social Welfare Schemes,0.0007601584657095,Departmental Schemes,0.0005660040769726,Social Welfare Benefits,0.0004595416539814,Departmental Reviews,0.0004005016235169,Special Educational Needs,0.0002469898026902,School Facilities,0.0002127885964,Social Welfare Eligibility,0.000199257658096,Education Schemes,0.0001698457490419,67639/26,96,Ivana Bacik,IVANA BACIK,written,en,"To ask the Minister for Social Protection when he intends to publish the evaluation of service review of the School Meals Programme (details supplied), specifically the Hot School Meals Programme; whether the review will be made publicly available in full; and if he will make a statement on the matter.",the minister for social protection when he intends to publish the evaluation of service review of the school meals programme details supplied specifically the hot school meals programme whether the review will be made publicly available in full and 67639 26,Social Protection,426,428
"97. Deputy Emer Currie asked the Minister for Social Protection for a list of schools in Dublin West, Dublin 15 and Dublin 7 who access the Hot School Meal Programme. [67517/26]",,Social,2026-09-23,0.9882383942604064,School Meals Programme,School Meals Programme,0.9882383942604064,Departmental Data,0.0021315200719982,Social Welfare Schemes,0.0016803873004391,Departmental Schemes,0.000798521505203,Social Welfare Benefits,0.0007338982541114,School Facilities,0.000392276328057,Social Welfare Eligibility,0.0003841867146547,Social Welfare Payments,0.000375777715817,Special Educational Needs,0.0002668449888005,Social Welfare Rates,0.000187614452443,67517/26,97,Emer Currie,EMER CURRIE,written,en,"To ask the Minister for Social Protection for a list of schools in Dublin West, Dublin 15 and Dublin 7 who access the Hot School Meal Programme.",the minister for social protection for a list of schools in dublin west dublin 15 and dublin 7 who access the hot school meal programme 67517 26,Social Protection,430,432
"98. Deputy William Aird asked the Minister for Social Protection whether consideration has been given to introducing a zero rate of employer PRSI for employees under 25 years of age, similar to schemes previously introduced in the United Kingdom for young workers and apprentices; and if he will outline any assessment undertaken by his Department of the potential impact such a measure could have on youth employment and labour market participation. [67452/26]",,Social,2026-09-23,0.3801319897174835,Social Insurance,Social Insurance,0.3801319897174835,Social Welfare Code,0.0682212337851524,Employment Rights,0.0482786782085895,Social Welfare Benefits,0.0481397435069084,Employment Support Services,0.0478548780083656,Industrial Disputes,0.035022996366024,Employment Schemes,0.0312387458980083,Pension Provisions,0.0277171209454536,Social Welfare Eligibility,0.0242093205451965,Industrial Relations,0.0234108231961727,67452/26,98,William Aird,WILLIAM AIRD,written,en,"To ask the Minister for Social Protection whether consideration has been given to introducing a zero rate of employer PRSI for employees under 25 years of age, similar to schemes previously introduced in the United Kingdom for young workers and apprentices; and if he will outline any assessment undertaken by his Department of the potential impact such a measure could have on youth employment and labour market participation.",the minister for social protection whether consideration has been given to introducing a zero rate of employer prsi for employees under 25 years of age similar to schemes previously introduced in the united kingdom for young workers and apprentices and if he will outline any assessment undertaken by his department of the potential impact such a measure could have on youth employment and labour market participation 67452 26,Social Protection,434,436
"99. Deputy William Aird asked the Minister for Social Protection whether he will consider introducing a reduced employer PRSI rate of 8% on the first €36,000 of earnings per employee, with a pathway to a 5% rate by 2029, to offset rising employment costs and support job retention and growth in regional Ireland. [68149/26]",,Social,2026-09-23,0.4761478900909424,Social Insurance,Social Insurance,0.4761478900909424,Social Welfare Code,0.0688436701893806,Pension Provisions,0.0536005981266498,Social Welfare Benefits,0.044374156743288,Employment Support Services,0.0370009392499923,Social Welfare Eligibility,0.0202729068696498,Employment Rights,0.0177145227789878,Employment Schemes,0.0161687061190605,Social Welfare Schemes,0.0148173011839389,Pensions Reform,0.0143826650455594,68149/26,99,William Aird,WILLIAM AIRD,written,en,"To ask the Minister for Social Protection whether he will consider introducing a reduced employer PRSI rate of 8% on the first €36,000 of earnings per employee, with a pathway to a 5% rate by 2029, to offset rising employment costs and support job retention and growth in regional Ireland.",the minister for social protection whether he will consider introducing a reduced employer prsi rate of 8 on the first 36 000 of earnings per employee with a pathway to a 5 rate by 2029 to offset rising employment costs and support job retention and growth in regional ireland 68149 26,Social Protection,438,440
"100. Deputy Peadar Tóibín asked the Minister for Justice, Home Affairs and Migration the number of firearms, prohibited weapons and items of ammunition seized by An Garda Síochána in each of the past ten years. [67295/26]",,Justice,2026-09-23,0.3683482408523559,An Garda Síochána,An Garda Síochána,0.3683482408523559,Departmental Data,0.3418956696987152,Control of Firearms,0.143014594912529,Road Traffic Offences,0.0209316816180944,Other,0.0207248255610466,Departmental Policies,0.0100541990250349,Crime Prevention,0.0076227248646318,Legislative Measures,0.0052879434078931,Departmental Communications,0.0035398073960095,Antisocial Behaviour,0.0027276272885501,67295/26,100,Peadar Tóibín,PEADAR TÓIBÍN,written,en,"To ask the Minister for Justice, Home Affairs and Migration the number of firearms, prohibited weapons and items of ammunition seized by An Garda Síochána in each of the past ten years.",the minister for justice home affairs and migration the number of firearms prohibited weapons and items of ammunition seized by an garda síochána in each of the past ten years 67295 26,"Justice, Home Affairs and Migration",445,447
"101. Deputy Ivana Bacik asked the Minister for Justice, Home Affairs and Migration his plans to commission an independent review of the relocation process for residents (details supplied), to include consideration of medical evidence, disability and accessibility needs, continuity of education, provision of individual reasons and the availability of an effective appeal procedure; and if the findings will be published. [67270/26]",,Justice,2026-09-23,0.4318554103374481,International Protection,International Protection,0.4318554103374481,Departmental Policies,0.0571638494729995,Immigration Policy,0.0496213063597679,Departmental Reviews,0.0339830592274665,Departmental Data,0.0284730065613985,Departmental Inquiries,0.0269299503415823,Asylum Seekers,0.0262110084295272,Immigration Status,0.0253393463790416,Residency Permits,0.0215777847915887,Family Reunification,0.0214172378182411,67270/26,101,Ivana Bacik,IVANA BACIK,written,en,"To ask the Minister for Justice, Home Affairs and Migration his plans to commission an independent review of the relocation process for residents (details supplied), to include consideration of medical evidence, disability and accessibility needs, continuity of education, provision of individual reasons and the availability of an effective appeal procedure; and if the findings will be published.",the minister for justice home affairs and migration his plans to commission an independent review of the relocation process for residents details supplied to include consideration of medical evidence disability and accessibility needs continuity of education provision of individual reasons and the availability of an effective appeal procedure and if the findings will be published 67270 26,"Justice, Home Affairs and Migration",449,451
"102. Deputy Ivana Bacik asked the Minister for Justice, Home Affairs and Migration the number and type of supported and accessible accommodation placements currently available for older persons, disabled persons and persons undergoing serious medical treatment who are being relocated from a location (details supplied), in tabular form; and the arrangements in place to provide suitable accommodation within reasonable travelling distance of treating hospitals and established support networks. [67269/26]",,Justice,2026-09-23,0.7836681604385376,International Protection,International Protection,0.7836681604385376,Emergency Accommodation,0.0499641932547092,Asylum Seekers,0.0476223155856132,Departmental Data,0.0264748781919479,Direct Provision System,0.009843960404396,Immigration Support Services,0.007277931086719,Ukraine War,0.006708197761327,Refugee Resettlement Programme,0.0062981634400784,Visa Applications,0.0041435905732214,Disability Services,0.0036749721039086,67269/26,102,Ivana Bacik,IVANA BACIK,written,en,"To ask the Minister for Justice, Home Affairs and Migration the number and type of supported and accessible accommodation placements currently available for older persons, disabled persons and persons undergoing serious medical treatment who are being relocated from a location (details supplied), in tabular form; and the arrangements in place to provide suitable accommodation within reasonable travelling distance of treating hospitals and established support networks.",the minister for justice home affairs and migration the number and type of supported and accessible accommodation placements currently available for older persons disabled persons and persons undergoing serious medical treatment who are being relocated from a location details supplied in tabular form and the arrangements in place to provide suitable accommodation within reasonable travelling distance of treating hospitals and established support networks 67269 26,"Justice, Home Affairs and Migration",453,455
"103. Deputy Ivana Bacik asked the Minister for Justice, Home Affairs and Migration the procedures in place to ensure that his Department, the Ukraine Crisis Temporary Accommodation Team and accommodation providers are immediately notified and comply with court orders or decisions affecting the transfer or discharge of residents from State accommodation; and the steps being taken to prevent relocation or discharge notices from being issued contrary to an existing or future court order or decision. [67268/26]",,Justice,2026-09-23,0.5234937071800232,Ukraine War,Ukraine War,0.5234937071800232,International Protection,0.3811634480953216,Emergency Accommodation,0.0336039029061794,Refugee Resettlement Programme,0.0254467371851205,Asylum Seekers,0.0113938050344586,Departmental Data,0.0029634260572493,Immigration Support Services,0.0025630199816077,Departmental Properties,0.0014127235626801,Direct Provision System,0.0013454831205308,Immigration Policy,0.0012050279183313,67268/26,103,Ivana Bacik,IVANA BACIK,written,en,"To ask the Minister for Justice, Home Affairs and Migration the procedures in place to ensure that his Department, the Ukraine Crisis Temporary Accommodation Team and accommodation providers are immediately notified and comply with court orders or decisions affecting the transfer or discharge of residents from State accommodation; and the steps being taken to prevent relocation or discharge notices from being issued contrary to an existing or future court order or decision.",the minister for justice home affairs and migration the procedures in place to ensure that his department the ukraine crisis temporary accommodation team and accommodation providers are immediately notified and comply with court orders or decisions affecting the transfer or discharge of residents from state accommodation and the steps being taken to prevent relocation or discharge notices from being issued contrary to an existing or future court order or decision 67268 26,"Justice, Home Affairs and Migration",457,459
"104. Deputy Ivana Bacik asked the Minister for Justice, Home Affairs and Migration the instructions that have been issued to management and staff of a location (details supplied) regarding communication with residents identified for relocation during the relocation process; if staff are permitted to inform residents that they will lose all accommodation or state supports in the event that they do not relocate by a specified date; and the independent complaints mechanism that is available to residents where they report pressure, intimidation or receipt of misleading information from staff. [67267/26]",,Justice,2026-09-23,0.777551531791687,International Protection,International Protection,0.777551531791687,Asylum Seekers,0.0613374933600425,Emergency Accommodation,0.0271651968359947,Immigration Policy,0.0126312505453825,Ukraine War,0.0116337016224861,Departmental Data,0.0111606922000646,Immigration Support Services,0.0102158244699239,Asylum Applications,0.0084396945312619,Immigration Status,0.0080495346337556,Family Reunification,0.0079214330762624,67267/26,104,Ivana Bacik,IVANA BACIK,written,en,"To ask the Minister for Justice, Home Affairs and Migration the instructions that have been issued to management and staff of a location (details supplied) regarding communication with residents identified for relocation during the relocation process; if staff are permitted to inform residents that they will lose all accommodation or state supports in the event that they do not relocate by a specified date; and the independent complaints mechanism that is available to residents where they report pressure, intimidation or receipt of misleading information from staff.",the minister for justice home affairs and migration the instructions that have been issued to management and staff of a location details supplied regarding communication with residents identified for relocation during the relocation process if staff are permitted to inform residents that they will lose all accommodation or state supports in the event that they do not relocate by a specified date and the independent complaints mechanism that is available to residents where they report pressure intimidation or receipt of misleading information from staff 67267 26,"Justice, Home Affairs and Migration",461,463
"105. Deputy Peadar Tóibín asked the Minister for Justice, Home Affairs and Migration the amount of revenue generated from the disposal of confiscated or forfeited assets in each of the past ten years; and the Exchequer accounts into which such proceeds were paid. [67312/26]",,Justice,2026-09-23,0.3801057040691376,Departmental Data,Departmental Data,0.3801057040691376,An Garda Síochána,0.1344864517450332,Departmental Expenditure,0.0964177921414375,Other,0.0552779100835323,Departmental Properties,0.0226645786315202,Tax Data,0.0180727057158947,State Properties,0.0139375980943441,Prison Service,0.0099797686561942,Revenue Commissioners,0.0090827066451311,Office of Public Works,0.0088095758110284,67312/26,105,Peadar Tóibín,PEADAR TÓIBÍN,written,en,"To ask the Minister for Justice, Home Affairs and Migration the amount of revenue generated from the disposal of confiscated or forfeited assets in each of the past ten years; and the Exchequer accounts into which such proceeds were paid.",the minister for justice home affairs and migration the amount of revenue generated from the disposal of confiscated or forfeited assets in each of the past ten years and the exchequer accounts into which such proceeds were paid 67312 26,"Justice, Home Affairs and Migration",465,467
"106. Deputy Peadar Tóibín asked the Minister for Justice, Home Affairs and Migration the number of complaints and investigations undertaken by the Garda Síochána Ombudsman Commission in the past ten years concerning allegations that members of An Garda Síochána unlawfully appropriated, stole, retained or improperly handled seized or confiscated property. [67311/26]",,Justice,2026-09-23,0.9611111879348756,An Garda Síochána,An Garda Síochána,0.9611111879348756,Crime Prevention,0.004801751114428,Departmental Data,0.0045405779965221,Private Security Authority,0.0023684112820774,Antisocial Behaviour,0.0017551224445924,Closed-Circuit Television Systems,0.0014043020782992,Road Traffic Offences,0.0013604519190266,Drug Dealing,0.0011268974049016,Other,0.0011215913109481,Crime Data,0.0008334127487614,67311/26,106,Peadar Tóibín,PEADAR TÓIBÍN,written,en,"To ask the Minister for Justice, Home Affairs and Migration the number of complaints and investigations undertaken by the Garda Síochána Ombudsman Commission in the past ten years concerning allegations that members of An Garda Síochána unlawfully appropriated, stole, retained or improperly handled seized or confiscated property.",the minister for justice home affairs and migration the number of complaints and investigations undertaken by the garda síochána ombudsman commission in the past ten years concerning allegations that members of an garda síochána unlawfully appropriated stole retained or improperly handled seized or confiscated property 67311 26,"Justice, Home Affairs and Migration",469,471
"107. Deputy Peadar Tóibín asked the Minister for Justice, Home Affairs and Migration the number of protected disclosures received by An Garda Síochána, the Criminal Assets Bureau, the Garda Síochána Ombudsman Commission and the Department of Justice Home Affairs and Migration in each of the past ten years concerning seized assets, evidence handling, confiscated property, proceeds of crime or related asset management issues. [67310/26]",,Justice,2026-09-23,0.7223806977272034,Protected Disclosures,Protected Disclosures,0.7223806977272034,Departmental Data,0.0780897662043571,Private Security Authority,0.0134486816823482,State Bodies,0.0129573671147227,Data Protection,0.0102493185549974,An Garda Síochána,0.0097327018156647,Departmental Legal Cases,0.0092270486056804,Other,0.0080241980031132,Office of Public Works,0.0075933658517897,Freedom of Information,0.0067592817358672,67310/26,107,Peadar Tóibín,PEADAR TÓIBÍN,written,en,"To ask the Minister for Justice, Home Affairs and Migration the number of protected disclosures received by An Garda Síochána, the Criminal Assets Bureau, the Garda Síochána Ombudsman Commission and the Department of Justice Home Affairs and Migration in each of the past ten years concerning seized assets, evidence handling, confiscated property, proceeds of crime or related asset management issues.",the minister for justice home affairs and migration the number of protected disclosures received by an garda síochána the criminal assets bureau the garda síochána ombudsman commission and the department of justice home affairs and migration in each of the past ten years concerning seized assets evidence handling confiscated property proceeds of crime or related asset management issues 67310 26,"Justice, Home Affairs and Migration",473,475
"108. Deputy Peadar Tóibín asked the Minister for Justice, Home Affairs and Migration the number of allegations made against members of An Garda Síochána in relation to the theft, misuse, unauthorised access, mishandling, substitution or improper disposal of seized property or evidence in each of the past ten years; and the outcome of such investigations. [67309/26]",,Justice,2026-09-23,0.9692617654800416,An Garda Síochána,An Garda Síochána,0.9692617654800416,Departmental Data,0.0073330379091203,Crime Prevention,0.0030369623564183,Road Traffic Offences,0.0016734695527702,Crime Data,0.0016611410537734,Drug Dealing,0.0015631765127182,Antisocial Behaviour,0.0012456965632736,Private Security Authority,0.001016583526507,Closed-Circuit Television Systems,0.0007350356900133,Other,0.0006628247792832,67309/26,108,Peadar Tóibín,PEADAR TÓIBÍN,written,en,"To ask the Minister for Justice, Home Affairs and Migration the number of allegations made against members of An Garda Síochána in relation to the theft, misuse, unauthorised access, mishandling, substitution or improper disposal of seized property or evidence in each of the past ten years; and the outcome of such investigations.",the minister for justice home affairs and migration the number of allegations made against members of an garda síochána the theft misuse unauthorised access mishandling substitution or improper disposal of seized property or evidence in each of the past ten years and the outcome of such investigations 67309 26,"Justice, Home Affairs and Migration",477,479
"109. Deputy Seán Ó Fearghaíl asked the Minister for Justice, Home Affairs and Migration If he will expedite a decision on an appeal against the refusal of a residence card application for a person (details supplied). [67304/26]",,Justice,2026-09-23,0.8245487809181213,Residency Permits,Residency Permits,0.8245487809181213,Immigration Status,0.0760920941829681,Visa Applications,0.0395750738680362,Citizenship Applications,0.006077270489186,Family Reunification,0.0056831445544958,Departmental Data,0.0036827914882451,Departmental Inquiries,0.0029958435334265,International Protection,0.0028816503472626,Legal Aid,0.0025989694986492,Departmental Schemes,0.0022515556775033,67304/26,109,Seán Ó Fearghaíl,SEÁN Ó FEARGHAÍL,written,en,"To ask the Minister for Justice, Home Affairs and Migration If he will expedite a decision on an appeal against the refusal of a residence card application for a person (details supplied).",the minister for justice home affairs and migration if he will expedite a decision on an appeal against the refusal of a residence card application for a person details supplied 67304 26,"Justice, Home Affairs and Migration",481,483
"110. Deputy Ivana Bacik asked the Minister for Justice, Home Affairs and Migration the type and extent of accessibility assessments that are carried out prior to relocating a blind or visually impaired person, a person with reduced mobility, or person requiring hospital treatment from a location to other accommodation; if the proposed route for the person to sanitary, dining and transport facilities is assessed; and if an independent accessibility assessment has been completed at a site (details supplied). [67266/26]",,Justice,2026-09-23,0.8156752586364746,International Protection,International Protection,0.8156752586364746,Emergency Accommodation,0.0326599106192588,Disability Services,0.0162226483225822,Departmental Data,0.014089573174715,Asylum Seekers,0.0126613108441233,Ukraine War,0.0102387657389044,Immigration Support Services,0.0094848377630114,Immigration Policy,0.0075546195730566,Direct Provision System,0.0066337082535028,Refugee Resettlement Programme,0.0057344622910022,67266/26,110,Ivana Bacik,IVANA BACIK,written,en,"To ask the Minister for Justice, Home Affairs and Migration the type and extent of accessibility assessments that are carried out prior to relocating a blind or visually impaired person, a person with reduced mobility, or person requiring hospital treatment from a location to other accommodation; if the proposed route for the person to sanitary, dining and transport facilities is assessed; and if an independent accessibility assessment has been completed at a site (details supplied).",the minister for justice home affairs and migration the type and extent of accessibility assessments that are carried out prior to relocating a blind or visually impaired person a person with reduced mobility or person requiring hospital treatment from a location to other accommodation if the proposed route for the person to sanitary dining and transport facilities is assessed and if an independent accessibility assessment has been completed at a site details supplied 67266 26,"Justice, Home Affairs and Migration",485,487
"111. Deputy Ivana Bacik asked the Minister for Justice, Home Affairs and Migration the number of school-age children relocated from a location (details supplied) who did not have a confirmed school place or school transport arrangement at the date of the relocation; the way in which continuity of education and the best interests of the child are assessed before relocation; and the steps being taken to ensure that children do not lose access to their existing schools, special educational supports or medical appointments. [67265/26]",,Justice,2026-09-23,0.2134696543216705,International Protection,International Protection,0.2134696543216705,Departmental Data,0.203151062130928,School Admissions,0.1238712668418884,Residency Permits,0.0427243970334529,Special Educational Needs,0.0405172854661941,Immigration Policy,0.0338312536478042,School Enrolments,0.0336036719381809,Asylum Seekers,0.0326460823416709,Immigration Status,0.0272912997752428,Visa Applications,0.0262360889464616,67265/26,111,Ivana Bacik,IVANA BACIK,written,en,"To ask the Minister for Justice, Home Affairs and Migration the number of school-age children relocated from a location (details supplied) who did not have a confirmed school place or school transport arrangement at the date of the relocation; the way in which continuity of education and the best interests of the child are assessed before relocation; and the steps being taken to ensure that children do not lose access to their existing schools, special educational supports or medical appointments.",the minister for justice home affairs and migration the number of school-age children relocated from a location details supplied who did not have a confirmed school place or school transport arrangement at the date of the relocation the way in which continuity of education and the best interests of the child are assessed before relocation and the steps being taken to ensure that children do not lose access to their existing schools special educational supports or medical appointments 67265 26,"Justice, Home Affairs and Migration",489,491
"112. Deputy Ivana Bacik asked the Minister for Justice, Home Affairs and Migration the way in which continuity of hospital and specialist treatment is protected when relocating residents from a location (details supplied) particularly persons receiving dialysis, cancer treatment, pre-operative or post-operative care; if transport medication storage, dietary requirement and proximity to the treating hospital are assessed; and the arrangements that have been agreed with the HSE. [67263/26]",,Justice,2026-09-23,0.4240433871746063,International Protection,International Protection,0.4240433871746063,Health Services,0.0520393550395965,Family Reunification,0.0471009016036987,Departmental Data,0.0413206033408641,Immigration Policy,0.037591315805912,Residency Permits,0.0312620215117931,Departmental Policies,0.0248720757663249,Hospital Services,0.0228673554956913,Visa Applications,0.0228328462690114,Asylum Seekers,0.0198428202420473,67263/26,112,Ivana Bacik,IVANA BACIK,written,en,"To ask the Minister for Justice, Home Affairs and Migration the way in which continuity of hospital and specialist treatment is protected when relocating residents from a location (details supplied) particularly persons receiving dialysis, cancer treatment, pre-operative or post-operative care; if transport medication storage, dietary requirement and proximity to the treating hospital are assessed; and the arrangements that have been agreed with the HSE.",the minister for justice home affairs and migration the way in which continuity of hospital and specialist treatment is protected when relocating residents from a location details supplied particularly persons receiving dialysis cancer treatment pre-operative or post-operative care if transport medication storage dietary requirement and proximity to the treating hospital are assessed and the arrangements that have been agreed with the hse 67263 26,"Justice, Home Affairs and Migration",493,495
"113. Deputy Ivana Bacik asked the Minister for Justice, Home Affairs and Migration if a formal review or appeal procedure is available to Ukrainian persons who consider that proposed alternative accommodation is unsuitable for their medical, disability or family needs; the procedure, applicable deadline, decision-maker and expected response time; whether relocation is suspended pending the outcome; and where the procedure has been published. [67257/26]",,Justice,2026-09-23,0.661700963973999,International Protection,International Protection,0.661700963973999,Ukraine War,0.2287616282701492,Refugee Resettlement Programme,0.0259139910340309,Emergency Accommodation,0.0158162843436002,Asylum Seekers,0.0157926362007856,Family Reunification,0.0082407994195818,Visa Applications,0.0062342952005565,Immigration Support Services,0.0045983390882611,Immigration Policy,0.0044006793759763,Departmental Data,0.0022036428563296,67257/26,113,Ivana Bacik,IVANA BACIK,written,en,"To ask the Minister for Justice, Home Affairs and Migration if a formal review or appeal procedure is available to Ukrainian persons who consider that proposed alternative accommodation is unsuitable for their medical, disability or family needs; the procedure, applicable deadline, decision-maker and expected response time; whether relocation is suspended pending the outcome; and where the procedure has been published.",the minister for justice home affairs and migration if a formal review or appeal procedure is available to ukrainian persons who consider that proposed alternative accommodation is unsuitable for their medical disability or family needs the procedure applicable deadline decision-maker and expected response time whether relocation is suspended pending the outcome and where the procedure has been published 67257 26,"Justice, Home Affairs and Migration",497,499
"114. Deputy Ivana Bacik asked the Minister for Justice, Home Affairs and Migration the details of all assessments and inspections carried out in respect of accommodation at a location (details supplied), including fire safety, planning compliance, sanitation, ventilation, natural light, accessibility and suitability for medically vulnerable persons and disabled persons; the dates and bodies responsible for such inspections; and if the reports resulting thereof will be published. [67254/26]",,Justice,2026-09-23,0.8496522903442383,International Protection,International Protection,0.8496522903442383,Emergency Accommodation,0.0432611815631389,Departmental Contracts,0.0160721372812986,Departmental Properties,0.0160214435309171,Ukraine War,0.0094528915360569,Departmental Data,0.0079471198841929,Asylum Seekers,0.0077588399872183,Direct Provision System,0.0033120785374194,Immigration Support Services,0.0031656620558351,Departmental Inquiries,0.0030822604894638,67254/26,114,Ivana Bacik,IVANA BACIK,written,en,"To ask the Minister for Justice, Home Affairs and Migration the details of all assessments and inspections carried out in respect of accommodation at a location (details supplied), including fire safety, planning compliance, sanitation, ventilation, natural light, accessibility and suitability for medically vulnerable persons and disabled persons; the dates and bodies responsible for such inspections; and if the reports resulting thereof will be published.",the minister for justice home affairs and migration the details of all assessments and inspections carried out in respect of accommodation at a location details supplied including fire safety planning compliance sanitation ventilation natural light accessibility and suitability for medically vulnerable persons and disabled persons the dates and bodies responsible for such inspections and if the reports resulting thereof will be published 67254 26,"Justice, Home Affairs and Migration",501,503
"115. Deputy Ivana Bacik asked the Minister for Justice, Home Affairs and Migration the legal and policy basis upon which a resident who does not accept a particular accommodation offer may be treated as having refused State accommodation or may be discharged from the accommodation system; the safeguards that apply where the resident has serious medical, disability or family needs; and whether non-transfer will be suspended while an urgent review is pending. [67253/26]",,Justice,2026-09-23,0.7214401960372925,International Protection,International Protection,0.7214401960372925,Emergency Accommodation,0.0512683317065238,Ukraine War,0.0309834480285644,Asylum Seekers,0.0283255670219659,Residency Permits,0.0155168762430548,Immigration Status,0.0146067924797534,Family Reunification,0.0109669407829642,Refugee Resettlement Programme,0.010002888739109,Immigration Support Services,0.0086734043434262,Visa Applications,0.0085847675800323,67253/26,115,Ivana Bacik,IVANA BACIK,written,en,"To ask the Minister for Justice, Home Affairs and Migration the legal and policy basis upon which a resident who does not accept a particular accommodation offer may be treated as having refused State accommodation or may be discharged from the accommodation system; the safeguards that apply where the resident has serious medical, disability or family needs; and whether non-transfer will be suspended while an urgent review is pending.",the minister for justice home affairs and migration the legal and policy basis upon which a resident who does not accept a particular accommodation offer may be treated as having refused state accommodation or may be discharged from the accommodation system the safeguards that apply where the resident has serious medical disability or family needs and whether non-transfer will be suspended while an urgent review is pending 67253 26,"Justice, Home Affairs and Migration",505,507
"116. Deputy Ivana Bacik asked the Minister for Justice, Home Affairs and Migration the individual assessment procedure used when deciding if proposed alternative accommodation is suitable for a resident of a location (details supplied); whether medical, disability, accessibility, family and educational needs are assessed; the person or body that conducts these assessments; whether appropriately qualified healthcare professionals are involved; whether each resident is provided with a copy of the assessment and individual reasons for the decision; and if he will supply the full details of the formal assessment procedure. [67251/26]",,Justice,2026-09-23,0.7840885519981384,International Protection,International Protection,0.7840885519981384,Emergency Accommodation,0.0158813297748565,Asylum Seekers,0.0152398459613323,Immigration Status,0.0131775727495551,Ukraine War,0.0125953471288084,Immigration Support Services,0.0122009729966521,Residency Permits,0.0118124904111027,Disability Services,0.0091842981055378,Direct Provision System,0.0083467699587345,Departmental Data,0.0082281315699219,67251/26,116,Ivana Bacik,IVANA BACIK,written,en,"To ask the Minister for Justice, Home Affairs and Migration the individual assessment procedure used when deciding if proposed alternative accommodation is suitable for a resident of a location (details supplied); whether medical, disability, accessibility, family and educational needs are assessed; the person or body that conducts these assessments; whether appropriately qualified healthcare professionals are involved; whether each resident is provided with a copy of the assessment and individual reasons for the decision; and if he will supply the full details of the formal assessment procedure.",the minister for justice home affairs and migration the individual assessment procedure used when deciding if proposed alternative accommodation is suitable for a resident of a location details supplied whether medical disability accessibility family and educational needs are assessed the person or body that conducts these assessments whether appropriately qualified healthcare professionals are involved whether each resident is provided with a copy of the assessment and individual reasons for the decision and if he will supply the full details of the formal assessment procedure 67251 26,"Justice, Home Affairs and Migration",509,511
"117. Deputy Ivana Bacik asked the Minister for Justice, Home Affairs and Migration his plans to pause the transfer or discharge from State-provided accommodation of medically vulnerable residents of a location (details supplied) including persons undergoing cancer treatment, dialysis, surgery or hospital treatment, persons with disabilities, older persons and families with children until an individual needs and suitability assessment has been completed in each case. [67248/26]",,Justice,2026-09-23,0.823220431804657,International Protection,International Protection,0.823220431804657,Emergency Accommodation,0.0366540253162384,Asylum Seekers,0.0278774555772542,Ukraine War,0.0152101041749119,Departmental Data,0.0123239066451787,Departmental Properties,0.0117895128205418,Direct Provision System,0.0053243385627865,Immigration Support Services,0.0053205215372145,Residency Permits,0.0049478057771921,Departmental Contracts,0.0049154199659824,67248/26,117,Ivana Bacik,IVANA BACIK,written,en,"To ask the Minister for Justice, Home Affairs and Migration his plans to pause the transfer or discharge from State-provided accommodation of medically vulnerable residents of a location (details supplied) including persons undergoing cancer treatment, dialysis, surgery or hospital treatment, persons with disabilities, older persons and families with children until an individual needs and suitability assessment has been completed in each case.",the minister for justice home affairs and migration his plans to pause the transfer or discharge from state-provided accommodation of medically vulnerable residents of a location details supplied including persons undergoing cancer treatment dialysis surgery or hospital treatment persons with disabilities older persons and families with children until an individual needs and suitability assessment has been completed in each case 67248 26,"Justice, Home Affairs and Migration",513,515
"118. Deputy Sorca Clarke asked the Minister for Justice, Home Affairs and Migration the status of two citizenship applications (details supplied); the reason for the continued delay in issuing approval letters following the Department's confirmation that a back end technical fault affecting these 2022 files was resolved on 26 August 2026 (details supplied); the outstanding steps, including any digital sign-off, required to finalise and release these grants of citizenship; and the timeframe for completion. [67350/26]",,Justice,2026-09-23,0.9809789657592772,Citizenship Applications,Citizenship Applications,0.9809789657592772,Naturalisation Applications,0.0099297557026147,Citizenship Ceremonies,0.0019385595805943,Immigration Status,0.0014942636480554,Departmental Data,0.000703030033037,Immigration Policy,0.0006643318920396,Departmental Policies,0.000412000430515,Residency Permits,0.0003270219604019,Visa Applications,0.0002357163029955,Other,0.000182724033948,67350/26,118,Sorca Clarke,SORCA CLARKE,written,en,"To ask the Minister for Justice, Home Affairs and Migration the status of two citizenship applications (details supplied); the reason for the continued delay in issuing approval letters following the Department's confirmation that a back end technical fault affecting these 2022 files was resolved on 26 August 2026 (details supplied); the outstanding steps, including any digital sign-off, required to finalise and release these grants of citizenship; and the timeframe for completion.",the minister for justice home affairs and migration the status of two citizenship applications details supplied the reason for the continued delay in issuing approval letters following the department s confirmation that a back end technical fault affecting these 2022 files was resolved on 26 august 2026 details supplied the outstanding steps including any digital sign-off required to finalise and release these grants of citizenship and the timeframe for completion 67350 26,"Justice, Home Affairs and Migration",517,519
"119. Deputy Emer Currie asked the Minister for Justice, Home Affairs and Migration the amount of funding allocated to a scheme (details supplied) by year from 2020 to 2025 and to date in 2026, in tabular form. [67497/26]",,Justice,2026-09-23,0.6640836596488953,Departmental Schemes,Departmental Schemes,0.6640836596488953,Departmental Funding,0.1129740327596664,Departmental Data,0.0915577113628387,Departmental Programmes,0.0274791829288005,Departmental Expenditure,0.0139684081077575,International Protection,0.0130349835380911,Immigration Policy,0.0085864178836345,An Garda Síochána,0.007561732083559,Rural Schemes,0.0059464867226779,Departmental Budgets,0.0045725074596703,67497/26,119,Emer Currie,EMER CURRIE,written,en,"To ask the Minister for Justice, Home Affairs and Migration the amount of funding allocated to a scheme (details supplied) by year from 2020 to 2025 and to date in 2026, in tabular form.",the minister for justice home affairs and migration the amount of funding allocated to a scheme details supplied by year from 2020 to 2025 and to date in 2026 in tabular form 67497 26,"Justice, Home Affairs and Migration",521,523
"120. Deputy Emer Currie asked the Minister for Justice, Home Affairs and Migration to provide an update on amending a scheme (details supplied). [67495/26]",,Justice,2026-09-23,0.8635004162788391,Departmental Schemes,Departmental Schemes,0.8635004162788391,Immigration Policy,0.0225053057074546,An Garda Síochána,0.0110985450446605,Immigration Status,0.0088540529832243,Departmental Programmes,0.0087166083976626,Departmental Data,0.0056358412839472,Crime Prevention,0.0052231661975383,Environmental Schemes,0.0047091781161725,Departmental Policies,0.0046971570700407,Legislative Measures,0.0042719468474388,67495/26,120,Emer Currie,EMER CURRIE,written,en,"To ask the Minister for Justice, Home Affairs and Migration to provide an update on amending a scheme (details supplied).",the minister for justice home affairs and migration to provide an update on amending a scheme details supplied 67495 26,"Justice, Home Affairs and Migration",525,527
"121. Deputy Matt Carthy asked the Minister for Justice, Home Affairs and Migration whether his Department has examined the impact on the administration of justice of the reported 93% reduction in the number of criminal legal aid certificates granted in July 2026, compared with July 2025. [67527/26]",,Justice,2026-09-23,0.9526876211166382,Legal Aid,Legal Aid,0.9526876211166382,Legal Services Regulation,0.0082503063604235,Courts Service,0.0048132790252566,Residency Permits,0.003538565011695,Departmental Legal Services,0.0031964855734258,Departmental Legal Cases,0.0027134793344885,Departmental Data,0.002646560082212,Immigration Status,0.0024494566023349,Visa Applications,0.0013033491559326,Citizenship Applications,0.0012842310825362,67527/26,121,Matt Carthy,MATT CARTHY,written,en,"To ask the Minister for Justice, Home Affairs and Migration whether his Department has examined the impact on the administration of justice of the reported 93% reduction in the number of criminal legal aid certificates granted in July 2026, compared with July 2025.",the minister for justice home affairs and migration whether his department has examined the impact on the administration of justice of the reported 93 reduction in the number of criminal legal aid certificates granted in july 2026 compared with july 2025 67527 26,"Justice, Home Affairs and Migration",529,531
"122. Deputy Mattie Mcgrath asked the Minister for Justice, Home Affairs and Migration further to the High Court declaration (details supplied) the number of complaints of perjury, or of attempting to pervert the course of justice, arising from in camera family law or child care proceedings have been recorded by An Garda Síochána since July 2019; the number that have been investigated; and the number of files that have been sent to the Director of Public Prosecutions; and the number of prosecutions that have resulted. [67526/26]",,Justice,2026-09-23,0.3032724559307098,An Garda Síochána,An Garda Síochána,0.3032724559307098,Courts Service,0.0475395321846008,Crime Prevention,0.0393548645079135,Inquiry into the Death of Mr. Shane O'Farrell,0.0332329608500003,Departmental Data,0.0317100472748279,Family Law Cases,0.0316433236002922,Victim Support Services,0.0312000289559364,Private Security Authority,0.0311190169304609,Antisocial Behaviour,0.0278494842350482,Sentencing Policy,0.0208512004464864,67526/26,122,Mattie Mcgrath,MATTIE MCGRATH,written,en,"To ask the Minister for Justice, Home Affairs and Migration further to the High Court declaration (details supplied) the number of complaints of perjury, or of attempting to pervert the course of justice, arising from in camera family law or child care proceedings have been recorded by An Garda Síochána since July 2019; the number that have been investigated; and the number of files that have been sent to the Director of Public Prosecutions; and the number of prosecutions that have resulted.",the minister for justice home affairs and migration further to the high court declaration details supplied the number of complaints of perjury or of attempting to pervert the course of justice arising from in camera family law or child care proceedings have been recorded by an garda síochána since july 2019 the number that have been investigated and the number of files that have been sent to the director of public prosecutions and the number of prosecutions that have resulted 67526 26,"Justice, Home Affairs and Migration",533,535
"123. Deputy Matt Carthy asked the Minister for Justice, Home Affairs and Migration the number of persons found to be unlawfully present in the State due to overstaying a visa or residence permission in each of the past five years; the number who were required to leave the State; the number made subject to deportation orders; the number whose subsequent applications for visas, residence permissions, citizenship or re-entry were refused, in whole or in part, on the basis of previous non-compliance with immigration permissions. [67600/26]",,Justice,2026-09-23,0.4189169704914093,Deportation Orders,Deportation Orders,0.4189169704914093,Immigration Policy,0.1800273954868316,Departmental Data,0.1753218322992324,Asylum Applications,0.0410926043987274,Immigration Status,0.0399529859423637,Residency Permits,0.0198977664113044,Asylum Seekers,0.0183575171977281,Visa Applications,0.0176973398774862,International Protection,0.0165447946637868,Citizenship Applications,0.0109187941998243,67600/26,123,Matt Carthy,MATT CARTHY,written,en,"To ask the Minister for Justice, Home Affairs and Migration the number of persons found to be unlawfully present in the State due to overstaying a visa or residence permission in each of the past five years; the number who were required to leave the State; the number made subject to deportation orders; the number whose subsequent applications for visas, residence permissions, citizenship or re-entry were refused, in whole or in part, on the basis of previous non-compliance with immigration permissions.",the minister for justice home affairs and migration the number of persons found to be unlawfully present in the state due to overstaying a visa or residence permission in each of the past five years the number who were required to leave the state the number made subject to deportation orders the number whose subsequent applications for visas residence permissions citizenship or re-entry were refused in whole or in part on the basis of previous non-compliance with immigration permissions 67600 26,"Justice, Home Affairs and Migration",537,539
"124. Deputy Robert Troy asked the Minister for Justice, Home Affairs and Migration If any concessions under the new citizenship laws are going to be made for Belarusians, who since 2023 have been banned from applying for passport renewal in consulates in embassies, forcing them to return to Belarus where they potentially face political persecution (details supplied). [67644/26]",,Justice,2026-09-23,0.3365829586982727,Citizenship Applications,Citizenship Applications,0.3365829586982727,Immigration Policy,0.1526722162961959,Passport Services,0.1181633099913597,Consular Services,0.0391729697585105,Immigration Status,0.031179841607809,Travel Documents,0.0242294259369373,Ukraine War,0.0240320246666669,Visa Agreements,0.0184060484170913,Naturalisation Applications,0.0175066255033016,Visa Applications,0.0155440103262662,67644/26,124,Robert Troy,ROBERT TROY,written,en,"To ask the Minister for Justice, Home Affairs and Migration If any concessions under the new citizenship laws are going to be made for Belarusians, who since 2023 have been banned from applying for passport renewal in consulates in embassies, forcing them to return to Belarus where they potentially face political persecution (details supplied).",the minister for justice home affairs and migration if any concessions under the new citizenship laws are going to be made for belarusians who since 2023 have been banned from applying for passport renewal in consulates in embassies forcing them to return to belarus where they potentially face political persecution details supplied 67644 26,"Justice, Home Affairs and Migration",541,543
"125. Deputy Peadar Tóibín asked the Minister for Justice, Home Affairs and Migration the number of international protection applicants who are currently employed in the State; whether his Department collects or has access to data on the employment status of persons residing in IPAS accommodation; and if he will make a statement on the matter. [67247/26]",,Justice,2026-09-23,0.9527363181114196,International Protection,International Protection,0.9527363181114196,Departmental Data,0.0145390108227729,Asylum Seekers,0.0085670817643404,Asylum Applications,0.0020556633826345,Refugee Resettlement Programme,0.001983618363738,Immigration Support Services,0.001920229755342,Departmental Contracts,0.0017895265482366,Immigration Policy,0.0016710313502699,Ukraine War,0.0016439936589449,Direct Provision System,0.001582721597515,67247/26,125,Peadar Tóibín,PEADAR TÓIBÍN,written,en,"To ask the Minister for Justice, Home Affairs and Migration the number of international protection applicants who are currently employed in the State; whether his Department collects or has access to data on the employment status of persons residing in IPAS accommodation; and if he will make a statement on the matter.",the minister for justice home affairs and migration the number of international protection applicants who are currently employed in the state whether his department collects or has access to data on the employment status of persons residing in ipas accommodation and 67247 26,"Justice, Home Affairs and Migration",545,547
"126. Deputy Ken O'Flynn asked the Minister for Agriculture, Food and the Marine if consideration will be given to introducing a targeted financial support or grant to assist older people and pensioners living alone with the cost of adopting a rescue animal, in view of the rising number of dogs being euthanised in local authority pounds and the recognised health and companionship benefits for older people at risk of social isolation; and if he will make a statement on the matter. [67352/26]",,Agriculture,2026-09-23,0.2580935060977936,Animal Welfare,Animal Welfare,0.2580935060977936,Agriculture Supports,0.0862138718366622,Departmental Funding,0.0710398778319358,Agriculture Schemes,0.0590929239988327,Departmental Policies,0.0550413876771926,Departmental Schemes,0.0344488769769668,Animal Diseases,0.0330492667853832,Grant Payments,0.0291175302118062,Agriculture Industry,0.0218975003808736,Other,0.0192313194274902,67352/26,126,Ken O'Flynn,KEN O'FLYNN,written,en,"To ask the Minister for Agriculture, Food and the Marine if consideration will be given to introducing a targeted financial support or grant to assist older people and pensioners living alone with the cost of adopting a rescue animal, in view of the rising number of dogs being euthanised in local authority pounds and the recognised health and companionship benefits for older people at risk of social isolation; and if he will make a statement on the matter.",the minister for agriculture food and the marine if consideration will be given to introducing a targeted financial support or grant to assist older people and pensioners living alone with the cost of adopting a rescue animal in view of the rising number of dogs being euthanised in local authority pounds and the recognised health and companionship benefits for older people at risk of social isolation and 67352 26,"Agriculture, Food and the Marine",552,554
"127. Deputy Ken O'Flynn asked the Minister for Agriculture, Food and the Marine the number of dogs euthanised in local authority dog pounds in each of the years 2022 to 2024, by local authority including the figures for Cork City Council and Cork County Council, in tabular form; and if he will make a statement on the matter. [67354/26]",,Agriculture,2026-09-23,0.4873420000076294,Animal Welfare,Animal Welfare,0.4873420000076294,Departmental Data,0.1721229702234268,Control of Dogs,0.1286580115556717,Greyhound Industry,0.0438733510673046,Animal Breeding,0.0328515991568565,Hare Coursing,0.0142606701701879,Veterinary Services,0.013855199329555,Other,0.0094509162008762,Animal Culls,0.0051727425307035,Animal Passports,0.0051319911144673,67354/26,127,Ken O'Flynn,KEN O'FLYNN,written,en,"To ask the Minister for Agriculture, Food and the Marine the number of dogs euthanised in local authority dog pounds in each of the years 2022 to 2024, by local authority including the figures for Cork City Council and Cork County Council, in tabular form; and if he will make a statement on the matter.",the minister for agriculture food and the marine the number of dogs euthanised in local authority dog pounds in each of the years 2022 to 2024 by local authority including the figures for cork city council and cork county council in tabular form and 67354 26,"Agriculture, Food and the Marine",556,558
"128. Deputy Ken O'Flynn asked the Minister for Agriculture, Food and the Marine if consideration will be given to providing dedicated funding or support, whether through his Department's annual animal welfare grant programme or otherwise, to sustain and expand existing schemes that waive adoption fees for older people adopting a rescue animal (details supplied); and if he will make a statement on the matter. [67357/26]",,Agriculture,2026-09-23,0.8760729432106018,Animal Welfare,Animal Welfare,0.8760729432106018,Animal Breeding,0.0210932418704032,Control of Dogs,0.0172786023467779,Departmental Funding,0.0073502538725733,Animal Diseases,0.0070696179755032,Hare Coursing,0.0047578956000506,Veterinary Services,0.0045538246631622,Departmental Data,0.0045379167422652,Wildlife Protection,0.0042200186289846,Agriculture Schemes,0.0036668826360255,67357/26,128,Ken O'Flynn,KEN O'FLYNN,written,en,"To ask the Minister for Agriculture, Food and the Marine if consideration will be given to providing dedicated funding or support, whether through his Department's annual animal welfare grant programme or otherwise, to sustain and expand existing schemes that waive adoption fees for older people adopting a rescue animal (details supplied); and if he will make a statement on the matter.",the minister for agriculture food and the marine if consideration will be given to providing dedicated funding or support whether through his department s annual animal welfare grant programme or otherwise to sustain and expand existing schemes that waive adoption fees for older people adopting a rescue animal details supplied and 67357 26,"Agriculture, Food and the Marine",560,562
"129. Deputy Ken O'Flynn asked the Minister for Agriculture, Food and the Marine if he will provide the number of dogs euthanised in local authority dog pounds in each of the years 2022, 2023 and 2024, by local authority and including the figures for Cork City Council and Cork County Council, in tabular form; and if he will make a statement on the matter. [67370/26]",,Agriculture,2026-09-23,0.5036709308624268,Animal Welfare,Animal Welfare,0.5036709308624268,Departmental Data,0.1329273134469986,Control of Dogs,0.1145830526947975,Greyhound Industry,0.0511372499167919,Animal Breeding,0.0503836534917354,Veterinary Services,0.0176169462502002,Hare Coursing,0.0140083115547895,Other,0.0103257521986961,Animal Slaughtering,0.0082363169640302,Animal Passports,0.0080273589119315,67370/26,129,Ken O'Flynn,KEN O'FLYNN,written,en,"To ask the Minister for Agriculture, Food and the Marine if he will provide the number of dogs euthanised in local authority dog pounds in each of the years 2022, 2023 and 2024, by local authority and including the figures for Cork City Council and Cork County Council, in tabular form; and if he will make a statement on the matter.",the minister for agriculture food and the marine if he will provide the number of dogs euthanised in local authority dog pounds in each of the years 2022 2023 and 2024 by local authority and including the figures for cork city council and cork county council in tabular form and 67370 26,"Agriculture, Food and the Marine",564,566
"130. Deputy Ken O'Flynn asked the Minister for Agriculture, Food and the Marine if consideration will be given to introducing a targeted financial support or grant to assist older people and pensioners living alone with the cost of adopting a rescue animal, in view of the rising number of dogs being euthanised in local authority pounds and the recognised health and companionship benefits for older people at risk of social isolation; and if the Minister will make a statement on the matter. [67369/26]",,Agriculture,2026-09-23,0.2406256347894668,Animal Welfare,Animal Welfare,0.2406256347894668,Agriculture Supports,0.0935232192277908,Agriculture Schemes,0.0710843279957771,Departmental Funding,0.0660354122519493,Departmental Policies,0.0559375882148742,Departmental Schemes,0.0361284576356411,Animal Diseases,0.0357112288475036,Grant Payments,0.0318858958780765,Agriculture Industry,0.0232034567743539,Other,0.0195789448916912,67369/26,130,Ken O'Flynn,KEN O'FLYNN,written,en,"To ask the Minister for Agriculture, Food and the Marine if consideration will be given to introducing a targeted financial support or grant to assist older people and pensioners living alone with the cost of adopting a rescue animal, in view of the rising number of dogs being euthanised in local authority pounds and the recognised health and companionship benefits for older people at risk of social isolation; and if the Minister will make a statement on the matter.",the minister for agriculture food and the marine if consideration will be given to introducing a targeted financial support or grant to assist older people and pensioners living alone with the cost of adopting a rescue animal in view of the rising number of dogs being euthanised in local authority pounds and the recognised health and companionship benefits for older people at risk of social isolation and if the minister will make a statement on the matter 67369 26,"Agriculture, Food and the Marine",568,570
"131. Deputy Roderic O'Gorman asked the Minister for Agriculture, Food and the Marine the number of veterinary inspections carried out in 2025 specifically to observe poultry catching and loading (details supplied); if he is unable to provide this data, his reason for the lack of information, given that catching and loading is a particularly stressful event for hens; and the reason data on the effectiveness of stunning before slaughter is not collated. [67410/26]",,Agriculture,2026-09-23,0.343507319688797,Animal Slaughtering,Animal Slaughtering,0.343507319688797,Animal Welfare,0.1600057631731033,Veterinary Services,0.0859150886535644,Live Exports,0.0572101920843124,Animal Diseases,0.0413302108645439,Animal Breeding,0.0393055155873298,Agriculture Industry,0.0280595477670431,Animal Passports,0.0279086232185363,Departmental Data,0.0211472418159246,Control of Horses,0.0175241604447364,67410/26,131,Roderic O'Gorman,RODERIC O'GORMAN,written,en,"To ask the Minister for Agriculture, Food and the Marine the number of veterinary inspections carried out in 2025 specifically to observe poultry catching and loading (details supplied); if he is unable to provide this data, his reason for the lack of information, given that catching and loading is a particularly stressful event for hens; and the reason data on the effectiveness of stunning before slaughter is not collated.",the minister for agriculture food and the marine the number of veterinary inspections carried out in 2025 specifically to observe poultry catching and loading details supplied if he is unable to provide this data his reason for the lack of information given that catching and loading is a particularly stressful event for hens and the reason data on the effectiveness of stunning before slaughter is not collated 67410 26,"Agriculture, Food and the Marine",572,574
"132. Deputy Roderic O'Gorman asked the Minister for Agriculture, Food and the Marine the reason his Department does not collect data on incidences in the egg industry of osteoporosis, peritonitis, egg binding and uterine prolapse; if he is aware whether a Government, local authority or any other body is actively engaged in the collection of this data; if no data is collected on these incidences in laying hens, the reason he consistently states that the highest possible welfare standards are maintained in the industry, if he does not possess data on illness, disease and premature death in the industry. [67409/26]",,Agriculture,2026-09-23,0.1694958060979843,Agriculture Industry,Agriculture Industry,0.1694958060979843,Animal Welfare,0.1544598042964935,Animal Diseases,0.1067893654108047,Departmental Data,0.0729932934045791,Animal Slaughtering,0.0474585220217704,Live Exports,0.0324580520391464,Animal Breeding,0.026545874774456,Agriculture Schemes,0.0234233122318983,Other,0.0220837872475385,Agriculture Supports,0.0186060480773448,67409/26,132,Roderic O'Gorman,RODERIC O'GORMAN,written,en,"To ask the Minister for Agriculture, Food and the Marine the reason his Department does not collect data on incidences in the egg industry of osteoporosis, peritonitis, egg binding and uterine prolapse; if he is aware whether a Government, local authority or any other body is actively engaged in the collection of this data; if no data is collected on these incidences in laying hens, the reason he consistently states that the highest possible welfare standards are maintained in the industry, if he does not possess data on illness, disease and premature death in the industry.",the minister for agriculture food and the marine the reason his department does not collect data on incidences in the egg industry of osteoporosis peritonitis egg binding and uterine prolapse if he is aware whether a government local authority or any other body is actively engaged in the collection of this data if no data is collected on these incidences in laying hens the reason he consistently states that the highest possible welfare standards are maintained in the industry if he does not possess data on illness disease and premature death in the industry 67409 26,"Agriculture, Food and the Marine",576,578
"133. Deputy Roderic O'Gorman asked the Minister for Agriculture, Food and the Marine the number of barn flocks that were inspected by Government-approved vets in 2025; the number of enriched cage flocks that were inspected by Government-approved vets in 2025; the number of free range flocks that were inspected by Government-approved vets in 2025; and the number of organic flocks that were inspected by Government approved vets in 2025. [67408/26]",,Agriculture,2026-09-23,0.2058920711278915,Animal Slaughtering,Animal Slaughtering,0.2058920711278915,Animal Welfare,0.1642252057790756,Departmental Data,0.1210523918271064,Veterinary Services,0.0969744995236396,Animal Breeding,0.0639900714159011,Agriculture Industry,0.0298958756029605,Animal Passports,0.0298072155565023,Animal Diseases,0.0223925206810235,Live Exports,0.0207525603473186,Horse Racing Industry,0.0178760793060064,67408/26,133,Roderic O'Gorman,RODERIC O'GORMAN,written,en,"To ask the Minister for Agriculture, Food and the Marine the number of barn flocks that were inspected by Government-approved vets in 2025; the number of enriched cage flocks that were inspected by Government-approved vets in 2025; the number of free range flocks that were inspected by Government-approved vets in 2025; and the number of organic flocks that were inspected by Government approved vets in 2025.",the minister for agriculture food and the marine the number of barn flocks that were inspected by government-approved vets in 2025 the number of enriched cage flocks that were inspected by government-approved vets in 2025 the number of free range flocks that were inspected by government-approved vets in 2025 and the number of organic flocks that were inspected by government approved vets in 2025 67408 26,"Agriculture, Food and the Marine",580,582
"134. Deputy Roderic O'Gorman asked the Minister for Agriculture, Food and the Marine further to PQ 50437/26, the reason his Department does not collect data on the number of, and the reason for mortalities for hen producers; the reason he considers it unnecessary to collect and assess this data; if he is aware of the significant mortality rate in the industry; and the way in which his Department can form an accurate and up-to-date record on the mortality rate in the industry, and the reasons for these mortalities in the absence of the provision of this data. [67407/26]",,Agriculture,2026-09-23,0.2012045532464981,Agriculture Industry,Agriculture Industry,0.2012045532464981,Animal Slaughtering,0.1269775629043579,Live Exports,0.0788357555866241,Animal Welfare,0.0786144807934761,Animal Diseases,0.0678635835647583,Animal Breeding,0.0406217947602272,Departmental Data,0.0330372899770736,Beef Sector,0.0245443042367696,Pigmeat Sector,0.0216990392655134,Veterinary Services,0.0193701013922691,67407/26,134,Roderic O'Gorman,RODERIC O'GORMAN,written,en,"To ask the Minister for Agriculture, Food and the Marine further to PQ 50437/26, the reason his Department does not collect data on the number of, and the reason for mortalities for hen producers; the reason he considers it unnecessary to collect and assess this data; if he is aware of the significant mortality rate in the industry; and the way in which his Department can form an accurate and up-to-date record on the mortality rate in the industry, and the reasons for these mortalities in the absence of the provision of this data.",the minister for agriculture food and the marine further to pq 50437 26 the reason his department does not collect data on the number of and the reason for mortalities for hen producers the reason he considers it unnecessary to collect and assess this data if he is aware of the significant mortality rate in the industry and the way in which his department can form an accurate and up-to-date record on the mortality rate in the industry and the reasons for these mortalities in the absence of the provision of this data 67407 26,"Agriculture, Food and the Marine",584,586
"135. Deputy Michael Healy-rae asked the Minister for Agriculture, Food and the Marine his views on a replanting order (details supplied); and if he will make a statement on the matter. [67427/26]",,Agriculture,2026-09-23,0.4154446721076965,Forestry Sector,Forestry Sector,0.4154446721076965,Agriculture Industry,0.0660360753536224,Agriculture Schemes,0.0574599802494049,Animal Welfare,0.0529790557920932,Agriculture Supports,0.0391960963606834,Coillte Teoranta,0.0329901948571205,Land Issues,0.0191577300429344,Aquaculture Industry,0.014151657000184,Animal Diseases,0.0136506501585245,Other,0.0136092035099864,67427/26,135,Michael Healy-rae,MICHAEL HEALY-RAE,written,en,"To ask the Minister for Agriculture, Food and the Marine his views on a replanting order (details supplied); and if he will make a statement on the matter.",the minister for agriculture food and the marine his views on a replanting order details supplied and 67427 26,"Agriculture, Food and the Marine",588,590
"136. Deputy David Cullinane asked the Minister for Agriculture, Food and the Marine the total capital funding sought, allocated and drawn down for harbours and piers in each county in each of the years 2021 to 2025 and for the period 1 January to 31 August in 2025 and 2026, broken down by funding programme and local authority, in tabular form. [67609/26]",,Agriculture,2026-09-23,0.8275336623191833,Harbours and Piers,Harbours and Piers,0.8275336623191833,Departmental Funding,0.0254797078669071,Fishery Harbour Centres,0.0182297863066196,Fishing Industry,0.0115966210141778,Ports Policy,0.0109970504418015,Departmental Expenditure,0.0101374089717864,Departmental Data,0.0082914363592863,Departmental Projects,0.0055037690326571,Other,0.0048201736062765,Greenways Provision,0.004035900812596,67609/26,136,David Cullinane,DAVID CULLINANE,written,en,"To ask the Minister for Agriculture, Food and the Marine the total capital funding sought, allocated and drawn down for harbours and piers in each county in each of the years 2021 to 2025 and for the period 1 January to 31 August in 2025 and 2026, broken down by funding programme and local authority, in tabular form.",the minister for agriculture food and the marine the total capital funding sought allocated and drawn down for harbours and piers in each county in each of the years 2021 to 2025 and for the period 1 january to 31 august in 2025 and 2026 broken down by funding programme and local authority in tabular form 67609 26,"Agriculture, Food and the Marine",592,594
"137. Deputy David Cullinane asked the Minister for Agriculture, Food and the Marine the details of each application for capital funding for harbours and piers in County Waterford in each of the years 2021 to 2025 and to 31 August 2026, including the harbour or pier concerned, project description, amount sought, amount allocated, amount drawn down, application and approval date, and current project status, in tabular form. [67608/26]",,Agriculture,2026-09-23,0.8643088340759277,Harbours and Piers,Harbours and Piers,0.8643088340759277,Departmental Funding,0.0180611070245504,Fishery Harbour Centres,0.0149827757850289,Fishing Industry,0.0072890571318566,Departmental Projects,0.0064859520643949,Departmental Expenditure,0.0062663159333169,Departmental Data,0.0053086671978235,Departmental Schemes,0.0051768450066447,Other,0.0045633376576006,Waterways Issues,0.0037176629994064,67608/26,137,David Cullinane,DAVID CULLINANE,written,en,"To ask the Minister for Agriculture, Food and the Marine the details of each application for capital funding for harbours and piers in County Waterford in each of the years 2021 to 2025 and to 31 August 2026, including the harbour or pier concerned, project description, amount sought, amount allocated, amount drawn down, application and approval date, and current project status, in tabular form.",the minister for agriculture food and the marine the details of each application for capital funding for harbours and piers in county waterford in each of the years 2021 to 2025 and to 31 august 2026 including the harbour or pier concerned project description amount sought amount allocated amount drawn down application and approval date and current project status in tabular form 67608 26,"Agriculture, Food and the Marine",596,598
"138. Deputy Eoin Ó Broin asked the Minister for Children, Disability and Equality to provide an update on her Department's progress regarding the Programme for Government commitment to introduce paid surrogacy leave. [67348/26]",,Children,2026-09-23,0.1463919281959533,Maternity Leave,Maternity Leave,0.1463919281959533,Parental Leave,0.1179175451397895,Legislative Measures,0.0963064581155777,Departmental Policies,0.0770392417907714,Assisted Human Reproduction,0.0758955478668212,Mother and Baby Homes,0.0333879888057708,Departmental Schemes,0.0322948954999446,Equality Issues,0.0242380052804946,Legislative Reviews,0.0237092189490795,Departmental Reviews,0.0223613511770963,67348/26,138,Eoin Ó Broin,EOIN Ó BROIN,written,en,"To ask the Minister for Children, Disability and Equality to provide an update on her Department's progress regarding the Programme for Government commitment to introduce paid surrogacy leave.",the minister for children disability and equality to provide an update on her department s progress regarding the programme for government commitment to introduce paid surrogacy leave 67348 26,"Children, Disability and Equality",603,605
"139. Deputy Barry Heneghan asked the Minister for Children, Disability and Equality if she will urgently review (details supplied), given that the service remains in serious financial difficulty; if she will clarify whether documented personal funds contributed by a director to meet salaries, Revenue payments and essential running costs can be taken into account; whether the award can be reviewed or appealed and any further emergency support provided. [67233/26]",,Children,2026-09-23,0.2303830534219741,Childcare Services,Childcare Services,0.2303830534219741,Early Childhood Care and Education,0.1284227818250656,Departmental Funding,0.091978520154953,Youth Services,0.0900377258658409,Disability Services,0.0562137998640537,Charitable and Voluntary Organisations,0.0425269976258277,Child and Family Agency,0.0350174866616725,Children in Care,0.0349589250981807,Family Resource Centres,0.02786286175251,Child Protection,0.0186112020164728,67233/26,139,Barry Heneghan,BARRY HENEGHAN,written,en,"To ask the Minister for Children, Disability and Equality if she will urgently review (details supplied), given that the service remains in serious financial difficulty; if she will clarify whether documented personal funds contributed by a director to meet salaries, Revenue payments and essential running costs can be taken into account; whether the award can be reviewed or appealed and any further emergency support provided.",the minister for children disability and equality if she will urgently review details supplied given that the service remains in serious financial difficulty if she will clarify whether documented personal funds contributed by a director to meet salaries revenue payments and essential running costs can be taken into account whether the award can be reviewed or appealed and any further emergency support provided 67233 26,"Children, Disability and Equality",607,609
"140. Deputy Charles Ward asked the Minister for Children, Disability and Equality whether a formal protocol exists between her Department, Pobal and County Childcare Committees regarding the management of childcare services affected by defective concrete; and if so, to provide details of that protocol. [67388/26]",,Children,2026-09-23,0.4045369923114776,Childcare Services,Childcare Services,0.4045369923114776,Defective Building Materials,0.344505101442337,Departmental Schemes,0.0459928475320339,Early Childhood Care and Education,0.024982376024127,Departmental Data,0.0144270034506917,Departmental Policies,0.0075314943678677,Other,0.0065787285566329,Planning Issues,0.0064829792827367,Fire Safety,0.0058387056924402,Departmental Inquiries,0.0050524971447885,67388/26,140,Charles Ward,CHARLES WARD,written,en,"To ask the Minister for Children, Disability and Equality whether a formal protocol exists between her Department, Pobal and County Childcare Committees regarding the management of childcare services affected by defective concrete; and if so, to provide details of that protocol.",the minister for children disability and equality whether a formal protocol exists between her department pobal and county childcare committees regarding the management of childcare services affected by defective concrete of that protocol 67388 26,"Children, Disability and Equality",611,613
"141. Deputy Charles Ward asked the Minister for Children, Disability and Equality whether childcare facilities affected by defective concrete are being prioritised under the State-led childcare infrastructure programme; and if not, if consideration will be given to establishing such a priority mechanism. [67389/26]",,Children,2026-09-23,0.7151413559913635,Childcare Services,Childcare Services,0.7151413559913635,Defective Building Materials,0.0737239420413971,Departmental Schemes,0.0634792298078537,Early Childhood Care and Education,0.0508526638150215,Departmental Funding,0.008937194943428,Departmental Data,0.0075250407680869,Departmental Programmes,0.0062596523202955,Renewable Energy Generation,0.0026643890887498,Other,0.0025306022725999,Departmental Policies,0.0024939407594501,67389/26,141,Charles Ward,CHARLES WARD,written,en,"To ask the Minister for Children, Disability and Equality whether childcare facilities affected by defective concrete are being prioritised under the State-led childcare infrastructure programme; and if not, if consideration will be given to establishing such a priority mechanism.",the minister for children disability and equality whether childcare facilities affected by defective concrete are being prioritised under the state-led childcare infrastructure programme if consideration will be given to establishing such a priority mechanism 67389 26,"Children, Disability and Equality",615,617
"142. Deputy Charles Ward asked the Minister for Children, Disability and Equality measures in place to ensure that childcare places are not lost where a childcare facility affected by defective concrete becomes unsafe or unsuitable for occupation. [67392/26]",,Children,2026-09-23,0.8890453577041626,Childcare Services,Childcare Services,0.8890453577041626,Early Childhood Care and Education,0.0412067733705043,Departmental Schemes,0.0138363987207412,Defective Building Materials,0.0100752552971243,Departmental Data,0.0028341128490865,Departmental Funding,0.0021955221891403,Departmental Policies,0.0018384213326498,Child and Family Agency,0.0012133101699873,Other,0.0011078474344685,Departmental Programmes,0.0009519571904093,67392/26,142,Charles Ward,CHARLES WARD,written,en,"To ask the Minister for Children, Disability and Equality measures in place to ensure that childcare places are not lost where a childcare facility affected by defective concrete becomes unsafe or unsuitable for occupation.",the minister for children disability and equality measures in place to ensure that childcare places are not lost where a childcare facility affected by defective concrete becomes unsafe or unsuitable for occupation 67392 26,"Children, Disability and Equality",619,621
"143. Deputy Charles Ward asked the Minister for Children, Disability and Equality the funding streams currently available to childcare providers affected by defective concrete, including sustainability funding and capital supports; and the number of providers that have accessed such funding to date. [67395/26]",,Children,2026-09-23,0.860541820526123,Childcare Services,Childcare Services,0.860541820526123,Departmental Funding,0.0330103151500225,Early Childhood Care and Education,0.0314868129789829,Departmental Schemes,0.0178683921694755,Departmental Data,0.0099583268165588,Defective Building Materials,0.004170412197709,Departmental Expenditure,0.0030090431682765,Departmental Programmes,0.0019733146764338,Rural Schemes,0.0015941491583362,Children in Care,0.001526326755993,67395/26,143,Charles Ward,CHARLES WARD,written,en,"To ask the Minister for Children, Disability and Equality the funding streams currently available to childcare providers affected by defective concrete, including sustainability funding and capital supports; and the number of providers that have accessed such funding to date.",the minister for children disability and equality the funding streams currently available to childcare providers affected by defective concrete including sustainability funding and capital supports and the number of providers that have accessed such funding to date 67395 26,"Children, Disability and Equality",623,625
"144. Deputy Emer Currie asked the Minister for Children, Disability and Equality when she expects the new planning regulations in relation to childcare planning to be published, that will update the 2001 planning guidelines under section 28 of the Planning and Development Act, 2000. [67503/26]",,Children,2026-09-23,0.4055909216403961,Childcare Services,Childcare Services,0.4055909216403961,Planning Issues,0.3608476519584656,Departmental Policies,0.0269484668970108,Early Childhood Care and Education,0.0207241531461477,Departmental Data,0.0125215929001569,Housing Policy,0.0123174106702208,Departmental Reviews,0.0095097469165921,Legislative Measures,0.0076239351183176,Other,0.0070974435657262,Housing Provision,0.0062402640469372,67503/26,144,Emer Currie,EMER CURRIE,written,en,"To ask the Minister for Children, Disability and Equality when she expects the new planning regulations in relation to childcare planning to be published, that will update the 2001 planning guidelines under section 28 of the Planning and Development Act, 2000.",the minister for children disability and equality when she expects the new planning regulations childcare planning to be published that will update the 2001 planning guidelines under section 28 of the planning and development act 2000 67503 26,"Children, Disability and Equality",627,629
"145. Deputy Eoin Ó Broin asked the Minister for Children, Disability and Equality for an update on the work of the steering group for the development of a national policy regarding Kinship Care; and if a timeline is available for the completion of the work. [67477/26]",,Children,2026-09-23,0.3669951558113098,Departmental Policies,Departmental Policies,0.3669951558113098,Equality Issues,0.0738580375909805,Departmental Reviews,0.0588599741458892,Departmental Strategies,0.0398026555776596,Other,0.0375282280147075,Residential Institutions,0.0235990080982446,Child Protection,0.0233024600893259,Departmental Meetings,0.0222141668200492,Departmental Reports,0.0201784595847129,Departmental Priorities,0.0174115989357233,67477/26,145,Eoin Ó Broin,EOIN Ó BROIN,written,en,"To ask the Minister for Children, Disability and Equality for an update on the work of the steering group for the development of a national policy regarding Kinship Care; and if a timeline is available for the completion of the work.",the minister for children disability and equality for an update on the work of the steering group for the development of a national policy regarding kinship care and if a timeline is available for the completion of the work 67477 26,"Children, Disability and Equality",631,633
"146. Deputy David Cullinane asked the Minister for Children, Disability and Equality the waiting lists for and approved staffing complement of Waterford South City Children's Disability Network Team at 31 August 2026; the sanctioned, filled and vacant WTE posts by team, discipline, grade; the number of agency WTEs and agency expenditure; the number of children waiting for each service and waiting-time band; the number assigned and unassigned to a key contact or case manager where recorded; and the average and median time to initial contact and commencement of intervention, in tabular form. [67602/26]",,Children,2026-09-23,0.943953812122345,Disability Services,Disability Services,0.943953812122345,Departmental Data,0.0403272435069084,Health Services Staff,0.0047312900424003,Health Services Waiting Lists,0.0016951699508354,Health Services,0.0015073042595759,Disabilities Assessments,0.0011397082125768,Departmental Staff,0.0008898864034563,Mental Health Services,0.0006629018462263,Childcare Services,0.0006462045712396,Care Services,0.0004404202918522,67602/26,146,David Cullinane,DAVID CULLINANE,written,en,"To ask the Minister for Children, Disability and Equality the waiting lists for and approved staffing complement of Waterford South City Children's Disability Network Team at 31 August 2026; the sanctioned, filled and vacant WTE posts by team, discipline, grade; the number of agency WTEs and agency expenditure; the number of children waiting for each service and waiting-time band; the number assigned and unassigned to a key contact or case manager where recorded; and the average and median time to initial contact and commencement of intervention, in tabular form.",the minister for children disability and equality the waiting lists for and approved staffing complement of waterford south city children s disability network team at 31 august 2026 the sanctioned filled and vacant wte posts by team discipline grade the number of agency wtes and agency expenditure the number of children waiting for each service and waiting-time band the number assigned and unassigned to a key contact or case manager where recorded and the average and median time to initial contact and commencement of intervention in tabular form 67602 26,"Children, Disability and Equality",635,637
"147. Deputy David Cullinane asked the Minister for Children, Disability and Equality the approved staffing complement of each Children's Disability Network Team at 31 August 2026; the sanctioned, filled and vacant WTE posts by team, discipline, grade and lead agency; the number of agency WTEs and agency expenditure; the number of children waiting for each service by team and waiting-time band; the number assigned and unassigned to a key contact or case manager where recorded; and the average and median time to initial contact and commencement of intervention, in tabular form. [67597/26]",,Children,2026-09-23,0.916940987110138,Disability Services,Disability Services,0.916940987110138,Departmental Data,0.0684786289930343,Health Services Staff,0.0051546609029173,Health Services,0.001463535008952,Disabilities Assessments,0.0010729805799201,Departmental Staff,0.0010695927776396,Disability Diagnoses,0.0005715168081223,Health Services Waiting Lists,0.0005619141156785,Childcare Services,0.0004783615586347,Health Service Executive,0.0004481832438614,67597/26,147,David Cullinane,DAVID CULLINANE,written,en,"To ask the Minister for Children, Disability and Equality the approved staffing complement of each Children's Disability Network Team at 31 August 2026; the sanctioned, filled and vacant WTE posts by team, discipline, grade and lead agency; the number of agency WTEs and agency expenditure; the number of children waiting for each service by team and waiting-time band; the number assigned and unassigned to a key contact or case manager where recorded; and the average and median time to initial contact and commencement of intervention, in tabular form.",the minister for children disability and equality the approved staffing complement of each children s disability network team at 31 august 2026 the sanctioned filled and vacant wte posts by team discipline grade and lead agency the number of agency wtes and agency expenditure the number of children waiting for each service by team and waiting-time band the number assigned and unassigned to a key contact or case manager where recorded and the average and median time to initial contact and commencement of intervention in tabular form 67597 26,"Children, Disability and Equality",639,641
"148. Deputy Peadar Tóibín asked the Minister for Health the number of additional home support hours that have been assessed as clinically required but remain undelivered nationally, and by county. [67229/26]",,Health,2026-09-23,0.6292449831962585,Home Help Service,Home Help Service,0.6292449831962585,Home Care Packages,0.3180488049983978,Departmental Data,0.0094355782493948,Care Services,0.006705061532557,Health Services,0.006643068511039,Health Services Waiting Lists,0.0039663054049015,Disability Services,0.0036329880822449,Mental Health Services,0.0028207888826727,Primary Care Services,0.00205744872801,Care of the Elderly,0.0012498399009928,67229/26,148,Peadar Tóibín,PEADAR TÓIBÍN,written,en,"To ask the Minister for Health the number of additional home support hours that have been assessed as clinically required but remain undelivered nationally, and by county.",the minister for health the number of additional home support hours that have been assessed as clinically required but remain undelivered nationally and by county 67229 26,Health,646,648
"149. Deputy Barry Heneghan asked the Minister for Health further to Parliamentary Question No. 866 of 6 May 2026, and the HSE response, if she is aware that certified athletic therapists are qualified to manage patients under the criteria outlined by the HSE, but are prevented from assisting due to a lack of regulation; if she will urgently progress regulation of the profession, given that 300 ARTI certified athletic therapists currently practice in Ireland and approximately 150 honours degree students graduate from four Irish universities each year, so they can support physiotherapy services and help reduce waiting lists. [67119/26]",,Health,2026-09-23,0.6477003693580627,Health Services Staff,Health Services Staff,0.6477003693580627,Health Services,0.1513462960720062,Health Service Executive,0.0468232110142707,Medical Qualifications,0.0287210047245025,Hospital Staff,0.0174049157649278,Disability Services,0.0123904021456837,Healthcare Policy,0.0102964183315634,Mental Health Services,0.0075139780528843,Primary Care Services,0.0049513196572661,Medical Aids and Appliances,0.0047074514441192,67119/26,149,Barry Heneghan,BARRY HENEGHAN,written,en,"To ask the Minister for Health further to Parliamentary Question No. 866 of 6 May 2026, and the HSE response, if she is aware that certified athletic therapists are qualified to manage patients under the criteria outlined by the HSE, but are prevented from assisting due to a lack of regulation; if she will urgently progress regulation of the profession, given that 300 ARTI certified athletic therapists currently practice in Ireland and approximately 150 honours degree students graduate from four Irish universities each year, so they can support physiotherapy services and help reduce waiting lists.",the minister for health further to parliamentary question no 866 of 6 may 2026 and the hse response if she is aware that certified athletic therapists are qualified to manage patients under the criteria outlined by the hse but are prevented from assisting due to a lack of regulation if she will urgently progress regulation of the profession given that 300 arti certified athletic therapists currently practice in ireland and approximately 150 honours degree students graduate from four irish universities each year so they can support physiotherapy services and help reduce waiting lists 67119 26,Health,650,652
150. Deputy Peadar Tóibín asked the Minister for Health the number of home-support hours approved but undelivered due to workforce shortages. [67240/26],,Health,2026-09-23,0.6562168002128601,Home Help Service,Home Help Service,0.6562168002128601,Home Care Packages,0.3075211346149444,Care Services,0.0080909561365842,Departmental Data,0.0046603879891335,Health Services,0.0043344418518245,Disability Services,0.002577832667157,Primary Care Services,0.0014761836500838,Care of the Elderly,0.0013903329381719,Health Services Staff,0.0013443548232316,Health Services Waiting Lists,0.0013227990129962,67240/26,150,Peadar Tóibín,PEADAR TÓIBÍN,written,en,To ask the Minister for Health the number of home-support hours approved but undelivered due to workforce shortages.,the minister for health the number of home-support hours approved but undelivered due to workforce shortages 67240 26,Health,654,656
151. Deputy Peadar Tóibín asked the Minister for Health whether an analysis has been conducted on the relationship between home-support worker pay rates and unfilled home-support hours nationally. [67238/26],,Health,2026-09-23,0.6351231932640076,Home Help Service,Home Help Service,0.6351231932640076,Home Care Packages,0.186415284872055,Health Services Staff,0.0397714227437973,Care Services,0.0298260618001222,Public Sector Pay,0.0184392649680376,Health Services,0.0096432296559214,Disability Services,0.00530899874866,Departmental Data,0.005284774582833,Healthcare Policy,0.0046231164596974,Departmental Reviews,0.0039469576440751,67238/26,151,Peadar Tóibín,PEADAR TÓIBÍN,written,en,To ask the Minister for Health whether an analysis has been conducted on the relationship between home-support worker pay rates and unfilled home-support hours nationally.,the minister for health whether an analysis has been conducted on the relationship between home-support worker pay rates and unfilled home-support hours nationally 67238 26,Health,658,660
152. Deputy Peadar Tóibín asked the Minister for Health the proportion of State-funded home-support expenditure that reaches frontline care staff as wages [67236/26],,Health,2026-09-23,0.4026402235031128,Home Help Service,Home Help Service,0.4026402235031128,Home Care Packages,0.2765155136585235,Care Services,0.0640448927879333,Health Services,0.0434038043022155,Departmental Expenditure,0.0387341156601905,Departmental Data,0.032186783850193,Health Services Staff,0.0168180502951145,Departmental Funding,0.0153349209576845,Disability Services,0.0094591872766613,Departmental Schemes,0.0088812550529837,67236/26,152,Peadar Tóibín,PEADAR TÓIBÍN,written,en,To ask the Minister for Health the proportion of State-funded home-support expenditure that reaches frontline care staff as wages,the minister for health the proportion of state-funded home-support expenditure that reaches frontline care staff as wages 67236 26,Health,662,664
153. Deputy Peadar Tóibín asked the Minister for Health the average gross margin retained by home-support providers for each €32.73 home-support hour funded by the HSE. [67235/26],,Health,2026-09-23,0.4914607107639313,Home Care Packages,Home Care Packages,0.4914607107639313,Home Help Service,0.4362548291683197,Care Services,0.0201788656413555,Health Services,0.0093413842841982,Departmental Data,0.0057184193283319,Departmental Schemes,0.0046598659828305,Disability Services,0.0033220008481293,Care of the Elderly,0.003240771126002,Health Services Waiting Lists,0.0026803829241544,Health Service Executive,0.0015081331366673,67235/26,153,Peadar Tóibín,PEADAR TÓIBÍN,written,en,To ask the Minister for Health the average gross margin retained by home-support providers for each €32.73 home-support hour funded by the HSE.,the minister for health the average gross margin retained by home-support providers for each 32 73 home-support hour funded by the hse 67235 26,Health,666,668
154. Deputy Cathal Crowe asked the Minister for Health for a report on the take up by nursing homes of the resident environment enhancement scheme. [67258/26],,Health,2026-09-23,0.9551361203193665,Nursing Homes,Nursing Homes,0.9551361203193665,Departmental Schemes,0.0202678497880697,Care Services,0.0026310156099498,Covid-19 Pandemic,0.0019747638143599,Departmental Data,0.0018298299983143,Health Services,0.0016530987340956,Care of the Elderly,0.0008588910568505,Departmental Inquiries,0.0007990272715687,Housing Schemes,0.0006754164933227,Healthcare Policy,0.0006168674444779,67258/26,154,Cathal Crowe,CATHAL CROWE,written,en,To ask the Minister for Health for a report on the take up by nursing homes of the resident environment enhancement scheme.,the minister for health for a report on the take up by nursing homes of the resident environment enhancement scheme 67258 26,Health,670,672
"155. Deputy David Cullinane asked the Minister for Health the current NAS policy governing eligibility for shift allowance or shift premium for paramedics, including the minimum number and type of qualifying shifts required, for each grade and cohort; the details of circulars or similar governing this; and whether there a different rules for new paramedics in any service area compared to existing staff. [67255/26]",,Health,2026-09-23,0.5041583180427551,Health Services Staff,Health Services Staff,0.5041583180427551,Ambulance Service,0.135435938835144,Hospital Staff,0.0455441288650035,Health Services,0.0334768816828727,Covid-19 Pandemic Supports,0.029086634516716,Covid-19 Pandemic,0.0272218249738216,General Practitioner Services,0.01737623475492,Disability Services,0.0108037507161498,Health Service Executive,0.0097765987738966,Departmental Policies,0.0092158541083335,67255/26,155,David Cullinane,DAVID CULLINANE,written,en,"To ask the Minister for Health the current NAS policy governing eligibility for shift allowance or shift premium for paramedics, including the minimum number and type of qualifying shifts required, for each grade and cohort; the details of circulars or similar governing this; and whether there a different rules for new paramedics in any service area compared to existing staff.",the minister for health the current nas policy governing eligibility for shift allowance or shift premium for paramedics including the minimum number and type of qualifying shifts required for each grade and cohort the details of circulars or similar governing this and whether there a different rules for new paramedics in any service area compared to existing staff 67255 26,Health,674,676
156. Deputy Paul Murphy asked the Minister for Health the status of a medication (details supplied) for the treatment of Phenylketonuria (PKU) in Ireland. [67252/26],,Health,2026-09-23,0.9728057384490968,Medicinal Products,Medicinal Products,0.9728057384490968,Health Services,0.0111782429739832,Medical Aids and Appliances,0.0013391593238338,Healthcare Policy,0.0012950991513207,Pharmacy Services,0.0012092667166143,Departmental Schemes,0.0010485850507393,Departmental Data,0.0009655202156864,Disability Services,0.0008123612497001,Cancer Services,0.0007035263697616,Health Service Executive,0.0006933110998943,67252/26,156,Paul Murphy,PAUL MURPHY,written,en,To ask the Minister for Health the status of a medication (details supplied) for the treatment of Phenylketonuria (PKU) in Ireland.,the minister for health the status of a medication details supplied for the treatment of phenylketonuria pku in ireland 67252 26,Health,678,680
"157. Deputy David Cullinane asked the Minister for Health the status of the chronic disease management programme and implementation across all areas; the number of GP's providing services in each area; the number of other workers associated with the programme in whole time equivalent in each area; the number of unfilled posts associated with the programme by area; the spend on the scheme in each year since inception and to date in 2026, by area, in tabular form; if she has considered making the scheme universal; and the potential cost of making the scheme universal. [67246/26]",,Health,2026-09-23,0.3361179828643799,Disease Management,Disease Management,0.3361179828643799,Health Services,0.283457338809967,Healthcare Policy,0.1100534722208976,Health Strategies,0.0774056538939476,Departmental Data,0.0363143309950828,General Practitioner Services,0.0241754427552223,Departmental Schemes,0.0179689619690179,Health Promotion,0.0104117784649133,Departmental Programmes,0.0085529787465929,Medicinal Products,0.0075781550258398,67246/26,157,David Cullinane,DAVID CULLINANE,written,en,"To ask the Minister for Health the status of the chronic disease management programme and implementation across all areas; the number of GP's providing services in each area; the number of other workers associated with the programme in whole time equivalent in each area; the number of unfilled posts associated with the programme by area; the spend on the scheme in each year since inception and to date in 2026, by area, in tabular form; if she has considered making the scheme universal; and the potential cost of making the scheme universal.",the minister for health the status of the chronic disease management programme and implementation across all areas the number of gp s providing services in each area the number of other workers associated with the programme in whole time equivalent in each area the number of unfilled posts associated with the programme by area the spend on the scheme in each year since inception and to date in 2026 by area in tabular form if she has considered making the scheme universal and the potential cost of making the scheme universal 67246 26,Health,682,684
158. Deputy Robert Troy asked the Minister for Health If she will ensure an urgent surgery appointment is expedited for a patient (details supplied). [67346/26],,Health,2026-09-23,0.9199073910713196,Hospital Appointments Status,Hospital Appointments Status,0.9199073910713196,Hospital Waiting Lists,0.0471868030726909,Hospital Procedures,0.0067929374054074,Health Services Waiting Lists,0.0066974074579775,Health Services,0.0060660266317427,Hospital Services,0.0039049610495567,Hospital Admissions,0.0014268110971897,Departmental Data,0.0004205680161248,Hospital Transfers,0.0004161479882895,Dental Services,0.0004151682951487,67346/26,158,Robert Troy,ROBERT TROY,written,en,To ask the Minister for Health If she will ensure an urgent surgery appointment is expedited for a patient (details supplied).,the minister for health if she will ensure an urgent surgery appointment is expedited for a patient details supplied 67346 26,Health,686,688
"159. Deputy Catherine Callaghan asked the Minister for Health whether she has considered adding a home INR monitoring system (details supplied) to the HSE reimbursement list for patients who require regular anticoagulation monitoring; whether an assessment has been undertaken of the potential benefits of home INR self-testing in improving patient outcomes, reducing demand on primary and secondary care services, and enhancing patients' quality of life. [67340/26]",,Health,2026-09-23,0.4884161055088043,Home Care Packages,Home Care Packages,0.4884161055088043,Health Services,0.2118995636701584,Home Help Service,0.1012841612100601,Care Services,0.0358847603201866,Health Service Executive,0.0196158122271299,Healthcare Policy,0.0192599035799503,Care of the Elderly,0.0133822057396173,Departmental Schemes,0.0086810272186994,Health Services Waiting Lists,0.0070059653371572,Medical Aids and Appliances,0.0068658171221613,67340/26,159,Catherine Callaghan,CATHERINE CALLAGHAN,written,en,"To ask the Minister for Health whether she has considered adding a home INR monitoring system (details supplied) to the HSE reimbursement list for patients who require regular anticoagulation monitoring; whether an assessment has been undertaken of the potential benefits of home INR self-testing in improving patient outcomes, reducing demand on primary and secondary care services, and enhancing patients' quality of life.",the minister for health whether she has considered adding a home inr monitoring system details supplied to the hse reimbursement list for patients who require regular anticoagulation monitoring whether an assessment has been undertaken of the potential benefits of home inr self-testing in improving patient outcomes reducing demand on primary and secondary care services and enhancing patients quality of life 67340 26,Health,690,692
"160. Deputy John Paul O'Shea asked the Minister for Health further to Parliamentary Question No. 587 of 5 March 2026, for an update on the formal business case concerning orthodontic staffing in HSE South West; whether approval has been granted for additional consultant orthodontist posts and succession planning for the anticipated retirement; the current number of consultant orthodontists employed in whole-time equivalent terms; the number of children awaiting assessment and treatment in Cork and Kerry, respectively; the current waiting times; and the measures being taken to reduce these waiting lists. [67335/26]",,Health,2026-09-23,0.4146986901760101,Dental Services,Dental Services,0.4146986901760101,Health Services Staff,0.4145908057689667,Hospital Staff,0.0645041540265083,Health Service Executive,0.0234347954392433,Health Services,0.0194304399192333,Health Services Waiting Lists,0.0077734063379466,Departmental Data,0.0070690438151359,Hospital Waiting Lists,0.0048801461234688,Departmental Staff,0.0048576421104371,Cancer Services,0.0044839149340987,67335/26,160,John Paul O'Shea,JOHN PAUL O'SHEA,written,en,"To ask the Minister for Health further to Parliamentary Question No. 587 of 5 March 2026, for an update on the formal business case concerning orthodontic staffing in HSE South West; whether approval has been granted for additional consultant orthodontist posts and succession planning for the anticipated retirement; the current number of consultant orthodontists employed in whole-time equivalent terms; the number of children awaiting assessment and treatment in Cork and Kerry, respectively; the current waiting times; and the measures being taken to reduce these waiting lists.",the minister for health further to parliamentary question no 587 of 5 march 2026 for an update on the formal business case concerning orthodontic staffing in hse south west whether approval has been granted for additional consultant orthodontist posts and succession planning for the anticipated retirement the current number of consultant orthodontists employed in whole-time equivalent terms the number of children awaiting assessment and treatment in cork and kerry respectively the current waiting times and the measures being taken to reduce these waiting lists 67335 26,Health,694,696
161. Deputy Naoise Ó Muirí asked the Minister for Health if she will outline the rationale for the decommissioning of the administrative post supporting physiotherapy and speech and language therapy services in Swinford; and if she will provide details of any impact or risk assessment carried out prior to this decision. [67353/26],,Health,2026-09-23,0.5573409199714661,Health Services Staff,Health Services Staff,0.5573409199714661,Disability Services,0.1735958307981491,Health Services,0.1614377498626709,Mental Health Services,0.0209163054823875,Health Service Executive,0.0106896329671144,Primary Care Services,0.0094142137095332,Hospital Staff,0.0075359046459198,Community Care,0.0072695151902735,Care Services,0.0055602458305656,Healthcare Infrastructure Provision,0.0030020975973457,67353/26,161,Naoise Ó Muirí,NAOISE Ó MUIRÍ,written,en,To ask the Minister for Health if she will outline the rationale for the decommissioning of the administrative post supporting physiotherapy and speech and language therapy services in Swinford; and if she will provide details of any impact or risk assessment carried out prior to this decision.,the minister for health if she will outline the rationale for the decommissioning of the administrative post supporting physiotherapy and speech and language therapy services in swinford and if she will provide details of any impact or risk assessment carried out prior to this decision 67353 26,Health,698,700
"162. Deputy John Paul O'Shea asked the Minister for Health further to Parliamentary Question No. 1922 of 4 November 2025, for an update on the proposed enhanced community care facility in Mallow, County Cork; whether the Strategic Healthcare Investment Framework analysis referred to in the response to this Parliamentary Question has been completed; the outcome of that analysis; the services now proposed for the facility; and the current position regarding its location and delivery through a lease model; the expected timeline for a new tender process and the opening of the facility. [67334/26]",,Health,2026-09-23,0.3691112399101257,Healthcare Infrastructure Provision,Healthcare Infrastructure Provision,0.3691112399101257,Health Services,0.1567620784044265,Community Care,0.0671135857701301,Care of the Elderly,0.0638705343008041,Primary Care Centres,0.0599168613553047,Care Services,0.0553640276193618,Primary Care Services,0.0379825755953788,Hospital Facilities,0.0295785181224346,Mental Health Services,0.0193879678845405,Departmental Projects,0.0164735969156026,67334/26,162,John Paul O'Shea,JOHN PAUL O'SHEA,written,en,"To ask the Minister for Health further to Parliamentary Question No. 1922 of 4 November 2025, for an update on the proposed enhanced community care facility in Mallow, County Cork; whether the Strategic Healthcare Investment Framework analysis referred to in the response to this Parliamentary Question has been completed; the outcome of that analysis; the services now proposed for the facility; and the current position regarding its location and delivery through a lease model; the expected timeline for a new tender process and the opening of the facility.",the minister for health further to parliamentary question no 1922 of 4 november 2025 for an update on the proposed enhanced community care facility in mallow county cork whether the strategic healthcare investment framework analysis referred to in the response to this parliamentary question has been completed the outcome of that analysis the services now proposed for the facility and the current position regarding its location and delivery through a lease model the expected timeline for a new tender process and the opening of the facility 67334 26,Health,702,704
"163. Deputy Naoise Ó Muirí asked the Minister for Health for an update on the contingency arrangements the HSE has put in place to ensure continuity of care for physiotherapy and speech and language therapy patients in Swinford, given that clinicians will be required to undertake non clinical administrative duties in the absence of dedicated administrative staff. [67355/26]",,Health,2026-09-23,0.3453041017055511,Health Services Staff,Health Services Staff,0.3453041017055511,Health Services,0.2976482212543487,Health Service Executive,0.1735608130693435,Mental Health Services,0.0399323590099811,Disability Services,0.0374565981328487,Primary Care Services,0.0186112578958272,Hospital Staff,0.0127687193453311,Hospital Services,0.0105083435773849,Health Services Waiting Lists,0.0083304457366466,Community Care,0.0081285089254379,67355/26,163,Naoise Ó Muirí,NAOISE Ó MUIRÍ,written,en,"To ask the Minister for Health for an update on the contingency arrangements the HSE has put in place to ensure continuity of care for physiotherapy and speech and language therapy patients in Swinford, given that clinicians will be required to undertake non clinical administrative duties in the absence of dedicated administrative staff.",the minister for health for an update on the contingency arrangements the hse has put in place to ensure continuity of care for physiotherapy and speech and language therapy patients in swinford given that clinicians will be required to undertake non clinical administrative duties in the absence of dedicated administrative staff 67355 26,Health,706,708
"164. Deputy Paul Lawless asked the Minister for Health if she is aware of concerns raised by families affected by paediatric acute-onset neuropsychiatric syndrome and paediatric autoimmune neuropsychiatric disorders associated with streptococcal infections; whether consideration is being given to the development of clinical guidance or care pathways for affected children; whether officials from her Department, the HSE, or relevant clinical specialties will attend forthcoming educational and awareness events relating to these conditions; and if she will make a statement on the matter. [67333/26]",,Health,2026-09-23,0.3485866487026214,Disease Management,Disease Management,0.3485866487026214,Health Services,0.2969774305820465,Healthcare Policy,0.1912333369255066,Health Strategies,0.0195971392095088,Hospital Services,0.0148558774963021,Departmental Data,0.0108344545587897,Health Screening Programmes,0.0105565031990408,Infectious Diseases,0.0077920770272612,Departmental Policies,0.0069512780755758,Hospital Procedures,0.0069119450636208,67333/26,164,Paul Lawless,PAUL LAWLESS,written,en,"To ask the Minister for Health if she is aware of concerns raised by families affected by paediatric acute-onset neuropsychiatric syndrome and paediatric autoimmune neuropsychiatric disorders associated with streptococcal infections; whether consideration is being given to the development of clinical guidance or care pathways for affected children; whether officials from her Department, the HSE, or relevant clinical specialties will attend forthcoming educational and awareness events relating to these conditions; and if she will make a statement on the matter.",the minister for health if she is aware of concerns raised by families affected by paediatric acute-onset neuropsychiatric syndrome and paediatric autoimmune neuropsychiatric disorders associated with streptococcal infections whether consideration is being given to the development of clinical guidance or care pathways for affected children whether officials from her department the hse or relevant clinical specialties will attend forthcoming educational and awareness events relating to these conditions and 67333 26,Health,710,712
165. Deputy Naoise Ó Muirí asked the Minister for Health the health and safety requirements that must be met for the proposed chiropody clinic in Swinford; and the reason the clinic cannot proceed in the absence of administrative support. [67359/26],,Health,2026-09-23,0.4619201123714447,Healthcare Infrastructure Provision,Healthcare Infrastructure Provision,0.4619201123714447,Health Services,0.3423300981521606,Hospital Facilities,0.0654530078172683,Hospital Services,0.0227925367653369,Community Care,0.0197383891791105,Healthcare Policy,0.0077247475273907,Primary Care Centres,0.0074045779183506,Care of the Elderly,0.0071627865545451,Primary Care Services,0.0069795129820704,Mental Health Services,0.006860505323857,67359/26,165,Naoise Ó Muirí,NAOISE Ó MUIRÍ,written,en,To ask the Minister for Health the health and safety requirements that must be met for the proposed chiropody clinic in Swinford; and the reason the clinic cannot proceed in the absence of administrative support.,the minister for health the health and safety requirements that must be met for the proposed chiropody clinic in swinford and the reason the clinic cannot proceed in the absence of administrative support 67359 26,Health,714,716
166. Deputy Naoise Ó Muirí asked the Minister for Health whether the planned rollout of the CRNT Physiotherapy service in Swinford at the end of September is now at risk due to the withdrawal of administrative support; and the steps will be taken to ensure the service proceeds as scheduled. [67358/26],,Health,2026-09-23,0.7789035439491272,Health Services,Health Services,0.7789035439491272,Disability Services,0.0931867510080337,Mental Health Services,0.0470908507704734,Health Services Staff,0.0125616155564785,Health Services Waiting Lists,0.0118886167183518,Primary Care Services,0.0113366870209574,Community Care,0.0049584163352847,Hospital Services,0.0036749979481101,Care Services,0.0033489551860839,Healthcare Policy,0.0030374864581972,67358/26,166,Naoise Ó Muirí,NAOISE Ó MUIRÍ,written,en,To ask the Minister for Health whether the planned rollout of the CRNT Physiotherapy service in Swinford at the end of September is now at risk due to the withdrawal of administrative support; and the steps will be taken to ensure the service proceeds as scheduled.,the minister for health whether the planned rollout of the crnt physiotherapy service in swinford at the end of september is now at risk due to the withdrawal of administrative support and the steps will be taken to ensure the service proceeds as scheduled 67358 26,Health,718,720
167. Deputy Peadar Tóibín asked the Minister for Health the average hourly rate paid to frontline home-support workers employed by private providers contracted by the HSE. [67234/26],,Health,2026-09-23,0.5251736044883728,Home Help Service,Home Help Service,0.5251736044883728,Health Services Staff,0.1840177178382873,Home Care Packages,0.1254453510046005,Care Services,0.0683933347463607,Health Services,0.0201361272484064,Departmental Data,0.0152245284989476,Health Service Executive,0.0127633241936564,Primary Care Services,0.0051866075955331,Disability Services,0.0036959438584744,Care of the Elderly,0.0036306087858974,67234/26,167,Peadar Tóibín,PEADAR TÓIBÍN,written,en,To ask the Minister for Health the average hourly rate paid to frontline home-support workers employed by private providers contracted by the HSE.,the minister for health the average hourly rate paid to frontline home-support workers employed by private providers contracted by the hse 67234 26,Health,722,724
168. Deputy Naoise Ó Muirí asked the Minister for Health the criteria used by the HSE when deciding to decommission administrative posts; and whether the option of recommissioning the existing administrative role in Swinford was considered as an alternative to reliance on agency staff. [67361/26],,Health,2026-09-23,0.5997387766838074,Health Service Executive,Health Service Executive,0.5997387766838074,Health Services Staff,0.3014580905437469,Hospital Staff,0.0196027141064405,Health Services,0.0162764675915241,Mental Health Services,0.0103216702118515,Disability Services,0.0045621301978826,Departmental Staff,0.0040800925344228,Departmental Funding,0.0021330511663109,Healthcare Infrastructure Provision,0.0020730341784656,Healthcare Policy,0.0018496549455448,67361/26,168,Naoise Ó Muirí,NAOISE Ó MUIRÍ,written,en,To ask the Minister for Health the criteria used by the HSE when deciding to decommission administrative posts; and whether the option of recommissioning the existing administrative role in Swinford was considered as an alternative to reliance on agency staff.,the minister for health the criteria used by the hse when deciding to decommission administrative posts and whether the option of recommissioning the existing administrative role in swinford was considered as an alternative to reliance on agency staff 67361 26,Health,726,728
169. Deputy Naoise Ó Muirí asked the Minister for Health whether the HSE has undertaken any review of primary care service provision in East Mayo; and if she will address concerns that the withdrawal of administrative support in Swinford represents a systematic wind down of local services. [67360/26],,Health,2026-09-23,0.4543282091617584,Primary Care Services,Primary Care Services,0.4543282091617584,Primary Care Centres,0.4053217768669128,Health Services,0.0282309670001268,Health Service Executive,0.0231835842132568,Healthcare Infrastructure Provision,0.0204504691064357,Health Services Staff,0.0106863779947161,Care Services,0.0083777653053402,Care of the Elderly,0.0079456064850091,Mental Health Services,0.0046477504074573,Departmental Data,0.003990804310888,67360/26,169,Naoise Ó Muirí,NAOISE Ó MUIRÍ,written,en,To ask the Minister for Health whether the HSE has undertaken any review of primary care service provision in East Mayo; and if she will address concerns that the withdrawal of administrative support in Swinford represents a systematic wind down of local services.,the minister for health whether the hse has undertaken any review of primary care service provision in east mayo and if she will address concerns that the withdrawal of administrative support in swinford represents a systematic wind down of local services 67360 26,Health,730,732
170. Deputy Micheál Carrigy asked the Minister for Health the steps being taken to resolve administrative and multidisciplinary assessment delays for a child (details supplied) caught between the HSE primary care and children’s disability network teams (CDNT); the specific measures in place to ensure families receive timely updates and liaison officer engagement following multidisciplinary review meetings; and if she will make a statement on the matter. [67378/26],,Health,2026-09-23,0.6212660670280457,Disabilities Assessments,Disabilities Assessments,0.6212660670280457,Disability Services,0.2635405361652374,Health Services,0.0250190012156963,Departmental Data,0.0196492653340101,Health Services Waiting Lists,0.0145697863772511,Disability Diagnoses,0.0110037485137581,Health Service Executive,0.0054928981699049,Mental Health Services,0.0045194895938038,Psychological Assessments,0.0043610259890556,Primary Care Services,0.0038428707048296,67378/26,170,Micheál Carrigy,MICHEÁL CARRIGY,written,en,To ask the Minister for Health the steps being taken to resolve administrative and multidisciplinary assessment delays for a child (details supplied) caught between the HSE primary care and children’s disability network teams (CDNT); the specific measures in place to ensure families receive timely updates and liaison officer engagement following multidisciplinary review meetings; and if she will make a statement on the matter.,the minister for health the steps being taken to resolve administrative and multidisciplinary assessment delays for a child details supplied caught between the hse primary care and children s disability network teams cdnt the specific measures in place to ensure families receive timely updates and liaison officer engagement following multidisciplinary review meetings and 67378 26,Health,734,736
171. Deputy Cathal Crowe asked the Minister for Health for an update on the implementation of the Programme for Government commitments regarding pharmacists and pharmacy services. [67415/26],,Health,2026-09-23,0.8479114770889282,Pharmacy Services,Pharmacy Services,0.8479114770889282,Healthcare Policy,0.0334075689315795,Medicinal Products,0.0137538965791463,Health Services,0.0114796617999672,Health Strategies,0.006559410598129,Health Promotion,0.0040729395113885,Departmental Schemes,0.0035151476040482,Departmental Reviews,0.0031145624816417,Departmental Data,0.0030142641626298,Departmental Policies,0.0029642935842275,67415/26,171,Cathal Crowe,CATHAL CROWE,written,en,To ask the Minister for Health for an update on the implementation of the Programme for Government commitments regarding pharmacists and pharmacy services.,the minister for health for an update on the implementation of the programme for government commitments regarding pharmacists and pharmacy services 67415 26,Health,738,740
"172. Deputy Pádraig Rice asked the Minister for Health if she will commit to completing and publishing a national model of care for acute and chronic pain services, together with a funded, time-bound implementation plan. [67494/26]",,Health,2026-09-23,0.634375274181366,Health Services,Health Services,0.634375274181366,Healthcare Policy,0.1872841566801071,Health Strategies,0.078852504491806,Disease Management,0.0179007500410079,Hospital Services,0.0097240908071398,Disability Services,0.0081753972917795,Departmental Strategies,0.0080419583246111,Departmental Policies,0.0058067059144377,Health Promotion,0.004296907223761,Addiction Treatment Services,0.0039603803306818,67494/26,172,Pádraig Rice,PÁDRAIG RICE,written,en,"To ask the Minister for Health if she will commit to completing and publishing a national model of care for acute and chronic pain services, together with a funded, time-bound implementation plan.",the minister for health if she will commit to completing and publishing a national model of care for acute and chronic pain services together with a funded time-bound implementation plan 67494 26,Health,742,744
"173. Deputy Pádraig Rice asked the Minister for Health if she will implement the ICD-11 chronic-pain classifications; and to outline her plans to improve national chronic-pain data on need, service capacity, access, waiting times and outcomes. [67493/26]",,Health,2026-09-23,0.514800488948822,Health Services,Health Services,0.514800488948822,Disease Management,0.1974384784698486,Healthcare Policy,0.1114291399717331,Health Strategies,0.0433179810643196,Disability Services,0.0234103668481111,Health Services Waiting Lists,0.0107650309801101,Medicinal Products,0.0088636744767427,Departmental Data,0.0086440900340676,Hospital Waiting Lists,0.0082286968827247,Departmental Strategies,0.0047881416976451,67493/26,173,Pádraig Rice,PÁDRAIG RICE,written,en,"To ask the Minister for Health if she will implement the ICD-11 chronic-pain classifications; and to outline her plans to improve national chronic-pain data on need, service capacity, access, waiting times and outcomes.",the minister for health if she will implement the icd-11 chronic-pain classifications and her plans to improve national chronic-pain data on need service capacity access waiting times and outcomes 67493 26,Health,746,748
174. Deputy Pádraig Rice asked the Minister for Health if she will meet with Chronic Pain Ireland and Societal Impact of Pain regarding their 2026 Pain Awareness campaign and policy asks. [67492/26],,Health,2026-09-23,0.4350084066390991,Healthcare Policy,Healthcare Policy,0.4350084066390991,Health Services,0.2144318670034408,Health Strategies,0.1547799259424209,Health Promotion,0.0318468064069747,Disease Management,0.0210204850882291,Medicinal Products,0.0207611620426177,Departmental Policies,0.0185620170086622,Medical Aids and Appliances,0.0141558218747377,Substance Misuse,0.011964856646955,Departmental Strategies,0.008355513215065,67492/26,174,Pádraig Rice,PÁDRAIG RICE,written,en,To ask the Minister for Health if she will meet with Chronic Pain Ireland and Societal Impact of Pain regarding their 2026 Pain Awareness campaign and policy asks.,the minister for health if she will meet with chronic pain ireland and societal impact of pain regarding their 2026 pain awareness campaign and policy asks 67492 26,Health,750,752
175. Deputy Pádraig Rice asked the Minister for Health the reason for a tender (details supplied); the cost and duration of same. [67491/26],,Health,2026-09-23,0.2797238528728485,Health Services,Health Services,0.2797238528728485,Public Procurement Contracts,0.1107627898454666,Health Service Executive,0.0868642926216125,Departmental Contracts,0.0738555863499641,Health Services Staff,0.0364711098372936,Healthcare Infrastructure Provision,0.0324086397886276,Disability Services,0.0210047829896211,Primary Care Centres,0.0185493975877761,Nursing Homes,0.0154914651066064,Ambulance Service,0.0152674661949276,67491/26,175,Pádraig Rice,PÁDRAIG RICE,written,en,To ask the Minister for Health the reason for a tender (details supplied); the cost and duration of same.,the minister for health the reason for a tender details supplied the cost and duration of same 67491 26,Health,754,756
"176. Deputy Pádraig Rice asked the Minister for Health if she will request the HSE to release an outstanding assessment report to a child's parent (details supplied); the reasons it was omitted from the disclosure schedule; if any formal decision was taken to withhold it; and if so, the basis for this decision. [67490/26]",,Health,2026-09-23,0.2814676463603973,Health Service Executive,Health Service Executive,0.2814676463603973,Health Services,0.1905262619256973,Disabilities Assessments,0.0990717113018035,Departmental Reviews,0.0536653473973274,Disability Services,0.0379531681537628,Mental Health Services,0.0332464724779129,Health Services Waiting Lists,0.0191682204604148,Departmental Data,0.0169226005673408,Departmental Reports,0.015102962963283,Healthcare Policy,0.0141535485163331,67490/26,176,Pádraig Rice,PÁDRAIG RICE,written,en,"To ask the Minister for Health if she will request the HSE to release an outstanding assessment report to a child's parent (details supplied); the reasons it was omitted from the disclosure schedule; if any formal decision was taken to withhold it; and if so, the basis for this decision.",the minister for health if she will request the hse to release an outstanding assessment report to a child s parent details supplied the reasons it was omitted from the disclosure schedule if any formal decision was taken to withhold it the basis for this decision 67490 26,Health,758,760
177. Deputy Pádraig Rice asked the Minister for Health if she plans to begin implementation of the National Diabetes Strategy by providing funding to create a regional diabetes clinical lead post in each HSE health region. [67489/26],,Health,2026-09-23,0.5372606515884399,Health Strategies,Health Strategies,0.5372606515884399,Healthcare Policy,0.1632957756519317,Health Services,0.06789281219244,Departmental Strategies,0.0555672347545623,Disease Management,0.0374467633664608,Health Services Staff,0.0240048039704561,Health Promotion,0.0169184822589159,Departmental Programmes,0.0155738536268472,Departmental Funding,0.0112108699977397,Departmental Policies,0.0047853635624051,67489/26,177,Pádraig Rice,PÁDRAIG RICE,written,en,To ask the Minister for Health if she plans to begin implementation of the National Diabetes Strategy by providing funding to create a regional diabetes clinical lead post in each HSE health region.,the minister for health if she plans to begin implementation of the national diabetes strategy by providing funding to create a regional diabetes clinical lead post in each hse health region 67489 26,Health,762,764
178. Deputy Pádraig Rice asked the Minister for Health if she intends to remove the specific criteria of 'insulin initiation from the start' that is preventing approximately 500 to 700 people with a clinical diagnosis of type 1 diabetes from accessing continuous glucose monitoring. [67488/26],,Health,2026-09-23,0.3781775832176208,Medical Aids and Appliances,Medical Aids and Appliances,0.3781775832176208,Medicinal Products,0.2139331698417663,Disease Management,0.1195849552750587,Health Services,0.1162496283650398,Healthcare Policy,0.0601260587573051,Departmental Schemes,0.0152671774849295,Health Strategies,0.0135633265599608,Departmental Data,0.012085379101336,Departmental Policies,0.0081604169681668,Disability Services,0.0075464970432221,67488/26,178,Pádraig Rice,PÁDRAIG RICE,written,en,To ask the Minister for Health if she intends to remove the specific criteria of 'insulin initiation from the start' that is preventing approximately 500 to 700 people with a clinical diagnosis of type 1 diabetes from accessing continuous glucose monitoring.,the minister for health if she intends to remove the specific criteria of insulin initiation from the start that is preventing approximately 500 to 700 people with a clinical diagnosis of type 1 diabetes from accessing continuous glucose monitoring 67488 26,Health,766,768
179. Deputy Pádraig Rice asked the Minister for Health if she will issue a substantive response to a person (details supplied); and if her review of the concerns raised has been completed. [67487/26],,Health,2026-09-23,0.2735095620155334,Departmental Correspondence,Departmental Correspondence,0.2735095620155334,Health Services,0.1731472760438919,Mental Health Services,0.0707790479063987,Departmental Inquiries,0.0397581607103347,Health Service Executive,0.0333158783614635,Hospital Appointments Status,0.0251913499087095,Disability Services,0.0221962165087461,Health Services Waiting Lists,0.0218108352273702,Departmental Reviews,0.0211510900408029,Health Services Staff,0.0193565115332603,67487/26,179,Pádraig Rice,PÁDRAIG RICE,written,en,To ask the Minister for Health if she will issue a substantive response to a person (details supplied); and if her review of the concerns raised has been completed.,the minister for health if she will issue a substantive response to a person details supplied and if her review of the concerns raised has been completed 67487 26,Health,770,772
180. Deputy Pádraig Rice asked the Minister for Health to outline the process that will be used to initiate patients with Friedreich’s Ataxia on a treatment (details supplied); and to confirm if all neurologists currently treating patients with Friedreich’s Ataxia across Ireland will be authorised to prescribe this treatment from the commencement date. [67485/26],,Health,2026-09-23,0.5621601939201355,Health Services,Health Services,0.5621601939201355,Disease Management,0.140052393078804,Healthcare Policy,0.0573172345757484,Hospital Services,0.0420860797166824,Medicinal Products,0.0278837867081165,Health Strategies,0.0259425044059753,Cancer Services,0.0199509467929601,Hospital Waiting Lists,0.016491686925292,Hospital Procedures,0.0126688163727521,Departmental Data,0.009663769043982,67485/26,180,Pádraig Rice,PÁDRAIG RICE,written,en,To ask the Minister for Health to outline the process that will be used to initiate patients with Friedreich’s Ataxia on a treatment (details supplied); and to confirm if all neurologists currently treating patients with Friedreich’s Ataxia across Ireland will be authorised to prescribe this treatment from the commencement date.,the minister for health the process that will be used to initiate patients with friedreich s ataxia on a treatment details supplied and to confirm if all neurologists currently treating patients with friedreich s ataxia across ireland will be authorised to prescribe this treatment from the commencement date 67485 26,Health,774,776
181. Deputy Pádraig Rice asked the Minister for Health the reason for recent changes to the Royal College of Physicians of Ireland’s (RCPI) Basic Specialist Training recruitment process; to respond to concerns (details supplied); if she has engaged with the RCPI regarding this change; and if there are any plans to introduce transitional arrangements. [67484/26],,Health,2026-09-23,0.3089328110218048,Health Services Staff,Health Services Staff,0.3089328110218048,Hospital Staff,0.1765988320112228,Medical Qualifications,0.139410063624382,Nursing and Midwifery Board of Ireland,0.0267465338110923,Nursing Education,0.0227921679615974,Departmental Data,0.0206095483154058,Medical Research and Training,0.0195650737732648,Health Services,0.0176879372447729,Health Service Executive,0.016591714695096,Medical Register,0.0094046127051115,67484/26,181,Pádraig Rice,PÁDRAIG RICE,written,en,To ask the Minister for Health the reason for recent changes to the Royal College of Physicians of Ireland’s (RCPI) Basic Specialist Training recruitment process; to respond to concerns (details supplied); if she has engaged with the RCPI regarding this change; and if there are any plans to introduce transitional arrangements.,the minister for health the reason for recent changes to the royal college of physicians of ireland s rcpi basic specialist training recruitment process to respond to concerns details supplied if she has engaged with the rcpi regarding this change and if there are any plans to introduce transitional arrangements 67484 26,Health,778,780
"182. Deputy Pádraig Rice asked the Minister for Health further to Parliamentary Question No. 3850 of 28 July 2026, to respond to the HSE Primary Care Reimbursement Service's reply (details supplied); in view of the PCRS's response, if she has any plans to address this matter; and if her Department has reviewed the potential provision of medical oxygen supplies to oxygen-dependent patients temporarily travelling abroad. [67483/26]",,Health,2026-09-23,0.213994026184082,Health Services,Health Services,0.213994026184082,Medicinal Products,0.2016632109880447,Health Service Executive,0.163190484046936,Medical Aids and Appliances,0.1339296549558639,Medical Cards,0.0562869757413864,Healthcare Policy,0.0332211479544639,Covid-19 Pandemic,0.0148914894089102,General Practitioner Services,0.014563150703907,Departmental Schemes,0.0139901526272296,Primary Care Services,0.0076470668427646,67483/26,182,Pádraig Rice,PÁDRAIG RICE,written,en,"To ask the Minister for Health further to Parliamentary Question No. 3850 of 28 July 2026, to respond to the HSE Primary Care Reimbursement Service's reply (details supplied); in view of the PCRS's response, if she has any plans to address this matter; and if her Department has reviewed the potential provision of medical oxygen supplies to oxygen-dependent patients temporarily travelling abroad.",the minister for health further to parliamentary question no 3850 of 28 july 2026 to respond to the hse primary care reimbursement service s reply details supplied in view of the pcrs s response if she has any plans to address this matter and if her department has reviewed the potential provision of medical oxygen supplies to oxygen-dependent patients temporarily travelling abroad 67483 26,Health,782,784
"183. Deputy Pádraig Rice asked the Minister for Health further to Parliamentary Question No. 3959 of 7 September 2026, to request that the National Treatment Purchase Fund provide the overall cost per speciality area (details supplied). [67529/26]",,Health,2026-09-23,0.7680738568305969,National Treatment Purchase Fund,National Treatment Purchase Fund,0.7680738568305969,Health Services,0.044553205370903,Departmental Schemes,0.0205393396317958,Cancer Services,0.0151500822976231,Departmental Funding,0.0143951093778014,Medicinal Products,0.0140132000669837,Hospital Services,0.0114955408498644,Departmental Data,0.0101279160007834,Hospital Waiting Lists,0.0067713018506765,Health Services Waiting Lists,0.0056867338716983,67529/26,183,Pádraig Rice,PÁDRAIG RICE,written,en,"To ask the Minister for Health further to Parliamentary Question No. 3959 of 7 September 2026, to request that the National Treatment Purchase Fund provide the overall cost per speciality area (details supplied).",the minister for health further to parliamentary question no 3959 of 7 september 2026 to request that the national treatment purchase fund provide the overall cost per speciality area details supplied 67529 26,Health,786,788
184. Deputy Michael Cahill asked the Minister for Health to ensure adequate funding and resources are allocated to the Dental Health Foundation; and if she will make a statement on the matter. [67474/26],,Health,2026-09-23,0.9299226403236388,Dental Services,Dental Services,0.9299226403236388,Departmental Funding,0.0229777004569768,Health Services,0.0093141766265034,Departmental Data,0.0047199972905218,Health Services Staff,0.0040230047889053,Departmental Schemes,0.0016516133910045,Departmental Expenditure,0.0016055221203714,Other,0.0014484128914773,Medical Cards,0.0010503357043489,Community Care,0.001028059516102,67474/26,184,Michael Cahill,MICHAEL CAHILL,written,en,To ask the Minister for Health to ensure adequate funding and resources are allocated to the Dental Health Foundation; and if she will make a statement on the matter.,the minister for health to ensure adequate funding and resources are allocated to the dental health foundation and 67474 26,Health,790,792
185. Deputy Michael Cahill asked the Minister for Health the reason contracted printers are used to print medical cards; the yearly cost of same; and if she will make a statement on the matter. [67533/26],,Health,2026-09-23,0.9776312708854676,Medical Cards,Medical Cards,0.9776312708854676,Health Services,0.0049784802831709,Departmental Data,0.0038988527376204,Medicinal Products,0.0016645854339003,Dental Services,0.0012423243606463,Disability Services,0.0007230336777865,General Practitioner Services,0.0006587567040696,Hospital Charges,0.0006305164424702,Health Service Executive,0.0004790638049598,Medical Aids and Appliances,0.0004698932461906,67533/26,185,Michael Cahill,MICHAEL CAHILL,written,en,To ask the Minister for Health the reason contracted printers are used to print medical cards; the yearly cost of same; and if she will make a statement on the matter.,the minister for health the reason contracted printers are used to print medical cards the yearly cost of same and 67533 26,Health,794,796
"186. Deputy David Cullinane asked the Minister for Health the number of people waiting for an initial appointment across primary and community care services at 31 August 2025 and 2026, nationally, by HSE health region, integrated healthcare area and county where held, by service, age group and waiting-time band; and the average, median and longest waiting time for each service where available, in tabular form. [67545/26]",,Health,2026-09-23,0.6962754130363464,Health Services Waiting Lists,Health Services Waiting Lists,0.6962754130363464,Primary Care Services,0.1303898841142654,Health Services,0.0560413412749767,Departmental Data,0.0325282178819179,Hospital Waiting Lists,0.0219269208610057,Mental Health Services,0.0091685289517045,Disability Services,0.0045056571252644,Primary Care Centres,0.0044657536782324,Care Services,0.0042820996604859,Health Service Executive,0.0038799932226538,67545/26,186,David Cullinane,DAVID CULLINANE,written,en,"To ask the Minister for Health the number of people waiting for an initial appointment across primary and community care services at 31 August 2025 and 2026, nationally, by HSE health region, integrated healthcare area and county where held, by service, age group and waiting-time band; and the average, median and longest waiting time for each service where available, in tabular form.",the minister for health the number of people waiting for an initial appointment across primary and community care services at 31 august 2025 and 2026 nationally by hse health region integrated healthcare area and county where held by service age group and waiting-time band and the average median and longest waiting time for each service where available in tabular form 67545 26,Health,798,800
"187. Deputy David Cullinane asked the Minister for Health the number of emergency department attendances; the average time to admission; the waiting-time distribution; the number and percentage of patients waiting more than 12 hours; more than 24 hours; the number and percentage leaving without being seen or before completion of treatment, for the period 1 January to 31 August in 2025 and 2026, nationally and by hospital, with separate figures for all patients and patients aged 75 years and over; and the number of admitted patients awaiting an inpatient bed for more than six, 12 and 24 hours after the decision to admit, where held, in tabular form. [67546/26]",,Health,2026-09-23,0.6748284101486206,Emergency Departments,Emergency Departments,0.6748284101486206,Hospital Admissions,0.1846725195646286,Departmental Data,0.0626963749527931,Hospital Services,0.0191801041364669,Hospital Overcrowding,0.016440276056528,Hospital Facilities,0.0071246083825826,Hospital Staff,0.0036508333869278,Hospital Waiting Lists,0.0034886901266872,Hospital Transfers,0.0025244080461561,Emergency Services,0.0019574975594878,67546/26,187,David Cullinane,DAVID CULLINANE,written,en,"To ask the Minister for Health the number of emergency department attendances; the average time to admission; the waiting-time distribution; the number and percentage of patients waiting more than 12 hours; more than 24 hours; the number and percentage leaving without being seen or before completion of treatment, for the period 1 January to 31 August in 2025 and 2026, nationally and by hospital, with separate figures for all patients and patients aged 75 years and over; and the number of admitted patients awaiting an inpatient bed for more than six, 12 and 24 hours after the decision to admit, where held, in tabular form.",the minister for health the number of emergency department attendances the average time to admission the waiting-time distribution the number and percentage of patients waiting more than 12 hours more than 24 hours the number and percentage leaving without being seen or before completion of treatment for the period 1 january to 31 august in 2025 and 2026 nationally and by hospital with separate figures for all patients and patients aged 75 years and over and the number of admitted patients awaiting an inpatient bed for more than six 12 and 24 hours after the decision to admit where held in tabular form 67546 26,Health,802,804
188. Deputy Séamus Mcgrath asked the Minister for Health her response to a campaign (details supplied). [67442/26],,Health,2026-09-23,0.3619481027126312,Health Services,Health Services,0.3619481027126312,Healthcare Policy,0.079206645488739,Disability Services,0.0398551784455776,Health Service Executive,0.0334670506417751,Mental Health Services,0.0296320561319589,General Practitioner Services,0.0293108932673931,Medical Aids and Appliances,0.0290696006268262,Departmental Correspondence,0.0242845229804515,Nursing Homes,0.0233450848609209,Medicinal Products,0.0220483541488647,67442/26,188,Séamus Mcgrath,SÉAMUS MCGRATH,written,en,To ask the Minister for Health her response to a campaign (details supplied).,the minister for health her response to a campaign details supplied 67442 26,Health,806,808
"189. Deputy Claire Kerrane asked the Minister for Health to provide the current waiting list figures for home care, both new packages and additional hours being sought, in County Roscommon and County Galway; the average waiting time; the length of time they have been waiting; and those longest waiting [67422/26]",,Health,2026-09-23,0.7945945262908936,Home Care Packages,Home Care Packages,0.7945945262908936,Home Help Service,0.115523375570774,Care Services,0.0271802097558975,Health Services Waiting Lists,0.0268646944314241,Departmental Data,0.0084866052493453,Health Services,0.0052947639487683,Care of the Elderly,0.0038171412888914,Primary Care Services,0.0032028635032474,Disability Services,0.0019155370537191,Mental Health Services,0.0012545236386358,67422/26,189,Claire Kerrane,CLAIRE KERRANE,written,en,"To ask the Minister for Health to provide the current waiting list figures for home care, both new packages and additional hours being sought, in County Roscommon and County Galway; the average waiting time; the length of time they have been waiting; and those longest waiting",the minister for health to provide the current waiting list figures for home care both new packages and additional hours being sought in county roscommon and county galway the average waiting time the length of time they have been waiting and those longest waiting 67422 26,Health,810,812
"190. Deputy David Cullinane asked the Minister for Health the number of people waiting for diagnostic scans and other centrally reported diagnostic tests, at 31 August nationally, by HSE Health Region and by hospital or diagnostic service, broken down by waiting-time band including waits of more than six, 12 and 18 months; and the average, median and longest wait where available; and the details of outsourced scans, in tabular form. [67579/26]",,Health,2026-09-23,0.8416467905044556,Hospital Waiting Lists,Hospital Waiting Lists,0.8416467905044556,Health Services Waiting Lists,0.1064934507012367,Health Services,0.0161113981157541,Departmental Data,0.0131412344053387,Hospital Services,0.0043620648793876,Hospital Procedures,0.0026715777348726,Hospital Appointments Status,0.001544609083794,Hospital Admissions,0.001516563585028,National Treatment Purchase Fund,0.0014172346564009,Cancer Services,0.0010589249432086,67579/26,190,David Cullinane,DAVID CULLINANE,written,en,"To ask the Minister for Health the number of people waiting for diagnostic scans and other centrally reported diagnostic tests, at 31 August nationally, by HSE Health Region and by hospital or diagnostic service, broken down by waiting-time band including waits of more than six, 12 and 18 months; and the average, median and longest wait where available; and the details of outsourced scans, in tabular form.",the minister for health the number of people waiting for diagnostic scans and other centrally reported diagnostic tests at 31 august nationally by hse health region and by hospital or diagnostic service broken down by waiting-time band including waits of more than six 12 and 18 months and the average median and longest wait where available and the details of outsourced scans in tabular form 67579 26,Health,814,816
"191. Deputy David Cullinane asked the Minister for Health the number of people on CAMHS and CAMHS ID waiting lists at 31 August in each of the years 2025 to 2026, nationally, by HSE Health Region, Integrated Healthcare Area and team, broken down by waiting-time bands ; and the average, median and longest waiting time, in tabular form. [67577/26]",,Health,2026-09-23,0.7453500032424927,Mental Health Services,Mental Health Services,0.7453500032424927,Health Services Waiting Lists,0.1646697372198104,Hospital Waiting Lists,0.0280090738087892,Departmental Data,0.0271764956414699,Health Services,0.0072670383378863,Mental Health Policy,0.0034139663912355,Health Services Staff,0.0015364864375442,Disability Services,0.0013516799081116,Hospital Appointments Status,0.0011095681693404,Health Service Executive,0.0010632297489792,67577/26,191,David Cullinane,DAVID CULLINANE,written,en,"To ask the Minister for Health the number of people on CAMHS and CAMHS ID waiting lists at 31 August in each of the years 2025 to 2026, nationally, by HSE Health Region, Integrated Healthcare Area and team, broken down by waiting-time bands ; and the average, median and longest waiting time, in tabular form.",the minister for health the number of people on camhs and camhs id waiting lists at 31 august in each of the years 2025 to 2026 nationally by hse health region integrated healthcare area and team broken down by waiting-time bands and the average median and longest waiting time in tabular form 67577 26,Health,818,820
"192. Deputy David Cullinane asked the Minister for Health the number of people approved for home support but awaiting commencement, the number receiving less than their approved allocation, the total number of approved hours not being delivered per week, and the average, median and longest waiting time, at 31 August in each of the years 2025 to date in 2026, nationally, by HSE Health Region, Integrated Healthcare Area, county where held and age group, in tabular form. [67574/26]",,Health,2026-09-23,0.5323400497436523,Home Help Service,Home Help Service,0.5323400497436523,Home Care Packages,0.4034716486930847,Departmental Data,0.0171481557190418,Care Services,0.0077010877430438,Health Services Waiting Lists,0.0073641440831124,Health Services,0.0065952483564615,Departmental Schemes,0.0030217876192182,Primary Care Services,0.002430744934827,Mental Health Services,0.0015135084977373,Disability Services,0.0013135470217093,67574/26,192,David Cullinane,DAVID CULLINANE,written,en,"To ask the Minister for Health the number of people approved for home support but awaiting commencement, the number receiving less than their approved allocation, the total number of approved hours not being delivered per week, and the average, median and longest waiting time, at 31 August in each of the years 2025 to date in 2026, nationally, by HSE Health Region, Integrated Healthcare Area, county where held and age group, in tabular form.",the minister for health the number of people approved for home support but awaiting commencement the number receiving less than their approved allocation the total number of approved hours not being delivered per week and the average median and longest waiting time at 31 august in each of the years 2025 to date in 2026 nationally by hse health region integrated healthcare area county where held and age group in tabular form 67574 26,Health,822,824
"193. Deputy David Cullinane asked the Minister for Health the status of outsourcing arrangements for children's spinal surgery and paediatric orthopaedics; the participating hospitals, including international hospitals; the number of children referred, assessed, treated and awaiting treatment through each arrangement for the period 1 January to 31 August 2026 and the equivalent period in 2025; and the expenditure incurred under each arrangement, in tabular form. [67571/26]",,Health,2026-09-23,0.5943992733955383,Hospital Services,Hospital Services,0.5943992733955383,Hospital Procedures,0.106867104768753,Departmental Data,0.0855332687497139,Health Services,0.0578775107860565,Hospital Waiting Lists,0.0572694689035415,Hospital Admissions,0.0205026473850011,National Treatment Purchase Fund,0.0122386831790208,Hospital Staff,0.0090012531727552,Hospital Facilities,0.0081936316564679,Hospital Appointments Status,0.0065712016075849,67571/26,193,David Cullinane,DAVID CULLINANE,written,en,"To ask the Minister for Health the status of outsourcing arrangements for children's spinal surgery and paediatric orthopaedics; the participating hospitals, including international hospitals; the number of children referred, assessed, treated and awaiting treatment through each arrangement for the period 1 January to 31 August 2026 and the equivalent period in 2025; and the expenditure incurred under each arrangement, in tabular form.",the minister for health the status of outsourcing arrangements for children s spinal surgery and paediatric orthopaedics the participating hospitals including international hospitals the number of children referred assessed treated and awaiting treatment through each arrangement for the period 1 january to 31 august 2026 and the equivalent period in 2025 and the expenditure incurred under each arrangement in tabular form 67571 26,Health,826,828
"194. Deputy David Cullinane asked the Minister for Health the number and percentage of ambulance handovers completed within 20 minutes and the number and percentage taking more than 30 minutes, 60 minutes and 120 minutes, together with the total ambulance crew hours lost to delayed handover, for the period 1 January to 31 August in each of the years 2022 to 2026, nationally and by hospital, in tabular form. [67570/26]",,Health,2026-09-23,0.962755799293518,Ambulance Service,Ambulance Service,0.962755799293518,Departmental Data,0.0079497639089822,Emergency Services,0.0055540921166539,Hospital Services,0.0042131808586418,Emergency Departments,0.004026360809803,Health Services,0.0018935101106762,Hospital Admissions,0.0014083359856158,Social Welfare Benefits,0.0008061592816375,Health Service Executive,0.000554974481929,Hospital Transfers,0.0005241685430519,67570/26,194,David Cullinane,DAVID CULLINANE,written,en,"To ask the Minister for Health the number and percentage of ambulance handovers completed within 20 minutes and the number and percentage taking more than 30 minutes, 60 minutes and 120 minutes, together with the total ambulance crew hours lost to delayed handover, for the period 1 January to 31 August in each of the years 2022 to 2026, nationally and by hospital, in tabular form.",the minister for health the number and percentage of ambulance handovers completed within 20 minutes and the number and percentage taking more than 30 minutes 60 minutes and 120 minutes together with the total ambulance crew hours lost to delayed handover for the period 1 january to 31 august in each of the years 2022 to 2026 nationally and by hospital in tabular form 67570 26,Health,830,832
"195. Deputy David Cullinane asked the Minister for Health the ambulance response performance for high-acuity emergency incidents for the period 1 January to 31 August in each of the years 2022 to date in 2026, nationally, by HSE or National Ambulance Service region and by county of incident where held, broken down by the applicable current clinical-status category; the incident volume, median response time, 90th percentile response time and longest response time; and the number and percentage of incidents with a response time exceeding 30, 60 and 120 minutes and meeting the applicable response-time target, in tabular form. [67567/26]",,Health,2026-09-23,0.9824075102806092,Ambulance Service,Ambulance Service,0.9824075102806092,Emergency Services,0.0060216807760298,Emergency Departments,0.0027196293231099,Departmental Data,0.0014099129475653,Hospital Services,0.0010793273104354,Health Services,0.000730947300326,Hospital Admissions,0.0004518772184383,Social Welfare Benefits,0.000228340330068,Health Service Executive,0.0002108040062012,Disability Services,0.0001904898672364,67567/26,195,David Cullinane,DAVID CULLINANE,written,en,"To ask the Minister for Health the ambulance response performance for high-acuity emergency incidents for the period 1 January to 31 August in each of the years 2022 to date in 2026, nationally, by HSE or National Ambulance Service region and by county of incident where held, broken down by the applicable current clinical-status category; the incident volume, median response time, 90th percentile response time and longest response time; and the number and percentage of incidents with a response time exceeding 30, 60 and 120 minutes and meeting the applicable response-time target, in tabular form.",the minister for health the ambulance response performance for high-acuity emergency incidents for the period 1 january to 31 august in each of the years 2022 to date in 2026 nationally by hse or national ambulance service region and by county of incident where held broken down by the applicable current clinical-status category the incident volume median response time 90th percentile response time and longest response time and the number and percentage of incidents with a response time exceeding 30 60 and 120 minutes and meeting the applicable response-time target in tabular form 67567 26,Health,834,836
"196. Deputy David Cullinane asked the Minister for Health the number of assaults recorded against healthcare workers and patients for the period 1 January to 31 August in each of the years 2022 to 2026, nationally, by HSE Health Region and by facility where available, broken down by incident type including physical, verbal and sexual assault, and by reported level of harm; the number of staff working days lost following assault; the number of incidents referred to An Garda Siochana; and the number resulting in prosecution where known, in tabular form. [67564/26]",,Health,2026-09-23,0.4735917150974273,Departmental Data,Departmental Data,0.4735917150974273,Health Services Staff,0.1749150305986404,Health Services,0.130092978477478,Health Service Executive,0.1223792284727096,Care Services,0.0060066734440624,Mental Health Services,0.0049474709667265,State Claims Agency,0.0045390026643872,Other,0.0039049806073307,Healthcare Policy,0.0039000899996608,Hospital Staff,0.0036407236475497,67564/26,196,David Cullinane,DAVID CULLINANE,written,en,"To ask the Minister for Health the number of assaults recorded against healthcare workers and patients for the period 1 January to 31 August in each of the years 2022 to 2026, nationally, by HSE Health Region and by facility where available, broken down by incident type including physical, verbal and sexual assault, and by reported level of harm; the number of staff working days lost following assault; the number of incidents referred to An Garda Siochana; and the number resulting in prosecution where known, in tabular form.",the minister for health the number of assaults recorded against healthcare workers and patients for the period 1 january to 31 august in each of the years 2022 to 2026 nationally by hse health region and by facility where available broken down by incident type including physical verbal and sexual assault and by reported level of harm the number of staff working days lost following assault the number of incidents referred to an garda siochana and the number resulting in prosecution where known in tabular form 67564 26,Health,838,840
"197. Deputy David Cullinane asked the Minister for Health the number of patients removed from inpatient, day-case and outpatient waiting lists without receiving the intended appointment or treatment in each full year 2021 to 2025 and to date in 2026, nationally and by hospital, specialty and reason for removal; the number removed following validation exercises; and the number subsequently re-referred or restored to a waiting list within three, six and 12 months, in tabular form. [67561/26]",,Health,2026-09-23,0.9432920813560486,Hospital Waiting Lists,Hospital Waiting Lists,0.9432920813560486,Health Services Waiting Lists,0.0275804791599512,Hospital Appointments Status,0.0074833091348409,Departmental Data,0.0055480496957898,Health Services,0.0038601399865001,Hospital Services,0.0030441347043961,Hospital Procedures,0.0024591197725385,National Treatment Purchase Fund,0.0013825756032019,Hospital Admissions,0.0011087943566963,Cancer Services,0.0006565327057614,67561/26,197,David Cullinane,DAVID CULLINANE,written,en,"To ask the Minister for Health the number of patients removed from inpatient, day-case and outpatient waiting lists without receiving the intended appointment or treatment in each full year 2021 to 2025 and to date in 2026, nationally and by hospital, specialty and reason for removal; the number removed following validation exercises; and the number subsequently re-referred or restored to a waiting list within three, six and 12 months, in tabular form.",the minister for health the number of patients removed from inpatient day-case and outpatient waiting lists without receiving the intended appointment or treatment in each full year 2021 to 2025 and to date in 2026 nationally and by hospital specialty and reason for removal the number removed following validation exercises and the number subsequently re-referred or restored to a waiting list within three six and 12 months in tabular form 67561 26,Health,842,844
"198. Deputy David Cullinane asked the Minister for Health the gross income received from car-parking charges at each public and voluntary acute hospital for each full year 2021 to 2025 and for the period 1 January to 31 August in 2025 and 2026; the number of paid parking spaces; the applicable hourly, daily and weekly tariffs; the number and value of exemptions, reductions or validations; the amount retained by the hospital and by any private operator or contractor; and the expenditure incurred on operating the parking facilities, in tabular form. [67559/26]",,Health,2026-09-23,0.8768638372421265,Hospital Charges,Hospital Charges,0.8768638372421265,Hospital Facilities,0.0460767522454261,Departmental Data,0.0187116861343383,Parking Provision,0.0089594833552837,Hospital Services,0.0067483256570994,Hospital Admissions,0.0064088609069585,Health Services,0.0051182047463953,Hospital Overcrowding,0.0029748894739896,Health Service Executive,0.0021413629874587,Other,0.0017182237934321,67559/26,198,David Cullinane,DAVID CULLINANE,written,en,"To ask the Minister for Health the gross income received from car-parking charges at each public and voluntary acute hospital for each full year 2021 to 2025 and for the period 1 January to 31 August in 2025 and 2026; the number of paid parking spaces; the applicable hourly, daily and weekly tariffs; the number and value of exemptions, reductions or validations; the amount retained by the hospital and by any private operator or contractor; and the expenditure incurred on operating the parking facilities, in tabular form.",the minister for health the gross income received from car-parking charges at each public and voluntary acute hospital for each full year 2021 to 2025 and for the period 1 january to 31 august in 2025 and 2026 the number of paid parking spaces the applicable hourly daily and weekly tariffs the number and value of exemptions reductions or validations the amount retained by the hospital and by any private operator or contractor and the expenditure incurred on operating the parking facilities in tabular form 67559 26,Health,846,848
"199. Deputy David Cullinane asked the Minister for Health the average bed occupancy rate in each public and voluntary acute hospital for the period 1 January to 31 August of 2025 and 2026; the national and HSE Health Region average for each period; the number of days on which occupancy exceeded 85%, 90% and 95% in each hospital where available; and the number of days on which full capacity protocols were in operation in each model three and model four hospital, in tabular form. [67557/26]",,Health,2026-09-23,0.4867008328437805,Hospital Services,Hospital Services,0.4867008328437805,Departmental Data,0.1800614893436432,Hospital Facilities,0.1205308139324188,Hospital Admissions,0.1151838824152946,Hospital Overcrowding,0.0315490700304508,Hospital Staff,0.0123536959290504,Health Services,0.0118664149194955,Hospital Procedures,0.005071897059679,Emergency Departments,0.004553263541311,Hospital Transfers,0.004494184628129,67557/26,199,David Cullinane,DAVID CULLINANE,written,en,"To ask the Minister for Health the average bed occupancy rate in each public and voluntary acute hospital for the period 1 January to 31 August of 2025 and 2026; the national and HSE Health Region average for each period; the number of days on which occupancy exceeded 85%, 90% and 95% in each hospital where available; and the number of days on which full capacity protocols were in operation in each model three and model four hospital, in tabular form.",the minister for health the average bed occupancy rate in each public and voluntary acute hospital for the period 1 january to 31 august of 2025 and 2026 the national and hse health region average for each period the number of days on which occupancy exceeded 85 90 and 95 in each hospital where available and the number of days on which full capacity protocols were in operation in each model three and model four hospital in tabular form 67557 26,Health,850,852
"200. Deputy David Cullinane asked the Minister for Health the number of hospital-initiated appointment cancellation for each quarter in each of the years 2022 to date in 2026 by hospital, broken down by reason for hospital-initiated cancellation, in tabular form. [67553/26]",,Health,2026-09-23,0.461327314376831,Hospital Appointments Status,Hospital Appointments Status,0.461327314376831,Hospital Procedures,0.2665838897228241,Hospital Services,0.0998820215463638,Hospital Waiting Lists,0.051643006503582,Hospital Admissions,0.0445329993963241,Departmental Data,0.0286152623593807,Health Services,0.0123510202392935,Hospital Transfers,0.004786632489413,Health Services Waiting Lists,0.0032085278071463,Hospital Staff,0.0030827315058559,67553/26,200,David Cullinane,DAVID CULLINANE,written,en,"To ask the Minister for Health the number of hospital-initiated appointment cancellation for each quarter in each of the years 2022 to date in 2026 by hospital, broken down by reason for hospital-initiated cancellation, in tabular form.",the minister for health the number of hospital-initiated appointment cancellation for each quarter in each of the years 2022 to date in 2026 by hospital broken down by reason for hospital-initiated cancellation in tabular form 67553 26,Health,854,856
"201. Deputy David Cullinane asked the Minister for Health the expenditure by the HSE and public hospitals on privately provided MRI, CT, ultrasound, endoscopy and colonoscopy services in each year 2022 to 2025 and to date in 2026, broken down by provider, modality and referring hospital; the number of tests purchased and average unit cost; and the corresponding public-sector capacity and activity by modality and region where held, in tabular form. [67627/26]",,Health,2026-09-23,0.6072253584861755,Hospital Services,Hospital Services,0.6072253584861755,Hospital Equipment,0.1385094374418258,Health Services,0.0928843319416046,Hospital Procedures,0.0410224758088588,Departmental Data,0.0269773844629526,Hospital Facilities,0.0258631166070699,Cancer Services,0.0102672260254621,Health Service Executive,0.0087253153324127,Hospital Staff,0.0037392857484519,Hospital Waiting Lists,0.0036047212779521,67627/26,201,David Cullinane,DAVID CULLINANE,written,en,"To ask the Minister for Health the expenditure by the HSE and public hospitals on privately provided MRI, CT, ultrasound, endoscopy and colonoscopy services in each year 2022 to 2025 and to date in 2026, broken down by provider, modality and referring hospital; the number of tests purchased and average unit cost; and the corresponding public-sector capacity and activity by modality and region where held, in tabular form.",the minister for health the expenditure by the hse and public hospitals on privately provided mri ct ultrasound endoscopy and colonoscopy services in each year 2022 to 2025 and to date in 2026 broken down by provider modality and referring hospital the number of tests purchased and average unit cost and the corresponding public-sector capacity and activity by modality and region where held in tabular form 67627 26,Health,858,860
"202. Deputy David Cullinane asked the Minister for Health the overtime expenditure and overtime hours in each public and voluntary acute hospital for each year 2022 to 2025 and to date in 2026, broken down by staff group; the number of rostered shifts left unfilled by hospital and staff group; and the number of shifts filled through agency staffing or other temporary arrangements, in tabular form. [67625/26]",,Health,2026-09-23,0.8060521483421326,Hospital Staff,Hospital Staff,0.8060521483421326,Hospital Services,0.065894491970539,Departmental Data,0.0576059632003307,Health Services Staff,0.0472406670451164,Health Services,0.0052782241255044,Hospital Facilities,0.0044631576165556,Hospital Admissions,0.0029903589747846,Health Service Executive,0.0013394000707194,Emergency Departments,0.001296711154282,Hospital Overcrowding,0.0007634463254362,67625/26,202,David Cullinane,DAVID CULLINANE,written,en,"To ask the Minister for Health the overtime expenditure and overtime hours in each public and voluntary acute hospital for each year 2022 to 2025 and to date in 2026, broken down by staff group; the number of rostered shifts left unfilled by hospital and staff group; and the number of shifts filled through agency staffing or other temporary arrangements, in tabular form.",the minister for health the overtime expenditure and overtime hours in each public and voluntary acute hospital for each year 2022 to 2025 and to date in 2026 broken down by staff group the number of rostered shifts left unfilled by hospital and staff group and the number of shifts filled through agency staffing or other temporary arrangements in tabular form 67625 26,Health,862,864
"203. Deputy David Cullinane asked the Minister for Health the expenditure incurred to date on each proposed elective hospital; the current stage of appraisal, design, planning and procurement for each project; the original and current projected dates for construction commencement, substantial completion and opening; the original approved, current approved and latest projected capital cost of each project; and the reason for any change in cost or delivery date, in tabular form. [67624/26]",,Health,2026-09-23,0.704110324382782,Healthcare Infrastructure Provision,Healthcare Infrastructure Provision,0.704110324382782,Hospital Facilities,0.2093182206153869,Hospital Services,0.0253750290721654,National Children's Hospital,0.0220366604626178,National Maternity Hospital,0.0055226343683898,Health Services,0.00546745210886,Departmental Projects,0.0038004990201443,Primary Care Centres,0.0020254785194993,Community Care,0.001946443808265,Emergency Departments,0.0017701238393783,67624/26,203,David Cullinane,DAVID CULLINANE,written,en,"To ask the Minister for Health the expenditure incurred to date on each proposed elective hospital; the current stage of appraisal, design, planning and procurement for each project; the original and current projected dates for construction commencement, substantial completion and opening; the original approved, current approved and latest projected capital cost of each project; and the reason for any change in cost or delivery date, in tabular form.",the minister for health the expenditure incurred to date on each proposed elective hospital the current stage of appraisal design planning and procurement for each project the original and current projected dates for construction commencement substantial completion and opening the original approved current approved and latest projected capital cost of each project and the reason for any change in cost or delivery date in tabular form 67624 26,Health,866,868
"204. Deputy David Cullinane asked the Minister for Health the number of medicines which entered the HSE reimbursement process in each year 2021 to 2025 and to date in 2026; the number which received a final reimbursement decision; the average, median and longest time spent at each stage from reimbursement application and pharmacoeconomic assessment to final decision; the number and duration of clock stops; the number and percentage completed within the applicable administrative or process target; and the equivalent figures separately for orphan medicines, medicines for rare diseases, oncology medicines and all other medicines, in tabular form. [67623/26]",,Health,2026-09-23,0.8847852945327759,Medicinal Products,Medicinal Products,0.8847852945327759,Departmental Data,0.0339299514889717,Health Service Executive,0.0225553009659051,Health Services,0.0168008767068386,Pharmacy Services,0.0096195340156555,Departmental Schemes,0.005413610022515,Healthcare Policy,0.0036121257580816,Prescriptions Charges,0.0026839070487767,Medical Cards,0.002133959904313,Medical Aids and Appliances,0.0014307006495073,67623/26,204,David Cullinane,DAVID CULLINANE,written,en,"To ask the Minister for Health the number of medicines which entered the HSE reimbursement process in each year 2021 to 2025 and to date in 2026; the number which received a final reimbursement decision; the average, median and longest time spent at each stage from reimbursement application and pharmacoeconomic assessment to final decision; the number and duration of clock stops; the number and percentage completed within the applicable administrative or process target; and the equivalent figures separately for orphan medicines, medicines for rare diseases, oncology medicines and all other medicines, in tabular form.",the minister for health the number of medicines which entered the hse reimbursement process in each year 2021 to 2025 and to date in 2026 the number which received a final reimbursement decision the average median and longest time spent at each stage from reimbursement application and pharmacoeconomic assessment to final decision the number and duration of clock stops the number and percentage completed within the applicable administrative or process target and the equivalent figures separately for orphan medicines medicines for rare diseases oncology medicines and all other medicines in tabular form 67623 26,Health,870,872
205. Deputy Robert Troy asked the Minister for Health to address the issue that patients in Midlands Regional Hospital Mullingar will not have access to nurse led clinics provided from the Diabetes Day Centre due to lack of suitably qualified nursing staff. [67632/26],,Health,2026-09-23,0.7050853371620178,Hospital Services,Hospital Services,0.7050853371620178,Health Services,0.1332479566335678,Hospital Facilities,0.0379091911017894,Hospital Staff,0.0336584039032459,Disease Management,0.0148400887846946,Healthcare Policy,0.0130659146234393,Health Services Staff,0.0069138808175921,Cancer Services,0.0039477464742958,Health Strategies,0.0038552435580641,Departmental Data,0.003660523565486,67632/26,205,Robert Troy,ROBERT TROY,written,en,To ask the Minister for Health to address the issue that patients in Midlands Regional Hospital Mullingar will not have access to nurse led clinics provided from the Diabetes Day Centre due to lack of suitably qualified nursing staff.,the minister for health to address the issue that patients in midlands regional hospital mullingar will not have access to nurse led clinics provided from the diabetes day centre due to lack of suitably qualified nursing staff 67632 26,Health,874,876
"206. Deputy David Cullinane asked the Minister for Health the number of persons eligible, invited and screened in each of the years 2022 to 2025 and to date in 2026in respect of BreastCheck, CervicalCheck and BowelScreen; the relevant target number, screening interval or participation target and actual performance against each target; the number and percentage whose screening interval exceeded the applicable programme target; and the figures nationally, by HSE health region and by county where available, in tabular form. [67622/26]",,Health,2026-09-23,0.5192476511001587,Cancer Services,Cancer Services,0.5192476511001587,Health Services,0.3321017920970917,Departmental Data,0.0707984715700149,Health Strategies,0.0098402509465813,Health Screening Programmes,0.00721828173846,Healthcare Policy,0.0070797749795019,Departmental Schemes,0.0032072381582111,Dental Services,0.0028093468863517,Health Services Waiting Lists,0.0027971547096967,Health Promotion,0.0026216951664537,67622/26,206,David Cullinane,DAVID CULLINANE,written,en,"To ask the Minister for Health the number of persons eligible, invited and screened in each of the years 2022 to 2025 and to date in 2026in respect of BreastCheck, CervicalCheck and BowelScreen; the relevant target number, screening interval or participation target and actual performance against each target; the number and percentage whose screening interval exceeded the applicable programme target; and the figures nationally, by HSE health region and by county where available, in tabular form.",the minister for health the number of persons eligible invited and screened in each of the years 2022 to 2025 and to date in 2026in respect of breastcheck cervicalcheck and bowelscreen the relevant target number screening interval or participation target and actual performance against each target the number and percentage whose screening interval exceeded the applicable programme target and the figures nationally by hse health region and by county where available in tabular form 67622 26,Health,878,880
"207. Deputy David Cullinane asked the Minister for Health the total expenditure by the National Treatment Purchase Fund on the purchase of care from private and other non-HSE providers in each of the years 2021 to 2025 and to date in 2026, by provider, specialty, procedure or treatment category and referring public hospital; the number of patients and episodes of care funded; the average expenditure per patient or episode; the number of procedures cancelled or not completed; the number of patients returned to a public waiting list; the time from referral to treatment; and the complications or readmissions where recorded, in tabular form. [67616/26]",,Health,2026-09-23,0.7530354261398315,National Treatment Purchase Fund,National Treatment Purchase Fund,0.7530354261398315,Health Services,0.0552617795765399,Hospital Services,0.0455719754099845,Departmental Data,0.0244831629097461,Cancer Services,0.0181058831512928,Hospital Waiting Lists,0.0170103292912244,Hospital Procedures,0.0116004711017012,Departmental Funding,0.0064102965407073,Health Services Waiting Lists,0.0059344754554331,Departmental Schemes,0.0036485067103058,67616/26,207,David Cullinane,DAVID CULLINANE,written,en,"To ask the Minister for Health the total expenditure by the National Treatment Purchase Fund on the purchase of care from private and other non-HSE providers in each of the years 2021 to 2025 and to date in 2026, by provider, specialty, procedure or treatment category and referring public hospital; the number of patients and episodes of care funded; the average expenditure per patient or episode; the number of procedures cancelled or not completed; the number of patients returned to a public waiting list; the time from referral to treatment; and the complications or readmissions where recorded, in tabular form.",the minister for health the total expenditure by the national treatment purchase fund on the purchase of care from private and other non-hse providers in each of the years 2021 to 2025 and to date in 2026 by provider specialty procedure or treatment category and referring public hospital the number of patients and episodes of care funded the average expenditure per patient or episode the number of procedures cancelled or not completed the number of patients returned to a public waiting list the time from referral to treatment and the complications or readmissions where recorded in tabular form 67616 26,Health,882,884
"208. Deputy David Cullinane asked the Minister for Health the number of personal-data breaches recorded by the HSE and public and voluntary hospitals for each of the years 2021 to 2025 and to date in 2026, nationally, by HSE health region and facility where available, broken down by breach category; the number of persons affected; the number involving health or other special-category personal data; and the number notified to the Data Protection Commission, in tabular form. [67615/26]",,Health,2026-09-23,0.919954001903534,Data Protection,Data Protection,0.919954001903534,Health Service Executive,0.0078133950009942,Departmental Websites,0.0066857547499239,Departmental Communications,0.0064108646474778,Departmental Data,0.0059527372941374,Cybersecurity Policy,0.0045686140656471,Freedom of Information,0.0038485405966639,Health Services,0.00277288001962,Protected Disclosures,0.0021868322510272,Social Media,0.0020113177597522,67615/26,208,David Cullinane,DAVID CULLINANE,written,en,"To ask the Minister for Health the number of personal-data breaches recorded by the HSE and public and voluntary hospitals for each of the years 2021 to 2025 and to date in 2026, nationally, by HSE health region and facility where available, broken down by breach category; the number of persons affected; the number involving health or other special-category personal data; and the number notified to the Data Protection Commission, in tabular form.",the minister for health the number of personal-data breaches recorded by the hse and public and voluntary hospitals for each of the years 2021 to 2025 and to date in 2026 nationally by hse health region and facility where available broken down by breach category the number of persons affected the number involving health or other special-category personal data and the number notified to the data protection commission in tabular form 67615 26,Health,886,888
"209. Deputy David Cullinane asked the Minister for Health the number of serious reportable events and other serious patient-safety incidents recorded in each of the years 2021 to 2025 and to date in 2026, nationally and by hospital or facility, by incident category, including wrong-patient or wrong-site procedures, retained foreign objects and other applicable serious reportable event categories, and by level of patient harm; the number of related investigations completed and outstanding; the median time to complete an investigation; and the number of recommendations arising from such investigations which remain overdue, in tabular form. [67614/26]",,Health,2026-09-23,0.2681814134120941,Departmental Data,Departmental Data,0.2681814134120941,Hospital Admissions,0.0726322084665298,Other,0.0466205216944217,Hospital Services,0.0419680178165435,Patient Safety,0.0417650490999221,Mortality Rates,0.033094435930252,Hospital Investigations,0.0322090797126293,Health Services,0.0271926540881395,Medical Records,0.027133772149682,Hospital Overcrowding,0.024626225233078,67614/26,209,David Cullinane,DAVID CULLINANE,written,en,"To ask the Minister for Health the number of serious reportable events and other serious patient-safety incidents recorded in each of the years 2021 to 2025 and to date in 2026, nationally and by hospital or facility, by incident category, including wrong-patient or wrong-site procedures, retained foreign objects and other applicable serious reportable event categories, and by level of patient harm; the number of related investigations completed and outstanding; the median time to complete an investigation; and the number of recommendations arising from such investigations which remain overdue, in tabular form.",the minister for health the number of serious reportable events and other serious patient-safety incidents recorded in each of the years 2021 to 2025 and to date in 2026 nationally and by hospital or facility by incident category including wrong-patient or wrong-site procedures retained foreign objects and other applicable serious reportable event categories and by level of patient harm the number of related investigations completed and outstanding the median time to complete an investigation and the number of recommendations arising from such investigations which remain overdue in tabular form 67614 26,Health,890,892
"210. Deputy David Cullinane asked the Minister for Health the number of hospitals and clinical sites required to certify compliance with the Public-Only Consultant Contract 2023; the number which have completed such certification; the number where non-compliance has been identified; the number of consultants identified as undertaking private work on public sites contrary to the terms of their contract; the number operating under an exemption, derogation or transitional arrangement; and the remedial or financial action taken, by hospital or clinical site, in tabular form. [67613/26]",,Health,2026-09-23,0.3148295283317566,Departmental Data,Departmental Data,0.3148295283317566,Hospital Staff,0.206654816865921,Health Services,0.0914529711008071,Health Services Staff,0.0692336708307266,Hospital Services,0.0617862902581691,Health Service Executive,0.0284256394952535,Departmental Contracts,0.021099766716361,Hospital Facilities,0.013585397042334,Departmental Reviews,0.0116950049996376,Covid-19 Pandemic,0.0089471340179443,67613/26,210,David Cullinane,DAVID CULLINANE,written,en,"To ask the Minister for Health the number of hospitals and clinical sites required to certify compliance with the Public-Only Consultant Contract 2023; the number which have completed such certification; the number where non-compliance has been identified; the number of consultants identified as undertaking private work on public sites contrary to the terms of their contract; the number operating under an exemption, derogation or transitional arrangement; and the remedial or financial action taken, by hospital or clinical site, in tabular form.",the minister for health the number of hospitals and clinical sites required to certify compliance with the public-only consultant contract 2023 the number which have completed such certification the number where non-compliance has been identified the number of consultants identified as undertaking private work on public sites contrary to the terms of their contract the number operating under an exemption derogation or transitional arrangement and the remedial or financial action taken by hospital or clinical site in tabular form 67613 26,Health,894,896
"211. Deputy David Cullinane asked the Minister for Health the number of hospital consultants at 31 August 2026, nationally and by hospital or principal clinical site, specialty and contract type; the number and percentage employed under the Public-Only Consultant Contract 2023; the number and percentage of such consultants rostered as part of their core contracted hours to work after 5pm on weekdays and on Saturdays; and the number of consultant sessions actually delivered during such extended hours in 2025 and to date in 2026, in tabular form. [67612/26]",,Health,2026-09-23,0.7606294751167297,Hospital Staff,Hospital Staff,0.7606294751167297,Health Services Staff,0.1420257836580276,Departmental Data,0.0738466158509254,Departmental Staff,0.0054844059050083,Hospital Services,0.0053233006037771,Health Services,0.0025645561981946,Cancer Services,0.0009689118014648,Health Service Executive,0.0007551008020527,Departmental Consultations,0.0006141616031527,Departmental Expenditure,0.0004941244842484,67612/26,211,David Cullinane,DAVID CULLINANE,written,en,"To ask the Minister for Health the number of hospital consultants at 31 August 2026, nationally and by hospital or principal clinical site, specialty and contract type; the number and percentage employed under the Public-Only Consultant Contract 2023; the number and percentage of such consultants rostered as part of their core contracted hours to work after 5pm on weekdays and on Saturdays; and the number of consultant sessions actually delivered during such extended hours in 2025 and to date in 2026, in tabular form.",the minister for health the number of hospital consultants at 31 august 2026 nationally and by hospital or principal clinical site specialty and contract type the number and percentage employed under the public-only consultant contract 2023 the number and percentage of such consultants rostered as part of their core contracted hours to work after 5pm on weekdays and on saturdays and the number of consultant sessions actually delivered during such extended hours in 2025 and to date in 2026 in tabular form 67612 26,Health,898,900
"212. Deputy Paul Lawless asked the Minister for Health if she is aware of reports that approximately 88 intern nurses (details supplied) were interviewed for nursing positions in Galway University Hospital in 2026, but that fewer than ten were offered employment; if she will clarify the number interviewed; the number offered positions; the number currently awaiting contracts or confirmed start dates; and if she will make a statement on the matter. [67596/26]",,Health,2026-09-23,0.8687889575958252,Hospital Staff,Hospital Staff,0.8687889575958252,Health Services Staff,0.1121910363435745,Departmental Data,0.0030354338232427,Hospital Services,0.0027914326637983,Health Services,0.0011065159924328,Health Service Executive,0.0011000487720593,Departmental Staff,0.0010195963550359,Nursing Education,0.0007548971916548,Medical Qualifications,0.0005852913600392,Mental Health Services,0.0005007627769373,67596/26,212,Paul Lawless,PAUL LAWLESS,written,en,"To ask the Minister for Health if she is aware of reports that approximately 88 intern nurses (details supplied) were interviewed for nursing positions in Galway University Hospital in 2026, but that fewer than ten were offered employment; if she will clarify the number interviewed; the number offered positions; the number currently awaiting contracts or confirmed start dates; and if she will make a statement on the matter.",the minister for health if she is aware of reports that approximately 88 intern nurses details supplied were interviewed for nursing positions in galway university hospital in 2026 but that fewer than ten were offered employment if she will clarify the number interviewed the number offered positions the number currently awaiting contracts or confirmed start dates and 67596 26,Health,902,904
"213. Deputy David Cullinane asked the Minister for Health the total expenditure by the HSE and each Section 38 organisation on management consultancy and external professional services for each full year 2021 to 2025 and for the period 1 January to 31 August in 2025 and 2026, broken down by organisation, firm and service type and, for HSE expenditure, by HSE Health Region or national service where available, in tabular form. [67589/26]",,Health,2026-09-23,0.5871599912643433,Health Service Executive,Health Service Executive,0.5871599912643433,Health Services,0.1529854238033294,Departmental Expenditure,0.0743081718683242,Departmental Funding,0.0719449743628501,Departmental Data,0.0351944640278816,Health Services Staff,0.0230074059218168,Disability Services,0.0100740138441324,Mental Health Services,0.0094415014609694,Departmental Budgets,0.0035077275242656,Healthcare Infrastructure Provision,0.0024330595042556,67589/26,213,David Cullinane,DAVID CULLINANE,written,en,"To ask the Minister for Health the total expenditure by the HSE and each Section 38 organisation on management consultancy and external professional services for each full year 2021 to 2025 and for the period 1 January to 31 August in 2025 and 2026, broken down by organisation, firm and service type and, for HSE expenditure, by HSE Health Region or national service where available, in tabular form.",the minister for health the total expenditure by the hse and each section 38 organisation on management consultancy and external professional services for each full year 2021 to 2025 and for the period 1 january to 31 august in 2025 and 2026 broken down by organisation firm and service type and for hse expenditure by hse health region or national service where available in tabular form 67589 26,Health,906,908
"214. Deputy Robert O'Donoghue asked the Minister for Health if she will clarify whether a GP practice may charge a medical card or doctor visit card holder a “New Patient Appointment Fee” (details supplied) when registering with the practice; whether such a fee is permissible under the GMS scheme where the appointment is solely for registration; if the HSE has issued guidance to GPs on such charges; and if the HSE is investigating this matter, which has been raised by email on multiple occasions since July without a substantive response despite repeated requests for an update. [67669/26]",,Health,2026-09-23,0.953918755054474,General Practitioner Services,General Practitioner Services,0.953918755054474,Medical Cards,0.020077109336853,Health Services,0.0033038514666259,Departmental Data,0.0026389264967292,Healthcare Policy,0.0022256644442677,Primary Care Services,0.0014975079102441,Hospital Charges,0.0008008598815649,Medicinal Products,0.0005885026766918,Abortion Services,0.0005850075976923,Nursing Homes,0.0005344169912859,67669/26,214,Robert O'Donoghue,ROBERT O'DONOGHUE,written,en,"To ask the Minister for Health if she will clarify whether a GP practice may charge a medical card or doctor visit card holder a “New Patient Appointment Fee” (details supplied) when registering with the practice; whether such a fee is permissible under the GMS scheme where the appointment is solely for registration; if the HSE has issued guidance to GPs on such charges; and if the HSE is investigating this matter, which has been raised by email on multiple occasions since July without a substantive response despite repeated requests for an update.",the minister for health if she will clarify whether a gp practice may charge a medical card or doctor visit card holder a new patient appointment fee details supplied when registering with the practice whether such a fee is permissible under the gms scheme where the appointment is solely for registration if the hse has issued guidance to gps on such charges and if the hse is investigating this matter which has been raised by email on multiple occasions since july without a substantive response despite repeated requests for an update 67669 26,Health,910,912
"215. Deputy David Cullinane asked the Minister for Health the number of requests received for assistance with assignment to a GP or dentist from medical card holders, GP visit card holders and persons without such qualification, for each full year 2016 to 2025 and for the period 1 January to 31 August in 2025 and 2026, nationally, by HSE Health Region and by local area, broken down by GP and dentist requests and applicant category; and, for 2025 and 2026, the number which resulted in assignment to a provider, remained unresolved or were otherwise closed, in tabular form. [67587/26]",,Health,2026-09-23,0.5657364726066589,General Practitioner Services,General Practitioner Services,0.5657364726066589,Departmental Data,0.1356512159109115,Health Services Staff,0.114630714058876,Dental Services,0.0587436705827713,Medical Cards,0.0373304970562458,Health Services,0.0262518711388111,Primary Care Services,0.0133588723838329,Health Service Executive,0.0040956903249025,Healthcare Policy,0.0035961116664111,Disability Services,0.0021085541229695,67587/26,215,David Cullinane,DAVID CULLINANE,written,en,"To ask the Minister for Health the number of requests received for assistance with assignment to a GP or dentist from medical card holders, GP visit card holders and persons without such qualification, for each full year 2016 to 2025 and for the period 1 January to 31 August in 2025 and 2026, nationally, by HSE Health Region and by local area, broken down by GP and dentist requests and applicant category; and, for 2025 and 2026, the number which resulted in assignment to a provider, remained unresolved or were otherwise closed, in tabular form.",the minister for health the number of requests received for assistance with assignment to a gp or dentist from medical card holders gp visit card holders and persons without such qualification for each full year 2016 to 2025 and for the period 1 january to 31 august in 2025 and 2026 nationally by hse health region and by local area broken down by gp and dentist requests and applicant category and for 2025 and 2026 the number which resulted in assignment to a provider remained unresolved or were otherwise closed in tabular form 67587 26,Health,914,916
"216. Deputy David Cullinane asked the Minister for Health the number of patients waiting for access to dental treatment under sedation or general anaesthetic at 31 August 2025 and 31 August 2026, broken down by sedation or anaesthetic type, adult and child, patient category including patients with additional or special care needs, waiting-time band, HSE Health Region and Integrated Healthcare Area; and the average and longest waiting time in each area, in tabular form. [67586/26]",,Health,2026-09-23,0.9442519545555116,Dental Services,Dental Services,0.9442519545555116,Health Services Waiting Lists,0.0193310119211673,Hospital Waiting Lists,0.0086872074753046,Health Services,0.0079621858894824,Departmental Data,0.0078182267025113,Medical Cards,0.0017867346759885,Cancer Services,0.0012680453946813,Disability Services,0.0007303523016162,Health Services Staff,0.0006805032026022,Hospital Services,0.0006570497644133,67586/26,216,David Cullinane,DAVID CULLINANE,written,en,"To ask the Minister for Health the number of patients waiting for access to dental treatment under sedation or general anaesthetic at 31 August 2025 and 31 August 2026, broken down by sedation or anaesthetic type, adult and child, patient category including patients with additional or special care needs, waiting-time band, HSE Health Region and Integrated Healthcare Area; and the average and longest waiting time in each area, in tabular form.",the minister for health the number of patients waiting for access to dental treatment under sedation or general anaesthetic at 31 august 2025 and 31 august 2026 broken down by sedation or anaesthetic type adult and child patient category including patients with additional or special care needs waiting-time band hse health region and integrated healthcare area and the average and longest waiting time in each area in tabular form 67586 26,Health,918,920
217. Deputy Paul Lawless asked the Minister for Health the number of newly qualified nurses who completed their internships in 2026 and subsequently applied for nursing positions within the HSE; the number offered temporary and permanent posts respectively; and if she will make a statement on the matter. [67585/26],,Health,2026-09-23,0.9245917201042176,Health Services Staff,Health Services Staff,0.9245917201042176,Health Service Executive,0.0279617123305797,Hospital Staff,0.0154146319255232,Departmental Data,0.0094678727909922,Nursing Education,0.0069382777437567,Health Services,0.0022301303688436,Medical Qualifications,0.0017516065854579,Departmental Staff,0.0010526465484872,Nursing and Midwifery Board of Ireland,0.0008044495480135,Mental Health Services,0.0006593372090719,67585/26,217,Paul Lawless,PAUL LAWLESS,written,en,To ask the Minister for Health the number of newly qualified nurses who completed their internships in 2026 and subsequently applied for nursing positions within the HSE; the number offered temporary and permanent posts respectively; and if she will make a statement on the matter.,the minister for health the number of newly qualified nurses who completed their internships in 2026 and subsequently applied for nursing positions within the hse the number offered temporary and permanent posts respectively and 67585 26,Health,922,924
"218. Deputy David Cullinane asked the Minister for Health the number of children eligible and scheduled for school dental screening, the number actually screened, the number and percentage of eligible children not screened, the number receiving treatment following screening, and the school year or class cohort currently being called for screening in each local dental area, for the 2021/22 to 2025/26 school years and to date in the 2026/27 school year, in tabular form. [67584/26]",,Health,2026-09-23,0.9338085651397704,Dental Services,Dental Services,0.9338085651397704,Departmental Data,0.0260571744292974,Health Services,0.0158635284751653,Cancer Services,0.0040047788061201,Health Services Waiting Lists,0.0039638937450945,Medical Cards,0.0024958823341876,Health Services Staff,0.0011818858329206,Healthcare Policy,0.0006785219884477,Disability Services,0.0006418617558665,Other,0.0006106625078245,67584/26,218,David Cullinane,DAVID CULLINANE,written,en,"To ask the Minister for Health the number of children eligible and scheduled for school dental screening, the number actually screened, the number and percentage of eligible children not screened, the number receiving treatment following screening, and the school year or class cohort currently being called for screening in each local dental area, for the 2021/22 to 2025/26 school years and to date in the 2026/27 school year, in tabular form.",the minister for health the number of children eligible and scheduled for school dental screening the number actually screened the number and percentage of eligible children not screened the number receiving treatment following screening and the school year or class cohort currently being called for screening in each local dental area for the 2021 22 to 2025 26 school years and to date in the 2026 27 school year in tabular form 67584 26,Health,926,928
"219. Deputy David Cullinane asked the Minister for Health the number of patients assessed and waiting to commence orthodontic treatment at 31 August in each of the years 2022 to 2026, nationally, by HSE Health Region, Integrated Healthcare Area and local dental office, broken down by waiting-time band and treatment priority; the number of treatment commencements in each year and in the period 1 January to 31 August 2026; the average and longest wait, in tabular form. [67583/26]",,Health,2026-09-23,0.9687868356704712,Dental Services,Dental Services,0.9687868356704712,Health Services Waiting Lists,0.0071771466173231,Health Services,0.0063141724094748,Departmental Data,0.0050771376118063,Hospital Waiting Lists,0.0022641234099864,Medical Cards,0.0013118219794705,Health Services Staff,0.0012993164127692,Cancer Services,0.0007735270773991,Hospital Services,0.000754409469664,Health Service Executive,0.0005235348944552,67583/26,219,David Cullinane,DAVID CULLINANE,written,en,"To ask the Minister for Health the number of patients assessed and waiting to commence orthodontic treatment at 31 August in each of the years 2022 to 2026, nationally, by HSE Health Region, Integrated Healthcare Area and local dental office, broken down by waiting-time band and treatment priority; the number of treatment commencements in each year and in the period 1 January to 31 August 2026; the average and longest wait, in tabular form.",the minister for health the number of patients assessed and waiting to commence orthodontic treatment at 31 august in each of the years 2022 to 2026 nationally by hse health region integrated healthcare area and local dental office broken down by waiting-time band and treatment priority the number of treatment commencements in each year and in the period 1 january to 31 august 2026 the average and longest wait in tabular form 67583 26,Health,930,932
"220. Deputy David Cullinane asked the Minister for Health the number of patients waiting for an orthodontic assessment at 31 August 2026, nationally, by HSE Health Region, Integrated Healthcare Area and local dental office, broken down by waiting-time band; and the average and longest waiting time in each area, in tabular form. [67581/26]",,Health,2026-09-23,0.9699205160140992,Dental Services,Dental Services,0.9699205160140992,Health Services Waiting Lists,0.0099363196641206,Health Services,0.0047245225869119,Hospital Waiting Lists,0.0028610648587346,Departmental Data,0.002623681211844,Medical Cards,0.0012751742033287,Health Services Staff,0.0010758040007203,Hospital Appointments Status,0.0007674060179851,Health Service Executive,0.0005918505485169,Cancer Services,0.0005254240240901,67581/26,220,David Cullinane,DAVID CULLINANE,written,en,"To ask the Minister for Health the number of patients waiting for an orthodontic assessment at 31 August 2026, nationally, by HSE Health Region, Integrated Healthcare Area and local dental office, broken down by waiting-time band; and the average and longest waiting time in each area, in tabular form.",the minister for health the number of patients waiting for an orthodontic assessment at 31 august 2026 nationally by hse health region integrated healthcare area and local dental office broken down by waiting-time band and the average and longest waiting time in each area in tabular form 67581 26,Health,934,936
"221. Deputy David Cullinane asked the Minister for Health the number of adults and children awaiting assessment or treatment through HSE primary care dental services at 31 August 2026, nationally, by HSE Health Region, Integrated Healthcare Area and local dental office where available, broken down by patient category, treatment type and waiting-time band; and the average and longest waiting time in each area, in tabular form. [67580/26]",,Health,2026-09-23,0.9725110530853271,Dental Services,Dental Services,0.9725110530853271,Departmental Data,0.0067947944626212,Health Services,0.0034617464989423,Medical Cards,0.0032611594069749,Health Services Waiting Lists,0.0030396447982639,Primary Care Services,0.0013289315393194,Health Services Staff,0.0012025549076497,Community Care,0.0006053437828086,Disability Services,0.0004410961701069,Health Service Executive,0.0004056376346852,67580/26,221,David Cullinane,DAVID CULLINANE,written,en,"To ask the Minister for Health the number of adults and children awaiting assessment or treatment through HSE primary care dental services at 31 August 2026, nationally, by HSE Health Region, Integrated Healthcare Area and local dental office where available, broken down by patient category, treatment type and waiting-time band; and the average and longest waiting time in each area, in tabular form.",the minister for health the number of adults and children awaiting assessment or treatment through hse primary care dental services at 31 august 2026 nationally by hse health region integrated healthcare area and local dental office where available broken down by patient category treatment type and waiting-time band and the average and longest waiting time in each area in tabular form 67580 26,Health,938,940
"222. Deputy David Cullinane asked the Minister for Health the number of funded or sanctioned posts for which recruitment, appointment or commencement has been paused, delayed, refused or otherwise restricted as a consequence of financial, employment or recruitment controls in 2026, nationally and by HSE Health Region, Integrated Healthcare Area, hospital and National Service, broken down by staff category and grade; the number of successful candidates who have accepted an offer but have not yet received a commencement date; and the average and longest period such appointments have been awaiting approval or commencement, in tabular form. [67611/26]",,Health,2026-09-23,0.7789225578308105,Health Services Staff,Health Services Staff,0.7789225578308105,Hospital Staff,0.1650447398424148,Departmental Data,0.0244608018547296,Health Service Executive,0.0123948017135262,Health Services,0.0063091642223298,Departmental Staff,0.0022353609092533,Mental Health Services,0.001288827159442,Hospital Services,0.001070836209692,Primary Care Services,0.0007733626407571,Disability Services,0.0005524612497538,67611/26,222,David Cullinane,DAVID CULLINANE,written,en,"To ask the Minister for Health the number of funded or sanctioned posts for which recruitment, appointment or commencement has been paused, delayed, refused or otherwise restricted as a consequence of financial, employment or recruitment controls in 2026, nationally and by HSE Health Region, Integrated Healthcare Area, hospital and National Service, broken down by staff category and grade; the number of successful candidates who have accepted an offer but have not yet received a commencement date; and the average and longest period such appointments have been awaiting approval or commencement, in tabular form.",the minister for health the number of funded or sanctioned posts for which recruitment appointment or commencement has been paused delayed refused or otherwise restricted as a consequence of financial employment or recruitment controls in 2026 nationally and by hse health region integrated healthcare area hospital and national service broken down by staff category and grade the number of successful candidates who have accepted an offer but have not yet received a commencement date and the average and longest period such appointments have been awaiting approval or commencement in tabular form 67611 26,Health,942,944
"223. Deputy Paul Lawless asked the Minister for Health what measures are being taken to ensure that nurses who successfully complete internship programmes within the HSE are provided with opportunities to continue their careers within the public health service, her plans to improve the retention of newly qualified nurses in view of ongoing recruitment and staffing pressures across hospitals; and if she will make a statement on the matter. [67601/26]",,Health,2026-09-23,0.9402756690979004,Health Services Staff,Health Services Staff,0.9402756690979004,Hospital Staff,0.0194971747696399,Health Service Executive,0.0137791335582733,Medical Qualifications,0.0056124362163245,Nursing Education,0.0044400147162377,Health Services,0.0041541322134435,Nursing and Midwifery Board of Ireland,0.0012938047293573,Departmental Data,0.0011337540345266,Mental Health Services,0.0006304126582108,Departmental Staff,0.0005451320321299,67601/26,223,Paul Lawless,PAUL LAWLESS,written,en,"To ask the Minister for Health what measures are being taken to ensure that nurses who successfully complete internship programmes within the HSE are provided with opportunities to continue their careers within the public health service, her plans to improve the retention of newly qualified nurses in view of ongoing recruitment and staffing pressures across hospitals; and if she will make a statement on the matter.",the minister for health what measures are being taken to ensure that nurses who successfully complete internship programmes within the hse are provided with opportunities to continue their careers within the public health service her plans to improve the retention of newly qualified nurses in view of ongoing recruitment and staffing pressures across hospitals and 67601 26,Health,946,948
"224. Deputy Duncan Smith asked the Minister for Health if she will intervene to lift the effective freeze on the hiring of physician associates (PA's) within the public health service, given there are more than 40 qualified PA's whose education was funded by the HSE, who committed as part of their training to work for the HSE for three years following qualification and who cannot find employment due to the current delays on the approval of the national grade code (details supplied). [67285/26]",,Health,2026-09-23,0.9704235196113586,Health Services Staff,Health Services Staff,0.9704235196113586,Health Service Executive,0.0062526077963411,Health Services,0.003908806014806,Hospital Staff,0.0032122926786541,Medical Qualifications,0.002020584186539,Departmental Staff,0.0019749929197132,Nursing Education,0.0009652192820794,Primary Care Services,0.0009212601580657,Departmental Data,0.0008421377278864,Nursing and Midwifery Board of Ireland,0.0005514968652278,67285/26,224,Duncan Smith,DUNCAN SMITH,written,en,"To ask the Minister for Health if she will intervene to lift the effective freeze on the hiring of physician associates (PA's) within the public health service, given there are more than 40 qualified PA's whose education was funded by the HSE, who committed as part of their training to work for the HSE for three years following qualification and who cannot find employment due to the current delays on the approval of the national grade code (details supplied).",the minister for health if she will intervene to lift the effective freeze on the hiring of physician associates pa s within the public health service given there are more than 40 qualified pa s whose education was funded by the hse who committed as part of their training to work for the hse for three years following qualification and who cannot find employment due to the current delays on the approval of the national grade code details supplied 67285 26,Health,950,952
"225. Deputy Erin Mcgreehan asked the Minister for Further and Higher Education, Research, Innovation and Science for an update on the development of the National Offshore Wind Training and Skills Hub, including its proposed location, functions, delivery timetable, total estimated cost and the funding required to complete it. [67275/26]",,Further and Higher Education,2026-09-23,0.1463152170181274,Wind Energy Generation,Wind Energy Generation,0.1463152170181274,Renewable Energy Generation,0.1426115036010742,Further and Higher Education,0.1197662949562072,Departmental Projects,0.0430566109716892,Technological Universities,0.0406574420630931,Third Level Education,0.0403995253145694,Construction Industry,0.0381688587367534,Apprenticeship Programmes,0.0252724457532167,Departmental Data,0.0224926155060529,Education and Training Provision,0.0216083005070686,67275/26,225,Erin Mcgreehan,ERIN MCGREEHAN,written,en,"To ask the Minister for Further and Higher Education, Research, Innovation and Science for an update on the development of the National Offshore Wind Training and Skills Hub, including its proposed location, functions, delivery timetable, total estimated cost and the funding required to complete it.",the minister for further and higher education research innovation and science for an update on the development of the national offshore wind training and skills hub including its proposed location functions delivery timetable total estimated cost and the funding required to complete it 67275 26,"Further and Higher Education, Research, Innovation and Science",957,959
"226. Deputy Erin Mcgreehan asked the Minister for Further and Higher Education, Research, Innovation and Science the number of offshore wind training courses and places that were cancelled or could not proceed in 2026 due to funding constraints; the level of unmet demand recorded by the Academy; and the way in which his Department proposes to address that demand in 2027. [67274/26]",,Further and Higher Education,2026-09-23,0.1338086873292923,Further and Higher Education,Further and Higher Education,0.1338086873292923,Departmental Data,0.1309924721717834,Wind Energy Generation,0.086244136095047,Renewable Energy Generation,0.0749838948249816,Third Level Education,0.0699064061045646,Apprenticeship Programmes,0.0608667843043804,Education and Training Provision,0.0397760495543479,Construction Industry,0.0335033498704433,Technological Universities,0.0276728272438049,Grant Payments,0.0226740092039108,67274/26,226,Erin Mcgreehan,ERIN MCGREEHAN,written,en,"To ask the Minister for Further and Higher Education, Research, Innovation and Science the number of offshore wind training courses and places that were cancelled or could not proceed in 2026 due to funding constraints; the level of unmet demand recorded by the Academy; and the way in which his Department proposes to address that demand in 2027.",the minister for further and higher education research innovation and science the number of offshore wind training courses and places that were cancelled or could not proceed in 2026 due to funding constraints the level of unmet demand recorded by the academy and the way in which his department proposes to address that demand in 2027 67274 26,"Further and Higher Education, Research, Innovation and Science",961,963
"227. Deputy Erin Mcgreehan asked the Minister for Further and Higher Education, Research, Innovation and Science if his Department will provide €2 million for the Skillnet Offshore Wind Academy in 2027, comprising €1.4 million for training provision and the balance for the development of the National Offshore Wind Training and Skills Hub; and if he will make a statement on the matter. [67272/26]",,Further and Higher Education,2026-09-23,0.1885279566049575,Wind Energy Generation,Wind Energy Generation,0.1885279566049575,Renewable Energy Generation,0.17137211561203,Further and Higher Education,0.0735993310809135,Departmental Data,0.052557349205017,Departmental Projects,0.0327930077910423,Construction Industry,0.0320141315460205,Apprenticeship Programmes,0.0267585292458534,Third Level Education,0.0262341294437646,Departmental Funding,0.0227080322802066,Technological Universities,0.0199277084320783,67272/26,227,Erin Mcgreehan,ERIN MCGREEHAN,written,en,"To ask the Minister for Further and Higher Education, Research, Innovation and Science if his Department will provide €2 million for the Skillnet Offshore Wind Academy in 2027, comprising €1.4 million for training provision and the balance for the development of the National Offshore Wind Training and Skills Hub; and if he will make a statement on the matter.",the minister for further and higher education research innovation and science if his department will provide 2 million for the skillnet offshore wind academy in 2027 comprising 1 4 million for training provision and the balance for the development of the national offshore wind training and skills hub and 67272 26,"Further and Higher Education, Research, Innovation and Science",965,967
"228. Deputy Erin Mcgreehan asked the Minister for Further and Higher Education, Research, Innovation and Science the funding allocated to the Skillnet Offshore Wind Academy in each year since its establishment; the amount available for the direct delivery of training in each year; the number of courses and training places delivered; and if he will make a statement on the matter. [67271/26]",,Further and Higher Education,2026-09-23,0.1198838651180267,Renewable Energy Generation,Renewable Energy Generation,0.1198838651180267,Departmental Funding,0.1183790266513824,Wind Energy Generation,0.1161022633314132,Departmental Data,0.1093556061387062,Further and Higher Education,0.0680913776159286,Departmental Expenditure,0.0360697880387306,Departmental Projects,0.0274320617318153,Third Level Education,0.0238017365336418,Technological Universities,0.0224730931222438,Grant Payments,0.0213921517133712,67271/26,228,Erin Mcgreehan,ERIN MCGREEHAN,written,en,"To ask the Minister for Further and Higher Education, Research, Innovation and Science the funding allocated to the Skillnet Offshore Wind Academy in each year since its establishment; the amount available for the direct delivery of training in each year; the number of courses and training places delivered; and if he will make a statement on the matter.",the minister for further and higher education research innovation and science the funding allocated to the skillnet offshore wind academy in each year since its establishment the amount available for the direct delivery of training in each year the number of courses and training places delivered and 67271 26,"Further and Higher Education, Research, Innovation and Science",969,971
"229. Deputy Naoise Ó Muirí asked the Minister for Further and Higher Education, Research, Innovation and Science whether he will review the SUSI eligibility criteria that classify mature students living in the parental home as dependent students for grant assessment purposes; and whether consideration is being given to assessing such applicants on the basis of their own income and financial circumstances rather than parental income. [67256/26]",,Further and Higher Education,2026-09-23,0.5354154706001282,Grant Payments,Grant Payments,0.5354154706001282,Third Level Costs,0.1218186020851135,Further and Higher Education,0.1082369461655616,Third Level Fees,0.0469640456140041,Third Level Education,0.0376423262059688,Education Schemes,0.0224523972719907,Departmental Schemes,0.0223307851701974,Education Costs,0.0202784799039363,Education and Training Provision,0.0054322578944265,Departmental Reviews,0.0049392404034733,67256/26,229,Naoise Ó Muirí,NAOISE Ó MUIRÍ,written,en,"To ask the Minister for Further and Higher Education, Research, Innovation and Science whether he will review the SUSI eligibility criteria that classify mature students living in the parental home as dependent students for grant assessment purposes; and whether consideration is being given to assessing such applicants on the basis of their own income and financial circumstances rather than parental income.",the minister for further and higher education research innovation and science whether he will review the susi eligibility criteria that classify mature students living in the parental home as dependent students for grant assessment purposes and whether consideration is being given to assessing such applicants on the basis of their own income and financial circumstances rather than parental income 67256 26,"Further and Higher Education, Research, Innovation and Science",973,975
"230. Deputy Peadar Tóibín asked the Minister for Further and Higher Education, Research, Innovation and Science the total annual expenditure under the international protection student scheme in each of the academic years for the past five years. [67320/26]",,Further and Higher Education,2026-09-23,0.4344407618045807,Departmental Data,Departmental Data,0.4344407618045807,Departmental Expenditure,0.0937295034527778,Departmental Schemes,0.0630207955837249,Further and Higher Education,0.0593068748712539,Departmental Funding,0.0493674427270889,Third Level Education,0.0437880270183086,International Protection,0.0399546548724174,Departmental Budgets,0.0270737875252962,Grant Payments,0.0255227386951446,Education and Training Provision,0.0108358114957809,67320/26,230,Peadar Tóibín,PEADAR TÓIBÍN,written,en,"To ask the Minister for Further and Higher Education, Research, Innovation and Science the total annual expenditure under the international protection student scheme in each of the academic years for the past five years.",the minister for further and higher education research innovation and science the total annual expenditure under the international protection student scheme in each of the academic years for the past five years 67320 26,"Further and Higher Education, Research, Innovation and Science",977,979
"231. Deputy Peadar Tóibín asked the Minister for Further and Higher Education, Research, Innovation and Science the number of adult international protection applicants who received funding under the international protection student scheme in each of the past five years. [67319/26]",,Further and Higher Education,2026-09-23,0.2497844099998474,International Protection,International Protection,0.2497844099998474,Departmental Data,0.2118516415357589,Further and Higher Education,0.1096985936164856,Third Level Education,0.0789280161261558,Departmental Funding,0.0407881811261177,Education and Training Provision,0.0381305702030658,Departmental Schemes,0.0377691611647605,Grant Payments,0.0363474041223526,Student Accommodation,0.0238890387117862,Third Level Costs,0.0113316550850868,67319/26,231,Peadar Tóibín,PEADAR TÓIBÍN,written,en,"To ask the Minister for Further and Higher Education, Research, Innovation and Science the number of adult international protection applicants who received funding under the international protection student scheme in each of the past five years.",the minister for further and higher education research innovation and science the number of adult international protection applicants who received funding under the international protection student scheme in each of the past five years 67319 26,"Further and Higher Education, Research, Innovation and Science",981,983
"232. Deputy Brendan Smith asked the Minister for Further and Higher Education, Research, Innovation and Science further to Parliamentary Question No's 6899/26 and 50256/26 to confirm that Cavan/Monaghan ETB's FET College Major Capital Project will be developed at one location on land currently occupied by a college (details supplied); to further confirm this project will advance at pace; and if he will outline the timeframe for the appointment of a design team. [67317/26]",,Further and Higher Education,2026-09-23,0.4371666014194488,Education and Training Boards,Education and Training Boards,0.4371666014194488,Further and Higher Education,0.1644743382930755,Technological Universities,0.1040010303258895,Education and Training Provision,0.070612646639347,Third Level Education,0.0367584601044654,Departmental Projects,0.0274773593991994,Capital Expenditure Programme,0.0188030805438756,Departmental Expenditure,0.0143074132502079,Departmental Data,0.0134658068418502,Apprenticeship Programmes,0.0133297760039567,67317/26,232,Brendan Smith,BRENDAN SMITH,written,en,"To ask the Minister for Further and Higher Education, Research, Innovation and Science further to Parliamentary Question No's 6899/26 and 50256/26 to confirm that Cavan/Monaghan ETB's FET College Major Capital Project will be developed at one location on land currently occupied by a college (details supplied); to further confirm this project will advance at pace; and if he will outline the timeframe for the appointment of a design team.",the minister for further and higher education research innovation and science further to parliamentary question no s 6899 26 and 50256 26 to confirm that cavan monaghan etb s fet college major capital project will be developed at one location on land currently occupied by a college details supplied to further confirm this project will advance at pace and if he will outline the timeframe for the appointment of a design team 67317 26,"Further and Higher Education, Research, Innovation and Science",985,987
"233. Deputy Peadar Tóibín asked the Minister for Further and Higher Education, Research, Innovation and Science the number of adult international protection applicants enrolled in PLC courses, apprenticeships, undergraduate courses and postgraduate courses for the academic years 2024/2025, 2025/2026 and to date in 2026/2027. [67318/26]",,Further and Higher Education,2026-09-23,0.5984601974487305,Departmental Data,Departmental Data,0.5984601974487305,International Protection,0.083986647427082,Education and Training Provision,0.060446947813034,Apprenticeship Programmes,0.0517740696668624,Further and Higher Education,0.0326448231935501,Third Level Education,0.0315730199217796,Third Level Admissions,0.0129568548873066,Departmental Expenditure,0.0091871377080678,Student Accommodation,0.0089182592928409,Education and Training Boards,0.0088948374614119,67318/26,233,Peadar Tóibín,PEADAR TÓIBÍN,written,en,"To ask the Minister for Further and Higher Education, Research, Innovation and Science the number of adult international protection applicants enrolled in PLC courses, apprenticeships, undergraduate courses and postgraduate courses for the academic years 2024/2025, 2025/2026 and to date in 2026/2027.",the minister for further and higher education research innovation and science the number of adult international protection applicants enrolled in plc courses apprenticeships undergraduate courses and postgraduate courses for the academic years 2024 2025 2025 2026 and to date in 2026 2027 67318 26,"Further and Higher Education, Research, Innovation and Science",989,991
6. Deputy John Paul O'Shea asked the Minister for Social Protection If he will increase support for carer’s as part of Budget 2027. [66996/26],,Social,2026-09-24,0.1540209800004959,Social Welfare Benefits,Social Welfare Benefits,0.1540209800004959,Social Welfare Payments,0.1404080539941787,Budget 2025,0.103996030986309,Social Welfare Code,0.0866422802209854,Budget 2023,0.076534166932106,Budget 2026,0.0577376969158649,Social Welfare Rates,0.0553308650851249,Budget 2024,0.0522757843136787,Social Welfare Eligibility,0.0467960685491561,Social Welfare Schemes,0.0436740107834339,66996/26,6,John Paul O'Shea,JOHN PAUL O'SHEA,oral,en,To ask the Minister for Social Protection If he will increase support for carer’s as part of Budget 2027.,the minister for social protection if he will increase support for carer s as part of budget 2027 66996 26,Social Protection,999,1001
7. Deputy Seamus Healy asked the Minister for Social Protection if he will increase the annual Carer’s Support Grant. [67666/26],,Social,2026-09-24,0.4214309453964233,Social Welfare Benefits,Social Welfare Benefits,0.4214309453964233,Social Welfare Payments,0.2955642640590668,Social Welfare Schemes,0.072822093963623,Social Welfare Rates,0.0486102253198623,Social Welfare Eligibility,0.044132512062788,Social Welfare Code,0.0421274229884147,Grant Payments,0.0176729019731283,Departmental Budgets,0.0079571669921278,Departmental Data,0.0071700774133205,Departmental Schemes,0.0050640362314879,67666/26,7,Seamus Healy,SEAMUS HEALY,oral,en,To ask the Minister for Social Protection if he will increase the annual Carer’s Support Grant.,the minister for social protection if he will increase the annual carer s support grant 67666 26,Social Protection,1003,1005
8. Deputy Eoin Hayes asked the Minister for Social Protection the analysis his Department has carried out on the degree to which income disregards and social welfare payment rates have kept pace with inflation and purchasing power measured against equivalent number of hours worked on minimum wage. [67510/26],,Social,2026-09-24,0.1665583997964859,Cost of Living Issues,Cost of Living Issues,0.1665583997964859,Social Welfare Rates,0.1211894750595092,Social Welfare Code,0.0888592153787612,Social Welfare Payments,0.0717508420348167,Social Welfare Benefits,0.0640486106276512,Departmental Policies,0.0338026285171508,Social Welfare Schemes,0.0331009626388549,Social Welfare Eligibility,0.0244907606393098,Departmental Data,0.0237895138561725,Social Insurance,0.0210869945585727,67510/26,8,Eoin Hayes,EOIN HAYES,oral,en,To ask the Minister for Social Protection the analysis his Department has carried out on the degree to which income disregards and social welfare payment rates have kept pace with inflation and purchasing power measured against equivalent number of hours worked on minimum wage.,the minister for social protection the analysis his department has carried out on the degree to which income disregards and social welfare payment rates have kept pace with inflation and purchasing power measured against equivalent number of hours worked on minimum wage 67510 26,Social Protection,1007,1009
9. Deputy Seamus Healy asked the Minister for Social Protection to review the carer’s allowance and carer’s benefit with a view to the abolition of the means test in Budget 2027. [67662/26],,Social,2026-09-24,0.2725334465503692,Social Welfare Benefits,Social Welfare Benefits,0.2725334465503692,Social Welfare Code,0.1831610053777694,Social Welfare Payments,0.1367244124412536,Social Welfare Eligibility,0.1218861564993858,Social Welfare Rates,0.09629587829113,Social Welfare Schemes,0.058890838176012,Budget 2025,0.0186540279537439,Budget 2023,0.0134214982390403,School Meals Programme,0.0066774454899132,Budget 2026,0.0063888947479426,67662/26,9,Seamus Healy,SEAMUS HEALY,oral,en,To ask the Minister for Social Protection to review the carer’s allowance and carer’s benefit with a view to the abolition of the means test in Budget 2027.,the minister for social protection to review the carer s allowance and carer s benefit with a view to the abolition of the means test in budget 2027 67662 26,Social Protection,1011,1013
"10. Deputy Richard Boyd Barrett asked the Minister for Social Protection in view of a recent report (details supplied) that shows that more than 60% of those in fuel poverty are not in receipt of fuel allowance, the measures he will take to address this issue; and if he will make a statement on the matter. [67336/26]",,Social,2026-09-24,0.2161561995744705,Social Welfare Benefits,Social Welfare Benefits,0.2161561995744705,Social Welfare Payments,0.1793986856937408,Social Welfare Eligibility,0.1641691774129867,Fuel Poverty,0.0935953631997108,Social Welfare Rates,0.080713465809822,Social Welfare Code,0.070167563855648,Social Welfare Schemes,0.0619141086935997,Cost of Living Issues,0.0236316826194524,School Meals Programme,0.0177999883890151,Budget 2025,0.0065107163973152,67336/26,10,Richard Boyd Barrett,RICHARD BOYD BARRETT,oral,en,"To ask the Minister for Social Protection in view of a recent report (details supplied) that shows that more than 60% of those in fuel poverty are not in receipt of fuel allowance, the measures he will take to address this issue; and if he will make a statement on the matter.",the minister for social protection in view of a recent report details supplied that shows that more than 60 of those in fuel poverty are not in receipt of fuel allowance the measures he will take to address this issue and 67336 26,Social Protection,1015,1017
11. Deputy Aisling Dempsey asked the Minister for Social Protection the number of additional persons who have qualified for carer’s allowance since the increase in the weekly income disregard took effect in July 2026 nationally and in Meath West. [67566/26],,Social,2026-09-24,0.5389096736907959,Social Welfare Benefits,Social Welfare Benefits,0.5389096736907959,Social Welfare Payments,0.2278048247098922,Social Welfare Eligibility,0.0985020324587822,Social Welfare Schemes,0.0367942042648792,Social Welfare Rates,0.0297187902033329,Departmental Data,0.0249751321971416,Social Welfare Code,0.0248175803571939,Social Welfare Appeals,0.0042175198905169,Disability Services,0.0021128545049577,Departmental Budgets,0.0007650752086192,67566/26,11,Aisling Dempsey,AISLING DEMPSEY,oral,en,To ask the Minister for Social Protection the number of additional persons who have qualified for carer’s allowance since the increase in the weekly income disregard took effect in July 2026 nationally and in Meath West.,the minister for social protection the number of additional persons who have qualified for carer s allowance since the increase in the weekly income disregard took effect in july 2026 nationally and in meath west 67566 26,Social Protection,1019,1021
12. Deputy Aindrias Moynihan asked the Minister for Social Protection the measures being considered around the electricity allowance provided under the Household Benefits Package; if he will consider increasing the value of this allowance in line with rising unit costs for electricity; and if he will make a statement on the matter. [67565/26],,Social,2026-09-24,0.4826402366161346,Social Welfare Benefits,Social Welfare Benefits,0.4826402366161346,Social Welfare Eligibility,0.1604140549898147,Social Welfare Payments,0.123763233423233,Social Welfare Schemes,0.0840148031711578,Social Welfare Code,0.0735763534903526,Social Welfare Rates,0.0303314458578825,Fuel Poverty,0.0091223726049065,Departmental Schemes,0.0049533951096236,Cost of Living Issues,0.0048790886066854,Departmental Data,0.0017909152666106,67565/26,12,Aindrias Moynihan,AINDRIAS MOYNIHAN,oral,en,To ask the Minister for Social Protection the measures being considered around the electricity allowance provided under the Household Benefits Package; if he will consider increasing the value of this allowance in line with rising unit costs for electricity; and if he will make a statement on the matter.,the minister for social protection the measures being considered around the electricity allowance provided under the household benefits package if he will consider increasing the value of this allowance in line with rising unit costs for electricity and 67565 26,Social Protection,1023,1025
13. Deputy Mark Wall asked the Minister for Social Protection if he plans to include a Cost of Disability Payment given the high cost of disability faced by disabled people. [67648/26],,Social,2026-09-24,0.2756991684436798,Social Welfare Payments,Social Welfare Payments,0.2756991684436798,Social Welfare Benefits,0.2340577244758606,Social Welfare Rates,0.0871278345584869,Social Welfare Code,0.0822234600782394,Social Welfare Schemes,0.0709964036941528,Cost of Living Issues,0.0366875231266021,Disability Services,0.0301744919270277,Social Welfare Eligibility,0.0250746943056583,Departmental Budgets,0.0230894740670919,Departmental Policies,0.0201259888708591,67648/26,13,Mark Wall,MARK WALL,oral,en,To ask the Minister for Social Protection if he plans to include a Cost of Disability Payment given the high cost of disability faced by disabled people.,the minister for social protection if he plans to include a cost of disability payment given the high cost of disability faced by disabled people 67648 26,Social Protection,1027,1029
"14. Deputy Shane Moynihan asked the Minister for Social Protection the analysis and consideration that has been given to introducing a second-tier child benefit payment for households, as a taxable payment. [67532/26]",,Social,2026-09-24,0.2826489806175232,Social Welfare Benefits,Social Welfare Benefits,0.2826489806175232,Social Welfare Payments,0.2426551431417465,Social Welfare Code,0.1471201926469802,Social Welfare Eligibility,0.1200529932975769,Social Welfare Rates,0.0982872769236564,Social Welfare Schemes,0.0541668646037578,Cost of Living Issues,0.0065488731488585,Departmental Policies,0.0047192764468491,Budget 2025,0.0026831170544028,Departmental Schemes,0.002642884850502,67532/26,14,Shane Moynihan,SHANE MOYNIHAN,oral,en,"To ask the Minister for Social Protection the analysis and consideration that has been given to introducing a second-tier child benefit payment for households, as a taxable payment.",the minister for social protection the analysis and consideration that has been given to introducing a second-tier child benefit payment for households as a taxable payment 67532 26,Social Protection,1031,1033
15. Deputy Ryan O'Meara asked the Minister for Social Protection if he is considering an increase in the living alone allowance in the context of Budget 2027. [67244/26],,Social,2026-09-24,0.1701709479093551,Social Welfare Payments,Social Welfare Payments,0.1701709479093551,Social Welfare Benefits,0.1571896970272064,Social Welfare Rates,0.1138628721237182,Social Welfare Code,0.0920569747686386,Budget 2025,0.0848832204937934,Budget 2026,0.0496395416557788,Social Welfare Eligibility,0.044705580919981,Budget 2023,0.042904682457447,Social Welfare Schemes,0.0412431955337524,Budget 2024,0.0355124920606613,67244/26,15,Ryan O'Meara,RYAN O'MEARA,oral,en,To ask the Minister for Social Protection if he is considering an increase in the living alone allowance in the context of Budget 2027.,the minister for social protection if he is considering an increase in the living alone allowance in the context of budget 2027 67244 26,Social Protection,1035,1037
16. Deputy Naoise Ó Cearúil asked the Minister for Social Protection whether his Department has benchmarked child benefit against comparable family-support payments in other European countries; the findings of any such analysis; and the way in which those findings are informing the development of measures to support families and reduce child poverty. [67342/26],,Social,2026-09-24,0.2077365070581436,Social Welfare Payments,Social Welfare Payments,0.2077365070581436,Social Welfare Benefits,0.206230416893959,Social Welfare Rates,0.1766251027584076,Social Welfare Code,0.1392620950937271,Social Welfare Eligibility,0.0663840547204017,Social Welfare Schemes,0.0576041266322135,Cost of Living Issues,0.0147096030414104,Budget 2025,0.0110617699101567,Departmental Policies,0.0096740406006574,Child Poverty,0.0085655767470598,67342/26,16,Naoise Ó Cearúil,NAOISE Ó CEARÚIL,oral,en,To ask the Minister for Social Protection whether his Department has benchmarked child benefit against comparable family-support payments in other European countries; the findings of any such analysis; and the way in which those findings are informing the development of measures to support families and reduce child poverty.,the minister for social protection whether his department has benchmarked child benefit against comparable family-support payments in other european countries the findings of any such analysis and the way in which those findings are informing the development of measures to support families and reduce child poverty 67342 26,Social Protection,1039,1041
17. Deputy Brendan Smith asked the Minister for Social Protection to provide an update on the dieticians report on the nutritional standards for the hot school meals scheme. [67383/26],,Social,2026-09-24,0.9914687871932985,School Meals Programme,School Meals Programme,0.9914687871932985,Social Welfare Schemes,0.0013475419254973,Departmental Schemes,0.0010568074649199,Departmental Data,0.0007931109867058,Social Welfare Benefits,0.0005596605478785,Social Welfare Eligibility,0.000272041070275,Social Welfare Payments,0.0002044327120529,Fuel Poverty,0.0001953113678609,Health Services,0.0001780405727913,Departmental Reviews,0.0001579891832079,67383/26,17,Brendan Smith,BRENDAN SMITH,oral,en,To ask the Minister for Social Protection to provide an update on the dieticians report on the nutritional standards for the hot school meals scheme.,the minister for social protection to provide an update on the dieticians report on the nutritional standards for the hot school meals scheme 67383 26,Social Protection,1043,1045
"18. Deputy Barry Ward asked the Minister for Social Protection the position regarding the mechanisms in place when parents or students have problems with the quality, options or nutritional value of the food provided under the Hot School Meals Programme. [66651/26]",,Social,2026-09-24,0.9916463494300842,School Meals Programme,School Meals Programme,0.9916463494300842,Social Welfare Schemes,0.00121770077385,Departmental Data,0.0008618275751359,Departmental Schemes,0.0007070285500958,Social Welfare Benefits,0.0006577690946869,Social Welfare Eligibility,0.0003428997879382,Fuel Poverty,0.0002948747714981,Social Welfare Payments,0.0002749921986833,School Facilities,0.0001851683482527,Social Welfare Rates,0.0001800907775759,66651/26,18,Barry Ward,BARRY WARD,oral,en,"To ask the Minister for Social Protection the position regarding the mechanisms in place when parents or students have problems with the quality, options or nutritional value of the food provided under the Hot School Meals Programme.",the minister for social protection the position regarding the mechanisms in place when parents or students have problems with the quality options or nutritional value of the food provided under the hot school meals programme 66651 26,Social Protection,1047,1049
19. Deputy Mark Wall asked the Minister for Social Protection the actions his Department is taking to extend access to the heating supplement. [67655/26],,Social,2026-09-24,0.3933514356613159,Social Welfare Benefits,Social Welfare Benefits,0.3933514356613159,Social Welfare Payments,0.1241680607199668,Social Welfare Schemes,0.1061444133520126,Social Welfare Eligibility,0.087212398648262,Social Welfare Code,0.0522571392357349,Medicinal Products,0.0236415993422269,Departmental Policies,0.0218698382377624,Fuel Poverty,0.0153749221935868,Disability Services,0.0142942983657121,Departmental Schemes,0.0124581363052129,67655/26,19,Mark Wall,MARK WALL,oral,en,To ask the Minister for Social Protection the actions his Department is taking to extend access to the heating supplement.,the minister for social protection the actions his department is taking to extend access to the heating supplement 67655 26,Social Protection,1051,1053
20. Deputy Erin Mcgreehan asked the Minister for Social Protection his plans for the introduction of baby loss certificates. [67535/26],,Social,2026-09-24,0.168552353978157,Social Welfare Benefits,Social Welfare Benefits,0.168552353978157,Departmental Policies,0.1533261984586715,Social Welfare Code,0.1357861012220382,Social Welfare Eligibility,0.084753006696701,Social Welfare Schemes,0.0585247874259948,Social Welfare Payments,0.051441341638565,Cost of Living Issues,0.0203700214624404,Legislative Measures,0.0163664706051349,Other,0.0163391400128602,Birth Certificates,0.0158634856343269,67535/26,20,Erin Mcgreehan,ERIN MCGREEHAN,oral,en,To ask the Minister for Social Protection his plans for the introduction of baby loss certificates.,the minister for social protection his plans for the introduction of baby loss certificates 67535 26,Social Protection,1055,1057
21. Deputy Louise O'Reilly asked the Minister for Social Protection the assessment he has made of the contribution made by community employment and related schemes to the provision of services in rural communities; and if he will make a statement on the matter. [67560/26],,Social,2026-09-24,0.6059785485267639,Community Employment Schemes,Community Employment Schemes,0.6059785485267639,Employment Schemes,0.1619679927825927,Employment Support Services,0.1248126104474067,Community Welfare Services,0.0143256271257996,Social Welfare Schemes,0.0080901496112346,Departmental Schemes,0.0076933931559324,Social Welfare Code,0.0056345518678426,Community Development Projects,0.0050679184496402,Employment Rights,0.004614149685949,Social Welfare Benefits,0.0042195287533104,67560/26,21,Louise O'Reilly,LOUISE O'REILLY,oral,en,To ask the Minister for Social Protection the assessment he has made of the contribution made by community employment and related schemes to the provision of services in rural communities; and if he will make a statement on the matter.,the minister for social protection the assessment he has made of the contribution made by community employment and related schemes to the provision of services in rural communities and 67560 26,Social Protection,1059,1061
22. Deputy Thomas Gould asked the Minister for Social Protection the number of domiciliary care allowance applications refused in Cork to date in 2026; and the number of these granted on appeal. [66851/26],,Social,2026-09-24,0.5454764366149902,Social Welfare Benefits,Social Welfare Benefits,0.5454764366149902,Social Welfare Payments,0.2103934437036514,Departmental Data,0.1436895728111267,Social Welfare Appeals,0.0359719805419445,Social Welfare Schemes,0.0267762728035449,Social Welfare Eligibility,0.0127939339727163,Disability Services,0.0028029570821672,Social Welfare Rates,0.0022313660010695,Social Welfare Code,0.0022052233107388,Care Services,0.0018460252322256,66851/26,22,Thomas Gould,THOMAS GOULD,oral,en,To ask the Minister for Social Protection the number of domiciliary care allowance applications refused in Cork to date in 2026; and the number of these granted on appeal.,the minister for social protection the number of domiciliary care allowance applications refused in cork to date in 2026 and the number of these granted on appeal 66851 26,Social Protection,1063,1065
23. Deputy Claire Kerrane asked the Minister for Social Protection the steps he is taking to ensure access for the self-employed to income support when they become ill. [66974/26],,Social,2026-09-24,0.2694734036922455,Social Welfare Benefits,Social Welfare Benefits,0.2694734036922455,Social Welfare Code,0.2298105806112289,Social Welfare Eligibility,0.1681710630655288,Social Welfare Payments,0.0827566906809806,Social Welfare Schemes,0.0386064574122428,Cost of Living Issues,0.0309104472398757,Social Welfare Rates,0.0247892290353775,Departmental Policies,0.0210352949798107,Pension Provisions,0.016654297709465,Employment Schemes,0.0145189920440316,66974/26,23,Claire Kerrane,CLAIRE KERRANE,oral,en,To ask the Minister for Social Protection the steps he is taking to ensure access for the self-employed to income support when they become ill.,the minister for social protection the steps he is taking to ensure access for the self-employed to income support when they become ill 66974 26,Social Protection,1067,1069
24. Deputy Naoise Ó Muirí asked the Minister for Social Protection the way in which his Department is preparing for the long-term impact of an ageing population on the sustainability and adequacy of the State Pension system [67550/26],,Social,2026-09-24,0.7759310603141785,State Pensions,State Pensions,0.7759310603141785,Pension Provisions,0.1280418485403061,Social Welfare Payments,0.0130719589069485,Social Welfare Code,0.0130598526448011,Pensions Reform,0.0105643114075064,Social Welfare Benefits,0.0091631449759006,Social Welfare Eligibility,0.0085750771686434,Public Sector Pensions,0.0043640439398586,Widow's Pension,0.0032033193856477,Social Welfare Schemes,0.002791573991999,67550/26,24,Naoise Ó Muirí,NAOISE Ó MUIRÍ,oral,en,To ask the Minister for Social Protection the way in which his Department is preparing for the long-term impact of an ageing population on the sustainability and adequacy of the State Pension system,the minister for social protection the way in which his department is preparing for the long-term impact of an ageing population on the sustainability and adequacy of the state pension system 67550 26,Social Protection,1071,1073
25. Deputy Cathal Crowe asked the Minister for Social Protection if he will outline his intentions to reduce the means testing for people who apply for carer's allowance; the provisions he plans to make in this regard in Budget 2027. [67221/26],,Social,2026-09-24,0.2824189066886902,Social Welfare Eligibility,Social Welfare Eligibility,0.2824189066886902,Social Welfare Benefits,0.2666617035865783,Social Welfare Code,0.1865073889493942,Social Welfare Payments,0.1173140928149223,Social Welfare Rates,0.0592882074415683,Social Welfare Schemes,0.0423284694552421,Social Welfare Appeals,0.0037169298157095,Disability Services,0.0024607290979474,Widow's Pension,0.0024446658790111,Budget 2025,0.0019674384966492,67221/26,25,Cathal Crowe,CATHAL CROWE,oral,en,To ask the Minister for Social Protection if he will outline his intentions to reduce the means testing for people who apply for carer's allowance; the provisions he plans to make in this regard in Budget 2027.,the minister for social protection if he will outline his intentions to reduce the means testing for people who apply for carer s allowance the provisions he plans to make in this regard in budget 2027 67221 26,Social Protection,1075,1077
"26. Deputy Paul Lawless asked the Minister for Social Protection the total number of persons combined who are actively claiming job seekers benefit, job seekers allowance and job-seekers pay related benefit; and if he will outline trends over the past five years such as whether more or less people are claiming unemployment-related social welfare this year compared to previous years; and if he will make a statement on the matter. [67166/26]",,Social,2026-09-24,0.5837980508804321,Social Welfare Benefits,Social Welfare Benefits,0.5837980508804321,Social Welfare Payments,0.1904296427965164,Departmental Data,0.081588976085186,Social Welfare Eligibility,0.0550287775695323,Social Welfare Schemes,0.0247037205845117,Social Welfare Code,0.0211441311985254,Social Welfare Rates,0.0104746865108609,Social Welfare Appeals,0.009753699414432,Disability Services,0.0019335629185661,Employment Support Services,0.0016844703350216,67166/26,26,Paul Lawless,PAUL LAWLESS,oral,en,"To ask the Minister for Social Protection the total number of persons combined who are actively claiming job seekers benefit, job seekers allowance and job-seekers pay related benefit; and if he will outline trends over the past five years such as whether more or less people are claiming unemployment-related social welfare this year compared to previous years; and if he will make a statement on the matter.",the minister for social protection the total number of persons combined who are actively claiming job seekers benefit job seekers allowance and job-seekers pay related benefit and if he will outline trends over the past five years such as whether more or less people are claiming unemployment-related social welfare this year compared to previous years and 67166 26,Social Protection,1079,1081
27. Deputy Claire Kerrane asked the Minister for Social Protection the engagement he has had on providing a State pension for foster carers; and the timeframe on this. [66968/26],,Social,2026-09-24,0.8625921010971069,State Pensions,State Pensions,0.8625921010971069,Pension Provisions,0.0470507889986038,Social Welfare Payments,0.0179877988994121,Social Welfare Benefits,0.0117056695744395,Social Welfare Eligibility,0.0096959602087736,Social Welfare Appeals,0.0068087205290794,Social Welfare Code,0.0058729834854602,Social Welfare Schemes,0.0053524659015238,Pensions Reform,0.0042532780207693,Widow's Pension,0.0029044027905911,66968/26,27,Claire Kerrane,CLAIRE KERRANE,oral,en,To ask the Minister for Social Protection the engagement he has had on providing a State pension for foster carers; and the timeframe on this.,the minister for social protection the engagement he has had on providing a state pension for foster carers and the timeframe on this 66968 26,Social Protection,1083,1085
28. Deputy Paul Mcauliffe asked the Minister for Social Protection if he intends to make changes to and increase the Household Benefits Package in the coming months. [67521/26],,Social,2026-09-24,0.6723337769508362,Social Welfare Benefits,Social Welfare Benefits,0.6723337769508362,Social Welfare Payments,0.0886463373899459,Social Welfare Eligibility,0.0787272676825523,Social Welfare Code,0.063705064356327,Social Welfare Schemes,0.0431403741240501,Social Welfare Rates,0.0196242909878492,Disability Services,0.0037562793586403,Cost of Living Issues,0.0032358353491872,Departmental Data,0.0028565602842718,Departmental Policies,0.0024331489112228,67521/26,28,Paul Mcauliffe,PAUL MCAULIFFE,oral,en,To ask the Minister for Social Protection if he intends to make changes to and increase the Household Benefits Package in the coming months.,the minister for social protection if he intends to make changes to and increase the household benefits package in the coming months 67521 26,Social Protection,1087,1089
"29. Deputy Keira Keogh asked the Minister for Social Protection the measures his Department is considering to assist households facing high energy costs as winter approaches, particularly in rural counties such as Mayo where many households remain reliant on oil and solid fuels; and if he will make a statement on this matter. [67594/26]",,Social,2026-09-24,0.8085452914237976,Energy Prices,Energy Prices,0.8085452914237976,Energy Policy,0.0299410261213779,Business Supports,0.0151850394904613,Fuel Poverty,0.013024790212512,Departmental Schemes,0.01222207210958,Energy Usage,0.0113546671345829,Cost of Living Issues,0.0110917165875434,Departmental Policies,0.0075803147628903,Departmental Data,0.0069741089828312,Fuel Prices,0.0064768837764859,67594/26,29,Keira Keogh,KEIRA KEOGH,oral,en,"To ask the Minister for Social Protection the measures his Department is considering to assist households facing high energy costs as winter approaches, particularly in rural counties such as Mayo where many households remain reliant on oil and solid fuels; and if he will make a statement on this matter.",the minister for social protection the measures his department is considering to assist households facing high energy costs as winter approaches particularly in rural counties such as mayo where many households remain reliant on oil and solid fuels on this matter 67594 26,Social Protection,1091,1093
30. Deputy Edward Timmins asked the Minister for Social Protection if he consideration will be given to review the minimum 16 hours weekly worked hours to qualify for carer’s benefit; and the impact the current rules have for teachers who are not on full time hours. [67659/26],,Social,2026-09-24,0.4864144325256347,Social Welfare Eligibility,Social Welfare Eligibility,0.4864144325256347,Social Welfare Benefits,0.2133298218250274,Social Welfare Code,0.1742758154869079,Social Welfare Schemes,0.0346119254827499,Social Welfare Payments,0.0294012688100337,Social Welfare Rates,0.0103151835501194,Social Welfare Appeals,0.0059963343665003,Maternity Leave,0.0054391371086239,Employment Schemes,0.004521639086306,Community Employment Schemes,0.003338941372931,67659/26,30,Edward Timmins,EDWARD TIMMINS,oral,en,To ask the Minister for Social Protection if he consideration will be given to review the minimum 16 hours weekly worked hours to qualify for carer’s benefit; and the impact the current rules have for teachers who are not on full time hours.,the minister for social protection if he consideration will be given to review the minimum 16 hours weekly worked hours to qualify for carer s benefit and the impact the current rules have for teachers who are not on full time hours 67659 26,Social Protection,1095,1097
31. Deputy Mark Wall asked the Minister for Social Protection if his Department has considered providing any additional social protection payment supports specifically for households who are reliant on home heating oil. [67645/26],,Social,2026-09-24,0.3780606985092163,Social Welfare Payments,Social Welfare Payments,0.3780606985092163,Social Welfare Benefits,0.2299533784389495,Social Welfare Eligibility,0.1096455752849578,Social Welfare Schemes,0.1069941744208335,Social Welfare Code,0.0785646066069603,Social Welfare Rates,0.0666959956288337,Fuel Poverty,0.0024167634546756,Departmental Schemes,0.0021653790026903,Departmental Budgets,0.0018512161914259,Cost of Living Issues,0.0014574162196367,67645/26,31,Mark Wall,MARK WALL,oral,en,To ask the Minister for Social Protection if his Department has considered providing any additional social protection payment supports specifically for households who are reliant on home heating oil.,the minister for social protection if his department has considered providing any additional social protection payment supports specifically for households who are reliant on home heating oil 67645 26,Social Protection,1099,1101
"32. Deputy Paul Lawless asked the Minister for Social Protection if there has been an increase in the number of persons qualifying for the carers allowance on each of the occasions when the qualification threshold has been relaxed, or each occasion where the income disregard has increased; and if he will outline the number of new persons successfully claiming the allowance after each change to the criteria. [67173/26]",,Social,2026-09-24,0.4213137030601501,Social Welfare Eligibility,Social Welfare Eligibility,0.4213137030601501,Social Welfare Benefits,0.3263504803180694,Social Welfare Payments,0.1281857937574386,Social Welfare Code,0.0550791062414646,Social Welfare Schemes,0.0298959277570247,Social Welfare Rates,0.0130486655980348,Social Welfare Appeals,0.0064533818513154,Departmental Data,0.00378133286722,Fuel Poverty,0.001443802495487,Disability Services,0.0012100662570446,67173/26,32,Paul Lawless,PAUL LAWLESS,oral,en,"To ask the Minister for Social Protection if there has been an increase in the number of persons qualifying for the carers allowance on each of the occasions when the qualification threshold has been relaxed, or each occasion where the income disregard has increased; and if he will outline the number of new persons successfully claiming the allowance after each change to the criteria.",the minister for social protection if there has been an increase in the number of persons qualifying for the carers allowance on each of the occasions when the qualification threshold has been relaxed or each occasion where the income disregard has increased and if he will outline the number of new persons successfully claiming the allowance after each change to the criteria 67173 26,Social Protection,1103,1105
33. Deputy James Geoghegan asked the Minister for Social Protection for an update on the new working age payment. [66686/26],,Social,2026-09-24,0.4533416628837585,Social Welfare Payments,Social Welfare Payments,0.4533416628837585,Social Welfare Benefits,0.2095701992511749,Social Welfare Code,0.097395159304142,Social Welfare Eligibility,0.0871979892253875,Social Welfare Schemes,0.0589327998459339,Social Welfare Rates,0.0588245131075382,State Pensions,0.0071956431493163,Pension Provisions,0.0040806080214679,Social Welfare Appeals,0.0015418649418279,Widow's Pension,0.0013388644438236,66686/26,33,James Geoghegan,JAMES GEOGHEGAN,oral,en,To ask the Minister for Social Protection for an update on the new working age payment.,the minister for social protection for an update on the new working age payment 66686 26,Social Protection,1107,1109
34. Deputy Louise O'Reilly asked the Minister for Social Protection whether he has assessed the adequacy of the fuel allowance for households that have no alternative to oil; and if he will make a statement on the matter. [67558/26],,Social,2026-09-24,0.3408737480640411,Social Welfare Eligibility,Social Welfare Eligibility,0.3408737480640411,Social Welfare Benefits,0.2445187419652938,Social Welfare Payments,0.1163411661982536,Social Welfare Code,0.1061306297779083,Social Welfare Schemes,0.0585341192781925,Social Welfare Rates,0.0386020541191101,Fuel Poverty,0.038599744439125,Cost of Living Issues,0.0062062125653028,Departmental Policies,0.004147948231548,Departmental Schemes,0.0037683330010622,67558/26,34,Louise O'Reilly,LOUISE O'REILLY,oral,en,To ask the Minister for Social Protection whether he has assessed the adequacy of the fuel allowance for households that have no alternative to oil; and if he will make a statement on the matter.,the minister for social protection whether he has assessed the adequacy of the fuel allowance for households that have no alternative to oil and 67558 26,Social Protection,1111,1113
"35. Deputy Rose Conway-walsh asked the Minister for Social Protection the current refusal rates for first-time applications for carer's allowance, domiciliary care allowance and disability allowance; the percentage subsequently overturned on review or appeal; the current average processing time for first-time applications of these three payments; the current average processing time for a review and/or appeal; and the costs associated with reprocessing these applications. [67541/26]",,Social,2026-09-24,0.5576273798942566,Social Welfare Benefits,Social Welfare Benefits,0.5576273798942566,Social Welfare Payments,0.2646470367908478,Social Welfare Appeals,0.0458830334246158,Social Welfare Eligibility,0.0446397326886653,Social Welfare Schemes,0.0414600223302841,Departmental Data,0.0154904499650001,Social Welfare Code,0.0102910893037915,Social Welfare Rates,0.0089263953268527,Social Welfare Application Forms,0.001662223949097,Disability Services,0.0006917373975738,67541/26,35,Rose Conway-walsh,ROSE CONWAY-WALSH,oral,en,"To ask the Minister for Social Protection the current refusal rates for first-time applications for carer's allowance, domiciliary care allowance and disability allowance; the percentage subsequently overturned on review or appeal; the current average processing time for first-time applications of these three payments; the current average processing time for a review and/or appeal; and the costs associated with reprocessing these applications.",the minister for social protection the current refusal rates for first-time applications for carer s allowance domiciliary care allowance and disability allowance the percentage subsequently overturned on review or appeal the current average processing time for first-time applications of these three payments the current average processing time for a review and or appeal and the costs associated with reprocessing these applications 67541 26,Social Protection,1115,1117
36. Deputy Paul Mcauliffe asked the Minister for Social Protection if he intends to increase the Working Family Payment in the coming months. [67520/26],,Social,2026-09-24,0.4448903501033783,Social Welfare Payments,Social Welfare Payments,0.4448903501033783,Social Welfare Benefits,0.2180515080690384,Social Welfare Rates,0.1248184964060783,Social Welfare Code,0.071910336613655,Social Welfare Schemes,0.0553756989538669,Social Welfare Eligibility,0.0444363690912723,Cost of Living Issues,0.0046692052856087,Departmental Budgets,0.0030009027104824,Departmental Data,0.0028782398439943,State Pensions,0.0025302099529653,67520/26,36,Paul Mcauliffe,PAUL MCAULIFFE,oral,en,To ask the Minister for Social Protection if he intends to increase the Working Family Payment in the coming months.,the minister for social protection if he intends to increase the working family payment in the coming months 67520 26,Social Protection,1119,1121
37. Deputy Louis O'Hara asked the Minister for Social Protection when he will introduce a cost of disability payment. [66484/26],,Social,2026-09-24,0.2640272974967956,Social Welfare Payments,Social Welfare Payments,0.2640272974967956,Social Welfare Benefits,0.2200314551591873,Social Welfare Rates,0.1212477684020996,Social Welfare Code,0.1063636094331741,Social Welfare Schemes,0.0701659843325614,Social Welfare Eligibility,0.0268907770514488,Cost of Living Issues,0.0255422797054052,Departmental Budgets,0.0233763512223958,Disability Services,0.0218252912163734,Departmental Policies,0.0116723142564296,66484/26,37,Louis O'Hara,LOUIS O'HARA,oral,en,To ask the Minister for Social Protection when he will introduce a cost of disability payment.,the minister for social protection when he will introduce a cost of disability payment 66484 26,Social Protection,1123,1125
"38. Deputy Paula Butterly asked the Minister for Social Protection if he will consider, as part of Budget 2027, extending eligibility for Illness Benefit to self-employed workers who are unable to work due to illness; and if he will make a statement on the matter. [66646/26]",,Social,2026-09-24,0.3099252879619598,Social Welfare Eligibility,Social Welfare Eligibility,0.3099252879619598,Social Welfare Benefits,0.2438487261533737,Social Welfare Code,0.1773639172315597,Social Welfare Payments,0.0670956596732139,Social Welfare Schemes,0.037098478525877,Social Welfare Rates,0.0253430102020502,Budget 2025,0.0163196418434381,Budget 2023,0.0122510427609086,State Pensions,0.0100446809083223,Pension Provisions,0.0087610753253102,66646/26,38,Paula Butterly,PAULA BUTTERLY,oral,en,"To ask the Minister for Social Protection if he will consider, as part of Budget 2027, extending eligibility for Illness Benefit to self-employed workers who are unable to work due to illness; and if he will make a statement on the matter.",the minister for social protection if he will consider as part of budget 2027 extending eligibility for illness benefit to self-employed workers who are unable to work due to illness and 66646 26,Social Protection,1127,1129
39. Deputy Darren O'Rourke asked the Minister for Social Protection if he will remove the means test for Carer's Allowance. [66588/26],,Social,2026-09-24,0.4902686774730682,Social Welfare Eligibility,Social Welfare Eligibility,0.4902686774730682,Social Welfare Benefits,0.2022017389535904,Social Welfare Code,0.1527341157197952,Social Welfare Payments,0.0579081997275352,Social Welfare Schemes,0.0392535254359245,Social Welfare Rates,0.0181902535259723,Social Welfare Appeals,0.0105159087106585,Widow's Pension,0.002032917458564,Departmental Policies,0.0020244163461029,Employment Schemes,0.0016376291168853,66588/26,39,Darren O'Rourke,DARREN O'ROURKE,oral,en,To ask the Minister for Social Protection if he will remove the means test for Carer's Allowance.,the minister for social protection if he will remove the means test for carer s allowance 66588 26,Social Protection,1131,1133
40. Deputy Erin Mcgreehan asked the Minister for Social Protection if he will report on the work of the General Register Office regarding the development of a process to recognise early pregnancy loss. [67537/26],,Social,2026-09-24,0.083034835755825,Gender Recognition,Gender Recognition,0.083034835755825,Birth Certificates,0.0632880330085754,Departmental Policies,0.0429651401937007,Other,0.0410121902823448,Civil Registration Service,0.0393184944987297,Personal Public Service Numbers,0.0375009588897228,Social Welfare Code,0.0362100303173065,Departmental Reviews,0.0332570075988769,Departmental Inquiries,0.0220046862959861,Social Welfare Eligibility,0.0204034484922885,67537/26,40,Erin Mcgreehan,ERIN MCGREEHAN,oral,en,To ask the Minister for Social Protection if he will report on the work of the General Register Office regarding the development of a process to recognise early pregnancy loss.,the minister for social protection if he will report on the work of the general register office regarding the development of a process to recognise early pregnancy loss 67537 26,Social Protection,1135,1137
41. Deputy Seamus Healy asked the Minister for Social Protection if he will grant full rate carer’s allowance to applicants in receipt of other social protection payments. [67665/26],,Social,2026-09-24,0.2975560128688812,Social Welfare Payments,Social Welfare Payments,0.2975560128688812,Social Welfare Benefits,0.2939502298831939,Social Welfare Eligibility,0.1771421283483505,Social Welfare Code,0.079093687236309,Social Welfare Rates,0.0657886937260627,Social Welfare Schemes,0.0592929795384407,Social Welfare Appeals,0.003995934035629,Departmental Data,0.0017055732896551,Fuel Poverty,0.0016266003949567,Departmental Budgets,0.0015391652705147,67665/26,41,Seamus Healy,SEAMUS HEALY,oral,en,To ask the Minister for Social Protection if he will grant full rate carer’s allowance to applicants in receipt of other social protection payments.,the minister for social protection if he will grant full rate carer s allowance to applicants in receipt of other social protection payments 67665 26,Social Protection,1139,1141
42. Deputy Mairéad Farrell asked the Minister for Social Protection if consideration has been given to increasing the amount of time that an individual in receipt of disability allowance can spend outside the State from two weeks per year; and if consideration has been given to the level of surveillance and collection of personal data that is involved when a disability allowance recipient travels outside of the State. [67605/26],,Social,2026-09-24,0.2834443151950836,Social Welfare Payments,Social Welfare Payments,0.2834443151950836,Social Welfare Benefits,0.1354108154773712,Social Welfare Code,0.0703419148921966,Social Welfare Schemes,0.0577741153538227,Social Welfare Eligibility,0.0567393973469734,Data Protection,0.0486327558755874,Social Welfare Offices,0.0383914820849895,Public Services Card,0.0369613133370876,Departmental Policies,0.0290852896869182,Social Media,0.0272786039859056,67605/26,42,Mairéad Farrell,MAIRÉAD FARRELL,oral,en,To ask the Minister for Social Protection if consideration has been given to increasing the amount of time that an individual in receipt of disability allowance can spend outside the State from two weeks per year; and if consideration has been given to the level of surveillance and collection of personal data that is involved when a disability allowance recipient travels outside of the State.,the minister for social protection if consideration has been given to increasing the amount of time that an individual in receipt of disability allowance can spend outside the state from two weeks per year and if consideration has been given to the level of surveillance and collection of personal data that is involved when a disability allowance recipient travels outside of the state 67605 26,Social Protection,1143,1145
43. Deputy Roderic O'Gorman asked the Minister for Social Protection for an update on the Government commitment to examine the pension arrangements for foster carers; and whether additional proposals to support foster carers to access the State pension system are currently planned. [67628/26],,Social,2026-09-24,0.5233465433120728,State Pensions,State Pensions,0.5233465433120728,Pension Provisions,0.2115299254655838,Social Welfare Code,0.0392229072749614,Social Welfare Benefits,0.0328910946846008,Pensions Reform,0.0246132500469684,Social Welfare Eligibility,0.0237974822521209,Social Welfare Payments,0.0226995181292295,Widow's Pension,0.015007559210062,Public Sector Pensions,0.011880462989211,Social Welfare Schemes,0.0111563624814152,67628/26,43,Roderic O'Gorman,RODERIC O'GORMAN,oral,en,To ask the Minister for Social Protection for an update on the Government commitment to examine the pension arrangements for foster carers; and whether additional proposals to support foster carers to access the State pension system are currently planned.,the minister for social protection for an update on the government commitment to examine the pension arrangements for foster carers and whether additional proposals to support foster carers to access the state pension system are currently planned 67628 26,Social Protection,1147,1149
44. Deputy John Clendennen asked the Minister for Social Protection whether he will consider reforming the Carer's Support Grant to provide for two qualifying dates and biannual payments or an alternative pro-rata entitlement for persons who commence or cease providing full-time care during the course of the year. [67619/26],,Social,2026-09-24,0.396356999874115,Social Welfare Benefits,Social Welfare Benefits,0.396356999874115,Social Welfare Eligibility,0.2502289116382599,Social Welfare Payments,0.1768829673528671,Social Welfare Code,0.0757685452699661,Social Welfare Schemes,0.0513365939259529,Social Welfare Rates,0.0132449520751833,Grant Payments,0.0058159166947007,Social Welfare Appeals,0.0043050004169344,Pension Provisions,0.0027466160245239,Departmental Schemes,0.0025893854908645,67619/26,44,John Clendennen,JOHN CLENDENNEN,oral,en,To ask the Minister for Social Protection whether he will consider reforming the Carer's Support Grant to provide for two qualifying dates and biannual payments or an alternative pro-rata entitlement for persons who commence or cease providing full-time care during the course of the year.,the minister for social protection whether he will consider reforming the carer s support grant to provide for two qualifying dates and biannual payments or an alternative pro-rata entitlement for persons who commence or cease providing full-time care during the course of the year 67619 26,Social Protection,1151,1153
45. Deputy Barry Ward asked the Minister for Social Protection the position regarding the removal of the mean’s test for Carer’s Allowance as committed to in the Programme for Government. [66650/26],,Social,2026-09-24,0.2964331209659576,Social Welfare Code,Social Welfare Code,0.2964331209659576,Social Welfare Eligibility,0.2361530661582946,Social Welfare Benefits,0.1562554389238357,Social Welfare Schemes,0.0822941660881042,Social Welfare Payments,0.0806024372577667,Social Welfare Rates,0.0681919753551483,Departmental Policies,0.0085516944527626,Cost of Living Issues,0.005227799527347,Departmental Schemes,0.0044919312931597,School Meals Programme,0.0040718331001698,66650/26,45,Barry Ward,BARRY WARD,oral,en,To ask the Minister for Social Protection the position regarding the removal of the mean’s test for Carer’s Allowance as committed to in the Programme for Government.,the minister for social protection the position regarding the removal of the mean s test for carer s allowance as committed to in the programme for government 66650 26,Social Protection,1155,1157
"46. Deputy Paula Butterly asked the Minister for Social Protection if, in light of the extension of Fuel Allowance eligibility to recipients of the Working Family Payment from 1 January 2026, he will review the eligibility criteria for Fuel Allowance for persons in receipt of Carer's Allowance; whether he acknowledges that some carers with household incomes comparable to those of Working Family Payment recipients are excluded from Fuel Allowance due to the means test; if he will consider introducing equivalent eligibility arrangements for carers; and if he will make a statement on the matter. [66648/26]",,Social,2026-09-24,0.6288598775863647,Social Welfare Eligibility,Social Welfare Eligibility,0.6288598775863647,Social Welfare Benefits,0.1729670912027359,Social Welfare Payments,0.0674665570259094,Social Welfare Code,0.0440947115421295,Social Welfare Schemes,0.0297704152762889,Fuel Poverty,0.0146664967760443,Social Welfare Rates,0.008723946288228,Departmental Schemes,0.0023204463068395,Social Welfare Appeals,0.0020173308439552,School Meals Programme,0.0015035680262371,66648/26,46,Paula Butterly,PAULA BUTTERLY,oral,en,"To ask the Minister for Social Protection if, in light of the extension of Fuel Allowance eligibility to recipients of the Working Family Payment from 1 January 2026, he will review the eligibility criteria for Fuel Allowance for persons in receipt of Carer's Allowance; whether he acknowledges that some carers with household incomes comparable to those of Working Family Payment recipients are excluded from Fuel Allowance due to the means test; if he will consider introducing equivalent eligibility arrangements for carers; and if he will make a statement on the matter.",the minister for social protection if in light of the extension of fuel allowance eligibility to recipients of the working family payment from 1 january 2026 he will review the eligibility criteria for fuel allowance for persons in receipt of carer s allowance whether he acknowledges that some carers with household incomes comparable to those of working family payment recipients are excluded from fuel allowance due to the means test if he will consider introducing equivalent eligibility arrangements for carers and 66648 26,Social Protection,1159,1161
47. Deputy Mark Ward asked the Minister for Social Protection if open GoFundMe campaigns are assessed in additional needs payment applications; and to outline his Departments policy on this. [67323/26],,Social,2026-09-24,0.3620971739292145,Social Welfare Schemes,Social Welfare Schemes,0.3620971739292145,Social Welfare Payments,0.1799524873495102,Social Welfare Benefits,0.1234887093305587,Departmental Schemes,0.0383253917098045,Social Welfare Rates,0.0276715476065874,Social Welfare Code,0.0247973389923572,Social Welfare Eligibility,0.021251656115055,Departmental Data,0.0151861635968089,Community Welfare Services,0.0139940595254302,Social Media,0.011585047468543,67323/26,47,Mark Ward,MARK WARD,oral,en,To ask the Minister for Social Protection if open GoFundMe campaigns are assessed in additional needs payment applications; and to outline his Departments policy on this.,the minister for social protection if open gofundme campaigns are assessed in additional needs payment applications and his departments policy on this 67323 26,Social Protection,1163,1165
"48. Deputy Pádraig O'Sullivan asked the Minister for Social Protection the number of appeals received and decided by the Social Welfare Appeals Office in 2025 and to date in 2026; the proportion of original departmental decisions revised or overturned on appeal, broken down by scheme; the average time to decision for appeals determined summarily and by oral hearing respectively; and the number of appellants currently awaiting an oral hearing. [67465/26]",,Social,2026-09-24,0.944774568080902,Social Welfare Appeals,Social Welfare Appeals,0.944774568080902,Social Welfare Payments,0.0120343184098601,Social Welfare Benefits,0.0115051940083503,Departmental Data,0.0092485891655087,Social Welfare Schemes,0.0054393815807998,Social Welfare Eligibility,0.0023333304561674,Social Welfare Code,0.0011090281186625,State Pensions,0.0007626158185303,Departmental Schemes,0.0006280999514274,Community Employment Schemes,0.000545150542166,67465/26,48,Pádraig O'Sullivan,PÁDRAIG O'SULLIVAN,oral,en,"To ask the Minister for Social Protection the number of appeals received and decided by the Social Welfare Appeals Office in 2025 and to date in 2026; the proportion of original departmental decisions revised or overturned on appeal, broken down by scheme; the average time to decision for appeals determined summarily and by oral hearing respectively; and the number of appellants currently awaiting an oral hearing.",the minister for social protection the number of appeals received and decided by the social welfare appeals office in 2025 and to date in 2026 the proportion of original departmental decisions revised or overturned on appeal broken down by scheme the average time to decision for appeals determined summarily and by oral hearing respectively and the number of appellants currently awaiting an oral hearing 67465 26,Social Protection,1167,1169
"49. Deputy Ken O'Flynn asked the Minister for Social Protection the reason organisations (details supplied) remain in operation following the cessation of referrals to the JobPath programme in June 2022 and the closure of the JobPath service in June 2024, given that the programme had cost the State €344.6 million; the services these companies are currently providing; and the total cost to the State to date. [67187/26]",,Social,2026-09-24,0.3375333845615387,Employment Schemes,Employment Schemes,0.3375333845615387,Employment Support Services,0.2143014818429947,Community Employment Schemes,0.0714064612984657,Departmental Funding,0.0587956085801124,Departmental Schemes,0.0382244959473609,Departmental Data,0.0353889539837837,Social Welfare Schemes,0.035025056451559,Disability Services,0.0120876608416438,Health Services Staff,0.0116271181032061,Social Welfare Benefits,0.0106903044506907,67187/26,49,Ken O'Flynn,KEN O'FLYNN,oral,en,"To ask the Minister for Social Protection the reason organisations (details supplied) remain in operation following the cessation of referrals to the JobPath programme in June 2022 and the closure of the JobPath service in June 2024, given that the programme had cost the State €344.6 million; the services these companies are currently providing; and the total cost to the State to date.",the minister for social protection the reason organisations details supplied remain in operation following the cessation of referrals to the jobpath programme in june 2022 and the closure of the jobpath service in june 2024 given that the programme had cost the state 344 6 million the services these companies are currently providing and the total cost to the state to date 67187 26,Social Protection,1171,1173
"50. Deputy Ken O'Flynn asked the Minister for Social Protection whether his Department is currently making payments to organisations (details supplied), or to companies associated with the former JobPath programme, given that €344.6 million of public money had been spent on the programme; if so, the total amount paid to these companies to date, including payments made since the JobPath service ceased in June 2024; and the services are being provided in return. [67190/26]",,Social,2026-09-24,0.2098345607519149,Departmental Funding,Departmental Funding,0.2098345607519149,Employment Support Services,0.1149289608001709,Employment Schemes,0.0935271829366684,Departmental Expenditure,0.0860806182026863,Social Welfare Schemes,0.057397074997425,Departmental Data,0.0494223050773143,Community Employment Schemes,0.0347337760031223,Departmental Contracts,0.0341749005019664,Social Welfare Payments,0.0333108901977539,Social Welfare Benefits,0.0297115817666053,67190/26,50,Ken O'Flynn,KEN O'FLYNN,oral,en,"To ask the Minister for Social Protection whether his Department is currently making payments to organisations (details supplied), or to companies associated with the former JobPath programme, given that €344.6 million of public money had been spent on the programme; if so, the total amount paid to these companies to date, including payments made since the JobPath service ceased in June 2024; and the services are being provided in return.",the minister for social protection whether his department is currently making payments to organisations details supplied or to companies associated with the former jobpath programme given that 344 6 million of public money had been spent on the programme if so the total amount paid to these companies to date including payments made since the jobpath service ceased in june 2024 and the services are being provided in return 67190 26,Social Protection,1175,1177
51. Deputy Louise O'Reilly asked the Minister for Social Protection whether he is satisfied that the eligibility criteria for the rural social scheme continues to reflect the needs of rural communities; and if he will make a statement on the matter. [67556/26],,Social,2026-09-24,0.2635749578475952,Departmental Schemes,Departmental Schemes,0.2635749578475952,Rural Schemes,0.1477142721414566,Social Welfare Schemes,0.1445962488651275,Social Welfare Eligibility,0.104163073003292,Social Welfare Benefits,0.0504580177366733,Social Welfare Code,0.038228865712881,Social Welfare Payments,0.0337338782846927,Community Employment Schemes,0.0301909893751144,Employment Schemes,0.0183130968362092,Community Development Projects,0.0167551226913929,67556/26,51,Louise O'Reilly,LOUISE O'REILLY,oral,en,To ask the Minister for Social Protection whether he is satisfied that the eligibility criteria for the rural social scheme continues to reflect the needs of rural communities; and if he will make a statement on the matter.,the minister for social protection whether he is satisfied that the eligibility criteria for the rural social scheme continues to reflect the needs of rural communities and 67556 26,Social Protection,1179,1181
"52. Deputy Michael Murphy asked the Minister for Social Protection if he will consider allowing persons aged 66 years and over who continue to provide full-time care to retain a full-rate carer’s allowance alongside their State pension, rather than being restricted to a half-rate payment; and his views that a carer’s responsibilities and the cost of providing care do not reduce on reaching pension age. [63782/26]",,Social,2026-09-24,0.2717052102088928,Social Welfare Eligibility,Social Welfare Eligibility,0.2717052102088928,Social Welfare Benefits,0.223254919052124,Social Welfare Code,0.2145885378122329,Social Welfare Payments,0.0898846387863159,Social Welfare Rates,0.0523999072611331,Social Welfare Schemes,0.0423388667404651,State Pensions,0.0226608086377382,Pension Provisions,0.017642306163907,Widow's Pension,0.0117062125355005,Pensions Reform,0.0033784490078687,63782/26,52,Michael Murphy,MICHAEL MURPHY,oral,en,"To ask the Minister for Social Protection if he will consider allowing persons aged 66 years and over who continue to provide full-time care to retain a full-rate carer’s allowance alongside their State pension, rather than being restricted to a half-rate payment; and his views that a carer’s responsibilities and the cost of providing care do not reduce on reaching pension age.",the minister for social protection if he will consider allowing persons aged 66 years and over who continue to provide full-time care to retain a full-rate carer s allowance alongside their state pension rather than being restricted to a half-rate payment and his views that a carer s responsibilities and the cost of providing care do not reduce on reaching pension age 63782 26,Social Protection,1183,1185
"53. Deputy Peter Roche asked the Minister for Social Protection the arrangements and supports available to families caring for a person with a disability who will require lifelong care, in circumstances where the principal family carer dies, becomes seriously ill or is otherwise no longer capable of providing that care; the advance planning mechanisms that are available to such families; whether his Department works with other relevant Departments and agencies to ensure continuity of supports in such circumstances. [67261/26]",,Social,2026-09-24,0.3669794499874115,Social Welfare Benefits,Social Welfare Benefits,0.3669794499874115,Disability Services,0.1480273753404617,Social Welfare Payments,0.0869874283671379,Social Welfare Eligibility,0.066002033650875,Social Welfare Schemes,0.0656303465366363,Care Services,0.0626103654503822,Children in Care,0.0452727898955345,Social Welfare Code,0.0345821157097816,Departmental Policies,0.0146604552865028,Departmental Data,0.0109468884766101,67261/26,53,Peter Roche,PETER ROCHE,oral,en,"To ask the Minister for Social Protection the arrangements and supports available to families caring for a person with a disability who will require lifelong care, in circumstances where the principal family carer dies, becomes seriously ill or is otherwise no longer capable of providing that care; the advance planning mechanisms that are available to such families; whether his Department works with other relevant Departments and agencies to ensure continuity of supports in such circumstances.",the minister for social protection the arrangements and supports available to families caring for a person with a disability who will require lifelong care in circumstances where the principal family carer dies becomes seriously ill or is otherwise no longer capable of providing that care the advance planning mechanisms that are available to such families whether his department works with other relevant departments and agencies to ensure continuity of supports in such circumstances 67261 26,Social Protection,1187,1189
54. Deputy Aisling Dempsey asked the Minister for Social Protection the measures being taken to ensure that families who may previously have been ineligible for carer’s allowance are aware of the significant increase in the income disregard introduced in July 2026; whether targeted communications are being issued to previous applicants; and if he will consider a further public information campaign on the revised eligibility criteria. [67569/26],,Social,2026-09-24,0.4572665989398956,Social Welfare Eligibility,Social Welfare Eligibility,0.4572665989398956,Social Welfare Benefits,0.2181725054979324,Social Welfare Payments,0.1222486123442649,Social Welfare Code,0.111257180571556,Social Welfare Schemes,0.0244657695293426,Social Welfare Rates,0.018578503280878,Social Welfare Appeals,0.0132905133068561,Widow's Pension,0.0027053523808717,Disability Services,0.0024805474095046,Departmental Policies,0.0022602307144552,67569/26,54,Aisling Dempsey,AISLING DEMPSEY,oral,en,To ask the Minister for Social Protection the measures being taken to ensure that families who may previously have been ineligible for carer’s allowance are aware of the significant increase in the income disregard introduced in July 2026; whether targeted communications are being issued to previous applicants; and if he will consider a further public information campaign on the revised eligibility criteria.,the minister for social protection the measures being taken to ensure that families who may previously have been ineligible for carer s allowance are aware of the significant increase in the income disregard introduced in july 2026 whether targeted communications are being issued to previous applicants and if he will consider a further public information campaign on the revised eligibility criteria 67569 26,Social Protection,1191,1193
"55. Deputy Michael Murphy asked the Minister for Social Protection his plans to further reform the means test for carer’s allowance, including whether he will consider its full abolition and the introduction of a non-means-tested family carer payment, in recognition of the fact that eligibility for support should reflect the significant caring responsibilities undertaken by full-time family carers. [63776/26]",,Social,2026-09-24,0.4348317086696625,Social Welfare Eligibility,Social Welfare Eligibility,0.4348317086696625,Social Welfare Code,0.2070581167936325,Social Welfare Benefits,0.1699580401182174,Social Welfare Payments,0.0666510760784149,Social Welfare Schemes,0.0422584488987922,Social Welfare Rates,0.028800118714571,Departmental Policies,0.006476514507085,Widow's Pension,0.0030033902730792,Maternity Leave,0.0028077964670956,Social Welfare Appeals,0.0027914443053305,63776/26,55,Michael Murphy,MICHAEL MURPHY,oral,en,"To ask the Minister for Social Protection his plans to further reform the means test for carer’s allowance, including whether he will consider its full abolition and the introduction of a non-means-tested family carer payment, in recognition of the fact that eligibility for support should reflect the significant caring responsibilities undertaken by full-time family carers.",the minister for social protection his plans to further reform the means test for carer s allowance including whether he will consider its full abolition and the introduction of a non-means-tested family carer payment in recognition of the fact that eligibility for support should reflect the significant caring responsibilities undertaken by full-time family carers 63776 26,Social Protection,1195,1197
"56. Deputy Eoin Hayes asked the Minister for Social Protection whether his Department has reviewed the processes of eligibility assessments, appeals, and administration which disabled people must undergo to access supports. [67516/26]",,Social,2026-09-24,0.6804410219192505,Social Welfare Appeals,Social Welfare Appeals,0.6804410219192505,Social Welfare Benefits,0.1156793534755706,Social Welfare Payments,0.0571037717163562,Social Welfare Eligibility,0.0548286586999893,Disability Services,0.0188305750489234,Social Welfare Schemes,0.0158947128802537,Social Welfare Code,0.0114995753392577,Disabilities Assessments,0.0044596162624657,Departmental Data,0.003842607839033,Departmental Reviews,0.002337735844776,67516/26,56,Eoin Hayes,EOIN HAYES,oral,en,"To ask the Minister for Social Protection whether his Department has reviewed the processes of eligibility assessments, appeals, and administration which disabled people must undergo to access supports.",the minister for social protection whether his department has reviewed the processes of eligibility assessments appeals and administration which disabled people must undergo to access supports 67516 26,Social Protection,1199,1201
"57. Deputy Aindrias Moynihan asked the Minister for Social Protection to provide an update on any review carried out by his Department of social protection supports aimed at reducing energy poverty among older persons, people with disabilities and those living alone ahead of Budget 27; and if he will make a statement on the matter. [67563/26]",,Social,2026-09-24,0.1352840811014175,Fuel Poverty,Fuel Poverty,0.1352840811014175,Social Welfare Benefits,0.1223950237035751,Social Welfare Payments,0.1202427372336387,Social Welfare Code,0.1047997921705246,Social Welfare Schemes,0.0931280553340911,Social Welfare Eligibility,0.0695894733071327,Social Welfare Rates,0.0479747876524925,Cost of Living Issues,0.0381107740104198,School Meals Programme,0.0322717912495136,Budget 2025,0.0156783945858478,67563/26,57,Aindrias Moynihan,AINDRIAS MOYNIHAN,oral,en,"To ask the Minister for Social Protection to provide an update on any review carried out by his Department of social protection supports aimed at reducing energy poverty among older persons, people with disabilities and those living alone ahead of Budget 27; and if he will make a statement on the matter.",the minister for social protection to provide an update on any review carried out by his department of social protection supports aimed at reducing energy poverty among older persons people with disabilities and those living alone ahead of budget 27 and 67563 26,Social Protection,1203,1205
58. Deputy Naoise Ó Muirí asked the Minister for Social Protection the number of people in Dublin Bay North who availed of the Back-to-School Clothing and Footwear Allowance payments this year. [67542/26],,Social,2026-09-24,0.4571878015995025,Social Welfare Payments,Social Welfare Payments,0.4571878015995025,Social Welfare Benefits,0.3024500608444214,Departmental Data,0.1256381720304489,Social Welfare Schemes,0.0498721748590469,Social Welfare Eligibility,0.0186509042978286,Social Welfare Rates,0.0147862583398818,Social Welfare Code,0.0056088943965733,Departmental Budgets,0.0027464353479444,Departmental Schemes,0.0022304768208414,Departmental Expenditure,0.0022181652020663,67542/26,58,Naoise Ó Muirí,NAOISE Ó MUIRÍ,oral,en,To ask the Minister for Social Protection the number of people in Dublin Bay North who availed of the Back-to-School Clothing and Footwear Allowance payments this year.,the minister for social protection the number of people in dublin bay north who availed of the back-to-school clothing and footwear allowance payments this year 67542 26,Social Protection,1207,1209
"59. Deputy Shay Brennan asked the Minister for Social Protection for an update on the dietician report into the nutritional standards of the hot school meals scheme, including recommendations for improving the nutrition. [67250/26]",,Social,2026-09-24,0.9912269711494446,School Meals Programme,School Meals Programme,0.9912269711494446,Social Welfare Schemes,0.0014036615611985,Departmental Schemes,0.0009049610234797,Departmental Data,0.0007323413738049,Social Welfare Benefits,0.0006200097850523,Social Welfare Eligibility,0.0002880289976019,Health Services,0.0002214582782471,Social Welfare Payments,0.0002156618284061,Fuel Poverty,0.000206927783438,Departmental Reviews,0.0002027337468462,67250/26,59,Shay Brennan,SHAY BRENNAN,oral,en,"To ask the Minister for Social Protection for an update on the dietician report into the nutritional standards of the hot school meals scheme, including recommendations for improving the nutrition.",the minister for social protection for an update on the dietician report into the nutritional standards of the hot school meals scheme including recommendations for improving the nutrition 67250 26,Social Protection,1211,1213
60. Deputy Louise O'Reilly asked the Minister for Social Protection if he will outline the supports in-place for self-employed people who must reduce their hours; the adequacy of these supports in the context of the rising cost of living; and if he will make a statement on the matter. [67568/26],,Social,2026-09-24,0.406143844127655,Cost of Living Issues,Cost of Living Issues,0.406143844127655,Social Welfare Benefits,0.155684158205986,Social Welfare Code,0.0693915039300918,Social Welfare Eligibility,0.0427181422710418,Departmental Policies,0.0409240499138832,Social Welfare Schemes,0.0339963436126709,Social Welfare Payments,0.0317133665084838,Disability Services,0.026220366358757,Social Welfare Rates,0.0213704481720924,Departmental Schemes,0.0107827493920922,67568/26,60,Louise O'Reilly,LOUISE O'REILLY,oral,en,To ask the Minister for Social Protection if he will outline the supports in-place for self-employed people who must reduce their hours; the adequacy of these supports in the context of the rising cost of living; and if he will make a statement on the matter.,the minister for social protection if he will outline the supports in-place for self-employed people who must reduce their hours the adequacy of these supports in the context of the rising cost of living and 67568 26,Social Protection,1215,1217
"61. Deputy Ruairí Ó Murchú asked the Minister for Social Protection the reason exceptional needs payments for boiler replacements are being refused by DSP when local authority schemes do not cover replacement boilers, when SEAI warmer homes schemes and similar grants are taking 24-36 months to complete and people are left without heating or hot water when their boiler breaks down. [67421/26]",,Social,2026-09-24,0.3435188233852386,Social Welfare Schemes,Social Welfare Schemes,0.3435188233852386,Departmental Schemes,0.3423581719398498,Social Welfare Payments,0.0516598857939243,Social Welfare Benefits,0.0508295185863971,Housing Schemes,0.0360594280064106,Social Welfare Eligibility,0.0313033908605575,Social Welfare Code,0.0138723412528634,Energy Conservation,0.011601148173213,Departmental Data,0.0113604832440614,Grant Payments,0.0093675106763839,67421/26,61,Ruairí Ó Murchú,RUAIRÍ Ó MURCHÚ,oral,en,"To ask the Minister for Social Protection the reason exceptional needs payments for boiler replacements are being refused by DSP when local authority schemes do not cover replacement boilers, when SEAI warmer homes schemes and similar grants are taking 24-36 months to complete and people are left without heating or hot water when their boiler breaks down.",the minister for social protection the reason exceptional needs payments for boiler replacements are being refused by dsp when local authority schemes do not cover replacement boilers when seai warmer homes schemes and similar grants are taking 24-36 months to complete and people are left without heating or hot water when their boiler breaks down 67421 26,Social Protection,1219,1221
62. Deputy Tom Brabazon asked the Minister for Social Protection for an update on the implementation of the Programme for Government commitments to support pensioners. [67416/26],,Social,2026-09-24,0.482851505279541,Pension Provisions,Pension Provisions,0.482851505279541,State Pensions,0.1147938668727874,Pensions Reform,0.0841239020228385,Public Sector Pensions,0.0350345335900783,Departmental Policies,0.0293407142162323,Social Welfare Code,0.0243378560990095,Programme for Government,0.0192879121750593,Budget 2023,0.0143591444939374,Cost of Living Issues,0.013736255466938,Budget 2025,0.0103350598365068,67416/26,62,Tom Brabazon,TOM BRABAZON,oral,en,To ask the Minister for Social Protection for an update on the implementation of the Programme for Government commitments to support pensioners.,the minister for social protection for an update on the implementation of the programme for government commitments to support pensioners 67416 26,Social Protection,1223,1225
63. Deputy Brian Stanley asked the Minister for Social Protection his plans to increase the weekly rate of Carer's Allowance Benefit to €325 to recognise the additional cost of providing fulltime care in a cost of living crisis. [67385/26],,Social,2026-09-24,0.2846372127532959,Social Welfare Rates,Social Welfare Rates,0.2846372127532959,Social Welfare Benefits,0.2776569128036499,Social Welfare Code,0.1303109675645828,Social Welfare Payments,0.1188918352127075,Social Welfare Schemes,0.0671255886554718,Social Welfare Eligibility,0.0478869080543518,Cost of Living Issues,0.0119806993752717,Departmental Budgets,0.0064628976397216,Budget 2025,0.0044292113743722,Disability Services,0.0032623251900076,67385/26,63,Brian Stanley,BRIAN STANLEY,oral,en,To ask the Minister for Social Protection his plans to increase the weekly rate of Carer's Allowance Benefit to €325 to recognise the additional cost of providing fulltime care in a cost of living crisis.,the minister for social protection his plans to increase the weekly rate of carer s allowance benefit to 325 to recognise the additional cost of providing fulltime care in a cost of living crisis 67385 26,Social Protection,1227,1229
64. Deputy Louis O'Hara asked the Minister for Social Protection if he has engaged with public transport operators in relation to these operators charging free travel pass holders booking fees for free travel journeys. [66483/26],,Social,2026-09-24,0.5025994181632996,Public Transport,Public Transport,0.5025994181632996,Bus Services,0.0970048159360885,Social Welfare Benefits,0.0919330120086669,Transport Costs,0.0514115542173385,Social Welfare Schemes,0.0391899012029171,National Transport Authority,0.0271060969680547,Transport Policy,0.0171271115541458,Social Welfare Payments,0.0153259672224521,Public Services Card,0.0089170755818486,Social Welfare Eligibility,0.0082248551771044,66483/26,64,Louis O'Hara,LOUIS O'HARA,oral,en,To ask the Minister for Social Protection if he has engaged with public transport operators in relation to these operators charging free travel pass holders booking fees for free travel journeys.,the minister for social protection if he has engaged with public transport operators these operators charging free travel pass holders booking fees for free travel journeys 66483 26,Social Protection,1231,1233
"65. Deputy Grace Boland asked the Minister for Social Protection whether, given the Government's stated ambition to support entrepreneurship and small business growth, he believes that the Jobseeker's Benefit (Self-Employed) scheme and the Back to Work Enterprise Allowance remain fit for purpose in the modern economy; and whether a review of both schemes will be undertaken. [66710/26]",,Social,2026-09-24,0.1588434129953384,Social Welfare Schemes,Social Welfare Schemes,0.1588434129953384,Employment Schemes,0.1568046659231186,Business Supports,0.1198718249797821,Social Welfare Benefits,0.1001809015870094,Departmental Schemes,0.0602036491036415,Employment Support Services,0.052463874220848,Social Welfare Code,0.0475623793900013,Social Welfare Eligibility,0.0397320762276649,Community Employment Schemes,0.026536040008068,Departmental Policies,0.0165116563439369,66710/26,65,Grace Boland,GRACE BOLAND,oral,en,"To ask the Minister for Social Protection whether, given the Government's stated ambition to support entrepreneurship and small business growth, he believes that the Jobseeker's Benefit (Self-Employed) scheme and the Back to Work Enterprise Allowance remain fit for purpose in the modern economy; and whether a review of both schemes will be undertaken.",the minister for social protection whether given the government s stated ambition to support entrepreneurship and small business growth he believes that the jobseeker s benefit self-employed scheme and the back to work enterprise allowance remain fit for purpose in the modern economy and whether a review of both schemes will be undertaken 66710 26,Social Protection,1235,1237
66. Deputy Sean Fleming asked the Minister for Social Protection for an ⁠update on MyFutureFund following the recent opt out window. [67284/26],,Social,2026-09-24,0.2609481811523437,Social Welfare Schemes,Social Welfare Schemes,0.2609481811523437,Social Welfare Payments,0.1679193824529647,Social Welfare Benefits,0.0953752174973487,Departmental Expenditure,0.0474778451025486,Departmental Data,0.0433402359485626,Social Welfare Rates,0.0387628376483917,Social Welfare Code,0.0298296529799699,Social Media,0.0266018044203519,Social Welfare Offices,0.0251625794917345,Data Protection,0.017508877441287,67284/26,66,Sean Fleming,SEAN FLEMING,oral,en,To ask the Minister for Social Protection for an ⁠update on MyFutureFund following the recent opt out window.,the minister for social protection for an update on myfuturefund following the recent opt out window 67284 26,Social Protection,1239,1241
67. Deputy Darren O'Rourke asked the Minister for Social Protection the number and percentage of Disability Allowance application refusals overturned on appeal in 2025 and to date in 2026. [66589/26],,Social,2026-09-24,0.7632575631141663,Social Welfare Appeals,Social Welfare Appeals,0.7632575631141663,Social Welfare Benefits,0.099283680319786,Social Welfare Payments,0.0628818273544311,Departmental Data,0.0238576252013444,Social Welfare Schemes,0.0115932896733284,Social Welfare Eligibility,0.0094403326511383,Disability Services,0.0066257338039577,Social Welfare Code,0.0022840846795588,Departmental Schemes,0.0010628059972077,Housing Schemes,0.0010317369597032,66589/26,67,Darren O'Rourke,DARREN O'ROURKE,oral,en,To ask the Minister for Social Protection the number and percentage of Disability Allowance application refusals overturned on appeal in 2025 and to date in 2026.,the minister for social protection the number and percentage of disability allowance application refusals overturned on appeal in 2025 and to date in 2026 66589 26,Social Protection,1243,1245
68. Deputy Cathal Crowe asked the Minister for Social Protection if he will outline the level of service his Department already provides within the town of Shannon in County Clare; the way in which his Department proposes to address any deficiencies or expand their service offering in the town. [67218/26],,Social,2026-09-24,0.2235777378082275,Community Welfare Services,Community Welfare Services,0.2235777378082275,Social Welfare Offices,0.1054626777768135,Employment Support Services,0.0615489929914474,Disability Services,0.0520221255719661,Departmental Data,0.044803962111473,Employment Schemes,0.0437776409089565,Social Welfare Payments,0.0363400280475616,Social Welfare Benefits,0.0341299958527088,Departmental Policies,0.0288010276854038,Social Welfare Schemes,0.0250128544867038,67218/26,68,Cathal Crowe,CATHAL CROWE,oral,en,To ask the Minister for Social Protection if he will outline the level of service his Department already provides within the town of Shannon in County Clare; the way in which his Department proposes to address any deficiencies or expand their service offering in the town.,the minister for social protection if he will outline the level of service his department already provides within the town of shannon in county clare the way in which his department proposes to address any deficiencies or expand their service offering in the town 67218 26,Social Protection,1247,1249
"69. Deputy Barry Heneghan asked the Minister for Social Protection whether, in the context of Budget 2027, he intends to introduce a permanent cost of disability payment to recognise the additional and ongoing costs faced by people with disabilities; the estimated annual cost of introducing such a payment at different weekly rates; and the number of people who would potentially qualify. [67386/26]",,Social,2026-09-24,0.2273492664098739,Social Welfare Payments,Social Welfare Payments,0.2273492664098739,Social Welfare Benefits,0.1741868108510971,Social Welfare Code,0.0787545144557952,Social Welfare Rates,0.0668141171336174,Budget 2025,0.0639534220099449,Disability Services,0.0581464990973472,Departmental Budgets,0.0499100238084793,Budget 2026,0.0435034558176994,Budget 2023,0.0385571792721748,Social Welfare Schemes,0.0361411720514297,67386/26,69,Barry Heneghan,BARRY HENEGHAN,oral,en,"To ask the Minister for Social Protection whether, in the context of Budget 2027, he intends to introduce a permanent cost of disability payment to recognise the additional and ongoing costs faced by people with disabilities; the estimated annual cost of introducing such a payment at different weekly rates; and the number of people who would potentially qualify.",the minister for social protection whether in the context of budget 2027 he intends to introduce a permanent cost of disability payment to recognise the additional and ongoing costs faced by people with disabilities the estimated annual cost of introducing such a payment at different weekly rates and the number of people who would potentially qualify 67386 26,Social Protection,1251,1253
70. Deputy Paul Lawless asked the Minister for Social Protection the number of persons claiming job-seekers allowance who are new to Ireland and have never worked in Ireland prior to claiming the allowance; and if he will make a statement on the matter. [67175/26],,Social,2026-09-24,0.495867371559143,Social Welfare Benefits,Social Welfare Benefits,0.495867371559143,Social Welfare Payments,0.2429759055376052,Departmental Data,0.0843416526913642,Social Welfare Eligibility,0.0734084621071815,Social Welfare Schemes,0.0302523728460073,Social Welfare Code,0.0140189351513981,Social Welfare Appeals,0.0112297208979725,Employment Support Services,0.0077384016476571,Social Welfare Rates,0.0067664426751434,Employment Schemes,0.0037183791864663,67175/26,70,Paul Lawless,PAUL LAWLESS,oral,en,To ask the Minister for Social Protection the number of persons claiming job-seekers allowance who are new to Ireland and have never worked in Ireland prior to claiming the allowance; and if he will make a statement on the matter.,the minister for social protection the number of persons claiming job-seekers allowance who are new to ireland and have never worked in ireland prior to claiming the allowance and 67175 26,Social Protection,1255,1257
"71. Deputy Seán Ó Fearghaíl asked the Minister for Social Protection the number of households that will receive the fuel allowance in the 2026/2027 season, by county. [67287/26]",,Social,2026-09-24,0.4144612848758697,Social Welfare Benefits,Social Welfare Benefits,0.4144612848758697,Social Welfare Payments,0.3333508372306824,Departmental Data,0.1082690134644508,Social Welfare Schemes,0.049941562116146,Social Welfare Eligibility,0.0288887955248355,Social Welfare Rates,0.0225515514612197,Social Welfare Code,0.0081767411902546,Fuel Poverty,0.0073002530261874,Departmental Budgets,0.0035176633391529,Departmental Schemes,0.0023437773343175,67287/26,71,Seán Ó Fearghaíl,SEÁN Ó FEARGHAÍL,oral,en,"To ask the Minister for Social Protection the number of households that will receive the fuel allowance in the 2026/2027 season, by county.",the minister for social protection the number of households that will receive the fuel allowance in the 2026 2027 season by county 67287 26,Social Protection,1259,1261
72. Deputy Cormac Devlin asked the Minister for Social Protection if he will report on the impact to date of the change in income disregards for the carer’s allowance which came into effect in July 2026. [67290/26],,Social,2026-09-24,0.3338174819946289,Social Welfare Benefits,Social Welfare Benefits,0.3338174819946289,Social Welfare Code,0.2146232724189758,Social Welfare Payments,0.1783094108104705,Social Welfare Eligibility,0.0917260125279426,Social Welfare Rates,0.0736306235194206,Social Welfare Schemes,0.0373879931867122,Departmental Policies,0.0089337471872568,Departmental Data,0.0063445614650845,Cost of Living Issues,0.0056269476190209,Disability Services,0.0036659059114754,67290/26,72,Cormac Devlin,CORMAC DEVLIN,oral,en,To ask the Minister for Social Protection if he will report on the impact to date of the change in income disregards for the carer’s allowance which came into effect in July 2026.,the minister for social protection if he will report on the impact to date of the change in income disregards for the carer s allowance which came into effect in july 2026 67290 26,Social Protection,1263,1265
73. Deputy Matt Carthy asked the Minister for Social Protection if he will amend the current weekly means limit for the increase for qualified adult allowance for recipients of the State pension and increase the current means limit of €100 which has been in place since 2007; and if he will make a statement on the matter. [66608/26],,Social,2026-09-24,0.2861801981925964,Social Welfare Eligibility,Social Welfare Eligibility,0.2861801981925964,Social Welfare Benefits,0.2036265879869461,Social Welfare Code,0.1850507706403732,Social Welfare Payments,0.1276226937770843,Social Welfare Rates,0.069226324558258,Social Welfare Schemes,0.0421314314007759,State Pensions,0.017694778740406,Pension Provisions,0.0172678753733634,Widow's Pension,0.0052534751594066,Fuel Poverty,0.0035351698752492,66608/26,73,Matt Carthy,MATT CARTHY,oral,en,To ask the Minister for Social Protection if he will amend the current weekly means limit for the increase for qualified adult allowance for recipients of the State pension and increase the current means limit of €100 which has been in place since 2007; and if he will make a statement on the matter.,the minister for social protection if he will amend the current weekly means limit for the increase for qualified adult allowance for recipients of the state pension and increase the current means limit of 100 which has been in place since 2007 and 66608 26,Social Protection,1267,1269
"74. Deputy Keira Keogh asked the Minister for Social Protection the steps his Department is taking to ensure that the current State pension provides an adequate income for older persons in view of the cost of living pressures that pensioners are reporting, particularly for pensioners living in rural areas; and if he will make a full statement on the matter. [67626/26]",,Social,2026-09-24,0.8332409262657166,State Pensions,State Pensions,0.8332409262657166,Pension Provisions,0.0788896083831787,Social Welfare Payments,0.014591290615499,Social Welfare Eligibility,0.0118752960115671,Social Welfare Benefits,0.0095402849838137,Social Welfare Code,0.0080514587461948,Pensions Reform,0.0070611238479614,Widow's Pension,0.0057144374586641,Social Welfare Appeals,0.0042154192924499,Social Welfare Schemes,0.0029137334786355,67626/26,74,Keira Keogh,KEIRA KEOGH,oral,en,"To ask the Minister for Social Protection the steps his Department is taking to ensure that the current State pension provides an adequate income for older persons in view of the cost of living pressures that pensioners are reporting, particularly for pensioners living in rural areas; and if he will make a full statement on the matter.",the minister for social protection the steps his department is taking to ensure that the current state pension provides an adequate income for older persons in view of the cost of living pressures that pensioners are reporting particularly for pensioners living in rural areas and if he will make a full statement on the matter 67626 26,Social Protection,1271,1273
75. Deputy Mark Wall asked the Minister for Social Protection the progress his Department has made in reducing the waiting times for processing social welfare appeals. [67654/26],,Social,2026-09-24,0.9260983467102052,Social Welfare Appeals,Social Welfare Appeals,0.9260983467102052,Social Welfare Payments,0.0251094624400138,Social Welfare Benefits,0.0199814066290855,Social Welfare Eligibility,0.0042993216775357,Social Welfare Schemes,0.0040244590491056,Departmental Data,0.0030939809512346,Social Welfare Code,0.0015608039684593,Social Welfare Offices,0.0014794140588492,State Pensions,0.0011951770866289,Community Welfare Services,0.0007144245901145,67654/26,75,Mark Wall,MARK WALL,oral,en,To ask the Minister for Social Protection the progress his Department has made in reducing the waiting times for processing social welfare appeals.,the minister for social protection the progress his department has made in reducing the waiting times for processing social welfare appeals 67654 26,Social Protection,1275,1277
76. Deputy Colm Burke asked the Minister for Social Protection to confirm whether consideration would be given to introducing a support specifically for older people to help with the cost of home heating oil. [67543/26],,Social,2026-09-24,0.2325246036052703,Social Welfare Benefits,Social Welfare Benefits,0.2325246036052703,Cost of Living Issues,0.0911291614174842,Social Welfare Code,0.0714943706989288,Social Welfare Schemes,0.06899955868721,Departmental Policies,0.056955236941576,Social Welfare Payments,0.0505203083157539,Social Welfare Eligibility,0.0483280643820762,Fuel Poverty,0.045836191624403,Departmental Schemes,0.0279437825083732,Social Welfare Rates,0.0157682690769433,67543/26,76,Colm Burke,COLM BURKE,oral,en,To ask the Minister for Social Protection to confirm whether consideration would be given to introducing a support specifically for older people to help with the cost of home heating oil.,the minister for social protection to confirm whether consideration would be given to introducing a support specifically for older people to help with the cost of home heating oil 67543 26,Social Protection,1279,1281
77. Deputy Eoin Hayes asked the Minister for Social Protection for an update on the review carried out by his Department on the system of means tests for all schemes in his Department; and if he will lay the report before the House. [67512/26],,Social,2026-09-24,0.1885873824357986,Social Welfare Schemes,Social Welfare Schemes,0.1885873824357986,Departmental Reviews,0.1780349612236023,Departmental Schemes,0.1252686828374862,Social Welfare Benefits,0.0608565248548984,Social Welfare Code,0.0460714511573314,Departmental Policies,0.0444112867116928,Departmental Reports,0.0432247258722782,Social Welfare Eligibility,0.0314513221383094,Employment Schemes,0.0290912520140409,Departmental Data,0.0196181796491146,67512/26,77,Eoin Hayes,EOIN HAYES,oral,en,To ask the Minister for Social Protection for an update on the review carried out by his Department on the system of means tests for all schemes in his Department; and if he will lay the report before the House.,the minister for social protection for an update on the review carried out by his department on the system of means tests for all schemes in his department and if he will lay the report before the house 67512 26,Social Protection,1283,1285
78. Deputy Seamus Healy asked the Minister for Social Protection to implement a disregard of carer’s allowance and carer’s benefit in the assessment of income for other social protection payments such as the working family payment. [67664/26],,Social,2026-09-24,0.2483393400907516,Social Welfare Payments,Social Welfare Payments,0.2483393400907516,Social Welfare Eligibility,0.2369939982891082,Social Welfare Benefits,0.2311101853847503,Social Welfare Code,0.1533870100975036,Social Welfare Rates,0.0598595738410949,Social Welfare Schemes,0.0417563989758491,Social Welfare Appeals,0.0035379291512072,Departmental Policies,0.0018525413470342,Departmental Data,0.0016327196499332,Fuel Poverty,0.0010644603753462,67664/26,78,Seamus Healy,SEAMUS HEALY,oral,en,To ask the Minister for Social Protection to implement a disregard of carer’s allowance and carer’s benefit in the assessment of income for other social protection payments such as the working family payment.,the minister for social protection to implement a disregard of carer s allowance and carer s benefit in the assessment of income for other social protection payments such as the working family payment 67664 26,Social Protection,1287,1289
79. Deputy Louise O'Reilly asked the Minister for Social Protection the steps he is taking to remove financial and administrative barriers faced by people when obtaining medical evidence and legal aid required for social welfare and housing applications; and if he will make a statement on the matter. [67576/26],,Social,2026-09-24,0.3474973142147064,Social Welfare Benefits,Social Welfare Benefits,0.3474973142147064,Social Welfare Payments,0.1896671652793884,Social Welfare Appeals,0.1312886923551559,Social Welfare Eligibility,0.0779584124684333,Social Welfare Code,0.0715685486793518,Social Welfare Schemes,0.0381696000695228,Departmental Data,0.0212318710982799,Departmental Legal Cases,0.0106488550081849,Social Welfare Rates,0.0065663428977131,Birth Certificates,0.0058510992676019,67576/26,79,Louise O'Reilly,LOUISE O'REILLY,oral,en,To ask the Minister for Social Protection the steps he is taking to remove financial and administrative barriers faced by people when obtaining medical evidence and legal aid required for social welfare and housing applications; and if he will make a statement on the matter.,the minister for social protection the steps he is taking to remove financial and administrative barriers faced by people when obtaining medical evidence and legal aid required for social welfare and housing applications and 67576 26,Social Protection,1291,1293
"80. Deputy Ruairí Ó Murchú asked the Minister for Social Protection the reason carer's allowance payments are included in the calculation of income when deciding the eligibility for the BSCFA when other payments, such as WFP, are not; and whether there are plans to remove carers allowance from the BSCFA calculations. [67423/26]",,Social,2026-09-24,0.4964787364006042,Social Welfare Eligibility,Social Welfare Eligibility,0.4964787364006042,Social Welfare Benefits,0.1939670294523239,Social Welfare Code,0.1022115647792816,Social Welfare Payments,0.0931978300213813,Social Welfare Schemes,0.0408240184187889,Social Welfare Rates,0.0135894156992435,Social Welfare Appeals,0.0056584482081234,Community Employment Schemes,0.0047007272951304,Fuel Poverty,0.0029474867042154,Social Insurance,0.0027758665382862,67423/26,80,Ruairí Ó Murchú,RUAIRÍ Ó MURCHÚ,oral,en,"To ask the Minister for Social Protection the reason carer's allowance payments are included in the calculation of income when deciding the eligibility for the BSCFA when other payments, such as WFP, are not; and whether there are plans to remove carers allowance from the BSCFA calculations.",the minister for social protection the reason carer s allowance payments are included in the calculation of income when deciding the eligibility for the bscfa when other payments such as wfp are not and whether there are plans to remove carers allowance from the bscfa calculations 67423 26,Social Protection,1295,1297
81. Deputy Shónagh Ní Raghallaigh asked the Minister for Social Protection his views in relation to the phasing out of the carers allowance means test as committed to in the Programme for Government; and the timeline for this commitment to be met. [66892/26],,Social,2026-09-24,0.2790761291980743,Social Welfare Code,Social Welfare Code,0.2790761291980743,Social Welfare Eligibility,0.2494664639234542,Social Welfare Benefits,0.178243488073349,Social Welfare Payments,0.069306306540966,Social Welfare Schemes,0.0567108206450939,Social Welfare Rates,0.0553789623081684,Departmental Policies,0.0179306138306856,Disability Services,0.0072255651466548,Cost of Living Issues,0.0068155373446643,Maternity Leave,0.0065531502477824,66892/26,81,Shónagh Ní Raghallaigh,SHÓNAGH NÍ RAGHALLAIGH,oral,en,To ask the Minister for Social Protection his views in relation to the phasing out of the carers allowance means test as committed to in the Programme for Government; and the timeline for this commitment to be met.,the minister for social protection his views the phasing out of the carers allowance means test as committed to in the programme for government and the timeline for this commitment to be met 66892 26,Social Protection,1299,1301
82. Deputy Peadar Tóibín asked the Minister for Social Protection the number of carers whose applications for carer's allowance were refused solely as a result of the means test in each of the past five years; and the average amount by which applicants exceeded the income threshold. [67315/26],,Social,2026-09-24,0.6321388483047485,Social Welfare Benefits,Social Welfare Benefits,0.6321388483047485,Social Welfare Payments,0.1547511667013168,Social Welfare Eligibility,0.0987814143300056,Social Welfare Schemes,0.0351080261170864,Departmental Data,0.0193427093327045,Social Welfare Code,0.0182658489793539,Social Welfare Appeals,0.0161126684397459,Social Welfare Rates,0.0107938684523105,Care Services,0.0015017736004665,Disability Services,0.0009489703807048,67315/26,82,Peadar Tóibín,PEADAR TÓIBÍN,oral,en,To ask the Minister for Social Protection the number of carers whose applications for carer's allowance were refused solely as a result of the means test in each of the past five years; and the average amount by which applicants exceeded the income threshold.,the minister for social protection the number of carers whose applications for carer s allowance were refused solely as a result of the means test in each of the past five years and the average amount by which applicants exceeded the income threshold 67315 26,Social Protection,1303,1305
"83. Deputy Peadar Tóibín asked the Minister for Social Protection the number of persons holding a free travel pass on 31 August 2026, by qualifying category including State pension, disability allowance, invalidity pension, blind pension and carer's allowance recipients; the beneficiaries of temporary protection from Ukraine, where applicable, international protection applicants, where applicable, and all other qualifying categories; and the estimated cost to the Exchequer of providing free travel under each category in each of the past five years. [67316/26]",,Social,2026-09-24,0.4919391274452209,Social Welfare Benefits,Social Welfare Benefits,0.4919391274452209,Social Welfare Payments,0.2311778962612152,Social Welfare Schemes,0.1098268255591392,Social Welfare Eligibility,0.0771968513727188,Departmental Data,0.0512526258826255,Social Welfare Rates,0.0058627449907362,Social Welfare Code,0.0054124789312481,Ukraine War,0.0032014246098697,Departmental Schemes,0.0028493497520685,Social Welfare Appeals,0.0023115186486393,67316/26,83,Peadar Tóibín,PEADAR TÓIBÍN,oral,en,"To ask the Minister for Social Protection the number of persons holding a free travel pass on 31 August 2026, by qualifying category including State pension, disability allowance, invalidity pension, blind pension and carer's allowance recipients; the beneficiaries of temporary protection from Ukraine, where applicable, international protection applicants, where applicable, and all other qualifying categories; and the estimated cost to the Exchequer of providing free travel under each category in each of the past five years.",the minister for social protection the number of persons holding a free travel pass on 31 august 2026 by qualifying category including state pension disability allowance invalidity pension blind pension and carer s allowance recipients the beneficiaries of temporary protection from ukraine where applicable international protection applicants where applicable and all other qualifying categories and the estimated cost to the exchequer of providing free travel under each category in each of the past five years 67316 26,Social Protection,1307,1309
84. Deputy Brian Stanley asked the Minister for Social Protection the plans in place to enhance and expand Social Welfare and Intreo Services in County Laois to match local population growth to ensure timely access for claimants. [67396/26],,Social,2026-09-24,0.2119655609130859,Social Welfare Payments,Social Welfare Payments,0.2119655609130859,Social Welfare Offices,0.2079589664936065,Community Welfare Services,0.1469869613647461,Social Welfare Benefits,0.0852333009243011,Social Welfare Schemes,0.047347217798233,Social Welfare Rates,0.0472225435078144,Social Welfare Code,0.0454465188086032,Social Welfare Eligibility,0.0357909835875034,Employment Support Services,0.0236402098089456,Citizens Information Services,0.0143173458054661,67396/26,84,Brian Stanley,BRIAN STANLEY,oral,en,To ask the Minister for Social Protection the plans in place to enhance and expand Social Welfare and Intreo Services in County Laois to match local population growth to ensure timely access for claimants.,the minister for social protection the plans in place to enhance and expand social welfare and intreo services in county laois to match local population growth to ensure timely access for claimants 67396 26,Social Protection,1311,1313
85. Deputy Matt Carthy asked the Minister for Social Protection whether the review of means testing in the social protection system will be completed this quarter; and if he will make a statement on the matter. [66609/26],,Social,2026-09-24,0.160822793841362,Social Welfare Eligibility,Social Welfare Eligibility,0.160822793841362,Social Welfare Code,0.160087376832962,Departmental Reviews,0.1147177144885063,Social Welfare Benefits,0.1068664565682411,Social Welfare Schemes,0.0785284861922264,Social Welfare Payments,0.0609247982501983,Departmental Policies,0.0454892925918102,Social Welfare Rates,0.0265611838549375,Departmental Reports,0.0210113227367401,Social Welfare Appeals,0.0189794786274433,66609/26,85,Matt Carthy,MATT CARTHY,oral,en,To ask the Minister for Social Protection whether the review of means testing in the social protection system will be completed this quarter; and if he will make a statement on the matter.,the minister for social protection whether the review of means testing in the social protection system will be completed this quarter and 66609 26,Social Protection,1315,1317
86. Deputy Michael Cahill asked the Minister for Social Protection for an update on the proposed cost of disability payment. [67199/26],,Social,2026-09-24,0.2940665781497955,Social Welfare Payments,Social Welfare Payments,0.2940665781497955,Social Welfare Benefits,0.1842207312583923,Social Welfare Rates,0.1320720762014389,Social Welfare Schemes,0.0691689848899841,Social Welfare Code,0.0579943172633647,Cost of Living Issues,0.031900804489851,Departmental Budgets,0.0318141132593154,Disability Services,0.0240045562386512,Social Welfare Eligibility,0.0191284380853176,Departmental Expenditure,0.0176586359739303,67199/26,86,Michael Cahill,MICHAEL CAHILL,oral,en,To ask the Minister for Social Protection for an update on the proposed cost of disability payment.,the minister for social protection for an update on the proposed cost of disability payment 67199 26,Social Protection,1319,1321
87. Deputy Shay Brennan asked the Minister for Social Protection If he will provide a county breakdown of the numbers of students receiving a hot school meal every day. [67249/26],,Social,2026-09-24,0.9834553003311156,School Meals Programme,School Meals Programme,0.9834553003311156,Departmental Data,0.0033988486975431,Social Welfare Schemes,0.0026282621547579,Social Welfare Benefits,0.0017758060712367,Social Welfare Payments,0.000897561374586,Social Welfare Eligibility,0.0006848816992715,Departmental Schemes,0.0006612426368519,Social Welfare Rates,0.000444132980192,Fuel Poverty,0.0003619763883762,School Facilities,0.0003077152941841,67249/26,87,Shay Brennan,SHAY BRENNAN,oral,en,To ask the Minister for Social Protection If he will provide a county breakdown of the numbers of students receiving a hot school meal every day.,the minister for social protection if he will provide a county breakdown of the numbers of students receiving a hot school meal every day 67249 26,Social Protection,1323,1325
88. Deputy Brendan Smith asked the Minister for Social Protection the number of people in Cavan Monaghan that are eligible for Fuel Allowance. [67384/26],,Social,2026-09-24,0.474860817193985,Social Welfare Benefits,Social Welfare Benefits,0.474860817193985,Social Welfare Eligibility,0.2310069054365158,Social Welfare Payments,0.1766473650932312,Social Welfare Schemes,0.0375455096364021,Social Welfare Code,0.0189337823539972,Departmental Data,0.0141336480155587,Fuel Poverty,0.0138924364000558,Social Welfare Rates,0.0103660346940159,Social Welfare Appeals,0.0014969641342759,School Meals Programme,0.0012884410098195,67384/26,88,Brendan Smith,BRENDAN SMITH,oral,en,To ask the Minister for Social Protection the number of people in Cavan Monaghan that are eligible for Fuel Allowance.,the minister for social protection the number of people in cavan monaghan that are eligible for fuel allowance 67384 26,Social Protection,1327,1329
"89. Deputy Michael Murphy asked the Minister for Social Protection whether he is considering advocating, as part of the pre-budget process, for targeted employer PRSI relief measures for SMEs, particularly in respect of lower-paid workers, in order to help locally owned businesses maintain employment and remain competitive in the face of rising business costs. [63668/26]",,Social,2026-09-24,0.148846223950386,Social Welfare Benefits,Social Welfare Benefits,0.148846223950386,Pension Provisions,0.0909729748964309,Social Welfare Code,0.0907172858715057,Social Insurance,0.0761966332793235,Cost of Living Issues,0.0492699854075908,Budget 2023,0.0396696887910366,Social Welfare Schemes,0.0375277325510978,Social Welfare Eligibility,0.0358977019786834,Tax Reliefs,0.028832072392106,Pensions Reform,0.0247931629419326,63668/26,89,Michael Murphy,MICHAEL MURPHY,oral,en,"To ask the Minister for Social Protection whether he is considering advocating, as part of the pre-budget process, for targeted employer PRSI relief measures for SMEs, particularly in respect of lower-paid workers, in order to help locally owned businesses maintain employment and remain competitive in the face of rising business costs.",the minister for social protection whether he is considering advocating as part of the pre-budget process for targeted employer prsi relief measures for smes particularly in respect of lower-paid workers in order to help locally owned businesses maintain employment and remain competitive in the face of rising business costs 63668 26,Social Protection,1331,1333
"90. Deputy Mairéad Farrell asked the Minister for Social Protection if consideration has been given to the way that eligibility reviews are communicated to persons in receipt of the State Pension (non-contributory), particularly given that these individuals are often vulnerable. [67603/26]",,Social,2026-09-24,0.4033862650394439,State Pensions,State Pensions,0.4033862650394439,Social Welfare Eligibility,0.1479745954275131,Social Welfare Appeals,0.1476985812187194,Social Welfare Benefits,0.0625120773911476,Pension Provisions,0.0534698404371738,Social Welfare Payments,0.043520763516426,Social Welfare Code,0.0393718406558036,Widow's Pension,0.0187947396188974,Social Welfare Schemes,0.0129657806828618,Pensions Reform,0.0060999551787972,67603/26,90,Mairéad Farrell,MAIRÉAD FARRELL,oral,en,"To ask the Minister for Social Protection if consideration has been given to the way that eligibility reviews are communicated to persons in receipt of the State Pension (non-contributory), particularly given that these individuals are often vulnerable.",the minister for social protection if consideration has been given to the way that eligibility reviews are communicated to persons in receipt of the state pension non-contributory particularly given that these individuals are often vulnerable 67603 26,Social Protection,1335,1337
91. Deputy Michael Cahill asked the Minister for Social Protection if he has had any engagement with an organisation (details supplied) in relation to Budget 2027. [67198/26],,Social,2026-09-24,0.2032191753387451,Budget 2026,Budget 2026,0.2032191753387451,Budget 2025,0.1754517704248428,Budget 2024,0.1650022268295288,Budget 2023,0.1238892450928688,Departmental Budgets,0.0561824440956115,Social Welfare Payments,0.0471107587218284,Social Welfare Benefits,0.0317586623132228,Departmental Funding,0.0124614192172884,Social Welfare Code,0.0120037328451871,State Pensions,0.0099140843376517,67198/26,91,Michael Cahill,MICHAEL CAHILL,oral,en,To ask the Minister for Social Protection if he has had any engagement with an organisation (details supplied) in relation to Budget 2027.,the minister for social protection if he has had any engagement with an organisation details supplied budget 2027 67198 26,Social Protection,1339,1341
92. Deputy Darren O'Rourke asked the Minister for Social Protection his plans to tackle youth unemployment. [66583/26],,Social,2026-09-24,0.0961102098226547,Employment Support Services,Employment Support Services,0.0961102098226547,Departmental Strategies,0.0577404461801052,Employment Schemes,0.0451626479625701,Departmental Policies,0.0396176651120185,Other,0.0370695330202579,Departmental Data,0.0365339331328868,Youth Services,0.0357777252793312,Child Poverty,0.0289173834025859,Departmental Reviews,0.0242758225649595,Departmental Reports,0.023670895025134,66583/26,92,Darren O'Rourke,DARREN O'ROURKE,oral,en,To ask the Minister for Social Protection his plans to tackle youth unemployment.,the minister for social protection his plans to tackle youth unemployment 66583 26,Social Protection,1343,1345
93. Deputy Naoise Ó Cearúil asked the Minister for Social Protection whether his Department has assessed the impact of the child benefit payment rate remaining unchanged since 2016; and whether any review of the payment rate is planned. [67341/26],,Social,2026-09-24,0.366474986076355,Social Welfare Benefits,Social Welfare Benefits,0.366474986076355,Social Welfare Payments,0.210831806063652,Social Welfare Rates,0.1535210013389587,Social Welfare Code,0.0765643641352653,Social Welfare Schemes,0.0646476447582244,Departmental Data,0.0341721177101135,Social Welfare Eligibility,0.027452128008008,Departmental Policies,0.004121967125684,Departmental Budgets,0.0038676878903061,Cost of Living Issues,0.003469604300335,67341/26,93,Naoise Ó Cearúil,NAOISE Ó CEARÚIL,oral,en,To ask the Minister for Social Protection whether his Department has assessed the impact of the child benefit payment rate remaining unchanged since 2016; and whether any review of the payment rate is planned.,the minister for social protection whether his department has assessed the impact of the child benefit payment rate remaining unchanged since 2016 and whether any review of the payment rate is planned 67341 26,Social Protection,1347,1349
94. Deputy Albert Dolan asked the Minister for Social Protection the current status of the Government's commitment to review the means test for carer's allowance; and whether he is considering the abolition of the means test in recognition of the vital role played by family carers. [67391/26],,Social,2026-09-24,0.3952098190784454,Social Welfare Eligibility,Social Welfare Eligibility,0.3952098190784454,Social Welfare Code,0.2222281694412231,Social Welfare Benefits,0.2038180530071258,Social Welfare Payments,0.0596766136586666,Social Welfare Schemes,0.0422533266246318,Social Welfare Rates,0.0242453720420599,Social Welfare Appeals,0.0061330203898251,Departmental Policies,0.0051221023313701,Maternity Leave,0.0045283338986337,Widow's Pension,0.0033784250263124,67391/26,94,Albert Dolan,ALBERT DOLAN,oral,en,To ask the Minister for Social Protection the current status of the Government's commitment to review the means test for carer's allowance; and whether he is considering the abolition of the means test in recognition of the vital role played by family carers.,the minister for social protection the current status of the government s commitment to review the means test for carer s allowance and whether he is considering the abolition of the means test in recognition of the vital role played by family carers 67391 26,Social Protection,1351,1353
95. Deputy John Clendennen asked the Minister for Social Protection the next steps in terms of progressively increasing the weekly rates of Carer's allowance and Carer's Benefit as committed to in the Programme for Government. [67618/26],,Social,2026-09-24,0.2301314026117324,Social Welfare Rates,Social Welfare Rates,0.2301314026117324,Social Welfare Code,0.123985581099987,Social Welfare Benefits,0.085456907749176,Social Welfare Payments,0.077610395848751,Social Welfare Schemes,0.0665080323815345,Cost of Living Issues,0.0577629581093788,Departmental Budgets,0.0523462779819965,Budget 2025,0.0381349176168441,Budget 2026,0.0228776335716247,Budget 2023,0.0218097027391195,67618/26,95,John Clendennen,JOHN CLENDENNEN,oral,en,To ask the Minister for Social Protection the next steps in terms of progressively increasing the weekly rates of Carer's allowance and Carer's Benefit as committed to in the Programme for Government.,the minister for social protection the next steps in terms of progressively increasing the weekly rates of carer s allowance and carer s benefit as committed to in the programme for government 67618 26,Social Protection,1355,1357
"96. Deputy Grace Boland asked the Minister for Social Protection the measures are being taken to ensure that social welfare recipients can transition into further education, apprenticeships and training programmes without suffering a loss of income that would discourage participation. [66712/26]",,Social,2026-09-24,0.2749254107475281,Social Welfare Payments,Social Welfare Payments,0.2749254107475281,Social Welfare Benefits,0.2594838142395019,Social Welfare Rates,0.1218630075454711,Social Welfare Code,0.1149067804217338,Social Welfare Schemes,0.0985835790634155,Social Welfare Eligibility,0.0720947235822677,Community Welfare Services,0.0086237667128443,Social Welfare Offices,0.0060521122068166,Social Welfare Appeals,0.0058015012182295,Employment Schemes,0.0041296426206827,66712/26,96,Grace Boland,GRACE BOLAND,oral,en,"To ask the Minister for Social Protection the measures are being taken to ensure that social welfare recipients can transition into further education, apprenticeships and training programmes without suffering a loss of income that would discourage participation.",the minister for social protection the measures are being taken to ensure that social welfare recipients can transition into further education apprenticeships and training programmes without suffering a loss of income that would discourage participation 66712 26,Social Protection,1359,1361
97. Deputy John Paul O'Shea asked the Minister for Social Protection if he will consider increasing the income thresholds for the Working Family Payment as part of Budget 2027. [66998/26],,Social,2026-09-24,0.1372517943382263,Social Welfare Payments,Social Welfare Payments,0.1372517943382263,Social Welfare Benefits,0.1249863430857658,Budget 2025,0.1147006154060363,Budget 2026,0.0865429043769836,Social Welfare Code,0.0819891914725303,Social Welfare Rates,0.0652141273021698,Budget 2023,0.062028020620346,Social Welfare Eligibility,0.054648358374834,Budget 2024,0.0535604655742645,Social Welfare Schemes,0.033926285803318,66998/26,97,John Paul O'Shea,JOHN PAUL O'SHEA,oral,en,To ask the Minister for Social Protection if he will consider increasing the income thresholds for the Working Family Payment as part of Budget 2027.,the minister for social protection if he will consider increasing the income thresholds for the working family payment as part of budget 2027 66998 26,Social Protection,1363,1365
"98. Deputy Seán Kyne asked the Minister for Social Protection whether he will undertake a review of opportunities for people to stay on employment schemes after they have turned 65 years old, given the valuable work they contribute and the shortage for people in schemes such as Tús and Community Schemes (CE) schemes in vulnerable communities. [67629/26]",,Social,2026-09-24,0.4083654880523681,Community Employment Schemes,Community Employment Schemes,0.4083654880523681,Employment Schemes,0.2922653555870056,Employment Support Services,0.1623273342847824,Social Welfare Code,0.0183323677629232,Social Welfare Schemes,0.0177502259612083,Social Welfare Eligibility,0.0166457332670688,Employment Rights,0.0151837738230824,Social Welfare Benefits,0.0120553821325302,Departmental Schemes,0.0053116991184651,Pension Provisions,0.0037964440416544,67629/26,98,Seán Kyne,SEÁN KYNE,oral,en,"To ask the Minister for Social Protection whether he will undertake a review of opportunities for people to stay on employment schemes after they have turned 65 years old, given the valuable work they contribute and the shortage for people in schemes such as Tús and Community Schemes (CE) schemes in vulnerable communities.",the minister for social protection whether he will undertake a review of opportunities for people to stay on employment schemes after they have turned 65 years old given the valuable work they contribute and the shortage for people in schemes such as tús and community schemes ce schemes in vulnerable communities 67629 26,Social Protection,1367,1369
99. Deputy Mark Ward asked the Minister for Social Protection if persons on invalidity pensions are eligible for fuel allowance; to outline the criteria for fuel allowance; and if any changes will be included in the upcoming budget. [67324/26],,Social,2026-09-24,0.4453498423099518,Social Welfare Eligibility,Social Welfare Eligibility,0.4453498423099518,Social Welfare Benefits,0.2522814869880676,Social Welfare Payments,0.1146741807460784,Social Welfare Code,0.0555750131607055,Fuel Poverty,0.0321712158620357,Social Welfare Schemes,0.028658615425229,Social Welfare Rates,0.0165946781635284,Pension Provisions,0.0035835923627018,Budget 2023,0.00302628823556,State Pensions,0.0029905047267675,67324/26,99,Mark Ward,MARK WARD,oral,en,To ask the Minister for Social Protection if persons on invalidity pensions are eligible for fuel allowance; to outline the criteria for fuel allowance; and if any changes will be included in the upcoming budget.,the minister for social protection if persons on invalidity pensions are eligible for fuel allowance the criteria for fuel allowance and if any changes will be included in the upcoming budget 67324 26,Social Protection,1371,1373
100. Deputy Richard Boyd Barrett asked the Minister for Social Protection his views on the possibility of a disability payment that is an entitlement for each person with a disability in the interests of equality and supporting independent living; and to make a statement on the matter. [67339/26],,Social,2026-09-24,0.2808178663253784,Social Welfare Eligibility,Social Welfare Eligibility,0.2808178663253784,Social Welfare Benefits,0.2009353935718536,Social Welfare Payments,0.1938808113336563,Social Welfare Code,0.1875692903995514,Social Welfare Schemes,0.0411386378109455,Social Welfare Rates,0.0213796235620975,Disability Services,0.0150639740750193,Departmental Policies,0.008684161119163,Departmental Schemes,0.0029395632445812,Rights of People with Disabilities,0.0027762774843722,67339/26,100,Richard Boyd Barrett,RICHARD BOYD BARRETT,oral,en,To ask the Minister for Social Protection his views on the possibility of a disability payment that is an entitlement for each person with a disability in the interests of equality and supporting independent living; and to make a statement on the matter.,the minister for social protection his views on the possibility of a disability payment that is an entitlement for each person with a disability in the interests of equality and supporting independent living and to make a statement on the matter 67339 26,Social Protection,1375,1377
101. Deputy Seamus Healy asked the Minister for Social Protection if he will increase carer’s allowance and carer’s benefit to €325 per week. [67667/26],,Social,2026-09-24,0.3302249312400818,Social Welfare Benefits,Social Welfare Benefits,0.3302249312400818,Social Welfare Rates,0.2127795070409774,Social Welfare Payments,0.1647398173809051,Social Welfare Code,0.1217919811606407,Social Welfare Schemes,0.0613372921943664,Social Welfare Eligibility,0.0606791339814662,Departmental Budgets,0.0050547616556286,Departmental Data,0.0033434270881116,Cost of Living Issues,0.0030937974806874,Budget 2025,0.0023408827837556,67667/26,101,Seamus Healy,SEAMUS HEALY,oral,en,To ask the Minister for Social Protection if he will increase carer’s allowance and carer’s benefit to €325 per week.,the minister for social protection if he will increase carer s allowance and carer s benefit to 325 per week 67667 26,Social Protection,1379,1381
"102. Deputy Roderic O'Gorman asked the Minister for Social Protection if his Department will consider further reforms to the pension treatment of foster care work, including bringing foster care work directly within the State Pension system. [67646/26]",,Social,2026-09-24,0.6398606896400452,State Pensions,State Pensions,0.6398606896400452,Pension Provisions,0.196666345000267,Social Welfare Code,0.0232619941234588,Pensions Reform,0.0181278381496667,Social Welfare Benefits,0.0169957764446735,Social Welfare Eligibility,0.015440110117197,Social Welfare Payments,0.0138235874474048,Public Sector Pensions,0.011360534466803,Widow's Pension,0.0083381729200482,Social Welfare Schemes,0.0057821366935968,67646/26,102,Roderic O'Gorman,RODERIC O'GORMAN,oral,en,"To ask the Minister for Social Protection if his Department will consider further reforms to the pension treatment of foster care work, including bringing foster care work directly within the State Pension system.",the minister for social protection if his department will consider further reforms to the pension treatment of foster care work including bringing foster care work directly within the state pension system 67646 26,Social Protection,1383,1385
103. Deputy Paul Lawless asked the Minister for Social Protection the number of persons who have applied for the job seekers allowance or job seekers benefit who listed their previous employment as farming; and if he will make a statement on the matter. [67163/26],,Social,2026-09-24,0.6098483800888062,Social Welfare Benefits,Social Welfare Benefits,0.6098483800888062,Social Welfare Payments,0.1735858917236328,Departmental Data,0.0908558070659637,Social Welfare Eligibility,0.0612595565617084,Social Welfare Schemes,0.0325698591768741,Social Welfare Code,0.0054770740680396,Social Welfare Appeals,0.004630415700376,Social Welfare Rates,0.0022989101707935,Departmental Schemes,0.0019808716606348,Disability Services,0.0017195248510688,67163/26,103,Paul Lawless,PAUL LAWLESS,oral,en,To ask the Minister for Social Protection the number of persons who have applied for the job seekers allowance or job seekers benefit who listed their previous employment as farming; and if he will make a statement on the matter.,the minister for social protection the number of persons who have applied for the job seekers allowance or job seekers benefit who listed their previous employment as farming and 67163 26,Social Protection,1387,1389
104. Deputy Mark Wall asked the Minister for Social Protection if he will consider extending the continuation period for social welfare payments from six weeks to 12 weeks. [67652/26],,Social,2026-09-24,0.6414344906806946,Social Welfare Payments,Social Welfare Payments,0.6414344906806946,Social Welfare Benefits,0.106242761015892,Social Welfare Rates,0.0963559970259666,Social Welfare Code,0.0545764900743961,Social Welfare Eligibility,0.0444897785782814,Social Welfare Schemes,0.0252721589058637,Social Welfare Appeals,0.0029223172459751,Community Welfare Services,0.0026137938257306,Social Welfare Offices,0.0022825531195849,State Pensions,0.0022245410364121,67652/26,104,Mark Wall,MARK WALL,oral,en,To ask the Minister for Social Protection if he will consider extending the continuation period for social welfare payments from six weeks to 12 weeks.,the minister for social protection if he will consider extending the continuation period for social welfare payments from six weeks to 12 weeks 67652 26,Social Protection,1391,1393
"105. Deputy Barry Heneghan asked the Minister for Social Protection in the context of Budget 2027, he will consider further reform of Carer’s Allowance, including increasing the weekly rate and further easing or removing the means test in recognition of the significant contribution made by family carers; and the estimated cost of each of these measures. [67387/26]",,Social,2026-09-24,0.1735496073961258,Social Welfare Benefits,Social Welfare Benefits,0.1735496073961258,Social Welfare Payments,0.1595201939344406,Social Welfare Rates,0.1385194212198257,Social Welfare Code,0.1365909129381179,Budget 2025,0.0659684091806411,Social Welfare Eligibility,0.0570120327174663,Social Welfare Schemes,0.0556779019534587,Budget 2023,0.0374397151172161,Budget 2026,0.0310437716543674,Departmental Budgets,0.0203591156750917,67387/26,105,Barry Heneghan,BARRY HENEGHAN,oral,en,"To ask the Minister for Social Protection in the context of Budget 2027, he will consider further reform of Carer’s Allowance, including increasing the weekly rate and further easing or removing the means test in recognition of the significant contribution made by family carers; and the estimated cost of each of these measures.",the minister for social protection in the context of budget 2027 he will consider further reform of carer s allowance including increasing the weekly rate and further easing or removing the means test in recognition of the significant contribution made by family carers and the estimated cost of each of these measures 67387 26,Social Protection,1395,1397
106. Deputy Peter 'Chap' Cleere asked the Minister for Social Protection the targeted income supports in relation to those with disabilities he is considering as part of Budget 2027 negotiations. [67299/26],,Social,2026-09-24,0.1701707243919372,Budget 2025,Budget 2025,0.1701707243919372,Budget 2026,0.1449643522500991,Budget 2024,0.125888392329216,Budget 2023,0.1218336001038551,Social Welfare Benefits,0.0615717433393001,Social Welfare Payments,0.0433815754950046,Social Welfare Code,0.0423360876739025,Disability Services,0.0412118472158908,Departmental Budgets,0.0392355173826217,Cost of Living Issues,0.0220794435590505,67299/26,106,Peter 'Chap' Cleere,PETER 'CHAP' CLEERE,oral,en,To ask the Minister for Social Protection the targeted income supports in relation to those with disabilities he is considering as part of Budget 2027 negotiations.,the minister for social protection the targeted income supports those with disabilities he is considering as part of budget 2027 negotiations 67299 26,Social Protection,1399,1401
107. Deputy Paula Butterly asked the Minister for Social Protection the process used by his Department to identify and investigate suspected social welfare fraud; the number of cases of social welfare fraud detected and confirmed in each of the past three years; the value of any overpayments identified and recovered during that period; the measures currently in place to prevent fraud and abuse of the social welfare system; any additional measures being considered to strengthen fraud detection and compliance activities; and if he will make a statement on the matter. [66706/26],,Social,2026-09-24,0.4119574427604675,Social Welfare Payments,Social Welfare Payments,0.4119574427604675,Social Welfare Rates,0.0806330293416976,Social Welfare Offices,0.0735013633966445,Social Welfare Schemes,0.0688183605670929,Social Welfare Benefits,0.0635425373911857,Departmental Data,0.0507760494947433,Social Welfare Code,0.0461533926427364,Community Welfare Services,0.0255948062986135,Social Insurance,0.0149961905553936,Social Welfare Appeals,0.0127528337761759,66706/26,107,Paula Butterly,PAULA BUTTERLY,oral,en,To ask the Minister for Social Protection the process used by his Department to identify and investigate suspected social welfare fraud; the number of cases of social welfare fraud detected and confirmed in each of the past three years; the value of any overpayments identified and recovered during that period; the measures currently in place to prevent fraud and abuse of the social welfare system; any additional measures being considered to strengthen fraud detection and compliance activities; and if he will make a statement on the matter.,the minister for social protection the process used by his department to identify and investigate suspected social welfare fraud the number of cases of social welfare fraud detected and confirmed in each of the past three years the value of any overpayments identified and recovered during that period the measures currently in place to prevent fraud and abuse of the social welfare system any additional measures being considered to strengthen fraud detection and compliance activities and 66706 26,Social Protection,1403,1405
108. Deputy Thomas Gould asked the Minister for Social Protection for an update on the timeline for the abolition of the carer’s means test. [66849/26],,Social,2026-09-24,0.3733119666576385,Social Welfare Eligibility,Social Welfare Eligibility,0.3733119666576385,Social Welfare Code,0.2423467487096786,Social Welfare Benefits,0.1712226420640945,Social Welfare Schemes,0.0625396519899368,Social Welfare Payments,0.0421605557203292,Social Welfare Rates,0.0202417206019163,Social Welfare Appeals,0.0100005837157368,Departmental Policies,0.0080837979912757,Widow's Pension,0.005725844297558,Maternity Leave,0.0054263807833194,66849/26,108,Thomas Gould,THOMAS GOULD,oral,en,To ask the Minister for Social Protection for an update on the timeline for the abolition of the carer’s means test.,the minister for social protection for an update on the timeline for the abolition of the carer s means test 66849 26,Social Protection,1407,1409
109. Deputy James Geoghegan asked the Minister for Social Protection if he will outline his plans to reform the domiciliary care allowance. [66685/26],,Social,2026-09-24,0.2506608068943023,Social Welfare Benefits,Social Welfare Benefits,0.2506608068943023,Social Welfare Eligibility,0.2403385937213897,Social Welfare Code,0.2279920428991317,Social Welfare Payments,0.1165114119648933,Social Welfare Schemes,0.0573805421590805,Social Welfare Rates,0.0488018877804279,Departmental Policies,0.0079828705638647,Disability Services,0.0046428181231021,Care Services,0.0033263736404478,Maternity Leave,0.0028258606325834,66685/26,109,James Geoghegan,JAMES GEOGHEGAN,oral,en,To ask the Minister for Social Protection if he will outline his plans to reform the domiciliary care allowance.,the minister for social protection if he will outline his plans to reform the domiciliary care allowance 66685 26,Social Protection,1411,1413
"110. Deputy Peter Roche asked the Minister for Social Protection following the increases in the income disregards for the carer’s allowance means test, the next steps his Department intends to take towards the Programme for Government commitment to phase out the means test; the further changes to the income disregards or qualifying criteria that are being considered; and the timeframe for their introduction. [67262/26]",,Social,2026-09-24,0.4169096350669861,Social Welfare Code,Social Welfare Code,0.4169096350669861,Social Welfare Eligibility,0.1925071626901626,Social Welfare Benefits,0.1313133686780929,Social Welfare Rates,0.0669415891170501,Social Welfare Payments,0.0587751083076,Social Welfare Schemes,0.0568426810204982,Departmental Policies,0.0106498030945658,Cost of Living Issues,0.0043854834511876,Departmental Schemes,0.0030063171871006,Maternity Leave,0.0029116671066731,67262/26,110,Peter Roche,PETER ROCHE,oral,en,"To ask the Minister for Social Protection following the increases in the income disregards for the carer’s allowance means test, the next steps his Department intends to take towards the Programme for Government commitment to phase out the means test; the further changes to the income disregards or qualifying criteria that are being considered; and the timeframe for their introduction.",the minister for social protection following the increases in the income disregards for the carer s allowance means test the next steps his department intends to take towards the programme for government commitment to phase out the means test the further changes to the income disregards or qualifying criteria that are being considered and the timeframe for their introduction 67262 26,Social Protection,1415,1417
"111. Deputy Shane Moynihan asked the Minister for Social Protection whether consideration is being given to increasing investment in digital inclusion measures, particularly for older persons, people with disabilities and those at risk of digital exclusion. [67531/26]",,Social,2026-09-24,0.1159603223204612,Social Media,Social Media,0.1159603223204612,Departmental Strategies,0.0859924256801605,Departmental Policies,0.0844848677515983,Social Welfare Schemes,0.0393490716814994,Disability Services,0.0370137654244899,Social Welfare Payments,0.0336732417345047,Social Welfare Benefits,0.0264049340039491,Rights of People with Disabilities,0.0230991672724485,Social Welfare Code,0.0225798245519399,Citizens Information Services,0.0203137136995792,67531/26,111,Shane Moynihan,SHANE MOYNIHAN,oral,en,"To ask the Minister for Social Protection whether consideration is being given to increasing investment in digital inclusion measures, particularly for older persons, people with disabilities and those at risk of digital exclusion.",the minister for social protection whether consideration is being given to increasing investment in digital inclusion measures particularly for older persons people with disabilities and those at risk of digital exclusion 67531 26,Social Protection,1419,1421
112. Deputy Eoin Hayes asked the Minister for Social Protection his plans to change the Household Benefits Package to alleviate poverty amongst households most in need. [67525/26],,Social,2026-09-24,0.2367059737443924,Social Welfare Benefits,Social Welfare Benefits,0.2367059737443924,Social Welfare Code,0.14292773604393,Social Welfare Payments,0.1402836143970489,Social Welfare Schemes,0.110970564186573,Social Welfare Rates,0.0973803624510765,Social Welfare Eligibility,0.0952997952699661,Cost of Living Issues,0.0197209920734167,Budget 2025,0.0155537342652678,Poverty Data,0.0122351618483662,Fuel Poverty,0.0119549036026,67525/26,112,Eoin Hayes,EOIN HAYES,oral,en,To ask the Minister for Social Protection his plans to change the Household Benefits Package to alleviate poverty amongst households most in need.,the minister for social protection his plans to change the household benefits package to alleviate poverty amongst households most in need 67525 26,Social Protection,1423,1425
113. Deputy Colm Burke asked the Minister for Social Protection if consideration will be given to making fuel allowance an automatic entitlement to everyone over 70 years-of-age; and the estimated cost that will be incurred to make this change. [67575/26],,Social,2026-09-24,0.4149244129657745,Social Welfare Eligibility,Social Welfare Eligibility,0.4149244129657745,Social Welfare Benefits,0.2064851522445678,Social Welfare Payments,0.1327995508909225,Social Welfare Code,0.124342605471611,Social Welfare Rates,0.0398203022778034,Social Welfare Schemes,0.0323740467429161,Fuel Poverty,0.0120037160813808,Cost of Living Issues,0.0034113326109945,Departmental Policies,0.0027182719204574,Pension Provisions,0.0019959427881985,67575/26,113,Colm Burke,COLM BURKE,oral,en,To ask the Minister for Social Protection if consideration will be given to making fuel allowance an automatic entitlement to everyone over 70 years-of-age; and the estimated cost that will be incurred to make this change.,the minister for social protection if consideration will be given to making fuel allowance an automatic entitlement to everyone over 70 years-of-age and the estimated cost that will be incurred to make this change 67575 26,Social Protection,1427,1429
114. Deputy Peter 'Chap' Cleere asked the Minister for Social Protection if he will examine targeted supports in Budget 2027 such as increasing the monthly allowance of €35 for those with gas or electricity as part of the Household Benefits Package. [67298/26],,Social,2026-09-24,0.1538143157958984,Budget 2025,Budget 2025,0.1538143157958984,Social Welfare Benefits,0.1361426562070846,Budget 2026,0.1220434159040451,Social Welfare Payments,0.1175229623913765,Budget 2023,0.0961964279413223,Budget 2024,0.0620881170034408,Social Welfare Code,0.0442411378026008,Departmental Budgets,0.0403608046472072,Social Welfare Rates,0.0377240441739559,Social Welfare Schemes,0.0299734789878129,67298/26,114,Peter 'Chap' Cleere,PETER 'CHAP' CLEERE,oral,en,To ask the Minister for Social Protection if he will examine targeted supports in Budget 2027 such as increasing the monthly allowance of €35 for those with gas or electricity as part of the Household Benefits Package.,the minister for social protection if he will examine targeted supports in budget 2027 such as increasing the monthly allowance of 35 for those with gas or electricity as part of the household benefits package 67298 26,Social Protection,1431,1433
115. Deputy Joe Neville asked the Minister for Social Protection the added measures his Department hope to introduce in Budget 2027 to help families with the cost of living. [67635/26],,Social,2026-09-24,0.2575430274009704,Cost of Living Issues,Cost of Living Issues,0.2575430274009704,Budget 2025,0.0960434153676033,Social Welfare Benefits,0.0852107852697372,Budget 2026,0.0798594430088996,Budget 2023,0.0715460255742073,Social Welfare Payments,0.0528175197541713,Budget 2024,0.0473488830029964,Social Welfare Rates,0.0409337282180786,Social Welfare Code,0.0357096046209335,Departmental Budgets,0.0241587776690721,67635/26,115,Joe Neville,JOE NEVILLE,oral,en,To ask the Minister for Social Protection the added measures his Department hope to introduce in Budget 2027 to help families with the cost of living.,the minister for social protection the added measures his department hope to introduce in budget 2027 to help families with the cost of living 67635 26,Social Protection,1435,1437
116. Deputy Séamus Mcgrath asked the Minister for Social Protection to review the qualifying eligibility and the rate of the living alone allowance. [67326/26],,Social,2026-09-24,0.5630099773406982,Social Welfare Eligibility,Social Welfare Eligibility,0.5630099773406982,Social Welfare Benefits,0.2004502415657043,Social Welfare Payments,0.0768850520253181,Social Welfare Code,0.0669537782669067,Social Welfare Schemes,0.0312695614993572,Social Welfare Rates,0.0160125959664583,Social Welfare Appeals,0.0141902696341276,Fuel Poverty,0.0028519565239548,Widow's Pension,0.0021999133750796,Departmental Data,0.0020563099533319,67326/26,116,Séamus Mcgrath,SÉAMUS MCGRATH,oral,en,To ask the Minister for Social Protection to review the qualifying eligibility and the rate of the living alone allowance.,the minister for social protection to review the qualifying eligibility and the rate of the living alone allowance 67326 26,Social Protection,1439,1441
"117. Deputy Paul Lawless asked the Minister for Social Protection if the new cost-of-disability payment being rolled out by his Department will be means tested based on a partner’s income, in the same fashion that the carers allowance was; if he has met with disability rights groups regarding the matter; and if he will make a statement on the matter. [67177/26]",,Social,2026-09-24,0.2514031231403351,Social Welfare Benefits,Social Welfare Benefits,0.2514031231403351,Social Welfare Payments,0.1998991221189499,Social Welfare Code,0.1335928738117218,Social Welfare Rates,0.1133265346288681,Social Welfare Schemes,0.0877615138888359,Social Welfare Eligibility,0.0602163635194301,Cost of Living Issues,0.0431419871747493,Disability Services,0.0139649882912635,Departmental Policies,0.0109903858974576,Departmental Budgets,0.008709967136383,67177/26,117,Paul Lawless,PAUL LAWLESS,oral,en,"To ask the Minister for Social Protection if the new cost-of-disability payment being rolled out by his Department will be means tested based on a partner’s income, in the same fashion that the carers allowance was; if he has met with disability rights groups regarding the matter; and if he will make a statement on the matter.",the minister for social protection if the new cost-of-disability payment being rolled out by his department will be means tested based on a partner s income in the same fashion that the carers allowance was if he has met with disability rights groups regarding the matter and 67177 26,Social Protection,1443,1445
124. Deputy Naoise Ó Cearúil asked the Minister for Transport the reasoning behind the proposed removal of the direct 126D bus service to Dublin City University as part of the revised 126 corridor; the assessment carried out of the impact on students currently using the service; and whether the National Transport Authority will consider retaining direct peak-time services to DCU where demand exists. [67344/26],,Transport,2026-09-24,0.9646977186203004,Bus Services,Bus Services,0.9646977186203004,Public Transport,0.0177635792642831,Dublin Bus,0.0065407468937337,Bus Éireann,0.0045531364157795,National Transport Authority,0.0015818654792383,Transport Policy,0.000863054243382,Transport Costs,0.000550421711523,Transport Infrastructure Ireland,0.0002246444346383,Rail Network,0.000221105539822,Departmental Data,0.0001623585267225,67344/26,124,Naoise Ó Cearúil,NAOISE Ó CEARÚIL,oral,en,To ask the Minister for Transport the reasoning behind the proposed removal of the direct 126D bus service to Dublin City University as part of the revised 126 corridor; the assessment carried out of the impact on students currently using the service; and whether the National Transport Authority will consider retaining direct peak-time services to DCU where demand exists.,the minister for transport the reasoning behind the proposed removal of the direct 126d bus service to dublin city university as part of the revised 126 corridor the assessment carried out of the impact on students currently using the service and whether the national transport authority will consider retaining direct peak-time services to dcu where demand exists 67344 26,Transport,1450,1452
125. Deputy Gillian Toole asked the Minister for Transport the reason €20 million was spent by Dublin Airport Authority insulating homes in the noise preferential route of the North runway when these homes are not being flown over since August 2023. [67017/26],,Transport,2026-09-24,0.5028258562088013,Airport Policy,Airport Policy,0.5028258562088013,Dublin Airport Authority,0.1502312123775482,Air Services,0.0912938937544822,Aviation Industry,0.0605477280914783,Regional Airports,0.0479862280189991,Airport Security,0.0297217704355716,Transport Policy,0.0074982373043894,Military Aircraft,0.0072911162860691,Air Safety,0.0066045681014657,Air Navigation Orders,0.0062233810313045,67017/26,125,Gillian Toole,GILLIAN TOOLE,oral,en,To ask the Minister for Transport the reason €20 million was spent by Dublin Airport Authority insulating homes in the noise preferential route of the North runway when these homes are not being flown over since August 2023.,the minister for transport the reason 20 million was spent by dublin airport authority insulating homes in the noise preferential route of the north runway when these homes are not being flown over since august 2023 67017 26,Transport,1454,1456
126. Deputy Paul Lawless asked the Minister for Transport the number of collisions involving trains in Ireland in each of the past ten years. [67174/26],,Transport,2026-09-24,0.2304640114307403,Road Traffic Accidents,Road Traffic Accidents,0.2304640114307403,Rail Network,0.1563972383737564,Traffic Management,0.0660087540745735,Road Safety,0.0543490499258041,National Car Test,0.0443521440029144,Public Transport,0.0299388952553272,Other,0.0276331733912229,Departmental Data,0.0232536364346742,Road Traffic Offences,0.0147850355133414,Transport Infrastructure Ireland,0.0142133543267846,67174/26,126,Paul Lawless,PAUL LAWLESS,oral,en,To ask the Minister for Transport the number of collisions involving trains in Ireland in each of the past ten years.,the minister for transport the number of collisions involving trains in ireland in each of the past ten years 67174 26,Transport,1458,1460
127. Deputy Danny Healy-rae asked the Minister for Transport for updates on the fuel subsidy support schemes. [66662/26],,Transport,2026-09-24,0.2137705981731414,Departmental Schemes,Departmental Schemes,0.2137705981731414,Fuel Prices,0.1863349378108978,Energy Prices,0.0599115826189518,Electric Vehicles,0.0501878969371318,Transport Policy,0.0376655757427215,Haulage Industry,0.0324275121092796,Energy Policy,0.0317539572715759,Departmental Funding,0.025196248665452,Grant Payments,0.0245670843869447,Departmental Data,0.0223785061389207,66662/26,127,Danny Healy-rae,DANNY HEALY-RAE,oral,en,To ask the Minister for Transport for updates on the fuel subsidy support schemes.,the minister for transport for updates on the fuel subsidy support schemes 66662 26,Transport,1462,1464
128. Deputy Thomas Gould asked the Minister for Transport whether he is aware that two routes in Cork under BusConnects had to be rerouted because a bus cannot traverse Church Hill despite numerous public consultations and millions spent to date. [66853/26],,Transport,2026-09-24,0.9820322394371032,Bus Services,Bus Services,0.9820322394371032,Public Transport,0.0082156546413898,Bus Éireann,0.0035603959113359,Dublin Bus,0.0028490650001913,National Transport Authority,0.0005289785331115,Transport Policy,0.0003393907682038,Transport Costs,0.0001945503317983,Departmental Data,0.0001814432616811,Rail Network,0.0001772142713889,Transport Infrastructure Ireland,0.0001160481697297,66853/26,128,Thomas Gould,THOMAS GOULD,oral,en,To ask the Minister for Transport whether he is aware that two routes in Cork under BusConnects had to be rerouted because a bus cannot traverse Church Hill despite numerous public consultations and millions spent to date.,the minister for transport whether he is aware that two routes in cork under busconnects had to be rerouted because a bus cannot traverse church hill despite numerous public consultations and millions spent to date 66853 26,Transport,1466,1468
129. Deputy Naoise Ó Muirí asked the Minister for Transport if he is aware of ongoing capacity issues on the 15 bus route; and the measures that are being taken to ensure that local residents can reliably access the service. [67534/26],,Transport,2026-09-24,0.979530930519104,Bus Services,Bus Services,0.979530930519104,Public Transport,0.011938895098865,Bus Éireann,0.0022597422357648,Dublin Bus,0.0011776874307543,National Transport Authority,0.0006765695870853,Transport Policy,0.0004549044533632,Departmental Data,0.0003612080472521,Transport Costs,0.0002126562612829,Rail Network,0.0001747921924106,Transport Infrastructure Ireland,0.000167968290043,67534/26,129,Naoise Ó Muirí,NAOISE Ó MUIRÍ,oral,en,To ask the Minister for Transport if he is aware of ongoing capacity issues on the 15 bus route; and the measures that are being taken to ensure that local residents can reliably access the service.,the minister for transport if he is aware of ongoing capacity issues on the 15 bus route and the measures that are being taken to ensure that local residents can reliably access the service 67534 26,Transport,1470,1472
130. Deputy Emer Currie asked the Minister for Transport for an update on Dart+West; and whether Irish Rail plans on engaging with the local community on the closure of level crossings. [67496/26],,Transport,2026-09-24,0.9524357318878174,Rail Network,Rail Network,0.9524357318878174,Public Transport,0.0367490500211715,Transport Policy,0.0014010923914611,Transport Costs,0.0010358967119827,Bus Services,0.0009660380892455,Transport Infrastructure Ireland,0.000815243110992,National Transport Authority,0.0008040679967962,Park-and-Ride Facilities,0.0006237198831513,Traffic Management,0.0002310635318281,Other,0.0001488546986365,67496/26,130,Emer Currie,EMER CURRIE,oral,en,To ask the Minister for Transport for an update on Dart+West; and whether Irish Rail plans on engaging with the local community on the closure of level crossings.,the minister for transport for an update on dart west and whether irish rail plans on engaging with the local community on the closure of level crossings 67496 26,Transport,1474,1476
131. Deputy Thomas Gould asked the Minister for Transport whether he has conducted any affordability tests on fare increases in Cork. [66855/26],,Transport,2026-09-24,0.3675850927829742,Public Transport,Public Transport,0.3675850927829742,Driver Test,0.221065267920494,Transport Costs,0.1575435847043991,Taxi Regulations,0.0361135154962539,Transport Policy,0.0320923589169979,Bus Services,0.022336333990097,Driver Licences,0.0215413328260183,Taxi Licences,0.0194724649190902,National Transport Authority,0.0177547801285982,Transport Infrastructure Ireland,0.0093709928914904,66855/26,131,Thomas Gould,THOMAS GOULD,oral,en,To ask the Minister for Transport whether he has conducted any affordability tests on fare increases in Cork.,the minister for transport whether he has conducted any affordability tests on fare increases in cork 66855 26,Transport,1478,1480
132. Deputy Erin Mcgreehan asked the Minister for Transport to provide an update on the actions undertaken to improve transport in rural areas. [67411/26],,Transport,2026-09-24,0.5289987921714783,Public Transport,Public Transport,0.5289987921714783,Transport Policy,0.3410506248474121,Transport Infrastructure Ireland,0.0204099230468273,Road Network,0.0202100053429603,Transport Costs,0.018019113689661,National Transport Authority,0.014454124495387,Road Projects,0.0101474411785602,Bus Services,0.009877954609692,Road Safety,0.0035922119859606,Active Travel,0.00263317883946,67411/26,132,Erin Mcgreehan,ERIN MCGREEHAN,oral,en,To ask the Minister for Transport to provide an update on the actions undertaken to improve transport in rural areas.,the minister for transport to provide an update on the actions undertaken to improve transport in rural areas 67411 26,Transport,1482,1484
133. Deputy Eoghan Kenny asked the Minister for Transport for an update as of September 2026 on the proposed increased fares on public transport; and if he will make a statement on the matter. [67661/26],,Transport,2026-09-24,0.8628385066986084,Public Transport,Public Transport,0.8628385066986084,Transport Costs,0.0942993536591529,Bus Services,0.0111464355140924,Transport Policy,0.0084590027108788,National Transport Authority,0.0036913389340043,Taxi Regulations,0.0018698134226724,Bus Éireann,0.0014382493682205,Rail Network,0.0012826159363612,School Transport,0.0012784547870978,Transport Infrastructure Ireland,0.0010338308056816,67661/26,133,Eoghan Kenny,EOGHAN KENNY,oral,en,To ask the Minister for Transport for an update as of September 2026 on the proposed increased fares on public transport; and if he will make a statement on the matter.,the minister for transport for an update as of september 2026 on the proposed increased fares on public transport and 67661 26,Transport,1486,1488
134. Deputy Pa Daly asked the Minister for Transport the position regarding the new projected costs for Metrolink; if he will commit to delivering Metrolink within this new projected cost; if he will commit to equivalent ambition and resourcing for public transport projects outside of Dublin over the same period; and if he will make a statement on the matter. [67303/26],,Transport,2026-09-24,0.5463873744010925,Public Transport,Public Transport,0.5463873744010925,Rail Network,0.4077178835868835,Bus Services,0.010916861705482,Transport Costs,0.0106168584898114,Transport Policy,0.0079513676464557,National Transport Authority,0.0033673860598355,Transport Infrastructure Ireland,0.0019718720577657,Bus Éireann,0.0014208253705874,Park-and-Ride Facilities,0.0007344431360252,Departmental Funding,0.0004427601525094,67303/26,134,Pa Daly,PA DALY,oral,en,To ask the Minister for Transport the position regarding the new projected costs for Metrolink; if he will commit to delivering Metrolink within this new projected cost; if he will commit to equivalent ambition and resourcing for public transport projects outside of Dublin over the same period; and if he will make a statement on the matter.,the minister for transport the position regarding the new projected costs for metrolink if he will commit to delivering metrolink within this new projected cost if he will commit to equivalent ambition and resourcing for public transport projects outside of dublin over the same period and 67303 26,Transport,1490,1492
135. Deputy John Clendennen asked the Minister for Transport for an update on the progress being made by the National Transport Authority towards a public consultation during the second half of 2027 for a potential new Tullamore Town bus service. [67620/26],,Transport,2026-09-24,0.7877430319786072,Bus Services,Bus Services,0.7877430319786072,Public Transport,0.0996285378932952,National Transport Authority,0.0454033873975276,Dublin Bus,0.016210488975048,Transport Policy,0.011298413388431,Bus Éireann,0.0100615983828902,Transport Infrastructure Ireland,0.0026131358463317,Rail Network,0.0017535266233608,Transport Costs,0.0016417629085481,Taxi Regulations,0.0014171971706673,67620/26,135,John Clendennen,JOHN CLENDENNEN,oral,en,To ask the Minister for Transport for an update on the progress being made by the National Transport Authority towards a public consultation during the second half of 2027 for a potential new Tullamore Town bus service.,the minister for transport for an update on the progress being made by the national transport authority towards a public consultation during the second half of 2027 for a potential new tullamore town bus service 67620 26,Transport,1494,1496
136. Deputy Séamus Mcgrath asked the Minister for Transport for an update on the establishment of a Strategic Integrated Transportation Office in Cork City. [67327/26],,Transport,2026-09-24,0.4382601678371429,Public Transport,Public Transport,0.4382601678371429,Transport Policy,0.3842080533504486,National Transport Authority,0.0686413720250129,Transport Infrastructure Ireland,0.0249024331569671,Rail Network,0.0141145344823598,Transport Costs,0.0080344770103693,Bus Services,0.0067948820069432,Road Network,0.006553039420396,Park-and-Ride Facilities,0.0046195606701076,Active Travel,0.0038930664304643,67327/26,136,Séamus Mcgrath,SÉAMUS MCGRATH,oral,en,To ask the Minister for Transport for an update on the establishment of a Strategic Integrated Transportation Office in Cork City.,the minister for transport for an update on the establishment of a strategic integrated transportation office in cork city 67327 26,Transport,1498,1500
"137. Deputy Michael Murphy asked the Minister for Transport if he will examine the introduction of a multidisciplinary investigation model for fatal and serious road collisions, similar to the system operating in Finland, bringing together expertise in policing, road engineering, vehicle safety, medicine and behavioural science to identify contributory factors and make recommendations aimed at preventing future collisions. [63674/26]",,Transport,2026-09-24,0.4625976979732513,Road Traffic Accidents,Road Traffic Accidents,0.4625976979732513,Road Safety,0.4293195009231567,Traffic Management,0.0202421974390745,Road Traffic Offences,0.0132112884894013,Road Network,0.0106450393795967,Road Safety Authority,0.0094678634777665,Road Projects,0.0039005896542221,Transport Infrastructure Ireland,0.0032084335107356,Transport Policy,0.0026018056087195,Departmental Reviews,0.0023656263947486,63674/26,137,Michael Murphy,MICHAEL MURPHY,oral,en,"To ask the Minister for Transport if he will examine the introduction of a multidisciplinary investigation model for fatal and serious road collisions, similar to the system operating in Finland, bringing together expertise in policing, road engineering, vehicle safety, medicine and behavioural science to identify contributory factors and make recommendations aimed at preventing future collisions.",the minister for transport if he will examine the introduction of a multidisciplinary investigation model for fatal and serious road collisions similar to the system operating in finland bringing together expertise in policing road engineering vehicle safety medicine and behavioural science to identify contributory factors and make recommendations aimed at preventing future collisions 63674 26,Transport,1502,1504
138. Deputy Pearse Doherty asked the Minister for Transport if he will visit Letterkenny to meet with Donegal County Council and local representatives to see at first hand the severe traffic congestion currently affecting the town; and to discuss the immediate and long-term measures required to address Letterkenny’s transport infrastructure needs. [67469/26],,Transport,2026-09-24,0.6578355431556702,Traffic Management,Traffic Management,0.6578355431556702,Road Projects,0.106486015021801,Road Network,0.0723319202661514,Transport Policy,0.0320914760231971,Road Safety,0.0283303894102573,Transport Infrastructure Ireland,0.0263307094573974,Public Transport,0.013486067764461,Road Traffic Accidents,0.0114908786490559,Rail Network,0.0065442188642919,Road Tolls,0.00649991678074,67469/26,138,Pearse Doherty,PEARSE DOHERTY,oral,en,To ask the Minister for Transport if he will visit Letterkenny to meet with Donegal County Council and local representatives to see at first hand the severe traffic congestion currently affecting the town; and to discuss the immediate and long-term measures required to address Letterkenny’s transport infrastructure needs.,the minister for transport if he will visit letterkenny to meet with donegal county council and local representatives to see at first hand the severe traffic congestion currently affecting the town and to discuss the immediate and long-term measures required to address letterkenny s transport infrastructure needs 67469 26,Transport,1506,1508
139. Deputy Maeve O'Connell asked the Minister for Transport if his Department are considering creating a congestion management plan for Dublin to counteract the negative impacts of traffic congestion. [66604/26],,Transport,2026-09-24,0.7354563474655151,Traffic Management,Traffic Management,0.7354563474655151,Road Projects,0.0620276518166065,Road Network,0.0345132946968078,Road Tolls,0.0285896901041269,Transport Policy,0.0170609522610902,Road Safety,0.0168705023825168,Transport Infrastructure Ireland,0.0138022098690271,Public Transport,0.01114022731781,Road Traffic Accidents,0.0087934285402297,Road Traffic Offences,0.0081348260864615,66604/26,139,Maeve O'Connell,MAEVE O'CONNELL,oral,en,To ask the Minister for Transport if his Department are considering creating a congestion management plan for Dublin to counteract the negative impacts of traffic congestion.,the minister for transport if his department are considering creating a congestion management plan for dublin to counteract the negative impacts of traffic congestion 66604 26,Transport,1510,1512
140. Deputy Pa Daly asked the Minister for Transport to report on accessibility on public transport; if he is aware of concerns that many bus stops and train platforms remain inaccessible; and if he will make a statement on the matter. [67308/26],,Transport,2026-09-24,0.933959424495697,Public Transport,Public Transport,0.933959424495697,Bus Services,0.0221071019768714,Transport Costs,0.0152710536494851,Transport Policy,0.0099021000787615,Rail Network,0.0051841447129845,National Transport Authority,0.0048543317243456,Bus Éireann,0.0017960334662348,Transport Infrastructure Ireland,0.0011711703846231,School Transport,0.0005040290998294,Taxi Regulations,0.0003441403096076,67308/26,140,Pa Daly,PA DALY,oral,en,To ask the Minister for Transport to report on accessibility on public transport; if he is aware of concerns that many bus stops and train platforms remain inaccessible; and if he will make a statement on the matter.,the minister for transport to report on accessibility on public transport if he is aware of concerns that many bus stops and train platforms remain inaccessible and 67308 26,Transport,1514,1516
"141. Deputy Pa Daly asked the Minister for Transport further to PQ64566/26 of 16 September 2026, to provide the report (details supplied); the proportion that are new services; the proportion that are enhancements; the number he expects will actually be delivered given a similar list contained in the submission for budget 2026; if the Government will commit to providing the resources to deliver these 140 new services and enhancements; if there are specific projects that will be prioritised; and if he will make a statement on the matter. [67302/26]",,Transport,2026-09-24,0.2234508544206619,Bus Services,Bus Services,0.2234508544206619,Departmental Data,0.1161677092313766,Public Transport,0.0871646329760551,Departmental Reports,0.0481832697987556,Departmental Funding,0.0344963483512401,Departmental Reviews,0.0304867178201675,Budget 2026,0.0296763740479946,Departmental Correspondence,0.024107975885272,Departmental Expenditure,0.0228724963963031,Departmental Budgets,0.0212640669196844,67302/26,141,Pa Daly,PA DALY,oral,en,"To ask the Minister for Transport further to PQ64566/26 of 16 September 2026, to provide the report (details supplied); the proportion that are new services; the proportion that are enhancements; the number he expects will actually be delivered given a similar list contained in the submission for budget 2026; if the Government will commit to providing the resources to deliver these 140 new services and enhancements; if there are specific projects that will be prioritised; and if he will make a statement on the matter.",the minister for transport further to pq64566 26 of 16 september 2026 to provide the report details supplied the proportion that are new services the proportion that are enhancements the number he expects will actually be delivered given a similar list contained in the submission for budget 2026 if the government will commit to providing the resources to deliver these 140 new services and enhancements if there are specific projects that will be prioritised and 67302 26,Transport,1518,1520
142. Deputy Maeve O'Connell asked the Minister for Transport for an update on the work of his Department in managing and reducing traffic congestion across Dublin. [66599/26],,Transport,2026-09-24,0.7808019518852234,Traffic Management,Traffic Management,0.7808019518852234,Road Projects,0.0502175949513912,Road Network,0.0341510400176048,Road Tolls,0.0237381011247634,Road Safety,0.0202098842710256,Road Traffic Accidents,0.0193645674735307,Transport Infrastructure Ireland,0.0118061220273375,Transport Policy,0.008291152305901,Road Traffic Offences,0.0066868220455944,Public Transport,0.0061525744386017,66599/26,142,Maeve O'Connell,MAEVE O'CONNELL,oral,en,To ask the Minister for Transport for an update on the work of his Department in managing and reducing traffic congestion across Dublin.,the minister for transport for an update on the work of his department in managing and reducing traffic congestion across dublin 66599 26,Transport,1522,1524
143. Deputy Paula Butterly asked the Minister for Transport if his Department will undertake a feasibility study on the development of a North Drogheda railway station and a new railway station in Mid-Louth; and if he will make a statement on the matter. [66673/26],,Transport,2026-09-24,0.9801791310310364,Rail Network,Rail Network,0.9801791310310364,Public Transport,0.0063420729711651,Road Projects,0.0031924741342663,Transport Policy,0.0011806333204731,Transport Infrastructure Ireland,0.0010698329424485,Departmental Projects,0.0010355524718761,Park-and-Ride Facilities,0.00058504025219,Road Network,0.0004859117616433,Coast Guard Service,0.0003290165623184,Traffic Management,0.0003070135426241,66673/26,143,Paula Butterly,PAULA BUTTERLY,oral,en,To ask the Minister for Transport if his Department will undertake a feasibility study on the development of a North Drogheda railway station and a new railway station in Mid-Louth; and if he will make a statement on the matter.,the minister for transport if his department will undertake a feasibility study on the development of a north drogheda railway station and a new railway station in mid-louth and 66673 26,Transport,1526,1528
144. Deputy Barry Heneghan asked the Minister for Transport for an update on the current status of the Project Four North DART+ programme; the timeline for publication of the emerging preferred option and commencement of public consultation; the anticipated timeline for progressing the project through planning and delivery. [67399/26],,Transport,2026-09-24,0.8307087421417236,Rail Network,Rail Network,0.8307087421417236,Public Transport,0.1445758640766143,Transport Policy,0.0061597358435392,Bus Services,0.0033456049859523,Transport Costs,0.0027565518394112,National Transport Authority,0.0018915138207376,Transport Infrastructure Ireland,0.0013141651870682,Park-and-Ride Facilities,0.0007346091442741,Road Projects,0.0004127876018173,Bus Éireann,0.0003283148689661,67399/26,144,Barry Heneghan,BARRY HENEGHAN,oral,en,To ask the Minister for Transport for an update on the current status of the Project Four North DART+ programme; the timeline for publication of the emerging preferred option and commencement of public consultation; the anticipated timeline for progressing the project through planning and delivery.,the minister for transport for an update on the current status of the project four north dart programme the timeline for publication of the emerging preferred option and commencement of public consultation the anticipated timeline for progressing the project through planning and delivery 67399 26,Transport,1530,1532
"145. Deputy Darren O'Rourke asked the Minister for Transport the number of lost kilometres on the Ratoath-Dublin 103 bus service for each of the years 2024, 2025 and to date in 2026; the efforts he is making to improve the 103 bus service and to hold Bus Éireann to account for poor performance. [66586/26]",,Transport,2026-09-24,0.8373956680297852,Bus Services,Bus Services,0.8373956680297852,Bus Éireann,0.0838968008756637,Dublin Bus,0.0563999898731708,Public Transport,0.0126569280400872,National Transport Authority,0.0012019517598673,Departmental Data,0.001127575407736,Transport Costs,0.0007595757488161,Transport Policy,0.0006467088242061,Rail Network,0.0002953916264232,Antisocial Behaviour,0.0002833226462826,66586/26,145,Darren O'Rourke,DARREN O'ROURKE,oral,en,"To ask the Minister for Transport the number of lost kilometres on the Ratoath-Dublin 103 bus service for each of the years 2024, 2025 and to date in 2026; the efforts he is making to improve the 103 bus service and to hold Bus Éireann to account for poor performance.",the minister for transport the number of lost kilometres on the ratoath-dublin 103 bus service for each of the years 2024 2025 and to date in 2026 the efforts he is making to improve the 103 bus service and to hold bus éireann to account for poor performance 66586 26,Transport,1534,1536
146. Deputy Ryan O'Meara asked the Minister for Transport for an update on the proposed Transport Hub in Nenagh. [67647/26],,Transport,2026-09-24,0.4000093042850494,Transport Policy,Transport Policy,0.4000093042850494,Public Transport,0.2448043525218963,Rail Network,0.0883715897798538,Road Projects,0.0782897472381591,Transport Infrastructure Ireland,0.0503516420722007,Road Network,0.031778909265995,Bus Services,0.0133052375167608,National Transport Authority,0.0094563197344541,Traffic Management,0.0081281224265694,Departmental Projects,0.0079773999750614,67647/26,146,Ryan O'Meara,RYAN O'MEARA,oral,en,To ask the Minister for Transport for an update on the proposed Transport Hub in Nenagh.,the minister for transport for an update on the proposed transport hub in nenagh 67647 26,Transport,1538,1540
147. Deputy Pádraig Mac Lochlainn asked the Minister for Transport if he will travel to Donegal and meet with locally elected councillors to learn at firsthand about the serious traffic management crisis in Letterkenny impacting the people of and visitors to Donegal; and the proposed local roads infrastructure projects that can address this crisis. [67363/26],,Transport,2026-09-24,0.6049470901489258,Traffic Management,Traffic Management,0.6049470901489258,Road Projects,0.1266095340251922,Road Network,0.1130257546901702,Road Safety,0.0501775704324245,Transport Infrastructure Ireland,0.0230711922049522,Road Traffic Accidents,0.0193013213574886,Transport Policy,0.0147562567144632,Public Transport,0.0044179065153002,Road Traffic Offences,0.0034229534212499,Road Tolls,0.0033277405891567,67363/26,147,Pádraig Mac Lochlainn,PÁDRAIG MAC LOCHLAINN,oral,en,To ask the Minister for Transport if he will travel to Donegal and meet with locally elected councillors to learn at firsthand about the serious traffic management crisis in Letterkenny impacting the people of and visitors to Donegal; and the proposed local roads infrastructure projects that can address this crisis.,the minister for transport if he will travel to donegal and meet with locally elected councillors to learn at firsthand about the serious traffic management crisis in letterkenny impacting the people of and visitors to donegal and the proposed local roads infrastructure projects that can address this crisis 67363 26,Transport,1542,1544
148. Deputy Richard Boyd Barrett asked the Minister for Transport his plans to increase the use of public transport; and his views on whether the increased fares will have the opposite effect. [67406/26],,Transport,2026-09-24,0.9187994003295898,Public Transport,Public Transport,0.9187994003295898,Transport Costs,0.0449973493814468,Transport Policy,0.010284949094057,Bus Services,0.0087977573275566,National Transport Authority,0.0035245723556727,Rail Network,0.0020912752952426,Bus Éireann,0.0011304902145639,Transport Infrastructure Ireland,0.0009776012739166,Taxi Regulations,0.0009067367645911,School Transport,0.0007658877293579,67406/26,148,Richard Boyd Barrett,RICHARD BOYD BARRETT,oral,en,To ask the Minister for Transport his plans to increase the use of public transport; and his views on whether the increased fares will have the opposite effect.,the minister for transport his plans to increase the use of public transport and his views on whether the increased fares will have the opposite effect 67406 26,Transport,1546,1548
149. Deputy Ruairí Ó Murchú asked the Minister for Transport his plans to advance the introduction of simulators to training modules for learner drivers to improve road safety; and the work the RSA has done to develop the incorporation of simulators into driver training. [67426/26],,Transport,2026-09-24,0.6141277551651001,Road Safety,Road Safety,0.6141277551651001,Road Safety Authority,0.1679297536611557,Driver Test,0.1361545324325561,Road Traffic Accidents,0.0119312452152371,Road Traffic Offences,0.0113354222849011,Road Network,0.0103666568174958,Driver Licences,0.0098014390096068,National Car Test,0.0035869234707206,Transport Policy,0.0031971484422683,Traffic Management,0.0030403151176869,67426/26,149,Ruairí Ó Murchú,RUAIRÍ Ó MURCHÚ,oral,en,To ask the Minister for Transport his plans to advance the introduction of simulators to training modules for learner drivers to improve road safety; and the work the RSA has done to develop the incorporation of simulators into driver training.,the minister for transport his plans to advance the introduction of simulators to training modules for learner drivers to improve road safety and the work the rsa has done to develop the incorporation of simulators into driver training 67426 26,Transport,1550,1552
150. Deputy Brendan Smith asked the Minister for Transport when a project will proceed to the next stage (details supplied). [67617/26],,Transport,2026-09-24,0.5432629585266113,Road Projects,Road Projects,0.5432629585266113,Departmental Projects,0.0654444545507431,Greenways Provision,0.0526451133191585,Rail Network,0.050325158983469,Public Transport,0.0352481417357921,Road Network,0.0281951054930686,Transport Infrastructure Ireland,0.0277121495455503,Bus Services,0.021258795633912,Transport Policy,0.0166731160134077,Coast Guard Service,0.0152327641844749,67617/26,150,Brendan Smith,BRENDAN SMITH,oral,en,To ask the Minister for Transport when a project will proceed to the next stage (details supplied).,the minister for transport when a project will proceed to the next stage details supplied 67617 26,Transport,1554,1556
151. Deputy Richard Boyd Barrett asked the Minister for Transport If he is considering intervening to halt proposed increases in public transport fares. [67405/26],,Transport,2026-09-24,0.8944767713546753,Public Transport,Public Transport,0.8944767713546753,Transport Costs,0.0651300773024559,Bus Services,0.011551315896213,Transport Policy,0.008762408979237,National Transport Authority,0.0040861740708351,Rail Network,0.0018866087775677,Bus Éireann,0.0013497252948582,Taxi Regulations,0.0013439811300486,School Transport,0.001271104090847,Transport Infrastructure Ireland,0.0010790076339617,67405/26,151,Richard Boyd Barrett,RICHARD BOYD BARRETT,oral,en,To ask the Minister for Transport If he is considering intervening to halt proposed increases in public transport fares.,the minister for transport if he is considering intervening to halt proposed increases in public transport fares 67405 26,Transport,1558,1560
"152. Deputy Matt Carthy asked the Minister for Transport if he has had any engagements with the NTA regarding the process in place for expanding existing local link routes, adding stops to routes and developing new routes; and if he will make a statement on the matter. [66800/26]",,Transport,2026-09-24,0.8674562573432922,Bus Services,Bus Services,0.8674562573432922,Public Transport,0.0971003845334053,National Transport Authority,0.0079809743911027,Transport Policy,0.0051251277327537,Bus Éireann,0.0038511957973241,Transport Infrastructure Ireland,0.0027365444693714,Dublin Bus,0.0025917743332684,Rail Network,0.0016832917463034,Road Network,0.0012535194400697,Transport Costs,0.001077608205378,66800/26,152,Matt Carthy,MATT CARTHY,oral,en,"To ask the Minister for Transport if he has had any engagements with the NTA regarding the process in place for expanding existing local link routes, adding stops to routes and developing new routes; and if he will make a statement on the matter.",the minister for transport if he has had any engagements with the nta regarding the process in place for expanding existing local link routes adding stops to routes and developing new routes and 66800 26,Transport,1562,1564
153. Deputy Louis O'Hara asked the Minister for Transport to provide an update on the Western Rail Corridor project. [67225/26],,Transport,2026-09-24,0.9773245453834534,Rail Network,Rail Network,0.9773245453834534,Public Transport,0.0112903835251927,Transport Policy,0.0017434784676879,Road Projects,0.0015116865979507,Transport Infrastructure Ireland,0.0009547777008265,Departmental Projects,0.0006904437905177,Bus Services,0.0003361272683832,Departmental Funding,0.0003259939257986,Road Network,0.0002657737932167,Capital Expenditure Programme,0.0002602852764539,67225/26,153,Louis O'Hara,LOUIS O'HARA,oral,en,To ask the Minister for Transport to provide an update on the Western Rail Corridor project.,the minister for transport to provide an update on the western rail corridor project 67225 26,Transport,1566,1568
154. Deputy Peter 'Chap' Cleere asked the Minister for Transport for an update of the Northern Ring Road for Kilkenny. [67470/26],,Transport,2026-09-24,0.9457210302352904,Road Projects,Road Projects,0.9457210302352904,Road Network,0.0448712855577468,Transport Infrastructure Ireland,0.0010760120349004,Road Safety,0.0009910139488056,Traffic Management,0.0009785295696929,Greenways Provision,0.0006557327578775,Departmental Projects,0.0006360276020132,Rail Network,0.000608590140473,Transport Policy,0.0004706930194515,Departmental Funding,0.0003026093472726,67470/26,154,Peter 'Chap' Cleere,PETER 'CHAP' CLEERE,oral,en,To ask the Minister for Transport for an update of the Northern Ring Road for Kilkenny.,the minister for transport for an update of the northern ring road for kilkenny 67470 26,Transport,1570,1572
155. Deputy Claire Kerrane asked the Minister for Transport if he will ensure an earlier train service for students and patients travelling to Sligo from Boyle in County Roscommon. [66979/26],,Transport,2026-09-24,0.7056743502616882,Rail Network,Rail Network,0.7056743502616882,Public Transport,0.2686264216899872,Bus Services,0.0063403518870472,Transport Costs,0.0052865017205476,Transport Policy,0.0036120566073805,National Transport Authority,0.0014766324311494,Transport Infrastructure Ireland,0.0009889062494039,School Transport,0.0005304634105414,Park-and-Ride Facilities,0.0004853306454606,Bus Éireann,0.0004354618431534,66979/26,155,Claire Kerrane,CLAIRE KERRANE,oral,en,To ask the Minister for Transport if he will ensure an earlier train service for students and patients travelling to Sligo from Boyle in County Roscommon.,the minister for transport if he will ensure an earlier train service for students and patients travelling to sligo from boyle in county roscommon 66979 26,Transport,1574,1576
156. Deputy Mark Ward asked the Minister for Transport for an update on Dart+ Southwest; when the project will be delivered; and if there will be an increase in capacity in the existing lines in advance of the project progressing. [67322/26],,Transport,2026-09-24,0.9263225197792052,Rail Network,Rail Network,0.9263225197792052,Public Transport,0.0568196214735507,Bus Services,0.003931070677936,Transport Policy,0.0019668617751449,Transport Costs,0.0011766338720917,Transport Infrastructure Ireland,0.0010948247509077,National Transport Authority,0.0009988790843635,Park-and-Ride Facilities,0.0005649382947012,Road Projects,0.0005254063871689,Traffic Management,0.0003294996568001,67322/26,156,Mark Ward,MARK WARD,oral,en,To ask the Minister for Transport for an update on Dart+ Southwest; when the project will be delivered; and if there will be an increase in capacity in the existing lines in advance of the project progressing.,the minister for transport for an update on dart southwest when the project will be delivered and if there will be an increase in capacity in the existing lines in advance of the project progressing 67322 26,Transport,1578,1580
"157. Deputy Pádraig O'Sullivan asked the Minister for Transport for a progress update on the N/M20 Cork to Limerick, N72/N73 Mallow Relief Road, Cork City Northern Transport Project, N25 Carrigtwohill to Midleton, and M28 Cork to Ringaskiddy schemes; their phase under the Infrastructure Guidelines, the allocations and drawdowns in 2026, and planning submission dates to An Coimisiún Pleanála; the status of the N/M20 business case and its timeline for Government approval; and the 2026 funding allocated to Cork City and County Councils for the Cork Northern Distributor Multi-Modal Road. [67467/26]",,Transport,2026-09-24,0.9508659839630128,Road Projects,Road Projects,0.9508659839630128,Road Network,0.0410822182893753,Transport Infrastructure Ireland,0.0010544233955442,Road Safety,0.0007470193668268,Traffic Management,0.0006798141403123,Departmental Funding,0.0005100254202261,Transport Policy,0.0004452935536392,Departmental Projects,0.0004026588285341,Greenways Provision,0.0003717782674357,Departmental Schemes,0.0003673963074106,67467/26,157,Pádraig O'Sullivan,PÁDRAIG O'SULLIVAN,oral,en,"To ask the Minister for Transport for a progress update on the N/M20 Cork to Limerick, N72/N73 Mallow Relief Road, Cork City Northern Transport Project, N25 Carrigtwohill to Midleton, and M28 Cork to Ringaskiddy schemes; their phase under the Infrastructure Guidelines, the allocations and drawdowns in 2026, and planning submission dates to An Coimisiún Pleanála; the status of the N/M20 business case and its timeline for Government approval; and the 2026 funding allocated to Cork City and County Councils for the Cork Northern Distributor Multi-Modal Road.",the minister for transport for a progress update on the n m20 cork to limerick n72 n73 mallow relief road cork city northern transport project n25 carrigtwohill to midleton and m28 cork to ringaskiddy schemes their phase under the infrastructure guidelines the allocations and drawdowns in 2026 and planning submission dates to an coimisiún pleanála the status of the n m20 business case and its timeline for government approval and the 2026 funding allocated to cork city and county councils for the cork northern distributor multi-modal road 67467 26,Transport,1582,1584
158. Deputy Micheál Carrigy asked the Minister for Transport the timelines on the N4 project to extend the N4 beyond Mullingar to connect to the Rooskey bypass; and the progress to date. [66934/26],,Transport,2026-09-24,0.961056351661682,Road Projects,Road Projects,0.961056351661682,Road Network,0.0297194216400384,Greenways Provision,0.0010960989166051,Transport Infrastructure Ireland,0.0010732999071478,Road Safety,0.0009795969817787,Traffic Management,0.0008835913613438,Rail Network,0.0006940836901776,Transport Policy,0.0004323505854699,Public Transport,0.0003818053810391,Departmental Schemes,0.0002793507883325,66934/26,158,Micheál Carrigy,MICHEÁL CARRIGY,oral,en,To ask the Minister for Transport the timelines on the N4 project to extend the N4 beyond Mullingar to connect to the Rooskey bypass; and the progress to date.,the minister for transport the timelines on the n4 project to extend the n4 beyond mullingar to connect to the rooskey bypass and the progress to date 66934 26,Transport,1586,1588
159. Deputy Barry Ward asked the Minister for Transport the position regarding any initiative his Department is progressing to improve passenger safety on public transport. [66653/26],,Transport,2026-09-24,0.884736955165863,Public Transport,Public Transport,0.884736955165863,Transport Policy,0.0524290055036544,Transport Costs,0.0265888702124357,National Transport Authority,0.0089096631854772,Bus Services,0.0072647011838853,Transport Infrastructure Ireland,0.0025742426514625,Taxi Regulations,0.0019862747285515,Rail Network,0.0017000252846628,Taxi Licences,0.0015027014305815,School Transport,0.0012817861279472,66653/26,159,Barry Ward,BARRY WARD,oral,en,To ask the Minister for Transport the position regarding any initiative his Department is progressing to improve passenger safety on public transport.,the minister for transport the position regarding any initiative his department is progressing to improve passenger safety on public transport 66653 26,Transport,1590,1592
160. Deputy David Cullinane asked the Minister for Transport the roads and public transport funding he plans to make available to services in County Waterford. [67607/26],,Transport,2026-09-24,0.6376078724861145,Public Transport,Public Transport,0.6376078724861145,Bus Services,0.1089843660593032,Transport Policy,0.0651106834411621,Departmental Funding,0.0359203405678272,Road Projects,0.0248424038290977,Rail Network,0.018291313201189,Road Network,0.0181096363812685,Transport Infrastructure Ireland,0.0178993288427591,National Transport Authority,0.0146310832351446,Transport Costs,0.0141648482531309,67607/26,160,David Cullinane,DAVID CULLINANE,oral,en,To ask the Minister for Transport the roads and public transport funding he plans to make available to services in County Waterford.,the minister for transport the roads and public transport funding he plans to make available to services in county waterford 67607 26,Transport,1594,1596
161. Deputy Roderic O'Gorman asked the Minister for Transport to provide an update on the Luas Green Line extension to Tyrrelstown. [67562/26],,Transport,2026-09-24,0.7155249714851379,Public Transport,Public Transport,0.7155249714851379,Rail Network,0.2106321156024933,Transport Policy,0.0171987805515527,Bus Services,0.0152447745203971,Transport Costs,0.0102660665288567,Transport Infrastructure Ireland,0.0048237009905278,National Transport Authority,0.0047585139982402,Park-and-Ride Facilities,0.0023887446150183,Electric Vehicles,0.0018543823389336,Road Projects,0.0016508820699527,67562/26,161,Roderic O'Gorman,RODERIC O'GORMAN,oral,en,To ask the Minister for Transport to provide an update on the Luas Green Line extension to Tyrrelstown.,the minister for transport to provide an update on the luas green line extension to tyrrelstown 67562 26,Transport,1598,1600
"162. Deputy Paul Mcauliffe asked the Minister for Transport for the latest update and timeline of construction for the Finglas Village renewal scheme, given there are reported delays to the project which is being jointly overseen by Dublin City Council and the National Transport Authority. [67515/26]",,Transport,2026-09-24,0.5907588601112366,Road Projects,Road Projects,0.5907588601112366,Departmental Schemes,0.0727657377719879,Road Network,0.0509938709437847,Transport Policy,0.0480161868035793,Active Travel,0.0278322044759988,Public Transport,0.0208300780504941,Departmental Funding,0.0182361025363206,Rural Schemes,0.0176984649151563,Regeneration Projects,0.0175566580146551,Transport Infrastructure Ireland,0.0152391362935304,67515/26,162,Paul Mcauliffe,PAUL MCAULIFFE,oral,en,"To ask the Minister for Transport for the latest update and timeline of construction for the Finglas Village renewal scheme, given there are reported delays to the project which is being jointly overseen by Dublin City Council and the National Transport Authority.",the minister for transport for the latest update and timeline of construction for the finglas village renewal scheme given there are reported delays to the project which is being jointly overseen by dublin city council and the national transport authority 67515 26,Transport,1602,1604
163. Deputy John Clendennen asked the Minister for Transport whether consideration is given to school and education-related travel demand when planning and expanding Local Link services in rural areas. [67621/26],,Transport,2026-09-24,0.3981436789035797,School Transport,School Transport,0.3981436789035797,Public Transport,0.3918567597866058,Bus Services,0.139479860663414,Transport Policy,0.0281969606876373,Transport Costs,0.0121023720130324,Bus Éireann,0.0053963651880621,National Transport Authority,0.0045720282942056,Rail Network,0.0021300446242094,Transport Infrastructure Ireland,0.0013546246336773,Departmental Data,0.001333694322966,67621/26,163,John Clendennen,JOHN CLENDENNEN,oral,en,To ask the Minister for Transport whether consideration is given to school and education-related travel demand when planning and expanding Local Link services in rural areas.,the minister for transport whether consideration is given to school and education-related travel demand when planning and expanding local link services in rural areas 67621 26,Transport,1606,1608
164. Deputy Shane Moynihan asked the Minister for Transport to provide an update on plans to introduce registration requirements for e-scooters; to outline the work being undertaken in developing such a system; and the anticipated timeline for its introduction. [67414/26],,Transport,2026-09-24,0.9538536667823792,Electric Vehicles,Electric Vehicles,0.9538536667823792,Transport Policy,0.0112840086221694,Taxi Licences,0.0034972166176885,Driver Licences,0.0033991504460573,Road Safety,0.0032396260648965,Departmental Data,0.0019431370310485,Public Transport,0.001699675573036,Departmental Schemes,0.0016291019273921,Road Traffic Offences,0.0014877974754199,Vehicle Registration Tax,0.0012441830476745,67414/26,164,Shane Moynihan,SHANE MOYNIHAN,oral,en,To ask the Minister for Transport to provide an update on plans to introduce registration requirements for e-scooters; to outline the work being undertaken in developing such a system; and the anticipated timeline for its introduction.,the minister for transport to provide an update on plans to introduce registration requirements for e-scooters the work being undertaken in developing such a system and the anticipated timeline for its introduction 67414 26,Transport,1610,1612
"165. Deputy Paula Butterly asked the Minister for Transport if he will consider extending the proposed DART+ network northwards beyond Drogheda to include Dunleer, County Louth; if his Department has undertaken or plans to undertake any assessment of the feasibility; and if he will make a statement on the matter. [66675/26]",,Transport,2026-09-24,0.8802170753479004,Rail Network,Rail Network,0.8802170753479004,Public Transport,0.0988832712173461,Bus Services,0.0050208531320095,Transport Policy,0.0039081936702132,Transport Costs,0.0017371904104948,National Transport Authority,0.0015276505146175,Transport Infrastructure Ireland,0.0012052782112732,Road Projects,0.0004910650895908,Park-and-Ride Facilities,0.0004767583450302,Traffic Management,0.0003016559348907,66675/26,165,Paula Butterly,PAULA BUTTERLY,oral,en,"To ask the Minister for Transport if he will consider extending the proposed DART+ network northwards beyond Drogheda to include Dunleer, County Louth; if his Department has undertaken or plans to undertake any assessment of the feasibility; and if he will make a statement on the matter.",the minister for transport if he will consider extending the proposed dart network northwards beyond drogheda to include dunleer county louth if his department has undertaken or plans to undertake any assessment of the feasibility and 66675 26,Transport,1614,1616
166. Deputy Eoin Ó Broin asked the Minister for Transport when a decision will be made on the funding for Dart+ SW. [66601/26],,Transport,2026-09-24,0.9059933423995972,Rail Network,Rail Network,0.9059933423995972,Public Transport,0.066543661057949,Bus Services,0.006938106380403,Transport Policy,0.0040675872005522,Road Projects,0.0030830013565719,Transport Infrastructure Ireland,0.0021602874621748,National Transport Authority,0.0011415431508794,Transport Costs,0.0010997646022588,Departmental Funding,0.0007980747031979,Traffic Management,0.000710715772584,66601/26,166,Eoin Ó Broin,EOIN Ó BROIN,oral,en,To ask the Minister for Transport when a decision will be made on the funding for Dart+ SW.,the minister for transport when a decision will be made on the funding for dart sw 66601 26,Transport,1618,1620
"167. Deputy Pádraig O'Sullivan asked the Minister for Transport the status of the three BusConnects Cork sustainable transport corridor schemes approved by Government, including the date on which the planning application for each scheme was or is due to be submitted to An Coimisiún Pleanála; the date on which the redesigned Cork bus network will commence operation; the additional fleet and driver numbers required to deliver the planned increase in service levels and the number recruited to date; and the current estimated capital cost of the programme. [67466/26]",,Transport,2026-09-24,0.8791160583496094,Bus Services,Bus Services,0.8791160583496094,Public Transport,0.0460249744355678,Transport Policy,0.0178322773426771,Departmental Schemes,0.0111917564645409,Dublin Bus,0.004654292948544,Bus Éireann,0.0042052683420479,National Transport Authority,0.00418356154114,Road Projects,0.0033877962268888,Departmental Data,0.0019949912093579,Cycling Policy,0.00174736243207,67466/26,167,Pádraig O'Sullivan,PÁDRAIG O'SULLIVAN,oral,en,"To ask the Minister for Transport the status of the three BusConnects Cork sustainable transport corridor schemes approved by Government, including the date on which the planning application for each scheme was or is due to be submitted to An Coimisiún Pleanála; the date on which the redesigned Cork bus network will commence operation; the additional fleet and driver numbers required to deliver the planned increase in service levels and the number recruited to date; and the current estimated capital cost of the programme.",the minister for transport the status of the three busconnects cork sustainable transport corridor schemes approved by government including the date on which the planning application for each scheme was or is due to be submitted to an coimisiún pleanála the date on which the redesigned cork bus network will commence operation the additional fleet and driver numbers required to deliver the planned increase in service levels and the number recruited to date and the current estimated capital cost of the programme 67466 26,Transport,1622,1624
168. Deputy Duncan Smith asked the Minister for Transport to provide an update on the delivery of Metrolink. [67227/26],,Transport,2026-09-24,0.6027582287788391,Rail Network,Rail Network,0.6027582287788391,Public Transport,0.356230616569519,Bus Services,0.0191267151385545,Transport Costs,0.004548501688987,Transport Policy,0.0038940641097724,National Transport Authority,0.0028847218491137,Bus Éireann,0.0016079231863841,Transport Infrastructure Ireland,0.0013629456516355,Park-and-Ride Facilities,0.0006404440500773,Departmental Data,0.0003792281786445,67227/26,168,Duncan Smith,DUNCAN SMITH,oral,en,To ask the Minister for Transport to provide an update on the delivery of Metrolink.,the minister for transport to provide an update on the delivery of metrolink 67227 26,Transport,1626,1628
"169. Deputy Ruairí Ó Murchú asked the Minister for Transport the reason, almost two years (October 2024) after the introduction of the hourly Enterprise train service and one year (October 2025) after the reduction in car parking capacity at Clarke Station Dundalk has there been no progress in the provision of additional car parking spaces at Dundalk station; and the plans to increase car parking at the station. [67424/26]",,Transport,2026-09-24,0.8578989505767822,Rail Network,Rail Network,0.8578989505767822,Public Transport,0.0951701402664184,Park-and-Ride Facilities,0.00698819803074,Parking Provision,0.0066653052344918,Bus Services,0.0046721645630896,Transport Policy,0.0035786943044513,Transport Costs,0.002803839975968,Transport Infrastructure Ireland,0.0022698284592479,National Transport Authority,0.0018428496550768,Departmental Data,0.0010333429090678,67424/26,169,Ruairí Ó Murchú,RUAIRÍ Ó MURCHÚ,oral,en,"To ask the Minister for Transport the reason, almost two years (October 2024) after the introduction of the hourly Enterprise train service and one year (October 2025) after the reduction in car parking capacity at Clarke Station Dundalk has there been no progress in the provision of additional car parking spaces at Dundalk station; and the plans to increase car parking at the station.",the minister for transport the reason almost two years october 2024 after the introduction of the hourly enterprise train service and one year october 2025 after the reduction in car parking capacity at clarke station dundalk has there been no progress in the provision of additional car parking spaces at dundalk station and the plans to increase car parking at the station 67424 26,Transport,1630,1632
"170. Deputy Seán Kyne asked the Minister for Transport the need to provide funding to local authorities for traffic cams and pedestrian crossings in rural towns and villages, including those on national roads; and whether he acknowledges that high speeds become a problem for safety of pedestrians and vulnerable road users. [67539/26]",,Transport,2026-09-24,0.4181419909000397,Road Safety,Road Safety,0.4181419909000397,Traffic Management,0.3097903728485107,Road Network,0.0798028334975242,Road Traffic Accidents,0.0522249229252338,Road Projects,0.0390076301991939,Transport Infrastructure Ireland,0.0234211012721061,Transport Policy,0.0124295074492692,Road Traffic Offences,0.0102618476375937,Active Travel,0.0054737697355449,Road Safety Authority,0.0043290345929563,67539/26,170,Seán Kyne,SEÁN KYNE,oral,en,"To ask the Minister for Transport the need to provide funding to local authorities for traffic cams and pedestrian crossings in rural towns and villages, including those on national roads; and whether he acknowledges that high speeds become a problem for safety of pedestrians and vulnerable road users.",the minister for transport the need to provide funding to local authorities for traffic cams and pedestrian crossings in rural towns and villages including those on national roads and whether he acknowledges that high speeds become a problem for safety of pedestrians and vulnerable road users 67539 26,Transport,1634,1636
171. Deputy Keira Keogh asked the Minister for Transport the measures his Department is taking to introduce effective safety measures at rail level crossings in an effort to protect individuals from further tragic accidents; and if he will make a statement on the matter. [67554/26],,Transport,2026-09-24,0.7753946781158447,Rail Network,Rail Network,0.7753946781158447,Public Transport,0.0490377508103847,Road Safety,0.0210204422473907,Traffic Management,0.0149123379960656,Transport Policy,0.0128976218402385,National Car Test,0.0124284531921148,Park-and-Ride Facilities,0.0101831639185547,Transport Infrastructure Ireland,0.0098374178633093,Other,0.0068109547719359,Haulage Industry,0.0047476538456976,67554/26,171,Keira Keogh,KEIRA KEOGH,oral,en,To ask the Minister for Transport the measures his Department is taking to introduce effective safety measures at rail level crossings in an effort to protect individuals from further tragic accidents; and if he will make a statement on the matter.,the minister for transport the measures his department is taking to introduce effective safety measures at rail level crossings in an effort to protect individuals from further tragic accidents and 67554 26,Transport,1638,1640
"172. Deputy Grace Boland asked the Minister for Transport whether he will request the National Transport Authority to urgently review the 2027 fare increases applying to rail commuters in Skerries and Balbriggan, having regard to the scale and speed of the cumulative increases and the continuing capacity pressures experienced by passengers. [67093/26]",,Transport,2026-09-24,0.7514688372612,Public Transport,Public Transport,0.7514688372612,Rail Network,0.0830285623669624,Transport Costs,0.0583128817379474,National Transport Authority,0.0356530398130416,Transport Policy,0.0176151543855667,Bus Services,0.0128756733611226,Transport Infrastructure Ireland,0.0053445524536073,Park-and-Ride Facilities,0.003725616261363,Dublin Bus,0.0020167457405477,Taxi Regulations,0.0016847199294716,67093/26,172,Grace Boland,GRACE BOLAND,oral,en,"To ask the Minister for Transport whether he will request the National Transport Authority to urgently review the 2027 fare increases applying to rail commuters in Skerries and Balbriggan, having regard to the scale and speed of the cumulative increases and the continuing capacity pressures experienced by passengers.",the minister for transport whether he will request the national transport authority to urgently review the 2027 fare increases applying to rail commuters in skerries and balbriggan having regard to the scale and speed of the cumulative increases and the continuing capacity pressures experienced by passengers 67093 26,Transport,1642,1644
173. Deputy Mark Ward asked the Minister for Transport his views on the proposed increase in public transport fares; if this will be reconsidered in the budget; and when the fares will come into effect. [67321/26],,Transport,2026-09-24,0.8954480290412903,Public Transport,Public Transport,0.8954480290412903,Transport Costs,0.0667843595147132,Bus Services,0.0094652827829122,Transport Policy,0.0091210259124636,National Transport Authority,0.0034340748097747,Rail Network,0.0015591323608532,Taxi Regulations,0.0014921179972589,Bus Éireann,0.0011328452965244,Transport Infrastructure Ireland,0.0010318019194528,School Transport,0.0010003448696807,67321/26,173,Mark Ward,MARK WARD,oral,en,To ask the Minister for Transport his views on the proposed increase in public transport fares; if this will be reconsidered in the budget; and when the fares will come into effect.,the minister for transport his views on the proposed increase in public transport fares if this will be reconsidered in the budget and when the fares will come into effect 67321 26,Transport,1646,1648
"174. Deputy Shónagh Ní Raghallaigh asked the Minister for Transport if he will intervene to reverse planned fare hikes to public transport in the new year, that will have a negative impact on commuters. [66894/26]",,Transport,2026-09-24,0.8220764398574829,Public Transport,Public Transport,0.8220764398574829,Transport Costs,0.1307457387447357,Transport Policy,0.0091433161869645,Bus Services,0.0076339631341397,National Transport Authority,0.0045184399932622,Rail Network,0.0032623312436044,Taxi Regulations,0.0022119281347841,Bus Éireann,0.0014616230037063,Transport Infrastructure Ireland,0.001402013702318,School Transport,0.0012878638226538,66894/26,174,Shónagh Ní Raghallaigh,SHÓNAGH NÍ RAGHALLAIGH,oral,en,"To ask the Minister for Transport if he will intervene to reverse planned fare hikes to public transport in the new year, that will have a negative impact on commuters.",the minister for transport if he will intervene to reverse planned fare hikes to public transport in the new year that will have a negative impact on commuters 66894 26,Transport,1650,1652
175. Deputy Joe Neville asked the Minister for Transport if his Department can provide an update on the implementation of contactless payment on our public transport services. [67630/26],,Transport,2026-09-24,0.9173200130462646,Public Transport,Public Transport,0.9173200130462646,Transport Costs,0.0261337086558341,Bus Services,0.0195822343230247,Transport Policy,0.0123664001002907,National Transport Authority,0.0085217729210853,Transport Infrastructure Ireland,0.0018111582612618,Rail Network,0.0018106702482327,Taxi Regulations,0.0012510744854807,Taxi Licences,0.0009332111803814,Bus Éireann,0.0008878069347701,67630/26,175,Joe Neville,JOE NEVILLE,oral,en,To ask the Minister for Transport if his Department can provide an update on the implementation of contactless payment on our public transport services.,the minister for transport if his department can provide an update on the implementation of contactless payment on our public transport services 67630 26,Transport,1654,1656
176. Deputy Peter 'Chap' Cleere asked the Minister for Transport if it would be possible for bus route 891 to include Hugginstown along its route. [67471/26],,Transport,2026-09-24,0.9770359396934508,Bus Services,Bus Services,0.9770359396934508,Public Transport,0.0107772527262568,Bus Éireann,0.0037398342974483,Dublin Bus,0.0020962709095329,National Transport Authority,0.0008397980127483,Transport Policy,0.0005696878070011,Rail Network,0.0003389917546883,Departmental Data,0.0002786981640383,Transport Costs,0.0002705499355215,Transport Infrastructure Ireland,0.0002403756807325,67471/26,176,Peter 'Chap' Cleere,PETER 'CHAP' CLEERE,oral,en,To ask the Minister for Transport if it would be possible for bus route 891 to include Hugginstown along its route.,the minister for transport if it would be possible for bus route 891 to include hugginstown along its route 67471 26,Transport,1658,1660
177. Deputy Micheál Carrigy asked the Minister for Transport the progress of the bypass for Granard and Ballymahon. [66933/26],,Transport,2026-09-24,0.9607269763946532,Road Projects,Road Projects,0.9607269763946532,Road Network,0.0268072895705699,Road Safety,0.0016148121794685,Traffic Management,0.0011243176413699,Rail Network,0.0010110635776072,Transport Infrastructure Ireland,0.0008656418067403,Greenways Provision,0.0008230112725868,Public Transport,0.0007088358397595,Bus Services,0.0006938094156794,Transport Policy,0.0006572900456376,66933/26,177,Micheál Carrigy,MICHEÁL CARRIGY,oral,en,To ask the Minister for Transport the progress of the bypass for Granard and Ballymahon.,the minister for transport the progress of the bypass for granard and ballymahon 66933 26,Transport,1662,1664
178. Deputy Gillian Toole asked the Minister for Transport if he has authority over the National Transport Authority (NTA); and if the NTA is accountable to his Department. [67016/26],,Transport,2026-09-24,0.4570896029472351,National Transport Authority,National Transport Authority,0.4570896029472351,Public Transport,0.1590901762247085,Transport Policy,0.0690029263496398,State Bodies,0.068822294473648,Departmental Bodies,0.0267766192555427,Bus Services,0.0236204490065574,Transport Infrastructure Ireland,0.0228199698030948,Public Sector Staff,0.0120857479050755,Local Authorities,0.0068497299216687,Taxi Regulations,0.0060403044335544,67016/26,178,Gillian Toole,GILLIAN TOOLE,oral,en,To ask the Minister for Transport if he has authority over the National Transport Authority (NTA); and if the NTA is accountable to his Department.,the minister for transport if he has authority over the national transport authority nta and if the nta is accountable to his department 67016 26,Transport,1666,1668
179. Deputy Claire Kerrane asked the Minister for Transport the number of schools that will be included in round 5 funding under the Safe Routes to School Programme. [66977/26],,Transport,2026-09-24,0.4676507115364074,Road Safety,Road Safety,0.4676507115364074,School Transport,0.1095166504383087,Departmental Funding,0.0797969922423362,Departmental Programmes,0.0741152167320251,Departmental Schemes,0.0365313030779361,Transport Policy,0.0253079924732446,Active Travel,0.0244434587657451,Road Projects,0.0219857636839151,Road Network,0.0135661344975233,Rural Schemes,0.0131293134763836,66977/26,179,Claire Kerrane,CLAIRE KERRANE,oral,en,To ask the Minister for Transport the number of schools that will be included in round 5 funding under the Safe Routes to School Programme.,the minister for transport the number of schools that will be included in round 5 funding under the safe routes to school programme 66977 26,Transport,1670,1672
180. Deputy Matt Carthy asked the Minister for Transport the current status of the N2 Ardee to Castleblayney road scheme; and when it is envisaged that this project will be completed. [66617/26],,Transport,2026-09-24,0.9581751823425292,Road Projects,Road Projects,0.9581751823425292,Road Network,0.0333465598523616,Road Safety,0.0013255069497972,Greenways Provision,0.0009173452272079,Traffic Management,0.0008026532595977,Transport Infrastructure Ireland,0.0007110621663741,Departmental Schemes,0.0005178546416573,Rail Network,0.0003147048701066,Transport Policy,0.000284989218926,Departmental Funding,0.0002593915851321,66617/26,180,Matt Carthy,MATT CARTHY,oral,en,To ask the Minister for Transport the current status of the N2 Ardee to Castleblayney road scheme; and when it is envisaged that this project will be completed.,the minister for transport the current status of the n2 ardee to castleblayney road scheme and when it is envisaged that this project will be completed 66617 26,Transport,1674,1676
"181. Deputy Barry Heneghan asked the Minister for Transport if he could outline what actions are being taken to improve the reliability of the Dublin Bus Network in light of serious issues of 130 bus service including repeated cancellations and inconsistencies between scheduled and operated services; the number and percentage of scheduled 130 services that were cancelled or did not operate in each month of 2025 and to date in 2026, in tabular form; the reasons for these cancellations; and the measures that are being taken to improve reliability on the route. [67398/26]",,Transport,2026-09-24,0.5565478801727295,Bus Services,Bus Services,0.5565478801727295,Dublin Bus,0.3637892603874206,Bus Éireann,0.0212219152599573,Public Transport,0.0193892270326614,National Transport Authority,0.0049442527815699,Transport Policy,0.0029624309390783,Transport Costs,0.0021646444220095,Departmental Data,0.001602437463589,Rail Network,0.0014415081823244,Transport Infrastructure Ireland,0.0012760651297867,67398/26,181,Barry Heneghan,BARRY HENEGHAN,oral,en,"To ask the Minister for Transport if he could outline what actions are being taken to improve the reliability of the Dublin Bus Network in light of serious issues of 130 bus service including repeated cancellations and inconsistencies between scheduled and operated services; the number and percentage of scheduled 130 services that were cancelled or did not operate in each month of 2025 and to date in 2026, in tabular form; the reasons for these cancellations; and the measures that are being taken to improve reliability on the route.",the minister for transport if he could outline what actions are being taken to improve the reliability of the dublin bus network in light of serious issues of 130 bus service including repeated cancellations and inconsistencies between scheduled and operated services the number and percentage of scheduled 130 services that were cancelled or did not operate in each month of 2025 and to date in 2026 in tabular form the reasons for these cancellations and the measures that are being taken to improve reliability on the route 67398 26,Transport,1678,1680
182. Deputy Edward Timmins asked the Minister for Transport to provide an update on the hourly train to Wicklow; and steps being taken to ensure the promised 2029 deadline is achieved. [67657/26],,Transport,2026-09-24,0.9213157892227172,Rail Network,Rail Network,0.9213157892227172,Public Transport,0.0636574625968933,Bus Services,0.0028091336134821,Transport Policy,0.0013418296584859,Transport Costs,0.0012940715532749,Road Projects,0.001039964496158,Transport Infrastructure Ireland,0.0008945172303356,Departmental Data,0.0005797394551336,National Transport Authority,0.0005094857187941,Road Network,0.0004317994462326,67657/26,182,Edward Timmins,EDWARD TIMMINS,oral,en,To ask the Minister for Transport to provide an update on the hourly train to Wicklow; and steps being taken to ensure the promised 2029 deadline is achieved.,the minister for transport to provide an update on the hourly train to wicklow and steps being taken to ensure the promised 2029 deadline is achieved 67657 26,Transport,1682,1684
183. Deputy Joe Neville asked the Minister for Transport if his Department can outline how they liaise with the NTA on introducing new bus routes and schedules in areas of growing population and if it is based on need for the service of funding made available by his Department. [67548/26],,Transport,2026-09-24,0.887437641620636,Bus Services,Bus Services,0.887437641620636,Public Transport,0.065603882074356,National Transport Authority,0.0149162234738469,Bus Éireann,0.0069726663641631,Dublin Bus,0.0036145537160336,Transport Policy,0.003496540011838,Transport Infrastructure Ireland,0.0017304408829659,Transport Costs,0.0011447363067418,Rail Network,0.0010597585933282,Public Service Obligation,0.0006105126230977,67548/26,183,Joe Neville,JOE NEVILLE,oral,en,To ask the Minister for Transport if his Department can outline how they liaise with the NTA on introducing new bus routes and schedules in areas of growing population and if it is based on need for the service of funding made available by his Department.,the minister for transport if his department can outline how they liaise with the nta on introducing new bus routes and schedules in areas of growing population and if it is based on need for the service of funding made available by his department 67548 26,Transport,1686,1688
184. Deputy Naoise Ó Muirí asked the Minister for Transport for an update on the rollout of new DART carriages; and the additional capacity each individual carriage provides. [67544/26],,Transport,2026-09-24,0.8792185187339783,Rail Network,Rail Network,0.8792185187339783,Public Transport,0.1031617894768714,Bus Services,0.0039881756529212,Transport Policy,0.0020695771090686,Transport Costs,0.0016622472321614,National Transport Authority,0.0014509006869047,Transport Infrastructure Ireland,0.0010224042925983,Park-and-Ride Facilities,0.0004556451749522,Departmental Data,0.0003431669611018,Traffic Management,0.0003108053933829,67544/26,184,Naoise Ó Muirí,NAOISE Ó MUIRÍ,oral,en,To ask the Minister for Transport for an update on the rollout of new DART carriages; and the additional capacity each individual carriage provides.,the minister for transport for an update on the rollout of new dart carriages and the additional capacity each individual carriage provides 67544 26,Transport,1690,1692
185. Deputy Pa Daly asked the Minister for Transport the position regarding greenways; to provide an update on the Listowel to Tralee delivery; to report on a projected timeline for delivery; and whether this will be delivered in the next 12 months. [67306/26],,Transport,2026-09-24,0.9462734460830688,Greenways Provision,Greenways Provision,0.9462734460830688,Road Projects,0.0150471124798059,Active Travel,0.0065718945115804,Road Network,0.0047052078880369,Road Safety,0.0027929819189012,Transport Infrastructure Ireland,0.0027257781475782,Cycling Facilities,0.0018500853329896,Transport Policy,0.0018370362231507,Departmental Schemes,0.0018051153747364,Electric Vehicles,0.0013800001470372,67306/26,185,Pa Daly,PA DALY,oral,en,To ask the Minister for Transport the position regarding greenways; to provide an update on the Listowel to Tralee delivery; to report on a projected timeline for delivery; and whether this will be delivered in the next 12 months.,the minister for transport the position regarding greenways to provide an update on the listowel to tralee delivery to report on a projected timeline for delivery and whether this will be delivered in the next 12 months 67306 26,Transport,1694,1696
186. Deputy Erin Mcgreehan asked the Minister for Transport to provide an update on his work to improve transport connections in North Louth. [67412/26],,Transport,2026-09-24,0.6296035051345825,Public Transport,Public Transport,0.6296035051345825,Transport Policy,0.2130500227212906,Rail Network,0.0293949358165264,Bus Services,0.0283018499612808,Transport Infrastructure Ireland,0.0231787227094173,Road Network,0.0160649269819259,Road Projects,0.014933886937797,National Transport Authority,0.012928613461554,Transport Costs,0.009774962440133,Active Travel,0.0031410993542522,67412/26,186,Erin Mcgreehan,ERIN MCGREEHAN,oral,en,To ask the Minister for Transport to provide an update on his work to improve transport connections in North Louth.,the minister for transport to provide an update on his work to improve transport connections in north louth 67412 26,Transport,1698,1700
187. Deputy Noel Mccarthy asked the Minister for Transport to provide an update on the proposed development and introduction of safety measures on a road (details supplied). [67599/26],,Transport,2026-09-24,0.9098279476165771,Road Safety,Road Safety,0.9098279476165771,Road Network,0.0304326303303241,Road Traffic Accidents,0.016362166032195,Road Projects,0.0095934215933084,Road Safety Authority,0.0062124715186655,Road Traffic Offences,0.003468342591077,Traffic Management,0.0034105177037417,Transport Infrastructure Ireland,0.002362155355513,Transport Policy,0.0014321951894089,Active Travel,0.001200002618134,67599/26,187,Noel Mccarthy,NOEL MCCARTHY,oral,en,To ask the Minister for Transport to provide an update on the proposed development and introduction of safety measures on a road (details supplied).,the minister for transport to provide an update on the proposed development and introduction of safety measures on a road details supplied 67599 26,Transport,1702,1704
"188. Deputy John Paul O'Shea asked the Minister for Transport If he will provide increased funding to Cork County Council for the restoration and maintenance of regional and local roads in Cork as part of Budget 2027, particularly where roads were damaged by severe weather in early 2026. [66999/26]",,Transport,2026-09-24,0.4320811331272125,Road Network,Road Network,0.4320811331272125,Road Projects,0.3128507435321808,Departmental Funding,0.0999324545264244,Transport Infrastructure Ireland,0.0170911625027656,Road Safety,0.014576599933207,Local Authorities,0.0128347072750329,Departmental Schemes,0.0092185651883482,Transport Policy,0.0089422324672341,Departmental Expenditure,0.0043477215804159,Departmental Budgets,0.004275195300579,66999/26,188,John Paul O'Shea,JOHN PAUL O'SHEA,oral,en,"To ask the Minister for Transport If he will provide increased funding to Cork County Council for the restoration and maintenance of regional and local roads in Cork as part of Budget 2027, particularly where roads were damaged by severe weather in early 2026.",the minister for transport if he will provide increased funding to cork county council for the restoration and maintenance of regional and local roads in cork as part of budget 2027 particularly where roads were damaged by severe weather in early 2026 66999 26,Transport,1706,1708
189. Deputy Darren O'Rourke asked the Minister for Transport the measures he is taking to reduce road collisions and road fatalities. [66587/26],,Transport,2026-09-24,0.4552382528781891,Road Safety,Road Safety,0.4552382528781891,Road Traffic Accidents,0.4490261673927307,Road Network,0.0204258318990468,Traffic Management,0.0165398996323347,Road Safety Authority,0.0087496396154165,Road Traffic Offences,0.0072247716598212,Road Projects,0.005634403321892,Transport Infrastructure Ireland,0.0037309085018932,Transport Policy,0.0024739699438214,Departmental Data,0.0021629875991493,66587/26,189,Darren O'Rourke,DARREN O'ROURKE,oral,en,To ask the Minister for Transport the measures he is taking to reduce road collisions and road fatalities.,the minister for transport the measures he is taking to reduce road collisions and road fatalities 66587 26,Transport,1710,1712
190. Deputy Seán Kyne asked the Minister for Transport if he is aware of concerns of severe overcrowding on the Oranmore to Galway train part of the Iarnród Éireann Irish Rail Dublin Heuston to Galway InterCity line; whether he accepts this shows the need for additional capacity and if he would make correspondence with Iarnród Éireann Irish Rail to ensure additional carriages would be made available to ensure public safety. [67610/26],,Transport,2026-09-24,0.94363135099411,Rail Network,Rail Network,0.94363135099411,Public Transport,0.0391079187393188,Transport Policy,0.0017555038211867,Transport Costs,0.0012188657419756,Transport Infrastructure Ireland,0.001212389790453,Bus Services,0.0011743110371753,National Transport Authority,0.0007660559494979,Traffic Management,0.0007492399890907,Park-and-Ride Facilities,0.0007258784607984,Road Projects,0.0003752185439225,67610/26,190,Seán Kyne,SEÁN KYNE,oral,en,To ask the Minister for Transport if he is aware of concerns of severe overcrowding on the Oranmore to Galway train part of the Iarnród Éireann Irish Rail Dublin Heuston to Galway InterCity line; whether he accepts this shows the need for additional capacity and if he would make correspondence with Iarnród Éireann Irish Rail to ensure additional carriages would be made available to ensure public safety.,the minister for transport if he is aware of concerns of severe overcrowding on the oranmore to galway train part of the iarnród éireann irish rail dublin heuston to galway intercity line whether he accepts this shows the need for additional capacity and if he would make correspondence with iarnród éireann irish rail to ensure additional carriages would be made available to ensure public safety 67610 26,Transport,1714,1716
191. Deputy Noel Mccarthy asked the Minister for Transport to provide an update on the proposed development of a road (details supplied). [67590/26],,Transport,2026-09-24,0.935192048549652,Road Projects,Road Projects,0.935192048549652,Road Network,0.0511865876615047,Transport Infrastructure Ireland,0.0016583829419687,Road Safety,0.001031229738146,Departmental Projects,0.0009442195296287,Transport Policy,0.0009120919276028,Greenways Provision,0.0008223240729421,Traffic Management,0.0008126061293296,Rail Network,0.0006460204022005,Departmental Funding,0.00054997659754,67590/26,191,Noel Mccarthy,NOEL MCCARTHY,oral,en,To ask the Minister for Transport to provide an update on the proposed development of a road (details supplied).,the minister for transport to provide an update on the proposed development of a road details supplied 67590 26,Transport,1718,1720
192. Deputy Colm Burke asked the Minister for Transport to provide an update on the status of the Glanmire to Cork city cycle route phase 2; and the progress made to date since the Public Consultation in 2024. [67552/26],,Transport,2026-09-24,0.64983069896698,Cycling Facilities,Cycling Facilities,0.64983069896698,Active Travel,0.1039366424083709,Cycling Policy,0.0977117493748664,Transport Policy,0.0134541885927319,Bus Services,0.0120193464681506,Departmental Schemes,0.0118878614157438,Road Projects,0.0102428589016199,Greenways Provision,0.0091357259079813,Public Transport,0.0088674267753958,Road Safety,0.00640220195055,67552/26,192,Colm Burke,COLM BURKE,oral,en,To ask the Minister for Transport to provide an update on the status of the Glanmire to Cork city cycle route phase 2; and the progress made to date since the Public Consultation in 2024.,the minister for transport to provide an update on the status of the glanmire to cork city cycle route phase 2 and the progress made to date since the public consultation in 2024 67552 26,Transport,1722,1724
193. Deputy Shónagh Ní Raghallaigh asked the Minister for Transport if he will consider adding a stop on the 126 route in Athgarvan considering that the village is poorly serviced by public transport in the evening time. [66893/26],,Transport,2026-09-24,0.587054967880249,Public Transport,Public Transport,0.587054967880249,Bus Services,0.3542210757732391,Rail Network,0.0268389396369457,Transport Policy,0.0087571889162063,Transport Costs,0.0051248543895781,National Transport Authority,0.003857247531414,Transport Infrastructure Ireland,0.0020139312837272,Bus Éireann,0.0016050259582698,Road Projects,0.0014679887099191,Road Network,0.0009640121716074,66893/26,193,Shónagh Ní Raghallaigh,SHÓNAGH NÍ RAGHALLAIGH,oral,en,To ask the Minister for Transport if he will consider adding a stop on the 126 route in Athgarvan considering that the village is poorly serviced by public transport in the evening time.,the minister for transport if he will consider adding a stop on the 126 route in athgarvan considering that the village is poorly serviced by public transport in the evening time 66893 26,Transport,1726,1728
"194. Deputy Roderic O'Gorman asked the Minister for Transport if his Department will consider revising the timeline for the Luas green line extension to Tyrrelstown, in view of the proposed Dunsink Urban Area Plan. [67572/26]",,Transport,2026-09-24,0.6863486170768738,Public Transport,Public Transport,0.6863486170768738,Rail Network,0.2290922850370407,Transport Policy,0.0248976107686758,Bus Services,0.0113323628902435,Transport Costs,0.0097321858629584,Transport Infrastructure Ireland,0.0064576114527881,National Transport Authority,0.0052478434517979,Road Projects,0.0029034405015408,Electric Vehicles,0.0027838847599923,Park-and-Ride Facilities,0.00225260714069,67572/26,194,Roderic O'Gorman,RODERIC O'GORMAN,oral,en,"To ask the Minister for Transport if his Department will consider revising the timeline for the Luas green line extension to Tyrrelstown, in view of the proposed Dunsink Urban Area Plan.",the minister for transport if his department will consider revising the timeline for the luas green line extension to tyrrelstown in view of the proposed dunsink urban area plan 67572 26,Transport,1730,1732
"195. Deputy Albert Dolan asked the Minister for Transport the immediate actions being taken to address severe overcrowding on Galway commuter rail services, particularly between Athenry, Oranmore and Galway city, where passengers are routinely forced to stand in overcrowded conditions, raising concerns regarding passenger comfort, accessibility and health and safety; and if he will outline a timeline for increasing capacity on the route. [67393/26]",,Transport,2026-09-24,0.8552380800247192,Rail Network,Rail Network,0.8552380800247192,Public Transport,0.101618468761444,Transport Policy,0.0060775177553296,Transport Costs,0.003646588884294,Transport Infrastructure Ireland,0.0028453571721911,Bus Services,0.0026102995034307,National Transport Authority,0.0024550568778067,Park-and-Ride Facilities,0.0020683866459876,Traffic Management,0.0019719563424587,Airport Policy,0.0010482968064025,67393/26,195,Albert Dolan,ALBERT DOLAN,oral,en,"To ask the Minister for Transport the immediate actions being taken to address severe overcrowding on Galway commuter rail services, particularly between Athenry, Oranmore and Galway city, where passengers are routinely forced to stand in overcrowded conditions, raising concerns regarding passenger comfort, accessibility and health and safety; and if he will outline a timeline for increasing capacity on the route.",the minister for transport the immediate actions being taken to address severe overcrowding on galway commuter rail services particularly between athenry oranmore and galway city where passengers are routinely forced to stand in overcrowded conditions raising concerns regarding passenger comfort accessibility and health and safety and if he will outline a timeline for increasing capacity on the route 67393 26,Transport,1734,1736
196. Deputy James Geoghegan asked the Minister for Transport to provide an update on the proposed expansion of the Luas network to Poolbeg. [66690/26],,Transport,2026-09-24,0.6213936805725098,Public Transport,Public Transport,0.6213936805725098,Rail Network,0.3205820024013519,Transport Policy,0.0139413010329008,Transport Costs,0.0119187775999307,Bus Services,0.0097751999273896,National Transport Authority,0.0056321797892451,Transport Infrastructure Ireland,0.0038066192064434,Park-and-Ride Facilities,0.0007815950666554,Traffic Management,0.0006938781589269,Bus Éireann,0.0005511317867785,66690/26,196,James Geoghegan,JAMES GEOGHEGAN,oral,en,To ask the Minister for Transport to provide an update on the proposed expansion of the Luas network to Poolbeg.,the minister for transport to provide an update on the proposed expansion of the luas network to poolbeg 66690 26,Transport,1738,1740
197. Deputy Eoin Ó Broin asked the Minister for Transport the reasons for the delay in the roll out of the Bus Connects network redesign in Dublin and when the required additional current expenditure will be provided to the NTA and Dublin Bus to complete the network redesign roll out. [66602/26],,Transport,2026-09-24,0.9581157565116882,Bus Services,Bus Services,0.9581157565116882,Public Transport,0.0197566449642181,Dublin Bus,0.0090068764984607,Bus Éireann,0.0055013867095112,National Transport Authority,0.0021179812029004,Transport Policy,0.0014008689904585,Transport Costs,0.0004406272782944,Transport Infrastructure Ireland,0.0003857477859128,Rail Network,0.0002376443881075,Departmental Data,0.0001704047754174,66602/26,197,Eoin Ó Broin,EOIN Ó BROIN,oral,en,To ask the Minister for Transport the reasons for the delay in the roll out of the Bus Connects network redesign in Dublin and when the required additional current expenditure will be provided to the NTA and Dublin Bus to complete the network redesign roll out.,the minister for transport the reasons for the delay in the roll out of the bus connects network redesign in dublin and when the required additional current expenditure will be provided to the nta and dublin bus to complete the network redesign roll out 66602 26,Transport,1742,1744
"198. Deputy Aisling Dempsey asked the Minister for Transport if he will request the NTA to examine the feasibility of establishing a dedicated shuttle bus service along the emerging preferred route for the proposed Navan rail line, serving Navan, Kilmessan and Dunshaughlin and connecting passengers with the existing rail services at M3 Parkway/Dunboyne; and if consideration will be given to operating such a service as an interim public transport measure pending the delivery of the Navan Rail Line, with timetables coordinated with train departures and arrivals to facilitate commuting to and from Dublin. [67573/26]",,Transport,2026-09-24,0.5512073636054993,Rail Network,Rail Network,0.5512073636054993,Public Transport,0.3668529391288757,Bus Services,0.0434007942676544,National Transport Authority,0.0085099330171942,Transport Policy,0.0075961202383041,Transport Costs,0.0043999864719808,Transport Infrastructure Ireland,0.0025401741731911,Bus Éireann,0.0025071275886148,Park-and-Ride Facilities,0.0016742252046242,Dublin Bus,0.0016268993495032,67573/26,198,Aisling Dempsey,AISLING DEMPSEY,oral,en,"To ask the Minister for Transport if he will request the NTA to examine the feasibility of establishing a dedicated shuttle bus service along the emerging preferred route for the proposed Navan rail line, serving Navan, Kilmessan and Dunshaughlin and connecting passengers with the existing rail services at M3 Parkway/Dunboyne; and if consideration will be given to operating such a service as an interim public transport measure pending the delivery of the Navan Rail Line, with timetables coordinated with train departures and arrivals to facilitate commuting to and from Dublin.",the minister for transport if he will request the nta to examine the feasibility of establishing a dedicated shuttle bus service along the emerging preferred route for the proposed navan rail line serving navan kilmessan and dunshaughlin and connecting passengers with the existing rail services at m3 parkway dunboyne and if consideration will be given to operating such a service as an interim public transport measure pending the delivery of the navan rail line with timetables coordinated with train departures and arrivals to facilitate commuting to and from dublin 67573 26,Transport,1746,1748
199. Deputy Pa Daly asked the Minister for Transport to provide an update on the roll out of light rail; to provide an update on the delivery over the next 12 months; and if he will make a statement on the matter . [67301/26],,Transport,2026-09-24,0.5022025108337402,Rail Network,Rail Network,0.5022025108337402,Public Transport,0.411311000585556,Transport Policy,0.0305455867201089,Electric Vehicles,0.0098952138796448,Transport Costs,0.0081942165270447,Bus Services,0.0072976644150912,Transport Infrastructure Ireland,0.0051049869507551,Departmental Data,0.0023654885590076,National Transport Authority,0.002048542490229,Road Projects,0.0015102117322385,67301/26,199,Pa Daly,PA DALY,oral,en,To ask the Minister for Transport to provide an update on the roll out of light rail; to provide an update on the delivery over the next 12 months; and if he will make a statement on the matter .,the minister for transport to provide an update on the roll out of light rail to provide an update on the delivery over the next 12 months and 67301 26,Transport,1750,1752
"200. Deputy John Paul O'Shea asked the Minister for Transport to outline the current status of the M20 Cork–Limerick motorway; the anticipated timeline for the project to go to planning, CPO of lands associated with the project and ultimate construction. [67000/26]",,Transport,2026-09-24,0.8780346512794495,Road Projects,Road Projects,0.8780346512794495,Road Network,0.0997761189937591,Transport Infrastructure Ireland,0.0045382189564406,Road Safety,0.0022766361944377,Traffic Management,0.002162545453757,Greenways Provision,0.0018325966084375,Transport Policy,0.0011104267323389,Departmental Projects,0.000950408168137,Rail Network,0.0008369667339138,Healthcare Infrastructure Provision,0.00056831643451,67000/26,200,John Paul O'Shea,JOHN PAUL O'SHEA,oral,en,"To ask the Minister for Transport to outline the current status of the M20 Cork–Limerick motorway; the anticipated timeline for the project to go to planning, CPO of lands associated with the project and ultimate construction.",the minister for transport the current status of the m20 cork limerick motorway the anticipated timeline for the project to go to planning cpo of lands associated with the project and ultimate construction 67000 26,Transport,1754,1756
"201. Deputy Cathal Crowe asked the Minister for Transport if he will provide an overview of the soon-to-be-launched Ennis town public bus service; the hours of operation; the extent of bus stops; the range of vehicles; the expected price fares for all ticket and concessionary passengers; if there are plans to provide further public bus routes across County Clare, including the potential to provide more on-demand TFI Anseo services in rural parts of the county; and if he will make a statement on the matter. [67332/26]",,Transport,2026-09-24,0.9646015167236328,Bus Services,Bus Services,0.9646015167236328,Public Transport,0.0208821408450603,Bus Éireann,0.0047388896346092,Dublin Bus,0.0038356808945536,Transport Policy,0.0009665702818892,National Transport Authority,0.0008469502208754,Transport Costs,0.000477102905279,Rail Network,0.0004037944599986,Departmental Data,0.000398311211029,School Transport,0.0002632072428241,67332/26,201,Cathal Crowe,CATHAL CROWE,oral,en,"To ask the Minister for Transport if he will provide an overview of the soon-to-be-launched Ennis town public bus service; the hours of operation; the extent of bus stops; the range of vehicles; the expected price fares for all ticket and concessionary passengers; if there are plans to provide further public bus routes across County Clare, including the potential to provide more on-demand TFI Anseo services in rural parts of the county; and if he will make a statement on the matter.",the minister for transport if he will provide an overview of the soon-to-be-launched ennis town public bus service the hours of operation the extent of bus stops the range of vehicles the expected price fares for all ticket and concessionary passengers if there are plans to provide further public bus routes across county clare including the potential to provide more on-demand tfi anseo services in rural parts of the county and 67332 26,Transport,1758,1760
202. Deputy Pádraig Mac Lochlainn asked the Minister for Transport to provide an update on the timeline for the long awaited restoration of the Derry to Dublin airlink. [67365/26],,Transport,2026-09-24,0.2101569920778274,Public Transport,Public Transport,0.2101569920778274,Bus Services,0.1435441821813583,Airport Policy,0.1259262859821319,Air Services,0.1051921248435974,Dublin Airport Authority,0.0957550257444381,Aviation Industry,0.0543918795883655,Rail Network,0.0516624152660369,Transport Policy,0.0435724295675754,National Transport Authority,0.0321309268474578,Transport Costs,0.0133875999599695,67365/26,202,Pádraig Mac Lochlainn,PÁDRAIG MAC LOCHLAINN,oral,en,To ask the Minister for Transport to provide an update on the timeline for the long awaited restoration of the Derry to Dublin airlink.,the minister for transport to provide an update on the timeline for the long awaited restoration of the derry to dublin airlink 67365 26,Transport,1762,1764
203. Deputy Mairéad Farrell asked the Minister for Transport to provide an update on double-decker buses due to be deployed across the State in 2026 and 2027; when they will be deployed in Galway specifically; and if he will advise on the routes that will be deployed. [67591/26],,Transport,2026-09-24,0.977292537689209,Bus Services,Bus Services,0.977292537689209,Public Transport,0.0115338563919067,Dublin Bus,0.0024488905910402,Bus Éireann,0.002384049585089,Transport Policy,0.0006031789234839,Departmental Data,0.0005468440940603,National Transport Authority,0.0003887425118591,Rail Network,0.000345635402482,Transport Costs,0.0003299189847894,Electric Vehicles,0.0002630556409712,67591/26,203,Mairéad Farrell,MAIRÉAD FARRELL,oral,en,To ask the Minister for Transport to provide an update on double-decker buses due to be deployed across the State in 2026 and 2027; when they will be deployed in Galway specifically; and if he will advise on the routes that will be deployed.,the minister for transport to provide an update on double-decker buses due to be deployed across the state in 2026 and 2027 when they will be deployed in galway specifically and if he will advise on the routes that will be deployed 67591 26,Transport,1766,1768
204. Deputy Aindrias Moynihan asked the Minister for Transport to outline the analysis undertaken by his Department regarding the impact of the recent NTA announcement on public transport fare changes and the effect of this on rural commuters; and the steps being taken to ensure public transport is affordable and accessible for rural commuters; and if he will make a statement on the matter. [67593/26],,Transport,2026-09-24,0.8844732642173767,Public Transport,Public Transport,0.8844732642173767,Transport Costs,0.0704008340835571,Transport Policy,0.0115272374823689,Bus Services,0.0084349513053894,National Transport Authority,0.0067609208635985,Taxi Regulations,0.0025682519190013,Rail Network,0.001734179444611,Bus Éireann,0.0014026693534106,Transport Infrastructure Ireland,0.001369634992443,Taxi Licences,0.001325256191194,67593/26,204,Aindrias Moynihan,AINDRIAS MOYNIHAN,oral,en,To ask the Minister for Transport to outline the analysis undertaken by his Department regarding the impact of the recent NTA announcement on public transport fare changes and the effect of this on rural commuters; and the steps being taken to ensure public transport is affordable and accessible for rural commuters; and if he will make a statement on the matter.,the minister for transport the analysis undertaken by his department regarding the impact of the recent nta announcement on public transport fare changes and the effect of this on rural commuters and the steps being taken to ensure public transport is affordable and accessible for rural commuters and 67593 26,Transport,1770,1772
205. Deputy David Cullinane asked the Minister for Transport if he will ensure funding for the N24 and N25 upgrades. [67606/26],,Transport,2026-09-24,0.8926106691360474,Road Projects,Road Projects,0.8926106691360474,Road Network,0.0962506979703903,Road Safety,0.0027046019677072,Transport Infrastructure Ireland,0.0014086697483435,Departmental Funding,0.0009615733870305,Traffic Management,0.0007193463970907,Greenways Provision,0.0006145658553577,Transport Policy,0.0004013074212707,Departmental Schemes,0.0002629866066854,Rail Network,0.0002271453704452,67606/26,205,David Cullinane,DAVID CULLINANE,oral,en,To ask the Minister for Transport if he will ensure funding for the N24 and N25 upgrades.,the minister for transport if he will ensure funding for the n24 and n25 upgrades 67606 26,Transport,1774,1776
"206. Deputy Grace Boland asked the Minister for Transport whether he accepts that the cumulative effect of the 2025 and 2027 fare determinations, under which commuters in Skerries and Balbriggan will face fare increases of almost 50 per cent within approximately 20 months, is disproportionate and unfair; and the action he will take to address this anomaly. [67092/26]",,Transport,2026-09-24,0.7025448679924011,Public Transport,Public Transport,0.7025448679924011,Transport Costs,0.2145653367042541,Bus Services,0.0168381053954362,Transport Policy,0.0153569355607032,National Transport Authority,0.0081733986735343,Taxi Regulations,0.0052915452979505,Rail Network,0.003569011343643,Transport Infrastructure Ireland,0.0033381476532667,Taxi Licences,0.0018227658001706,Dublin Bus,0.0017305039800703,67092/26,206,Grace Boland,GRACE BOLAND,oral,en,"To ask the Minister for Transport whether he accepts that the cumulative effect of the 2025 and 2027 fare determinations, under which commuters in Skerries and Balbriggan will face fare increases of almost 50 per cent within approximately 20 months, is disproportionate and unfair; and the action he will take to address this anomaly.",the minister for transport whether he accepts that the cumulative effect of the 2025 and 2027 fare determinations under which commuters in skerries and balbriggan will face fare increases of almost 50 per cent within approximately 20 months is disproportionate and unfair and the action he will take to address this anomaly 67092 26,Transport,1778,1780
207. Deputy Aisling Dempsey asked the Minister for Transport the current status of the proposed enhancement of the NX Navan-Dublin service; the date on which the proposed 24% increase in peak-time service levels is expected to commence; and if additional capacity will be provided where passenger demand continues to exceed available capacity following implementation of the revised timetable. [67578/26],,Transport,2026-09-24,0.3817541301250458,Public Transport,Public Transport,0.3817541301250458,Bus Services,0.3716115355491638,Rail Network,0.1790246665477752,Transport Policy,0.0106113525107502,Dublin Bus,0.0088099408894777,National Transport Authority,0.0070904181338846,Transport Costs,0.0065749450586736,Transport Infrastructure Ireland,0.0062689129263162,Road Projects,0.0033214741852134,Bus Éireann,0.0031230524182319,67578/26,207,Aisling Dempsey,AISLING DEMPSEY,oral,en,To ask the Minister for Transport the current status of the proposed enhancement of the NX Navan-Dublin service; the date on which the proposed 24% increase in peak-time service levels is expected to commence; and if additional capacity will be provided where passenger demand continues to exceed available capacity following implementation of the revised timetable.,the minister for transport the current status of the proposed enhancement of the nx navan-dublin service the date on which the proposed 24 increase in peak-time service levels is expected to commence and if additional capacity will be provided where passenger demand continues to exceed available capacity following implementation of the revised timetable 67578 26,Transport,1782,1784
"208. Deputy Paul Mcauliffe asked the Minister for Transport for the latest update and timeline of construction for the Finglas Roundabout projects at St Margaret's Road and McKee Avenue, given there are reported delays to the projects. [67519/26]",,Transport,2026-09-24,0.9552733898162842,Road Projects,Road Projects,0.9552733898162842,Road Network,0.0264301542192697,Traffic Management,0.0032290003728121,Road Safety,0.0026135290972888,Greenways Provision,0.0021119548473507,Transport Infrastructure Ireland,0.0017885064007714,Rail Network,0.0011028981534764,Departmental Projects,0.0007787896320223,Transport Policy,0.0007657612441107,Public Transport,0.000706392165739,67519/26,208,Paul Mcauliffe,PAUL MCAULIFFE,oral,en,"To ask the Minister for Transport for the latest update and timeline of construction for the Finglas Roundabout projects at St Margaret's Road and McKee Avenue, given there are reported delays to the projects.",the minister for transport for the latest update and timeline of construction for the finglas roundabout projects at st margaret s road and mckee avenue given there are reported delays to the projects 67519 26,Transport,1786,1788
209. Deputy Shane Moynihan asked the Minister for Transport to provide an update on progress towards the establishment of a transport security force; and the anticipated timeline for its establishment and commencement of operations. [67413/26],,Transport,2026-09-24,0.4775912761688232,Transport Policy,Transport Policy,0.4775912761688232,Public Transport,0.2906027138233185,National Transport Authority,0.0764891877770423,Transport Infrastructure Ireland,0.0391026772558689,Bus Services,0.0156603977084159,Road Network,0.0129673415794968,Taxi Regulations,0.0091699138283729,Transport Costs,0.008829416707158,Haulage Industry,0.0064740846864879,Road Safety,0.0053935195319354,67413/26,209,Shane Moynihan,SHANE MOYNIHAN,oral,en,To ask the Minister for Transport to provide an update on progress towards the establishment of a transport security force; and the anticipated timeline for its establishment and commencement of operations.,the minister for transport to provide an update on progress towards the establishment of a transport security force and the anticipated timeline for its establishment and commencement of operations 67413 26,Transport,1790,1792
"210. Deputy Cathal Crowe asked the Minister for Transport if, in view of the fact that public transport connections to Dublin Airport are being significantly increased and improved, his plans to increase public transport accessibility to Shannon Airport, including the provision of a long-heralded rail spur to Shannon Airport. [67282/26]",,Transport,2026-09-24,0.9103866815567015,Public Transport,Public Transport,0.9103866815567015,Transport Costs,0.031063787639141,Transport Policy,0.0234339814633131,Rail Network,0.0122744366526603,Bus Services,0.0061070942319929,National Transport Authority,0.0050717229023575,Transport Infrastructure Ireland,0.002086091088131,School Transport,0.0010153379989787,Taxi Regulations,0.0007711429498158,Bus Éireann,0.0005667203804478,67282/26,210,Cathal Crowe,CATHAL CROWE,oral,en,"To ask the Minister for Transport if, in view of the fact that public transport connections to Dublin Airport are being significantly increased and improved, his plans to increase public transport accessibility to Shannon Airport, including the provision of a long-heralded rail spur to Shannon Airport.",the minister for transport if in view of the fact that public transport connections to dublin airport are being significantly increased and improved his plans to increase public transport accessibility to shannon airport including the provision of a long-heralded rail spur to shannon airport 67282 26,Transport,1794,1796
211. Deputy Duncan Smith asked the Minister for Transport if his Department will support funding for an orbital bus route for residents of Kinsealy in order that they can access Portmarnock and Malahide train stations while reducing congestion. [67228/26],,Transport,2026-09-24,0.9304268956184388,Bus Services,Bus Services,0.9304268956184388,Public Transport,0.0421043559908866,Dublin Bus,0.0052834716625511,Bus Éireann,0.0050061540678143,Transport Policy,0.0043445159681141,National Transport Authority,0.0027206931263208,Rail Network,0.0010680441046133,Transport Infrastructure Ireland,0.0010647703893482,Transport Costs,0.0009719599038362,Departmental Funding,0.0005951520870439,67228/26,211,Duncan Smith,DUNCAN SMITH,oral,en,To ask the Minister for Transport if his Department will support funding for an orbital bus route for residents of Kinsealy in order that they can access Portmarnock and Malahide train stations while reducing congestion.,the minister for transport if his department will support funding for an orbital bus route for residents of kinsealy in order that they can access portmarnock and malahide train stations while reducing congestion 67228 26,Transport,1798,1800
212. Deputy Colm Burke asked the Minister for Transport to provide an update on the status of the Dunkettle Road AT Scheme (Phase 2); and when it is envisaged that same will be completed. [67555/26],,Transport,2026-09-24,0.9517860412597656,Road Projects,Road Projects,0.9517860412597656,Road Network,0.025417074561119,Departmental Schemes,0.0061213891021907,Greenways Provision,0.0045884638093411,Road Safety,0.0014921172987669,Transport Infrastructure Ireland,0.0009225259418599,Departmental Projects,0.0008206429774872,Traffic Management,0.0007915760506875,Transport Policy,0.0006717512151226,Departmental Funding,0.0006397034157998,67555/26,212,Colm Burke,COLM BURKE,oral,en,To ask the Minister for Transport to provide an update on the status of the Dunkettle Road AT Scheme (Phase 2); and when it is envisaged that same will be completed.,the minister for transport to provide an update on the status of the dunkettle road at scheme phase 2 and when it is envisaged that same will be completed 67555 26,Transport,1802,1804
213. Deputy Michael Murphy asked the Minister for Transport if he will engage with the Minister for Justice; Home Affairs and Migration and An Garda Síochána on the urgent strengthening of dedicated roads policing units; whether roads policing should operate within a dedicated command structure; and whether Garda allocations should better reflect factors such as the scale and length of the road network in each county. [63673/26],,Transport,2026-09-24,0.3344976902008056,Road Safety,Road Safety,0.3344976902008056,Road Network,0.2219467610120773,Traffic Management,0.0718658417463302,Road Projects,0.0693162083625793,Transport Policy,0.0512390881776809,Road Traffic Offences,0.0301777198910713,Transport Infrastructure Ireland,0.0258397590368986,An Garda Síochána,0.0242151096463203,Road Traffic Accidents,0.0241586882621049,National Transport Authority,0.0197772569954395,63673/26,213,Michael Murphy,MICHAEL MURPHY,oral,en,To ask the Minister for Transport if he will engage with the Minister for Justice; Home Affairs and Migration and An Garda Síochána on the urgent strengthening of dedicated roads policing units; whether roads policing should operate within a dedicated command structure; and whether Garda allocations should better reflect factors such as the scale and length of the road network in each county.,the minister for transport if he will engage with the minister for justice home affairs and migration and an garda síochána on the urgent strengthening of dedicated roads policing units whether roads policing should operate within a dedicated command structure and whether garda allocations should better reflect factors such as the scale and length of the road network in each county 63673 26,Transport,1806,1808
"214. Deputy Mairéad Farrell asked the Minister for Transport to provide an update on Bus Connects Galway; when the new network will be implemented; if it is still on track for 2028; and if not, the delays that are impacting the rollout. [67598/26]",,Transport,2026-09-24,0.9788857102394104,Bus Services,Bus Services,0.9788857102394104,Public Transport,0.0118744606152176,Bus Éireann,0.0025102489162236,Dublin Bus,0.0022670975886285,National Transport Authority,0.0007834218558855,Transport Policy,0.0006656682817265,Rail Network,0.0002783149830065,Transport Infrastructure Ireland,0.0002130657230736,Transport Costs,0.0001964896800927,Road Network,0.0001306522608501,67598/26,214,Mairéad Farrell,MAIRÉAD FARRELL,oral,en,"To ask the Minister for Transport to provide an update on Bus Connects Galway; when the new network will be implemented; if it is still on track for 2028; and if not, the delays that are impacting the rollout.",the minister for transport to provide an update on bus connects galway when the new network will be implemented if it is still on track for 2028 the delays that are impacting the rollout 67598 26,Transport,1810,1812
"215. Deputy Peter Roche asked the Minister for Transport the funding that has been made available to local authorities to install, replace and update speed limit signage arising from changes to speed limits; and whether he is satisfied that local authorities have sufficient resources to carry out this work. [67260/26]",,Transport,2026-09-24,0.6602386832237244,Road Safety,Road Safety,0.6602386832237244,Road Network,0.0955836698412895,Road Projects,0.0404824912548065,Traffic Management,0.0238533616065979,Local Authorities,0.0193750355392694,Active Travel,0.0138942552730441,Road Safety Authority,0.013406260870397,Road Traffic Offences,0.0121034858748316,Departmental Funding,0.0120173748582601,Transport Infrastructure Ireland,0.0098614990711212,67260/26,215,Peter Roche,PETER ROCHE,oral,en,"To ask the Minister for Transport the funding that has been made available to local authorities to install, replace and update speed limit signage arising from changes to speed limits; and whether he is satisfied that local authorities have sufficient resources to carry out this work.",the minister for transport the funding that has been made available to local authorities to install replace and update speed limit signage arising from changes to speed limits and whether he is satisfied that local authorities have sufficient resources to carry out this work 67260 26,Transport,1814,1816
"216. Deputy Brendan Smith asked the Minister for Transport if he will ensure that increased funding will be provided in 2027 for the non national road network taking into account the urgent need for road improvements and upgrading work in County Cavan and County Monaghan, given the huge dependency in both counties on this road network with a small percentage of the road network having a national road status. [67604/26]",,Transport,2026-09-24,0.6983662247657776,Road Network,Road Network,0.6983662247657776,Road Projects,0.241546019911766,Departmental Funding,0.013001712039113,Transport Infrastructure Ireland,0.0106969214975833,Road Safety,0.0101303411647677,Transport Policy,0.0056587443687021,Active Travel,0.0019177498761564,Traffic Management,0.0014498650562018,Departmental Expenditure,0.0011214913101866,Departmental Schemes,0.0009832901414483,67604/26,216,Brendan Smith,BRENDAN SMITH,oral,en,"To ask the Minister for Transport if he will ensure that increased funding will be provided in 2027 for the non national road network taking into account the urgent need for road improvements and upgrading work in County Cavan and County Monaghan, given the huge dependency in both counties on this road network with a small percentage of the road network having a national road status.",the minister for transport if he will ensure that increased funding will be provided in 2027 for the non national road network taking into account the urgent need for road improvements and upgrading work in county cavan and county monaghan given the huge dependency in both counties on this road network with a small percentage of the road network having a national road status 67604 26,Transport,1818,1820
217. Deputy Aindrias Moynihan asked the Minister for Transport the efforts being made to safeguard motorists from wild deer on our roads; and if he will make a statement on the matter. [67582/26],,Transport,2026-09-24,0.1219631507992744,Road Safety,Road Safety,0.1219631507992744,Wildlife Regulations,0.1161730661988258,Wildlife Protection,0.0773089453577995,Animal Welfare,0.0696386322379112,Animal Culls,0.0419429540634155,Wildlife Conservation,0.0358812361955642,Hare Coursing,0.0283492654561996,Departmental Policies,0.0270338281989097,Forestry Sector,0.0215024650096893,Transport Policy,0.0206207931041717,67582/26,217,Aindrias Moynihan,AINDRIAS MOYNIHAN,oral,en,To ask the Minister for Transport the efforts being made to safeguard motorists from wild deer on our roads; and if he will make a statement on the matter.,the minister for transport the efforts being made to safeguard motorists from wild deer on our roads and 67582 26,Transport,1822,1824
"218. Deputy Paul Lawless asked the Minister for Transport the protocols which are in place when a train is late departing its departure station; the way in which the information regarding the delay is communicated to the various stations where that train will subsequently be late arriving and to the other trains using the same line, and to the mechanisms operating level crossings around the country; and if he will make a statement on the matter. [67176/26]",,Transport,2026-09-24,0.8752008080482483,Rail Network,Rail Network,0.8752008080482483,Public Transport,0.0980131700634956,Transport Policy,0.003764082212001,Bus Services,0.0026802397333085,Transport Costs,0.0020388371776789,National Transport Authority,0.0019226700533181,Transport Infrastructure Ireland,0.0013631978072226,Traffic Management,0.00135881267488,Park-and-Ride Facilities,0.0011066818842664,Airport Policy,0.0006919127190485,67176/26,218,Paul Lawless,PAUL LAWLESS,oral,en,"To ask the Minister for Transport the protocols which are in place when a train is late departing its departure station; the way in which the information regarding the delay is communicated to the various stations where that train will subsequently be late arriving and to the other trains using the same line, and to the mechanisms operating level crossings around the country; and if he will make a statement on the matter.",the minister for transport the protocols which are in place when a train is late departing its departure station the way in which the information regarding the delay is communicated to the various stations where that train will subsequently be late arriving and to the other trains using the same line and to the mechanisms operating level crossings around the country and 67176 26,Transport,1826,1828
219. Deputy Louis O'Hara asked the Minister for Transport to provide an update on the Athenry Relief Road project. [67226/26],,Transport,2026-09-24,0.9736537337303162,Road Projects,Road Projects,0.9736537337303162,Road Network,0.0162224397063255,Greenways Provision,0.001045725075528,Transport Infrastructure Ireland,0.0007629689062014,Departmental Projects,0.0007535581826232,Departmental Funding,0.0006629892159253,Rail Network,0.0006433122907765,Departmental Schemes,0.0005413800827227,Traffic Management,0.0004856830346398,Transport Policy,0.0004685064195655,67226/26,219,Louis O'Hara,LOUIS O'HARA,oral,en,To ask the Minister for Transport to provide an update on the Athenry Relief Road project.,the minister for transport to provide an update on the athenry relief road project 67226 26,Transport,1830,1832
220. Deputy Edward Timmins asked the Minister for Transport for an update on the Public Service Obligation PSO programme discussions in relation increasing the 132 bus service and improving the reliability of the service. [67656/26],,Transport,2026-09-24,0.9090102314949036,Bus Services,Bus Services,0.9090102314949036,Public Transport,0.0383393727242946,National Transport Authority,0.0098957894369959,Bus Éireann,0.0094437226653099,Dublin Bus,0.0092076221480965,Transport Policy,0.0026895503979176,Transport Costs,0.0012210868299007,Departmental Policies,0.0007085393299348,Public Service Obligation,0.0006930804229341,Transport Infrastructure Ireland,0.0006769887986592,67656/26,220,Edward Timmins,EDWARD TIMMINS,oral,en,To ask the Minister for Transport for an update on the Public Service Obligation PSO programme discussions in relation increasing the 132 bus service and improving the reliability of the service.,the minister for transport for an update on the public service obligation pso programme discussions in relation increasing the 132 bus service and improving the reliability of the service 67656 26,Transport,1834,1836
"221. Deputy Ciarán Ahern asked the Minister for Transport if his Department has examined any additional infrastructural road safety measures on motorways following a number of incidents in recent months, including fatal collisions involving motorists driving the wrong way down slip roads and motorways. [67643/26]",,Transport,2026-09-24,0.8119204640388489,Road Safety,Road Safety,0.8119204640388489,Road Traffic Accidents,0.09877460449934,Road Network,0.0277406703680753,Road Traffic Offences,0.0143422884866595,Traffic Management,0.0086162658408284,Road Safety Authority,0.0082066692411899,Road Projects,0.0047688847407698,Transport Infrastructure Ireland,0.0032093105837702,Transport Policy,0.0014702742919325,Departmental Data,0.0012633935548365,67643/26,221,Ciarán Ahern,CIARÁN AHERN,oral,en,"To ask the Minister for Transport if his Department has examined any additional infrastructural road safety measures on motorways following a number of incidents in recent months, including fatal collisions involving motorists driving the wrong way down slip roads and motorways.",the minister for transport if his department has examined any additional infrastructural road safety measures on motorways following a number of incidents in recent months including fatal collisions involving motorists driving the wrong way down slip roads and motorways 67643 26,Transport,1838,1840
222. Deputy Barry Ward asked the Minister for Transport the actions he is taking to ensure that all public transport is fully accessible for people with disabilities. [66652/26],,Transport,2026-09-24,0.9206033945083618,Public Transport,Public Transport,0.9206033945083618,Transport Costs,0.0323884338140487,Transport Policy,0.0112771121785044,Bus Services,0.0103237489238381,Disability Services,0.006307790055871,National Transport Authority,0.0029188559856265,Rail Network,0.0020203446038067,Transport Infrastructure Ireland,0.001104895141907,Bus Éireann,0.0009349674219265,Departmental Data,0.0007853762363083,66652/26,222,Barry Ward,BARRY WARD,oral,en,To ask the Minister for Transport the actions he is taking to ensure that all public transport is fully accessible for people with disabilities.,the minister for transport the actions he is taking to ensure that all public transport is fully accessible for people with disabilities 66652 26,Transport,1842,1844
223. Deputy James Geoghegan asked the Minister for Transport for an update on the independent feasibility study for a metro to South-West Dublin. [66691/26],,Transport,2026-09-24,0.7684320211410522,Rail Network,Rail Network,0.7684320211410522,Public Transport,0.2012142241001129,Transport Policy,0.0078216791152954,Bus Services,0.0049258740618824,Transport Costs,0.0039962716400623,National Transport Authority,0.0016931303543969,Transport Infrastructure Ireland,0.0014784090453758,Park-and-Ride Facilities,0.0008162584854289,Bus Éireann,0.0006998340832069,Departmental Projects,0.0005831303424201,66691/26,223,James Geoghegan,JAMES GEOGHEGAN,oral,en,To ask the Minister for Transport for an update on the independent feasibility study for a metro to South-West Dublin.,the minister for transport for an update on the independent feasibility study for a metro to south-west dublin 66691 26,Transport,1846,1848
"224. Deputy Ciarán Ahern asked the Minister for Transport further to Parliamentary Question No. 96 of 15 January 2026, whether his Department has had any engagement with the UNECE Working Party on Lighting and Light-Signalling task force regarding excessive brightness and intensity of modern LED and HID car headlights; and the nature of that engagement. [67638/26]",,Transport,2026-09-24,0.4372023642063141,Road Safety,Road Safety,0.4372023642063141,Road Traffic Offences,0.0947345122694969,Transport Policy,0.084056407213211,Traffic Management,0.0674406811594963,Road Safety Authority,0.0255226995795965,Road Traffic Accidents,0.021634429693222,Road Network,0.0206199493259191,Departmental Policies,0.0191777385771274,Transport Infrastructure Ireland,0.0140008376911282,Parking Provision,0.0102504538372159,67638/26,224,Ciarán Ahern,CIARÁN AHERN,oral,en,"To ask the Minister for Transport further to Parliamentary Question No. 96 of 15 January 2026, whether his Department has had any engagement with the UNECE Working Party on Lighting and Light-Signalling task force regarding excessive brightness and intensity of modern LED and HID car headlights; and the nature of that engagement.",the minister for transport further to parliamentary question no 96 of 15 january 2026 whether his department has had any engagement with the unece working party on lighting and light-signalling task force regarding excessive brightness and intensity of modern led and hid car headlights and the nature of that engagement 67638 26,Transport,1850,1852
225. Deputy Naoise Ó Cearúil asked the Minister for Transport the progress that has been made by the National Transport Authority and Iarnród Éireann in improving the provision of real-time disruption information through the Irish Rail app; and when passengers can expect enhanced disruption notifications to be available through the app. [67343/26],,Transport,2026-09-24,0.9072620272636414,Rail Network,Rail Network,0.9072620272636414,Public Transport,0.0733033642172813,Transport Policy,0.0026044296100735,Transport Costs,0.0021106898784637,National Transport Authority,0.0020848447456955,Bus Services,0.0015095745911821,Transport Infrastructure Ireland,0.0012520173331722,Park-and-Ride Facilities,0.0008818237110972,Traffic Management,0.0005341125070117,Departmental Data,0.0004167264269199,67343/26,225,Naoise Ó Cearúil,NAOISE Ó CEARÚIL,oral,en,To ask the Minister for Transport the progress that has been made by the National Transport Authority and Iarnród Éireann in improving the provision of real-time disruption information through the Irish Rail app; and when passengers can expect enhanced disruption notifications to be available through the app.,the minister for transport the progress that has been made by the national transport authority and iarnród éireann in improving the provision of real-time disruption information through the irish rail app and when passengers can expect enhanced disruption notifications to be available through the app 67343 26,Transport,1854,1856
"226. Deputy Eoghan Kenny asked the Minister for Transport for an update as of September 2026 on the Mallow Relief Road project, including if the timeline of the project progression is being met; and if he will make a statement on the matter. [67660/26]",,Transport,2026-09-24,0.974887192249298,Road Projects,Road Projects,0.974887192249298,Road Network,0.0122556556016206,Rail Network,0.0021026488393545,Greenways Provision,0.0010887465905398,Transport Infrastructure Ireland,0.0009665917605161,Departmental Projects,0.0007950406288728,Transport Policy,0.0007705702446401,Departmental Funding,0.0005962245049886,Traffic Management,0.0005876295035704,Public Transport,0.0005706577794626,67660/26,226,Eoghan Kenny,EOGHAN KENNY,oral,en,"To ask the Minister for Transport for an update as of September 2026 on the Mallow Relief Road project, including if the timeline of the project progression is being met; and if he will make a statement on the matter.",the minister for transport for an update as of september 2026 on the mallow relief road project including if the timeline of the project progression is being met and 67660 26,Transport,1858,1860
227. Deputy Michael Cahill asked the Minister for Transport to request Transport Infrastructure Ireland to provide funding for a route (details supplied). [67371/26],,Transport,2026-09-24,0.2225978523492813,Bus Services,Bus Services,0.2225978523492813,Public Transport,0.1677705645561218,Transport Policy,0.1030940413475036,Transport Infrastructure Ireland,0.1005114987492561,Road Network,0.0867846086621284,Departmental Funding,0.0651952922344207,National Transport Authority,0.0531082637608051,Road Projects,0.044232539832592,Active Travel,0.0361316241323947,Rail Network,0.0155824106186628,67371/26,227,Michael Cahill,MICHAEL CAHILL,oral,en,To ask the Minister for Transport to request Transport Infrastructure Ireland to provide funding for a route (details supplied).,the minister for transport to request transport infrastructure ireland to provide funding for a route details supplied 67371 26,Transport,1862,1864
"228. Deputy Keira Keogh asked the Minister for Transport for an update on the introduction of catering services, particularly on long services, such as the Mayo to Dublin; and if he will make a full statement on the matter. [67547/26]",,Transport,2026-09-24,0.4236591160297394,Bus Services,Bus Services,0.4236591160297394,Public Transport,0.3426964282989502,Transport Policy,0.0703146755695343,National Transport Authority,0.0236996561288833,Rail Network,0.0189241841435432,Transport Costs,0.0135915642604231,Dublin Bus,0.0108918184414505,Taxi Regulations,0.006448374595493,Transport Infrastructure Ireland,0.006203394383192,Taxi Licences,0.0043673603795468,67547/26,228,Keira Keogh,KEIRA KEOGH,oral,en,"To ask the Minister for Transport for an update on the introduction of catering services, particularly on long services, such as the Mayo to Dublin; and if he will make a full statement on the matter.",the minister for transport for an update on the introduction of catering services particularly on long services such as the mayo to dublin and if he will make a full statement on the matter 67547 26,Transport,1866,1868
