question,heading,department,date,pred_confidence,pred_heading,alt_heading_1,alt_conf_1,alt_heading_2,alt_conf_2,alt_heading_3,alt_conf_3,alt_heading_4,alt_conf_4,alt_heading_5,alt_conf_5,alt_heading_6,alt_conf_6,alt_heading_7,alt_conf_7,alt_heading_8,alt_conf_8,alt_heading_9,alt_conf_9,alt_heading_10,alt_conf_10,refNo,question_number,deputy,deputy_source,answer_type,language,raw_question,question_clean,department_paper,source_question_paragraph,source_pq_paragraph
"1. Deputy Pa Daly asked the Minister for Climate, Energy and the Environment if he will report on the demands data centres place on Ireland’s critical infrastructure and the plans to increase this demand; if he is satisfied with our infrastructure’s ability to withstand this increased demand; the way in which this will be paid for; the contributions data centres have made to finance existing and increased demand; his views on whether access to this infrastructure should operate on a first come, first served model; and if he will make a statement on the mater. [65942/26]",,Climate,2026-09-17,0.9483148455619812,Data Centres,Data Centres,0.9483148455619812,Energy Policy,0.0058301114477217,Energy Infrastructure,0.0033212415874004,Energy Usage,0.0031297670211642,Information and Communications Technology,0.0029977618250995,Electricity Grid,0.0026216630358248,Energy Prices,0.0021319349762052,Renewable Energy Generation,0.0016997256316244,Climate Change Policy,0.0014953941572457,Cybersecurity Policy,0.0011624526232481,65942/26,1,Pa Daly,PA DALY,written,en,"To ask the Minister for Climate, Energy and the Environment if he will report on the demands data centres place on Ireland’s critical infrastructure and the plans to increase this demand; if he is satisfied with our infrastructure’s ability to withstand this increased demand; the way in which this will be paid for; the contributions data centres have made to finance existing and increased demand; his views on whether access to this infrastructure should operate on a first come, first served model; and if he will make a statement on the mater.",the minister for climate energy and the environment if he will report on the demands data centres place on ireland s critical infrastructure and the plans to increase this demand if he is satisfied with our infrastructure s ability to withstand this increased demand the way in which this will be paid for the contributions data centres have made to finance existing and increased demand his views on whether access to this infrastructure should operate on a first come first served model on the mater 65942 26,"Climate, Energy and the Environment",19,21
"2. Deputy Jennifer Whitmore asked the Minister for Climate, Energy and the Environment if he will commission a report into the number of data centres that the Irish energy grid and water networks can handle. [65223/26]",,Climate,2026-09-17,0.9362238645553588,Data Centres,Data Centres,0.9362238645553588,Energy Policy,0.0084793986752629,Electricity Grid,0.0059788175858557,Energy Infrastructure,0.0046276370994746,Energy Usage,0.0036817677319049,Renewable Energy Generation,0.0035104209091514,Information and Communications Technology,0.0025482305791229,Electricity Generation,0.0024357030633836,Energy Prices,0.0021934816613793,Climate Change Policy,0.0013611451722681,65223/26,2,Jennifer Whitmore,JENNIFER WHITMORE,written,en,"To ask the Minister for Climate, Energy and the Environment if he will commission a report into the number of data centres that the Irish energy grid and water networks can handle.",the minister for climate energy and the environment if he will commission a report into the number of data centres that the irish energy grid and water networks can handle 65223 26,"Climate, Energy and the Environment",23,25
"3. Deputy Pa Daly asked the Minister for Climate, Energy and the Environment if he will report on the recent energy price hikes; the measures he is taking to address this; if he will reintroduce an electricity credit in Budget 2027; and if he will make a statement on the matter. [65939/26]",,Climate,2026-09-17,0.9114850163459778,Energy Prices,Energy Prices,0.9114850163459778,Energy Policy,0.0193059258162975,Departmental Schemes,0.008804140612483,Energy Usage,0.0071626808494329,Fuel Prices,0.0040871119126677,Departmental Data,0.0039617219008505,Energy Conservation,0.0032120503019541,Business Supports,0.002686379244551,Cost of Living Issues,0.0023292049299925,Electricity Grid,0.0022732329089194,65939/26,3,Pa Daly,PA DALY,written,en,"To ask the Minister for Climate, Energy and the Environment if he will report on the recent energy price hikes; the measures he is taking to address this; if he will reintroduce an electricity credit in Budget 2027; and if he will make a statement on the matter.",the minister for climate energy and the environment if he will report on the recent energy price hikes the measures he is taking to address this if he will reintroduce an electricity credit in budget 2027 and 65939 26,"Climate, Energy and the Environment",27,29
"4. Deputy Ciarán Ahern asked the Minister for Climate, Energy and the Environment in light of recent reporting on data centre energy consumption, water use, carbon emissions and their impact on household energy bills, if he is confident in the Government’s current strategy and if he is proposing any changes to it; and if he will make a statement on the matter. [65969/26]",,Climate,2026-09-17,0.7626534700393677,Data Centres,Data Centres,0.7626534700393677,Energy Policy,0.0825487002730369,Energy Prices,0.0467367023229599,Energy Usage,0.0172917731106281,Energy Infrastructure,0.0080938013270497,Electricity Grid,0.0077229929156601,Climate Change Policy,0.0052036973647773,Electricity Generation,0.0039411238394677,Renewable Energy Generation,0.0037931483238935,Electricity Supply Board,0.0033406564034521,65969/26,4,Ciarán Ahern,CIARÁN AHERN,written,en,"To ask the Minister for Climate, Energy and the Environment in light of recent reporting on data centre energy consumption, water use, carbon emissions and their impact on household energy bills, if he is confident in the Government’s current strategy and if he is proposing any changes to it; and if he will make a statement on the matter.",the minister for climate energy and the environment in light of recent reporting on data centre energy consumption water use carbon emissions and their impact on household energy bills if he is confident in the government s current strategy and if he is proposing any changes to it and 65969 26,"Climate, Energy and the Environment",31,33
"5. Deputy Pa Daly asked the Minister for Climate, Energy and the Environment the additional measures he is taking to address the fact that the EPA has said that emissions are falling 'far too slowly' (details supplied); and if he will make a statement on the matter. [65909/26]",,Climate,2026-09-17,0.8089713454246521,Greenhouse Gas Emissions,Greenhouse Gas Emissions,0.8089713454246521,Climate Change Policy,0.0692981705069542,Environmental Policy,0.0370968654751777,Climate Action Plan,0.0298987049609422,Energy Policy,0.0074249012395739,Renewable Energy Generation,0.0048324037343263,Air Quality,0.003286994760856,Waste Management,0.0021889749914407,Energy Infrastructure,0.0019578095525503,Energy Usage,0.0018829407636076,65909/26,5,Pa Daly,PA DALY,written,en,"To ask the Minister for Climate, Energy and the Environment the additional measures he is taking to address the fact that the EPA has said that emissions are falling 'far too slowly' (details supplied); and if he will make a statement on the matter.",the minister for climate energy and the environment the additional measures he is taking to address the fact that the epa has said that emissions are falling far too slowly details supplied and 65909 26,"Climate, Energy and the Environment",35,37
"6. Deputy Danny Healy-rae asked the Minister for Climate, Energy and the Environment to discuss energy costs. [66297/26]",,Climate,2026-09-17,0.8823485970497131,Energy Prices,Energy Prices,0.8823485970497131,Energy Policy,0.0496524684131145,Energy Usage,0.0075357919558882,Energy Conservation,0.0065998192876577,Departmental Data,0.0043163439258933,Business Supports,0.0038900088984519,Departmental Schemes,0.0037840236909687,Departmental Budgets,0.0027287378907203,Fuel Prices,0.0027075891848653,Electricity Grid,0.0026288530789315,66297/26,6,Danny Healy-rae,DANNY HEALY-RAE,written,en,"To ask the Minister for Climate, Energy and the Environment to discuss energy costs.",the minister for climate energy and the environment to discuss energy costs 66297 26,"Climate, Energy and the Environment",39,41
"7. Deputy Ciarán Ahern asked the Minister for Climate, Energy and the Environment the assessment his Department has made of the impact of the exceptionally hot and dry conditions experienced in Ireland during summer 2026 (details supplied); the additional measures he intends to introduce to protect and support communities; and if he will make a statement on the matter. [65985/26]",,Climate,2026-09-17,0.2445147335529327,Environmental Policy,Environmental Policy,0.2445147335529327,Climate Change Policy,0.095686599612236,Air Quality,0.0726623982191085,North-South Interconnector,0.0491664446890354,Climate Action Plan,0.0425575375556945,Energy Infrastructure,0.0321884229779243,Energy Policy,0.0220155976712703,Emergency Planning,0.0158634725958108,Environmental Schemes,0.0138039775192737,Weather Events,0.0135217141360044,65985/26,7,Ciarán Ahern,CIARÁN AHERN,written,en,"To ask the Minister for Climate, Energy and the Environment the assessment his Department has made of the impact of the exceptionally hot and dry conditions experienced in Ireland during summer 2026 (details supplied); the additional measures he intends to introduce to protect and support communities; and if he will make a statement on the matter.",the minister for climate energy and the environment the assessment his department has made of the impact of the exceptionally hot and dry conditions experienced in ireland during summer 2026 details supplied the additional measures he intends to introduce to protect and support communities and 65985 26,"Climate, Energy and the Environment",49,51
"8. Deputy Paul Lawless asked the Minister for Climate, Energy and the Environment if his attention has been drawn to a report issued by the Irish Fiscal Advisory Council titled the Hidden Costs of Inaction July 2026, which warned of the costs Ireland will face in financial penalties if we fail to meet our climate targets; if he will outline the likely costs; and the margin by which costs are projected to be missed. [64910/26]",,Climate,2026-09-17,0.5893107652664185,Climate Change Policy,Climate Change Policy,0.5893107652664185,Climate Action Plan,0.1452867537736892,Greenhouse Gas Emissions,0.0225166864693164,Departmental Bodies,0.0200096182525157,Environmental Policy,0.0198989510536193,Departmental Consultations,0.0197660755366086,Departmental Data,0.0161369144916534,Departmental Reports,0.0132990237325429,State Bodies,0.0090632233768701,Energy Policy,0.0086313541978597,64910/26,8,Paul Lawless,PAUL LAWLESS,written,en,"To ask the Minister for Climate, Energy and the Environment if his attention has been drawn to a report issued by the Irish Fiscal Advisory Council titled the Hidden Costs of Inaction July 2026, which warned of the costs Ireland will face in financial penalties if we fail to meet our climate targets; if he will outline the likely costs; and the margin by which costs are projected to be missed.",the minister for climate energy and the environment if his attention has been drawn to a report issued by the irish fiscal advisory council titled the hidden costs of inaction july 2026 which warned of the costs ireland will face in financial penalties if we fail to meet our climate targets if he will outline the likely costs and the margin by which costs are projected to be missed 64910 26,"Climate, Energy and the Environment",53,55
"9. Deputy Michael Cahill asked the Minister for Climate, Energy and the Environment to urgently address Ireland's isolation in the context of oil and gas and all aspects of energy demands and expedite the provision of offshore floating windfarms, to secure Ireland’s long-term energy security and eliminate our structural vulnerability to volatile global fossil fuel markets; and if he will make a statement on the matter. [65723/26]",,Climate,2026-09-17,0.3984793126583099,Energy Policy,Energy Policy,0.3984793126583099,Wind Energy Generation,0.2369039356708526,Renewable Energy Generation,0.1182751953601837,Energy Infrastructure,0.060196079313755,Energy Production,0.0299235023558139,Wind Energy Guidelines,0.0286567527800798,Electricity Generation,0.018080586567521,Energy Prices,0.0143402516841888,Electricity Grid,0.0110974740236997,Natural Gas Grid,0.0104215182363986,65723/26,9,Michael Cahill,MICHAEL CAHILL,written,en,"To ask the Minister for Climate, Energy and the Environment to urgently address Ireland's isolation in the context of oil and gas and all aspects of energy demands and expedite the provision of offshore floating windfarms, to secure Ireland’s long-term energy security and eliminate our structural vulnerability to volatile global fossil fuel markets; and if he will make a statement on the matter.",the minister for climate energy and the environment to urgently address ireland s isolation in the context of oil and gas and all aspects of energy demands and expedite the provision of offshore floating windfarms to secure ireland s long-term energy security and eliminate our structural vulnerability to volatile global fossil fuel markets and 65723 26,"Climate, Energy and the Environment",57,59
"10. Deputy Paul Mcauliffe asked the Minister for Climate, Energy and the Environment if he aware of cases whereby people eligible for fuel poverty supports including the better energy warmer homes scheme go through the lengthy application process and are ultimately, on decision, only deemed eligible for minimal upgrading works due building regulations requiring a heating system that they do not have. [65809/26]",,Climate,2026-09-17,0.1937523633241653,Energy Policy,Energy Policy,0.1937523633241653,Energy Conservation,0.1607667952775955,Departmental Schemes,0.1494610011577606,Fuel Poverty,0.1050389558076858,Energy Prices,0.0761793106794357,Environmental Schemes,0.0579366497695446,Waste Management,0.0368664264678955,Environmental Policy,0.0221110079437494,Recycling Policy,0.0208794921636581,Energy Usage,0.019133249297738,65809/26,10,Paul Mcauliffe,PAUL MCAULIFFE,written,en,"To ask the Minister for Climate, Energy and the Environment if he aware of cases whereby people eligible for fuel poverty supports including the better energy warmer homes scheme go through the lengthy application process and are ultimately, on decision, only deemed eligible for minimal upgrading works due building regulations requiring a heating system that they do not have.",the minister for climate energy and the environment if he aware of cases whereby people eligible for fuel poverty supports including the better energy warmer homes scheme go through the lengthy application process and are ultimately on decision only deemed eligible for minimal upgrading works due building regulations requiring a heating system that they do not have 65809 26,"Climate, Energy and the Environment",61,63
"11. Deputy Brian Stanley asked the Minister for Climate, Energy and the Environment the impact of electricity demand for data centres on the public network; and the studies that have been carried out to determine the impact on the householder in terms of additional costs and so on. [65585/26]",,Climate,2026-09-17,0.9437515139579772,Data Centres,Data Centres,0.9437515139579772,Electricity Grid,0.0062243421562016,Energy Policy,0.0047652078792452,Energy Usage,0.0043166819959878,Energy Prices,0.0039784535765647,Energy Infrastructure,0.0028116924222558,Electricity Generation,0.0023607530165463,Information and Communications Technology,0.001845049788244,Renewable Energy Generation,0.0016780444420874,Climate Change Policy,0.0011238952865824,65585/26,11,Brian Stanley,BRIAN STANLEY,written,en,"To ask the Minister for Climate, Energy and the Environment the impact of electricity demand for data centres on the public network; and the studies that have been carried out to determine the impact on the householder in terms of additional costs and so on.",the minister for climate energy and the environment the impact of electricity demand for data centres on the public network and the studies that have been carried out to determine the impact on the householder in terms of additional costs and so on 65585 26,"Climate, Energy and the Environment",65,67
"12. Deputy Jennifer Whitmore asked the Minister for Climate, Energy and the Environment if he is aware of the work being done to introduce high temperature heat pumps in the UK; and if he will consider accelerating the roll out in Ireland. [65221/26]",,Climate,2026-09-17,0.3134718835353851,Energy Conservation,Energy Conservation,0.3134718835353851,Energy Policy,0.2135621309280395,Energy Infrastructure,0.1073330044746398,Environmental Schemes,0.0602864287793636,Energy Prices,0.0513852536678314,Energy Usage,0.02918585203588,Environmental Policy,0.0285774208605289,Departmental Schemes,0.0278497319668531,Renewable Energy Generation,0.0218456573784351,Electricity Generation,0.0164252091199159,65221/26,12,Jennifer Whitmore,JENNIFER WHITMORE,written,en,"To ask the Minister for Climate, Energy and the Environment if he is aware of the work being done to introduce high temperature heat pumps in the UK; and if he will consider accelerating the roll out in Ireland.",the minister for climate energy and the environment if he is aware of the work being done to introduce high temperature heat pumps in the uk and if he will consider accelerating the roll out in ireland 65221 26,"Climate, Energy and the Environment",69,71
"13. Deputy Grace Boland asked the Minister for Climate, Energy and the Environment the actions he has taken following his concerns regarding the level of underspending by the Sustainable Energy Authority of Ireland in 2025, the changes to governance, structures and delivery arrangements that he has sought; and the measures being put in place to ensure that allocated funding is translated into increased delivery of home energy upgrades in 2026 and 2027. [65126/26]",,Climate,2026-09-17,0.5726318955421448,Energy Conservation,Energy Conservation,0.5726318955421448,Environmental Schemes,0.1136058941483497,Departmental Schemes,0.0669808685779571,Energy Policy,0.0510603338479995,Environmental Policy,0.0224892273545265,Renewable Energy Generation,0.0167227871716022,Building Energy Rating,0.0161336697638034,State Bodies,0.0156292673200368,Energy Prices,0.0150735266506671,Departmental Data,0.0125571759417653,65126/26,13,Grace Boland,GRACE BOLAND,written,en,"To ask the Minister for Climate, Energy and the Environment the actions he has taken following his concerns regarding the level of underspending by the Sustainable Energy Authority of Ireland in 2025, the changes to governance, structures and delivery arrangements that he has sought; and the measures being put in place to ensure that allocated funding is translated into increased delivery of home energy upgrades in 2026 and 2027.",the minister for climate energy and the environment the actions he has taken following his concerns regarding the level of underspending by the sustainable energy authority of ireland in 2025 the changes to governance structures and delivery arrangements that he has sought and the measures being put in place to ensure that allocated funding is translated into increased delivery of home energy upgrades in 2026 and 2027 65126 26,"Climate, Energy and the Environment",73,75
"14. Deputy Matt Carthy asked the Minister for Climate, Energy and the Environment if his Department has received any reports from the National Waste Collection Permit Office since March 2025; the issues addressed in any such reports; and if he will make a statement on the matter. [65951/26]",,Climate,2026-09-17,0.8589938282966614,Waste Management,Waste Management,0.8589938282966614,Recycling Policy,0.0531227551400661,Departmental Data,0.0129780163988471,Illegal Dumping,0.0115557070821523,Bord na Móna,0.0089346449822187,Environmental Policy,0.008787615224719,Departmental Schemes,0.0036565216723829,Energy Policy,0.001862788805738,Environmental Schemes,0.0017769533442333,Other,0.0017303609056398,65951/26,14,Matt Carthy,MATT CARTHY,written,en,"To ask the Minister for Climate, Energy and the Environment if his Department has received any reports from the National Waste Collection Permit Office since March 2025; the issues addressed in any such reports; and if he will make a statement on the matter.",the minister for climate energy and the environment if his department has received any reports from the national waste collection permit office since march 2025 the issues addressed in any such reports and 65951 26,"Climate, Energy and the Environment",77,79
"15. Deputy Pa Daly asked the Minister for Climate, Energy and the Environment if he will report on updates to Ireland grid as part of PR6; and if he will make a statement on the matter. [65910/26]",,Climate,2026-09-17,0.3977724909782409,Electricity Grid,Electricity Grid,0.3977724909782409,Electricity Generation,0.2160539478063583,Renewable Energy Generation,0.0845580920577049,Energy Infrastructure,0.08427644520998,Energy Policy,0.047543216496706,Energy Production,0.0239227209240198,Data Centres,0.0200227759778499,Energy Usage,0.0121515691280364,Energy Prices,0.0077967988327145,Energy Conservation,0.00705511495471,65910/26,15,Pa Daly,PA DALY,written,en,"To ask the Minister for Climate, Energy and the Environment if he will report on updates to Ireland grid as part of PR6; and if he will make a statement on the matter.",the minister for climate energy and the environment if he will report on updates to ireland grid as part of pr6 and 65910 26,"Climate, Energy and the Environment",81,83
"16. Deputy Jennifer Whitmore asked the Minister for Climate, Energy and the Environment when he expects to publish the Climate Action Plan 2026; and if he will make a statement on the matter. [65428/26]",,Climate,2026-09-17,0.866326093673706,Climate Action Plan,Climate Action Plan,0.866326093673706,Climate Change Policy,0.0838139727711677,Greenhouse Gas Emissions,0.0071738734841346,Environmental Policy,0.0033830376341938,Cabinet Committees,0.0032206939067691,Departmental Strategies,0.002096569398418,Departmental Data,0.0017161265714094,Departmental Bodies,0.0016883994685485,Departmental Policies,0.0015738093061372,Departmental Consultations,0.0013089037965983,65428/26,16,Jennifer Whitmore,JENNIFER WHITMORE,written,en,"To ask the Minister for Climate, Energy and the Environment when he expects to publish the Climate Action Plan 2026; and if he will make a statement on the matter.",the minister for climate energy and the environment when he expects to publish the climate action plan 2026 and 65428 26,"Climate, Energy and the Environment",85,87
"17. Deputy Paul Mcauliffe asked the Minister for Climate, Energy and the Environment if he is aware of anomalies with the better energy warmer homes scheme whereby people who are experiencing energy poverty and are eligible for upgrades, cannot get works done on their house due to current building regulations and heat loss issues. [65826/26]",,Climate,2026-09-17,0.5550085306167603,Energy Conservation,Energy Conservation,0.5550085306167603,Departmental Schemes,0.2763006687164306,Environmental Schemes,0.0893774405121803,Energy Policy,0.0191892776638269,Building Energy Rating,0.0114665543660521,Energy Prices,0.0058661885559558,Housing Schemes,0.0053477929905056,Renewable Energy Generation,0.0028066013474017,Grant Payments,0.0027535022236406,Environmental Policy,0.0018537318101152,65826/26,17,Paul Mcauliffe,PAUL MCAULIFFE,written,en,"To ask the Minister for Climate, Energy and the Environment if he is aware of anomalies with the better energy warmer homes scheme whereby people who are experiencing energy poverty and are eligible for upgrades, cannot get works done on their house due to current building regulations and heat loss issues.",the minister for climate energy and the environment if he is aware of anomalies with the better energy warmer homes scheme whereby people who are experiencing energy poverty and are eligible for upgrades cannot get works done on their house due to current building regulations and heat loss issues 65826 26,"Climate, Energy and the Environment",89,91
"18. Deputy James Geoghegan asked the Minister for Climate, Energy and the Environment for an update on the national level assessment being conducted by the SEAI centre of excellence, which will provide a report on the potential areas for district heating. [65700/26]",,Climate,2026-09-17,0.2966924607753753,Energy Policy,Energy Policy,0.2966924607753753,Energy Conservation,0.1966184973716735,Energy Infrastructure,0.0896495804190635,Renewable Energy Generation,0.0739789307117462,Environmental Policy,0.0341364480555057,Energy Usage,0.0291888788342475,Environmental Schemes,0.022083269432187,Energy Prices,0.0203617345541715,Electricity Generation,0.0192971676588058,Departmental Data,0.0177374351769685,65700/26,18,James Geoghegan,JAMES GEOGHEGAN,written,en,"To ask the Minister for Climate, Energy and the Environment for an update on the national level assessment being conducted by the SEAI centre of excellence, which will provide a report on the potential areas for district heating.",the minister for climate energy and the environment for an update on the national level assessment being conducted by the seai centre of excellence which will provide a report on the potential areas for district heating 65700 26,"Climate, Energy and the Environment",93,95
"19. Deputy Pa Daly asked the Minister for Climate, Energy and the Environment if he will report on small scale renewable electricity generation; if he is satisfied with progress being made; and if he will make a statement on the matter. [65908/26]",,Climate,2026-09-17,0.938241720199585,Renewable Energy Generation,Renewable Energy Generation,0.938241720199585,Electricity Generation,0.015062553808093,Energy Policy,0.0075480700470507,Wind Energy Generation,0.0067883571609854,Energy Infrastructure,0.0062491069547832,Solar Energy Guidelines,0.0050684576854109,Electricity Grid,0.0029406948015093,Energy Production,0.0024762898683547,Environmental Policy,0.0012750293826684,Environmental Schemes,0.0011624890612438,65908/26,19,Pa Daly,PA DALY,written,en,"To ask the Minister for Climate, Energy and the Environment if he will report on small scale renewable electricity generation; if he is satisfied with progress being made; and if he will make a statement on the matter.",the minister for climate energy and the environment if he will report on small scale renewable electricity generation if he is satisfied with progress being made and 65908 26,"Climate, Energy and the Environment",97,99
"20. Deputy Pa Daly asked the Minister for Climate, Energy and the Environment the measures he is taking to prepare Ireland for increasingly extreme weather; the concrete measures that have been delivered since his time in office; if he is satisfied these are sufficient to withstand potential storms and flooding this winter; and if he will make a statement on the matter. [65907/26]",,Climate,2026-09-17,0.5590330362319946,Weather Events,Weather Events,0.5590330362319946,Emergency Planning,0.0957858934998512,Energy Infrastructure,0.0213840473443269,Climate Change Policy,0.0120096374303102,Environmental Policy,0.0102141099050641,Departmental Schemes,0.0101552018895745,Coastal Protection,0.0090168165042996,Flood Risk Management,0.008377038873732,Other,0.0079162884503602,Departmental Data,0.007642219774425,65907/26,20,Pa Daly,PA DALY,written,en,"To ask the Minister for Climate, Energy and the Environment the measures he is taking to prepare Ireland for increasingly extreme weather; the concrete measures that have been delivered since his time in office; if he is satisfied these are sufficient to withstand potential storms and flooding this winter; and if he will make a statement on the matter.",the minister for climate energy and the environment the measures he is taking to prepare ireland for increasingly extreme weather the concrete measures that have been delivered since his time in office if he is satisfied these are sufficient to withstand potential storms and flooding this winter and 65907 26,"Climate, Energy and the Environment",101,103
"21. Deputy Roderic O'Gorman asked the Minister for Climate, Energy and the Environment for an update on the planned publication of the Climate Action Plan 2026. [65687/26]",,Climate,2026-09-17,0.8720296025276184,Climate Action Plan,Climate Action Plan,0.8720296025276184,Climate Change Policy,0.0756212249398231,Greenhouse Gas Emissions,0.00818957015872,Environmental Policy,0.0037309527397155,Cabinet Committees,0.0031063000205904,Departmental Strategies,0.0021683142986148,Departmental Data,0.0019537529442459,Departmental Bodies,0.0017865314148366,Departmental Policies,0.0014815174508839,Departmental Consultations,0.0012684047687798,65687/26,21,Roderic O'Gorman,RODERIC O'GORMAN,written,en,"To ask the Minister for Climate, Energy and the Environment for an update on the planned publication of the Climate Action Plan 2026.",the minister for climate energy and the environment for an update on the planned publication of the climate action plan 2026 65687 26,"Climate, Energy and the Environment",105,107
"22. Deputy Eoghan Kenny asked the Minister for Climate, Energy and the Environment the measures he and his Department are taking to establish serious offenses for environmental damage, creating personal liability and introducing strict penalties for company directors whose actions harm the environment; and if he will make a statement on the matter. [65642/26]",,Climate,2026-09-17,0.592193067073822,Environmental Policy,Environmental Policy,0.592193067073822,Waste Management,0.0585772097110748,Energy Policy,0.0457051992416381,Recycling Policy,0.0277563370764255,Air Quality,0.0222474317997694,Illegal Dumping,0.0174290426075458,Climate Change Policy,0.0144419092684984,Mining Industry,0.0124201634898781,Greenhouse Gas Emissions,0.0123940799385309,Bord na Móna,0.01091053429991,65642/26,22,Eoghan Kenny,EOGHAN KENNY,written,en,"To ask the Minister for Climate, Energy and the Environment the measures he and his Department are taking to establish serious offenses for environmental damage, creating personal liability and introducing strict penalties for company directors whose actions harm the environment; and if he will make a statement on the matter.",the minister for climate energy and the environment the measures he and his department are taking to establish serious offenses for environmental damage creating personal liability and introducing strict penalties for company directors whose actions harm the environment and 65642 26,"Climate, Energy and the Environment",109,111
"23. Deputy Ciarán Ahern asked the Minister for Climate, Energy and the Environment his response to a recent United Nations Environment Programme report which concluded that global warming is certain to overshoot the 1.5C threshold; if he is satisfied that Ireland has to date made its fair contribution towards limiting global warming; if this Government will now significantly scale up its climate action measures to play our part in limiting the overshoot of the threshold and reach the legally binding targets that we have committed to; and if he will make a statement on the matter. [65978/26]",,Climate,2026-09-17,0.6074277758598328,Climate Change Policy,Climate Change Policy,0.6074277758598328,Climate Action Plan,0.1569740623235702,Sustainable Development Goals,0.0372759141027927,Greenhouse Gas Emissions,0.0270763840526342,Environmental Policy,0.0214330982416868,Energy Policy,0.012495182454586,Just Transition,0.0106548443436622,Fuel Poverty,0.0088511630892753,Departmental Strategies,0.0077182557433843,Departmental Data,0.0049033653922379,65978/26,23,Ciarán Ahern,CIARÁN AHERN,written,en,"To ask the Minister for Climate, Energy and the Environment his response to a recent United Nations Environment Programme report which concluded that global warming is certain to overshoot the 1.5C threshold; if he is satisfied that Ireland has to date made its fair contribution towards limiting global warming; if this Government will now significantly scale up its climate action measures to play our part in limiting the overshoot of the threshold and reach the legally binding targets that we have committed to; and if he will make a statement on the matter.",the minister for climate energy and the environment his response to a recent united nations environment programme report which concluded that global warming is certain to overshoot the 1 5c threshold if he is satisfied that ireland has to date made its fair contribution towards limiting global warming if this government will now significantly scale up its climate action measures to play our part in limiting the overshoot of the threshold and reach the legally binding targets that we have committed to and 65978 26,"Climate, Energy and the Environment",113,115
"24. Deputy Cathy Bennett asked the Minister for Climate, Energy and the Environment his proposals to support consumers financially burdened by rising energy prices. [65973/26]",,Climate,2026-09-17,0.905863344669342,Energy Prices,Energy Prices,0.905863344669342,Energy Policy,0.0492319501936435,Energy Usage,0.0078493980690836,Fuel Prices,0.0033397483639419,Departmental Schemes,0.0026934859342873,Energy Conservation,0.0024693585000932,Business Supports,0.0024049687199294,Departmental Data,0.0017494566272944,Fuel Poverty,0.0017215595580637,Electricity Grid,0.0015778773231431,65973/26,24,Cathy Bennett,CATHY BENNETT,written,en,"To ask the Minister for Climate, Energy and the Environment his proposals to support consumers financially burdened by rising energy prices.",the minister for climate energy and the environment his proposals to support consumers financially burdened by rising energy prices 65973 26,"Climate, Energy and the Environment",117,119
"25. Deputy Shane Moynihan asked the Minister for Climate, Energy and the Environment whether consideration is being given to the introduction of a boiler replacement or scrappage scheme for households that do not qualify for assistance under the SEAI warmer homes scheme; the supports currently available to assist such households in replacing older, inefficient and high-emission heating systems; and if he will make a statement on the matter. [65967/26]",,Climate,2026-09-17,0.5591086745262146,Energy Conservation,Energy Conservation,0.5591086745262146,Departmental Schemes,0.2519905865192413,Environmental Schemes,0.1211802437901496,Energy Policy,0.0113783190026879,Building Energy Rating,0.0102778319269418,Renewable Energy Generation,0.005122291855514,Grant Payments,0.0051026819273829,Housing Schemes,0.0030229436233639,Environmental Policy,0.0029502783436328,Energy Infrastructure,0.0018281600205227,65967/26,25,Shane Moynihan,SHANE MOYNIHAN,written,en,"To ask the Minister for Climate, Energy and the Environment whether consideration is being given to the introduction of a boiler replacement or scrappage scheme for households that do not qualify for assistance under the SEAI warmer homes scheme; the supports currently available to assist such households in replacing older, inefficient and high-emission heating systems; and if he will make a statement on the matter.",the minister for climate energy and the environment whether consideration is being given to the introduction of a boiler replacement or scrappage scheme for households that do not qualify for assistance under the seai warmer homes scheme the supports currently available to assist such households in replacing older inefficient and high-emission heating systems and 65967 26,"Climate, Energy and the Environment",121,123
"26. Deputy Mairéad Farrell asked the Minister for Climate, Energy and the Environment if he has engaged with the Minister for Housing, Local Government and Heritage regarding developing guidelines for solar farms. [65912/26]",,Climate,2026-09-17,0.751760721206665,Renewable Energy Generation,Renewable Energy Generation,0.751760721206665,Solar Energy Guidelines,0.1269129663705825,Electricity Generation,0.019075408577919,Energy Policy,0.0092984708026051,Energy Infrastructure,0.008450056426227,Wind Energy Generation,0.0070196944288909,Departmental Schemes,0.0067948182113468,Environmental Schemes,0.0064006750471889,Environmental Policy,0.0062006451189517,Agriculture Schemes,0.0050101368688046,65912/26,26,Mairéad Farrell,MAIRÉAD FARRELL,written,en,"To ask the Minister for Climate, Energy and the Environment if he has engaged with the Minister for Housing, Local Government and Heritage regarding developing guidelines for solar farms.",the minister for climate energy and the environment if he has engaged with the minister for housing local government and heritage regarding developing guidelines for solar farms 65912 26,"Climate, Energy and the Environment",125,127
"27. Deputy Paul Lawless asked the Minister for Climate, Energy and the Environment the total amount of funding transferred from the NORA levy to the Climate Action Fund (CAF) in each of the years from 2020 to 2025; the projected transfer for 2026; the total annual expenditure drawn down from CAF over the same period; the current unspent balance remaining in the fund’s account; and if he will make a statement on the matter. [64909/26]",,Climate,2026-09-17,0.2239608168601989,Departmental Data,Departmental Data,0.2239608168601989,Departmental Funding,0.180517241358757,Climate Change Policy,0.1649011075496673,Departmental Expenditure,0.0694200843572616,Climate Action Plan,0.0576334930956363,Greenhouse Gas Emissions,0.0357115715742111,Environmental Policy,0.031456209719181,Departmental Budgets,0.0206040255725383,Departmental Bodies,0.0167059265077114,EU Funding,0.0163229405879974,64909/26,27,Paul Lawless,PAUL LAWLESS,written,en,"To ask the Minister for Climate, Energy and the Environment the total amount of funding transferred from the NORA levy to the Climate Action Fund (CAF) in each of the years from 2020 to 2025; the projected transfer for 2026; the total annual expenditure drawn down from CAF over the same period; the current unspent balance remaining in the fund’s account; and if he will make a statement on the matter.",the minister for climate energy and the environment the total amount of funding transferred from the nora levy to the climate action fund caf in each of the years from 2020 to 2025 the projected transfer for 2026 the total annual expenditure drawn down from caf over the same period the current unspent balance remaining in the fund s account and 64909 26,"Climate, Energy and the Environment",129,131
"28. Deputy Jennifer Whitmore asked the Minister for Climate, Energy and the Environment if he will commission a report into the number of data centres that the Irish energy grid and water networks can handle; and if he will make a statement on the matter. [65430/26]",,Climate,2026-09-17,0.93615460395813,Data Centres,Data Centres,0.93615460395813,Energy Policy,0.0083484398201107,Electricity Grid,0.0059703956358134,Energy Infrastructure,0.0047273002564907,Renewable Energy Generation,0.0038025882095098,Energy Usage,0.0036164398770779,Information and Communications Technology,0.0028040760662406,Electricity Generation,0.0024719948414713,Energy Prices,0.0019950976129621,Climate Change Policy,0.001415304839611,65430/26,28,Jennifer Whitmore,JENNIFER WHITMORE,written,en,"To ask the Minister for Climate, Energy and the Environment if he will commission a report into the number of data centres that the Irish energy grid and water networks can handle; and if he will make a statement on the matter.",the minister for climate energy and the environment if he will commission a report into the number of data centres that the irish energy grid and water networks can handle and 65430 26,"Climate, Energy and the Environment",133,135
"29. Deputy Grace Boland asked the Minister for Climate, Energy and the Environment the measures being taken to reduce waiting times under the warmer homes scheme; the target waiting time for applicants by the end of 2026 and 2027; and whether additional delivery capacity will be put in place to ensure increased funding results in a corresponding increase in completed home energy upgrades. [65127/26]",,Climate,2026-09-17,0.5520709156990051,Energy Conservation,Energy Conservation,0.5520709156990051,Departmental Schemes,0.2927474975585937,Environmental Schemes,0.1004768386483192,Building Energy Rating,0.0103516979143023,Energy Policy,0.006775657646358,Housing Schemes,0.0038808861281722,Renewable Energy Generation,0.0038504553958773,Grant Payments,0.0035665968898683,Departmental Data,0.003405342111364,Environmental Policy,0.0022918051108717,65127/26,29,Grace Boland,GRACE BOLAND,written,en,"To ask the Minister for Climate, Energy and the Environment the measures being taken to reduce waiting times under the warmer homes scheme; the target waiting time for applicants by the end of 2026 and 2027; and whether additional delivery capacity will be put in place to ensure increased funding results in a corresponding increase in completed home energy upgrades.",the minister for climate energy and the environment the measures being taken to reduce waiting times under the warmer homes scheme the target waiting time for applicants by the end of 2026 and 2027 and whether additional delivery capacity will be put in place to ensure increased funding results in a corresponding increase in completed home energy upgrades 65127 26,"Climate, Energy and the Environment",137,139
"30. Deputy Albert Dolan asked the Minister for Climate, Energy and the Environment the measures his Department is taking to ensure that local communities are provided with clear, accessible and comprehensive information regarding large-scale renewable energy developments, including solar farms, battery energy storage systems and associated grid infrastructure. [64931/26]",,Climate,2026-09-17,0.9091103672981262,Renewable Energy Generation,Renewable Energy Generation,0.9091103672981262,Electricity Generation,0.015550366602838,Energy Policy,0.0139926020056009,Wind Energy Generation,0.0134740695357322,Energy Infrastructure,0.0110641783103346,Solar Energy Guidelines,0.0064887278713285,Electricity Grid,0.0032901295926421,Energy Conservation,0.0031447885558009,Energy Production,0.0030030338093638,Environmental Policy,0.0029373783618211,64931/26,30,Albert Dolan,ALBERT DOLAN,written,en,"To ask the Minister for Climate, Energy and the Environment the measures his Department is taking to ensure that local communities are provided with clear, accessible and comprehensive information regarding large-scale renewable energy developments, including solar farms, battery energy storage systems and associated grid infrastructure.",the minister for climate energy and the environment the measures his department is taking to ensure that local communities are provided with clear accessible and comprehensive information regarding large-scale renewable energy developments including solar farms battery energy storage systems and associated grid infrastructure 64931 26,"Climate, Energy and the Environment",141,143
"31. Deputy Séamus Mcgrath asked the Minister for Climate, Energy and the Environment if he will expand the role of the Commission for Regulation of Utilities to regulate retail consumer energy prices. [65840/26]",,Climate,2026-09-17,0.8614517450332642,Energy Prices,Energy Prices,0.8614517450332642,Energy Policy,0.0710318759083747,Energy Usage,0.0121578099206089,Departmental Schemes,0.005357411224395,Energy Conservation,0.0041525224223732,Business Supports,0.0036669545806944,Fuel Prices,0.0031638026703149,Electricity Grid,0.0023585292510688,Departmental Data,0.0022042312193661,Energy Infrastructure,0.001915551489219,65840/26,31,Séamus Mcgrath,SÉAMUS MCGRATH,written,en,"To ask the Minister for Climate, Energy and the Environment if he will expand the role of the Commission for Regulation of Utilities to regulate retail consumer energy prices.",the minister for climate energy and the environment if he will expand the role of the commission for regulation of utilities to regulate retail consumer energy prices 65840 26,"Climate, Energy and the Environment",145,147
"32. Deputy Louis O'Hara asked the Minister for Climate, Energy and the Environment the input his Department has had into the development of wind energy development guidelines as initiated by the Department for Housing; Local Government and Heritage. [64891/26]",,Climate,2026-09-17,0.4441234469413757,Wind Energy Generation,Wind Energy Generation,0.4441234469413757,Wind Energy Guidelines,0.4395796954631805,Renewable Energy Generation,0.0436778776347637,Energy Policy,0.0215717442333698,Environmental Policy,0.0055245971307158,Energy Infrastructure,0.0042016776278615,Planning Issues,0.00267263664864,Energy Production,0.0017663785256445,Departmental Data,0.0014943741261959,Offshore Renewable Energy Development Plan,0.0014098358806222,64891/26,32,Louis O'Hara,LOUIS O'HARA,written,en,"To ask the Minister for Climate, Energy and the Environment the input his Department has had into the development of wind energy development guidelines as initiated by the Department for Housing; Local Government and Heritage.",the minister for climate energy and the environment the input his department has had into the development of wind energy development guidelines as initiated by the department for housing local government and heritage 64891 26,"Climate, Energy and the Environment",149,151
"33. Deputy Brendan Smith asked the Minister for Climate, Energy and the Environment the up-to-date position in relation to the implementation of additional legislative measures to protect electricity transmission lines and enable the establishment of forestry corridors; and if he will make a statement on the matter. [65863/26]",,Climate,2026-09-17,0.1945846825838089,Electricity Generation,Electricity Generation,0.1945846825838089,Electricity Grid,0.1572441756725311,Energy Policy,0.1506808549165725,Energy Infrastructure,0.118971049785614,Renewable Energy Generation,0.0622272975742816,Energy Production,0.0389368534088134,Telecommunications Infrastructure,0.0257422607392072,Energy Usage,0.0249881036579608,Telecommunications Services,0.0148503044620156,North-South Interconnector,0.0145717775449156,65863/26,33,Brendan Smith,BRENDAN SMITH,written,en,"To ask the Minister for Climate, Energy and the Environment the up-to-date position in relation to the implementation of additional legislative measures to protect electricity transmission lines and enable the establishment of forestry corridors; and if he will make a statement on the matter.",the minister for climate energy and the environment the up-to-date position the implementation of additional legislative measures to protect electricity transmission lines and enable the establishment of forestry corridors and 65863 26,"Climate, Energy and the Environment",153,155
"34. Deputy Naoise Ó Muirí asked the Minister for Climate, Energy and the Environment the actions being taken to address delays in the development of offshore wind energy projects; the reasons a number of projects remain behind schedule; the impact these delays will have on the achievement of Ireland's offshore renewable energy targets; and if he will make a statement on the matter. [65767/26]",,Climate,2026-09-17,0.7439837455749512,Wind Energy Generation,Wind Energy Generation,0.7439837455749512,Renewable Energy Generation,0.0999916791915893,Wind Energy Guidelines,0.0775301307439804,Energy Policy,0.012620317749679,Energy Infrastructure,0.0097081763669848,Energy Production,0.0055769118480384,Electricity Generation,0.0030650342814624,Electricity Grid,0.0030489703640341,Environmental Policy,0.0029501372482627,Offshore Renewable Energy Development Plan,0.0027323625981807,65767/26,34,Naoise Ó Muirí,NAOISE Ó MUIRÍ,written,en,"To ask the Minister for Climate, Energy and the Environment the actions being taken to address delays in the development of offshore wind energy projects; the reasons a number of projects remain behind schedule; the impact these delays will have on the achievement of Ireland's offshore renewable energy targets; and if he will make a statement on the matter.",the minister for climate energy and the environment the actions being taken to address delays in the development of offshore wind energy projects the reasons a number of projects remain behind schedule the impact these delays will have on the achievement of ireland s offshore renewable energy targets and 65767 26,"Climate, Energy and the Environment",157,159
"35. Deputy Edward Timmins asked the Minister for Climate, Energy and the Environment the measures that are being taken to reduce household electricity bills. [65958/26]",,Climate,2026-09-17,0.8849818110466003,Energy Prices,Energy Prices,0.8849818110466003,Energy Policy,0.0303497035056352,Electricity Grid,0.0141451200470328,Energy Usage,0.0133991381153464,Departmental Schemes,0.0058790631592273,Electricity Generation,0.0051793563179671,Fuel Prices,0.0033155465498566,Energy Conservation,0.0030662259086966,Fuel Poverty,0.0030597075819969,Electricity Supply Board,0.0018890687497332,65958/26,35,Edward Timmins,EDWARD TIMMINS,written,en,"To ask the Minister for Climate, Energy and the Environment the measures that are being taken to reduce household electricity bills.",the minister for climate energy and the environment the measures that are being taken to reduce household electricity bills 65958 26,"Climate, Energy and the Environment",161,163
"36. Deputy James Geoghegan asked the Minister for Climate, Energy and the Environment if he will provide an update on the general scheme of the Private Wires Bill 2025; and when he expects legislation to be introduced. [65701/26]",,Climate,2026-09-17,0.3844901621341705,Legislative Measures,Legislative Measures,0.3844901621341705,Legislative Process,0.1670299768447876,Legislative Programme,0.1082894876599311,Energy Policy,0.0825386568903923,Energy Prices,0.0179766044020652,Proposed Legislation,0.0160574074834585,Departmental Schemes,0.0135830007493495,EU Directives,0.0124059729278087,Environmental Policy,0.0105346329510211,Electricity Generation,0.0098913619294762,65701/26,36,James Geoghegan,JAMES GEOGHEGAN,written,en,"To ask the Minister for Climate, Energy and the Environment if he will provide an update on the general scheme of the Private Wires Bill 2025; and when he expects legislation to be introduced.",the minister for climate energy and the environment if he will provide an update on the general scheme of the private wires bill 2025 and when he expects legislation to be introduced 65701 26,"Climate, Energy and the Environment",165,167
"37. Deputy Louis O'Hara asked the Minister for Climate, Energy and the Environment the measures his Department is taking to improve energy affordability. [64895/26]",,Climate,2026-09-17,0.7490784525871277,Energy Prices,Energy Prices,0.7490784525871277,Energy Policy,0.1819291412830352,Energy Conservation,0.0175495631992816,Energy Usage,0.0100404238328337,Departmental Schemes,0.004876596853137,Environmental Schemes,0.0033828406594693,Energy Infrastructure,0.003347061574459,Business Supports,0.0018662243383005,Electricity Grid,0.0018298631766811,Fuel Poverty,0.0017107130261138,64895/26,37,Louis O'Hara,LOUIS O'HARA,written,en,"To ask the Minister for Climate, Energy and the Environment the measures his Department is taking to improve energy affordability.",the minister for climate energy and the environment the measures his department is taking to improve energy affordability 64895 26,"Climate, Energy and the Environment",169,171
"38. Deputy Albert Dolan asked the Minister for Climate, Energy and the Environment the national framework governing the development and operation of battery energy storage systems; and whether he plans to review current guidance relating to safety standards and emergency response procedures. [64932/26]",,Climate,2026-09-17,0.4118105173110962,Energy Policy,Energy Policy,0.4118105173110962,Energy Infrastructure,0.3203201293945312,Renewable Energy Generation,0.035751037299633,Electricity Generation,0.033020369708538,Electricity Grid,0.0283163897693157,Energy Usage,0.0179880000650882,Natural Gas Grid,0.0162909235805273,Energy Production,0.0154237244278192,Environmental Policy,0.0141005897894501,Energy Conservation,0.00893428735435,64932/26,38,Albert Dolan,ALBERT DOLAN,written,en,"To ask the Minister for Climate, Energy and the Environment the national framework governing the development and operation of battery energy storage systems; and whether he plans to review current guidance relating to safety standards and emergency response procedures.",the minister for climate energy and the environment the national framework governing the development and operation of battery energy storage systems and whether he plans to review current guidance relating to safety standards and emergency response procedures 64932 26,"Climate, Energy and the Environment",173,175
"39. Deputy Pádraig O'Sullivan asked the Minister for Climate, Energy and the Environment his Department's assessment of the outlook for household electricity and gas prices over winter 2026–2027, in view of continuing disruption to LNG supply through the Strait of Hormuz; the contingency measures in place to protect households at risk of energy poverty; and the engagement he has had with the Commission for Regulation of Utilities on customer protections for the coming winter. [65859/26]",,Climate,2026-09-17,0.7743368148803711,Energy Prices,Energy Prices,0.7743368148803711,Energy Policy,0.1093011274933815,Energy Usage,0.0231836009770631,Electricity Grid,0.0160870514810085,Electricity Generation,0.0073601501062512,Fuel Poverty,0.0069816708564758,Energy Infrastructure,0.0066142589785158,Fuel Prices,0.0061290990561246,Energy Production,0.0033270083367824,Electricity Supply Board,0.0030733286403119,65859/26,39,Pádraig O'Sullivan,PÁDRAIG O'SULLIVAN,written,en,"To ask the Minister for Climate, Energy and the Environment his Department's assessment of the outlook for household electricity and gas prices over winter 2026–2027, in view of continuing disruption to LNG supply through the Strait of Hormuz; the contingency measures in place to protect households at risk of energy poverty; and the engagement he has had with the Commission for Regulation of Utilities on customer protections for the coming winter.",the minister for climate energy and the environment his department s assessment of the outlook for household electricity and gas prices over winter 2026 2027 in view of continuing disruption to lng supply through the strait of hormuz the contingency measures in place to protect households at risk of energy poverty and the engagement he has had with the commission for regulation of utilities on customer protections for the coming winter 65859 26,"Climate, Energy and the Environment",177,179
"40. Deputy Naoise Ó Cearúil asked the Minister for Climate, Energy and the Environment the measures being taken to ensure that investment in electricity generation and grid infrastructure keeps pace with growing demand from households, businesses and large energy users. [65913/26]",,Climate,2026-09-17,0.3112294673919678,Electricity Grid,Electricity Grid,0.3112294673919678,Electricity Generation,0.2445580810308456,Energy Policy,0.1296147406101226,Energy Infrastructure,0.0812959596514701,Energy Prices,0.0534491389989852,Renewable Energy Generation,0.0387078374624252,Energy Production,0.0316156931221485,Energy Usage,0.0213436838239431,Data Centres,0.0099014863371849,Energy Conservation,0.0057852924801409,65913/26,40,Naoise Ó Cearúil,NAOISE Ó CEARÚIL,written,en,"To ask the Minister for Climate, Energy and the Environment the measures being taken to ensure that investment in electricity generation and grid infrastructure keeps pace with growing demand from households, businesses and large energy users.",the minister for climate energy and the environment the measures being taken to ensure that investment in electricity generation and grid infrastructure keeps pace with growing demand from households businesses and large energy users 65913 26,"Climate, Energy and the Environment",181,183
"41. Deputy Peter Roche asked the Minister for Climate, Energy and the Environment the input his Department has had into the development of the revised Wind Energy Guidelines. [65691/26]",,Climate,2026-09-17,0.4905142486095428,Wind Energy Generation,Wind Energy Generation,0.4905142486095428,Wind Energy Guidelines,0.3497426509857178,Renewable Energy Generation,0.0718323066830635,Energy Policy,0.0281199477612972,Environmental Policy,0.0062833344563841,Energy Infrastructure,0.0042799608781933,Planning Issues,0.0026709467638283,Departmental Data,0.0023636461701244,Departmental Schemes,0.0019579865038394,Electricity Generation,0.0015934419352561,65691/26,41,Peter Roche,PETER ROCHE,written,en,"To ask the Minister for Climate, Energy and the Environment the input his Department has had into the development of the revised Wind Energy Guidelines.",the minister for climate energy and the environment the input his department has had into the development of the revised wind energy guidelines 65691 26,"Climate, Energy and the Environment",185,187
"42. Deputy Ruairí Ó Murchú asked the Minister for Climate, Energy and the Environment to outline the plans, to 2030, for the development of district and communal heating systems. [65853/26]",,Climate,2026-09-17,0.6281992793083191,Energy Policy,Energy Policy,0.6281992793083191,Energy Infrastructure,0.1526172161102295,Energy Prices,0.0405436009168624,Renewable Energy Generation,0.0264580529183149,Energy Usage,0.0240356102585792,Electricity Generation,0.023032808676362,Energy Production,0.0169072784483432,Electricity Grid,0.0145336771383881,Energy Conservation,0.0110111758112907,Environmental Policy,0.0069189593195915,65853/26,42,Ruairí Ó Murchú,RUAIRÍ Ó MURCHÚ,written,en,"To ask the Minister for Climate, Energy and the Environment to outline the plans, to 2030, for the development of district and communal heating systems.",the minister for climate energy and the environment the plans to 2030 for the development of district and communal heating systems 65853 26,"Climate, Energy and the Environment",189,191
"43. Deputy John Clendennen asked the Minister for Climate, Energy and the Environment his plans to address the particular challenges associated with decarbonising rural homes that remain dependent on oil (kerosene) and other fossil fuels for heating; and whether his Department is developing a transitional pathway for households for which immediate installation of a heat pump and associated retrofit works may not be technically or financially feasible. [65877/26]",,Climate,2026-09-17,0.425291508436203,Energy Policy,Energy Policy,0.425291508436203,Energy Conservation,0.1783792078495025,Energy Infrastructure,0.0746324062347412,Energy Prices,0.0494922250509262,Environmental Schemes,0.0489790402352809,Electricity Generation,0.0287485253065824,Renewable Energy Generation,0.0265162698924541,Energy Usage,0.0229581110179424,Environmental Policy,0.0180392321199178,Energy Production,0.0180322583764791,65877/26,43,John Clendennen,JOHN CLENDENNEN,written,en,"To ask the Minister for Climate, Energy and the Environment his plans to address the particular challenges associated with decarbonising rural homes that remain dependent on oil (kerosene) and other fossil fuels for heating; and whether his Department is developing a transitional pathway for households for which immediate installation of a heat pump and associated retrofit works may not be technically or financially feasible.",the minister for climate energy and the environment his plans to address the particular challenges associated with decarbonising rural homes that remain dependent on oil kerosene and other fossil fuels for heating and whether his department is developing a transitional pathway for households for which immediate installation of a heat pump and associated retrofit works may not be technically or financially feasible 65877 26,"Climate, Energy and the Environment",193,195
"44. Deputy Pádraig O'Sullivan asked the Minister for Climate, Energy and the Environment the schemes under his Department's remit funded from carbon tax receipts, including home energy upgrade grants, and the 2026 allocation to each; the estimated impact on those schemes of the deferral of the scheduled carbon tax increase from 1 May to 14 October 2026, and of any further deferral; and the way in which a resulting shortfall will be met. [65860/26]",,Climate,2026-09-17,0.333486407995224,Departmental Schemes,Departmental Schemes,0.333486407995224,Environmental Schemes,0.0846061706542968,Climate Action Plan,0.0595198422670364,Departmental Data,0.0526664555072784,Climate Change Policy,0.0498178899288177,Greenhouse Gas Emissions,0.0380685664713382,Departmental Expenditure,0.0336152650415897,Energy Conservation,0.0312385726720094,Departmental Funding,0.0289198160171508,Departmental Budgets,0.0213876515626907,65860/26,44,Pádraig O'Sullivan,PÁDRAIG O'SULLIVAN,written,en,"To ask the Minister for Climate, Energy and the Environment the schemes under his Department's remit funded from carbon tax receipts, including home energy upgrade grants, and the 2026 allocation to each; the estimated impact on those schemes of the deferral of the scheduled carbon tax increase from 1 May to 14 October 2026, and of any further deferral; and the way in which a resulting shortfall will be met.",the minister for climate energy and the environment the schemes under his department s remit funded from carbon tax receipts including home energy upgrade grants and the 2026 allocation to each the estimated impact on those schemes of the deferral of the scheduled carbon tax increase from 1 may to 14 october 2026 and of any further deferral and the way in which a resulting shortfall will be met 65860 26,"Climate, Energy and the Environment",197,199
"45. Deputy Ciarán Ahern asked the Minister for Climate, Energy and the Environment for an update on the status of the Climate Action Plan 2026; and if he will make a statement on the matter. [65972/26]",,Climate,2026-09-17,0.8724951148033142,Climate Action Plan,Climate Action Plan,0.8724951148033142,Climate Change Policy,0.075535848736763,Greenhouse Gas Emissions,0.008565803989768,Environmental Policy,0.0040258420631289,Cabinet Committees,0.0026764541398733,Departmental Strategies,0.0022437765728682,Departmental Policies,0.0016969749704003,Departmental Bodies,0.0015813700156286,Departmental Data,0.0015321156242862,Departmental Programmes,0.001202757237479,65972/26,45,Ciarán Ahern,CIARÁN AHERN,written,en,"To ask the Minister for Climate, Energy and the Environment for an update on the status of the Climate Action Plan 2026; and if he will make a statement on the matter.",the minister for climate energy and the environment for an update on the status of the climate action plan 2026 and 65972 26,"Climate, Energy and the Environment",201,203
"46. Deputy Matt Carthy asked the Minister for Climate, Energy and the Environment if he, or his senior officials, have had any meetings with National Waste Collection Permit Office since March 2025; the issues discussed at any such meeting; and if he will make a statement on the matter. [65950/26]",,Climate,2026-09-17,0.864754319190979,Waste Management,Waste Management,0.864754319190979,Recycling Policy,0.0389002002775669,Environmental Policy,0.0186627749353647,Bord na Móna,0.0101785156875848,Departmental Data,0.0092152962461113,Illegal Dumping,0.0075512113980948,Energy Policy,0.003210132708773,State Bodies,0.0026138657703995,Other,0.0023118895478546,Departmental Schemes,0.0021545398049056,65950/26,46,Matt Carthy,MATT CARTHY,written,en,"To ask the Minister for Climate, Energy and the Environment if he, or his senior officials, have had any meetings with National Waste Collection Permit Office since March 2025; the issues discussed at any such meeting; and if he will make a statement on the matter.",the minister for climate energy and the environment if he or his senior officials have had any meetings with national waste collection permit office since march 2025 the issues discussed at any such meeting and 65950 26,"Climate, Energy and the Environment",205,207
"47. Deputy John Clendennen asked the Minister for Climate, Energy and the Environment the role he envisages for sustainable bio-liquids, renewable liquid fuels and other lower carbon heating solutions in reducing emissions from rural homes during their transition away from fossil fuel heating; and whether such fuel options could provide an interim decarbonisation pathway for such households. [65878/26]",,Climate,2026-09-17,0.2430615723133087,Energy Policy,Energy Policy,0.2430615723133087,Greenhouse Gas Emissions,0.2355898469686508,Climate Change Policy,0.1058695763349533,Environmental Policy,0.0971647426486015,Renewable Energy Generation,0.0705149471759796,Energy Infrastructure,0.0368834733963012,Climate Action Plan,0.0363151095807552,Electricity Generation,0.0243093501776456,Energy Prices,0.0178074706345796,Energy Usage,0.0169850401580333,65878/26,47,John Clendennen,JOHN CLENDENNEN,written,en,"To ask the Minister for Climate, Energy and the Environment the role he envisages for sustainable bio-liquids, renewable liquid fuels and other lower carbon heating solutions in reducing emissions from rural homes during their transition away from fossil fuel heating; and whether such fuel options could provide an interim decarbonisation pathway for such households.",the minister for climate energy and the environment the role he envisages for sustainable bio-liquids renewable liquid fuels and other lower carbon heating solutions in reducing emissions from rural homes during their transition away from fossil fuel heating and whether such fuel options could provide an interim decarbonisation pathway for such households 65878 26,"Climate, Energy and the Environment",209,211
"48. Deputy Darren O'Rourke asked the Minister for Climate, Energy and the Environment the measures he is taking to reduce the cost of electricity to households. [64789/26]",,Climate,2026-09-17,0.855097234249115,Energy Prices,Energy Prices,0.855097234249115,Energy Policy,0.0383925102651119,Electricity Grid,0.0301833506673574,Energy Usage,0.0149878859519958,Electricity Generation,0.0121559146791696,Departmental Schemes,0.0044163232669234,Energy Infrastructure,0.0042108069173991,Energy Conservation,0.0029824937228113,Energy Production,0.0026979260146617,Fuel Poverty,0.0022584246471524,64789/26,48,Darren O'Rourke,DARREN O'ROURKE,written,en,"To ask the Minister for Climate, Energy and the Environment the measures he is taking to reduce the cost of electricity to households.",the minister for climate energy and the environment the measures he is taking to reduce the cost of electricity to households 64789 26,"Climate, Energy and the Environment",213,215
"49. Deputy Cathy Bennett asked the Minister for Climate, Energy and the Environment the current number of consumers in arrears regarding electricity bills; and the cadence at which such data is reported to Government. [65975/26]",,Climate,2026-09-17,0.8725430369377136,Energy Prices,Energy Prices,0.8725430369377136,Energy Policy,0.0170979630202054,Energy Usage,0.0168833006173372,Electricity Grid,0.013746921904385,Departmental Data,0.0119113018736243,Departmental Schemes,0.0059955706819891,Fuel Prices,0.0041140592657029,Electricity Generation,0.0030636079609394,Electric Vehicles,0.0030054813250899,Cost of Living Issues,0.0026261529419571,65975/26,49,Cathy Bennett,CATHY BENNETT,written,en,"To ask the Minister for Climate, Energy and the Environment the current number of consumers in arrears regarding electricity bills; and the cadence at which such data is reported to Government.",the minister for climate energy and the environment the current number of consumers in arrears regarding electricity bills and the cadence at which such data is reported to government 65975 26,"Climate, Energy and the Environment",217,219
"50. Deputy Ruairí Ó Murchú asked the Minister for Climate, Energy and the Environment the steps that are being taken to reduce the applications backlog in the warmer homes scheme. [65851/26]",,Climate,2026-09-17,0.5028645396232605,Energy Conservation,Energy Conservation,0.5028645396232605,Departmental Schemes,0.3372274935245514,Environmental Schemes,0.1070394814014434,Building Energy Rating,0.0085203358903527,Energy Policy,0.0069341915659606,Grant Payments,0.00476640695706,Renewable Energy Generation,0.004099934361875,Housing Schemes,0.0038142527919262,Departmental Data,0.0026148471515625,Environmental Policy,0.0020891989115625,65851/26,50,Ruairí Ó Murchú,RUAIRÍ Ó MURCHÚ,written,en,"To ask the Minister for Climate, Energy and the Environment the steps that are being taken to reduce the applications backlog in the warmer homes scheme.",the minister for climate energy and the environment the steps that are being taken to reduce the applications backlog in the warmer homes scheme 65851 26,"Climate, Energy and the Environment",221,223
"51. Deputy Naoise Ó Cearúil asked the Minister for Climate, Energy and the Environment the progress made in implementing the requirement that new data centre developments match at least 80% of their electricity demand with new renewable generation. [65914/26]",,Climate,2026-09-17,0.8378270268440247,Data Centres,Data Centres,0.8378270268440247,Energy Policy,0.0231576859951019,Electricity Grid,0.0226536002010107,Renewable Energy Generation,0.0199034642428159,Energy Infrastructure,0.0181427393108606,Electricity Generation,0.0129900202155113,Energy Usage,0.0084215970709919,Energy Prices,0.0055750906467437,Energy Production,0.0030412122141569,Energy Conservation,0.0028611968737095,65914/26,51,Naoise Ó Cearúil,NAOISE Ó CEARÚIL,written,en,"To ask the Minister for Climate, Energy and the Environment the progress made in implementing the requirement that new data centre developments match at least 80% of their electricity demand with new renewable generation.",the minister for climate energy and the environment the progress made in implementing the requirement that new data centre developments match at least 80 of their electricity demand with new renewable generation 65914 26,"Climate, Energy and the Environment",225,227
"52. Deputy Pa Daly asked the Minister for Climate, Energy and the Environment if he will report on progress to deliver offshore wind; the earliest date a project will commence construction; the projects and work he anticipates will have been delivered by 2030; and if he will make a statement on the matter. [65905/26]",,Climate,2026-09-17,0.7462056875228882,Wind Energy Generation,Wind Energy Generation,0.7462056875228882,Renewable Energy Generation,0.1350353360176086,Wind Energy Guidelines,0.0424286723136901,Energy Infrastructure,0.0103310523554682,Energy Policy,0.009358650073409,Energy Production,0.0064426655881106,Electricity Grid,0.0037155661266297,Electricity Generation,0.0036631405819207,Environmental Policy,0.0025617987848818,Offshore Renewable Energy Development Plan,0.0022971755824983,65905/26,52,Pa Daly,PA DALY,written,en,"To ask the Minister for Climate, Energy and the Environment if he will report on progress to deliver offshore wind; the earliest date a project will commence construction; the projects and work he anticipates will have been delivered by 2030; and if he will make a statement on the matter.",the minister for climate energy and the environment if he will report on progress to deliver offshore wind the earliest date a project will commence construction the projects and work he anticipates will have been delivered by 2030 and 65905 26,"Climate, Energy and the Environment",229,231
"53. Deputy Brendan Smith asked the Minister for Climate, Energy and the Environment if it is proposed to implement additional measures that would assist in the reduction of littering in public places and along roads throughout the country; and if he will make a statement on the matter. [65864/26]",,Climate,2026-09-17,0.3547123968601227,Litter Pollution,Litter Pollution,0.3547123968601227,Waste Management,0.0883331149816513,Illegal Dumping,0.0701449513435363,Recycling Policy,0.0323349647223949,Environmental Policy,0.0276460479944944,Other,0.0156634412705898,Departmental Data,0.0146005162969231,Water Pollution,0.012659871019423,Departmental Schemes,0.0098425280302762,Turf Cutting,0.0089679267257452,65864/26,53,Brendan Smith,BRENDAN SMITH,written,en,"To ask the Minister for Climate, Energy and the Environment if it is proposed to implement additional measures that would assist in the reduction of littering in public places and along roads throughout the country; and if he will make a statement on the matter.",the minister for climate energy and the environment if it is proposed to implement additional measures that would assist in the reduction of littering in public places and along roads throughout the country and 65864 26,"Climate, Energy and the Environment",233,235
"54. Deputy Richard Boyd Barrett asked the Minister for Climate, Energy and the Environment if he has read a report (details supplied); and to outline his plans to deal with the increased costs of electricity for households as a result of data centre usage. [65815/26]",,Climate,2026-09-17,0.7624831795692444,Data Centres,Data Centres,0.7624831795692444,Energy Prices,0.0561926364898681,Electricity Grid,0.0374150723218917,Energy Policy,0.0312504358589649,Energy Usage,0.0159874092787504,Electricity Generation,0.0140071092173457,Energy Infrastructure,0.0113278655335307,Renewable Energy Generation,0.0077899880707263,Electricity Supply Board,0.0033923608716577,Departmental Consultations,0.0029511284083127,65815/26,54,Richard Boyd Barrett,RICHARD BOYD BARRETT,written,en,"To ask the Minister for Climate, Energy and the Environment if he has read a report (details supplied); and to outline his plans to deal with the increased costs of electricity for households as a result of data centre usage.",the minister for climate energy and the environment if he has read a report details supplied and his plans to deal with the increased costs of electricity for households as a result of data centre usage 65815 26,"Climate, Energy and the Environment",237,239
"55. Deputy Joe Neville asked the Minister for Climate, Energy and the Environment the measures his Department hopes to introduce as part of the budget to reduce energy costs for businesses. [65852/26]",,Climate,2026-09-17,0.9084579348564148,Energy Prices,Energy Prices,0.9084579348564148,Energy Policy,0.0398430898785591,Business Supports,0.0076848291791975,Energy Usage,0.0052264733240008,Energy Conservation,0.0049667307175695,Departmental Schemes,0.0038411996793001,Fuel Prices,0.0029953918419778,Environmental Schemes,0.0016275594243779,Electricity Grid,0.0014364511007443,Fuel Poverty,0.0013348868815228,65852/26,55,Joe Neville,JOE NEVILLE,written,en,"To ask the Minister for Climate, Energy and the Environment the measures his Department hopes to introduce as part of the budget to reduce energy costs for businesses.",the minister for climate energy and the environment the measures his department hopes to introduce as part of the budget to reduce energy costs for businesses 65852 26,"Climate, Energy and the Environment",241,243
"56. Deputy Joe Cooney asked the Minister for Climate, Energy and the Environment the number of grants that have been awarded for geothermal heat pump systems, by county, for each of the years 2024, 2025 and to date in 2026; and the actions his Department is taking to raise awareness of these systems and increase the numbers of such grants. [65883/26]",,Climate,2026-09-17,0.2390636652708053,Renewable Energy Generation,Renewable Energy Generation,0.2390636652708053,Energy Conservation,0.2176199555397033,Grant Payments,0.1430300772190094,Departmental Schemes,0.1242902427911758,Environmental Schemes,0.0865635350346565,Departmental Funding,0.0244301315397024,Energy Infrastructure,0.0198867172002792,Electricity Generation,0.0184220839291811,Energy Policy,0.0162973888218402,Departmental Data,0.0156028801575303,65883/26,56,Joe Cooney,JOE COONEY,written,en,"To ask the Minister for Climate, Energy and the Environment the number of grants that have been awarded for geothermal heat pump systems, by county, for each of the years 2024, 2025 and to date in 2026; and the actions his Department is taking to raise awareness of these systems and increase the numbers of such grants.",the minister for climate energy and the environment the number of grants that have been awarded for geothermal heat pump systems by county for each of the years 2024 2025 and to date in 2026 and the actions his department is taking to raise awareness of these systems and increase the numbers of such grants 65883 26,"Climate, Energy and the Environment",245,247
"57. Deputy Richard Boyd Barrett asked the Minister for Climate, Energy and the Environment the additional supports he is considering to help families cope with increasing home-heating oil prices. [65816/26]",,Climate,2026-09-17,0.695819079875946,Energy Prices,Energy Prices,0.695819079875946,Energy Policy,0.0714260190725326,Fuel Prices,0.0594990402460098,Departmental Schemes,0.0156163172796368,Energy Usage,0.015381253324449,Energy Conservation,0.0142459785565733,Fuel Poverty,0.0064919535070657,Environmental Policy,0.0048279082402586,Energy Infrastructure,0.0043791569769382,Environmental Schemes,0.0043045943602919,65816/26,57,Richard Boyd Barrett,RICHARD BOYD BARRETT,written,en,"To ask the Minister for Climate, Energy and the Environment the additional supports he is considering to help families cope with increasing home-heating oil prices.",the minister for climate energy and the environment the additional supports he is considering to help families cope with increasing home-heating oil prices 65816 26,"Climate, Energy and the Environment",249,251
"58. Deputy Ruairí Ó Murchú asked the Minister for Children, Disability and Equality for an update on the progress being made to provide alternatives to assessment of needs. [65850/26]",,Children,2026-09-17,0.8620543479919434,Disabilities Assessments,Disabilities Assessments,0.8620543479919434,Disability Services,0.0352198630571365,Special Educational Needs,0.0308239869773387,Departmental Data,0.0099004628136754,Disability Diagnoses,0.0097607467323541,Psychological Assessments,0.005017970688641,Health Services,0.0046509532257914,Health Services Waiting Lists,0.0040435921400785,Departmental Reviews,0.0029404307715594,National Council for Special Education,0.0026146720629185,65850/26,58,Ruairí Ó Murchú,RUAIRÍ Ó MURCHÚ,written,en,"To ask the Minister for Children, Disability and Equality for an update on the progress being made to provide alternatives to assessment of needs.",the minister for children disability and equality for an update on the progress being made to provide alternatives to assessment of needs 65850 26,"Children, Disability and Equality",259,261
"59. Deputy Liam Quaide asked the Minister for Children, Disability and Equality whether she is aware of the National Disability Services Needs Analysis commissioned by the HSE and undertaken by an organisation (details supplied); whether the final report will be published in full in order to inform the Oireachtas and the public of the scale of unmet need and pressures across disability services, and to support scrutiny of future service planning, funding and capital investment; and if she will make a statement on the matter. [65592/26]",,Children,2026-09-17,0.8673624992370605,Disability Services,Disability Services,0.8673624992370605,Departmental Reports,0.0293711833655834,Health Services,0.0265130642801523,Disabilities Assessments,0.0126736238598823,Departmental Reviews,0.0121535742655396,Departmental Data,0.0063003101386129,Departmental Policies,0.0042946934700012,Departmental Strategies,0.0036129197105765,Health Service Executive,0.0032075280323624,Disability Diagnoses,0.0029805693775415,65592/26,59,Liam Quaide,LIAM QUAIDE,written,en,"To ask the Minister for Children, Disability and Equality whether she is aware of the National Disability Services Needs Analysis commissioned by the HSE and undertaken by an organisation (details supplied); whether the final report will be published in full in order to inform the Oireachtas and the public of the scale of unmet need and pressures across disability services, and to support scrutiny of future service planning, funding and capital investment; and if she will make a statement on the matter.",the minister for children disability and equality whether she is aware of the national disability services needs analysis commissioned by the hse and undertaken by an organisation details supplied whether the final report will be published in full in order to inform the oireachtas and the public of the scale of unmet need and pressures across disability services and to support scrutiny of future service planning funding and capital investment and 65592 26,"Children, Disability and Equality",263,265
"60. Deputy Claire Kerrane asked the Minister for Children, Disability and Equality to provide an update on the eight locations for State-led childcare facilities. [66144/26]",,Children,2026-09-17,0.9446107149124146,Childcare Services,Childcare Services,0.9446107149124146,Early Childhood Care and Education,0.0413445867598056,Departmental Data,0.001935446402058,Departmental Funding,0.0016291347565129,Departmental Schemes,0.0009288082364946,Departmental Expenditure,0.0006490898667834,Children in Care,0.0005460744723677,Departmental Programmes,0.0004042683867737,Departmental Budgets,0.000400179735152,Disability Services,0.0003161423956044,66144/26,60,Claire Kerrane,CLAIRE KERRANE,written,en,"To ask the Minister for Children, Disability and Equality to provide an update on the eight locations for State-led childcare facilities.",the minister for children disability and equality to provide an update on the eight locations for state-led childcare facilities 66144 26,"Children, Disability and Equality",267,269
"61. Deputy Ken O'Flynn asked the Minister for Children, Disability and Equality the mechanism her Department uses to assess whether policies developed in the name of equality are having unintended or disproportionate impacts on the rights of other groups, particularly children, women and girls; whether she considers that equality policy should require an assessment of the competing rights, privacy, dignity and safety of those affected before such policies are implemented; and if she will make a statement on the matter. [65690/26]",,Children,2026-09-17,0.5977523922920227,Equality Issues,Equality Issues,0.5977523922920227,Departmental Policies,0.1227569431066513,Gender Equality,0.0834766551852226,Departmental Strategies,0.0312389582395553,Rights of People with Disabilities,0.0301860943436622,Departmental Priorities,0.0091060688719153,Equal Opportunities Employment,0.0090022375807166,Legislative Measures,0.0077050537802278,Departmental Functions,0.0075561897829174,Rights of the Child,0.006947114598006,65690/26,61,Ken O'Flynn,KEN O'FLYNN,written,en,"To ask the Minister for Children, Disability and Equality the mechanism her Department uses to assess whether policies developed in the name of equality are having unintended or disproportionate impacts on the rights of other groups, particularly children, women and girls; whether she considers that equality policy should require an assessment of the competing rights, privacy, dignity and safety of those affected before such policies are implemented; and if she will make a statement on the matter.",the minister for children disability and equality the mechanism her department uses to assess whether policies developed in the name of equality are having unintended or disproportionate impacts on the rights of other groups particularly children women and girls whether she considers that equality policy should require an assessment of the competing rights privacy dignity and safety of those affected before such policies are implemented and 65690 26,"Children, Disability and Equality",271,273
"62. Deputy Mattie Mcgrath asked the Minister for Children, Disability and Equality the number of children in Tusla care who have come to the attention of An Garda Síochána in each of the past five years; whether Tusla is adequately providing for children at risk of reoffending; and the number of juvenile detention beds. [66252/26]",,Children,2026-09-17,0.587430477142334,Children in Care,Children in Care,0.587430477142334,Child and Family Agency,0.1856789886951446,Child Protection,0.1157988086342811,Childcare Services,0.0229710489511489,Unaccompanied Minors and Separated Children,0.009304117411375,Departmental Data,0.0090141287073493,Child Abuse,0.0056892917491495,Residential Institutions,0.0045991456136107,Care Services,0.0038749710656702,Early Childhood Care and Education,0.0033160590101033,66252/26,62,Mattie Mcgrath,MATTIE MCGRATH,written,en,"To ask the Minister for Children, Disability and Equality the number of children in Tusla care who have come to the attention of An Garda Síochána in each of the past five years; whether Tusla is adequately providing for children at risk of reoffending; and the number of juvenile detention beds.",the minister for children disability and equality the number of children in tusla care who have come to the attention of an garda síochána in each of the past five years whether tusla is adequately providing for children at risk of reoffending and the number of juvenile detention beds 66252 26,"Children, Disability and Equality",275,277
"63. Deputy Naoise Ó Cearúil asked the Minister for Children, Disability and Equality the progress that has been made towards the Programme for Government's commitments to further reduce childcare costs for families; the measures implemented to date to improve affordability; the planned measures to improve affordability and availability of childcare for families. [65916/26]",,Children,2026-09-17,0.9045421481132508,Childcare Services,Childcare Services,0.9045421481132508,Early Childhood Care and Education,0.0728670954704284,Departmental Schemes,0.0044469246640801,Departmental Funding,0.0026446266565471,Departmental Programmes,0.0014855710323899,Departmental Policies,0.0011237649014219,Departmental Budgets,0.0010227673919871,Departmental Data,0.0005799758946523,Childcare Qualifications,0.0004234070947859,Departmental Expenditure,0.000411728338804,65916/26,63,Naoise Ó Cearúil,NAOISE Ó CEARÚIL,written,en,"To ask the Minister for Children, Disability and Equality the progress that has been made towards the Programme for Government's commitments to further reduce childcare costs for families; the measures implemented to date to improve affordability; the planned measures to improve affordability and availability of childcare for families.",the minister for children disability and equality the progress that has been made towards the programme for government s commitments to further reduce childcare costs for families the measures implemented to date to improve affordability the planned measures to improve affordability and availability of childcare for families 65916 26,"Children, Disability and Equality",285,287
"64. Deputy Thomas Gould asked the Minister for Children, Disability and Equality the amount spent on litigating judicial reviews in Cork for failure to complete AON in the necessary timeframe since 2020. [65644/26]",,Children,2026-09-17,0.5303311944007874,Disabilities Assessments,Disabilities Assessments,0.5303311944007874,Disability Services,0.1982237845659256,Departmental Data,0.0587323233485221,Disability Diagnoses,0.0273462012410163,Health Services,0.0163367483764886,Childcare Services,0.0120159424841403,Departmental Reviews,0.0114959394559264,Early Childhood Care and Education,0.0100421272218227,Health Service Executive,0.0081938775256276,Child Protection,0.0068746292963624,65644/26,64,Thomas Gould,THOMAS GOULD,written,en,"To ask the Minister for Children, Disability and Equality the amount spent on litigating judicial reviews in Cork for failure to complete AON in the necessary timeframe since 2020.",the minister for children disability and equality the amount spent on litigating judicial reviews in cork for failure to complete aon in the necessary timeframe since 2020 65644 26,"Children, Disability and Equality",289,291
"65. Deputy Edward Timmins asked the Minister for Children, Disability and Equality in the targeted plans to reduce childcare costs for parents, whether there are plans in place to review the Core Funding Programme to ensure that funding reflects the increasing costs faced by childcare providers and if consideration will be given to increasing funding and, where necessary, allowing providers greater flexibility to adjust fees to ensure the continued financial viability and sustainability of services. [65960/26]",,Children,2026-09-17,0.8914245367050171,Childcare Services,Childcare Services,0.8914245367050171,Early Childhood Care and Education,0.0899426415562629,Departmental Funding,0.0040376088581979,Departmental Schemes,0.003168563125655,Departmental Data,0.0009674647008068,Departmental Programmes,0.0009190089185722,Departmental Budgets,0.0006525343633256,Childcare Qualifications,0.0004339252773206,After-School Support Services,0.0004220111877657,Departmental Policies,0.0003607082471717,65960/26,65,Edward Timmins,EDWARD TIMMINS,written,en,"To ask the Minister for Children, Disability and Equality in the targeted plans to reduce childcare costs for parents, whether there are plans in place to review the Core Funding Programme to ensure that funding reflects the increasing costs faced by childcare providers and if consideration will be given to increasing funding and, where necessary, allowing providers greater flexibility to adjust fees to ensure the continued financial viability and sustainability of services.",the minister for children disability and equality in the targeted plans to reduce childcare costs for parents whether there are plans in place to review the core funding programme to ensure that funding reflects the increasing costs faced by childcare providers and if consideration will be given to increasing funding and where necessary allowing providers greater flexibility to adjust fees to ensure the continued financial viability and sustainability of services 65960 26,"Children, Disability and Equality",293,295
"66. Deputy Matt Carthy asked the Minister for Children, Disability and Equality the number of children on the waiting list for an assessment of need in counties Cavan and Monaghan, by county; and the number waiting more than three, six and 12 months. [65953/26]",,Children,2026-09-17,0.8331953883171082,Disabilities Assessments,Disabilities Assessments,0.8331953883171082,Disability Services,0.0607457645237445,Departmental Data,0.0372155271470546,Health Services Waiting Lists,0.0098582152277231,Disability Diagnoses,0.0097824772819876,Special Educational Needs,0.008764399215579,Psychological Assessments,0.0045533454976975,Health Services,0.0040581650100648,Childcare Services,0.0035941456444561,Health Service Executive,0.0016181353712454,65953/26,66,Matt Carthy,MATT CARTHY,written,en,"To ask the Minister for Children, Disability and Equality the number of children on the waiting list for an assessment of need in counties Cavan and Monaghan, by county; and the number waiting more than three, six and 12 months.",the minister for children disability and equality the number of children on the waiting list for an assessment of need in counties cavan and monaghan by county and the number waiting more than three six and 12 months 65953 26,"Children, Disability and Equality",297,299
"67. Deputy Mark Wall asked the Minister for Children, Disability and Equality if she will consider increasing the duration of parent’s leave to support more working parents to stay at home with their children during the first year, given her Department has policy and legal responsibility for all family leaves. [65895/26]",,Children,2026-09-17,0.6245861649513245,Parental Leave,Parental Leave,0.6245861649513245,Maternity Leave,0.1679077446460724,Social Welfare Benefits,0.018736083060503,Employment Rights,0.0166726429015398,Disability Services,0.0152889117598533,Departmental Policies,0.0112510081380605,Care Services,0.006907966453582,Social Welfare Eligibility,0.0065924883820116,Direct Provision System,0.0055835521779954,International Protection,0.0054865307174623,65895/26,67,Mark Wall,MARK WALL,written,en,"To ask the Minister for Children, Disability and Equality if she will consider increasing the duration of parent’s leave to support more working parents to stay at home with their children during the first year, given her Department has policy and legal responsibility for all family leaves.",the minister for children disability and equality if she will consider increasing the duration of parent s leave to support more working parents to stay at home with their children during the first year given her department has policy and legal responsibility for all family leaves 65895 26,"Children, Disability and Equality",301,303
"68. Deputy Mark Wall asked the Minister for Children, Disability and Equality to give an update on the sites to be selected for the rollout of the State-led childcare pilot; and if she has considered the inclusion of County Kildare given it has one of the lowest levels of community childcare provision. [65891/26]",,Children,2026-09-17,0.7995867133140564,Childcare Services,Childcare Services,0.7995867133140564,Early Childhood Care and Education,0.1384430974721908,Departmental Schemes,0.0148701770231127,Departmental Funding,0.0095412535592913,Departmental Programmes,0.0086428811773657,Departmental Data,0.0053906645625829,Departmental Budgets,0.0014207819476723,Disability Services,0.0013626063009724,Community Development Projects,0.0013030356494709,Rural Schemes,0.0011477589141577,65891/26,68,Mark Wall,MARK WALL,written,en,"To ask the Minister for Children, Disability and Equality to give an update on the sites to be selected for the rollout of the State-led childcare pilot; and if she has considered the inclusion of County Kildare given it has one of the lowest levels of community childcare provision.",the minister for children disability and equality to give an update on the sites to be selected for the rollout of the state-led childcare pilot and if she has considered the inclusion of county kildare given it has one of the lowest levels of community childcare provision 65891 26,"Children, Disability and Equality",305,307
"69. Deputy Joe Cooney asked the Minister for Children, Disability and Equality if she will confirm that pay increases agreed under the public sector pay discussions will automatically apply to health and social care workers employed by Section 39 organisations. [65462/26]",,Children,2026-09-17,0.4778840243816376,Health Services Staff,Health Services Staff,0.4778840243816376,Public Sector Pay,0.3190473318099975,Industrial Relations,0.0235180370509624,Health Service Executive,0.0113581689074635,Industrial Disputes,0.009314359165728,Public Sector Staff,0.0093006137758493,Departmental Data,0.0092719998210668,Disability Services,0.0073769935406744,Care Services,0.0058071049861609,Employment Rights,0.0057624136097729,65462/26,69,Joe Cooney,JOE COONEY,written,en,"To ask the Minister for Children, Disability and Equality if she will confirm that pay increases agreed under the public sector pay discussions will automatically apply to health and social care workers employed by Section 39 organisations.",the minister for children disability and equality if she will confirm that pay increases agreed under the public sector pay discussions will automatically apply to health and social care workers employed by section 39 organisations 65462 26,"Children, Disability and Equality",309,311
"70. Deputy Keira Keogh asked the Minister for Children, Disability and Equality the measures she is considering in Budget 2027 to expand childcare capacity, particularly in rural areas experiencing significant shortages of places; and if she will make a statement on the matter. [65983/26]",,Children,2026-09-17,0.8991541266441345,Childcare Services,Childcare Services,0.8991541266441345,Early Childhood Care and Education,0.0721395388245582,Departmental Funding,0.004373881034553,Departmental Budgets,0.0032539251260459,Departmental Schemes,0.0021286630071699,Budget 2026,0.0011659729061648,Budget 2023,0.0009075424168258,Budget 2025,0.000819556589704,Departmental Data,0.0008126476895995,Children in Care,0.0006951544201001,65983/26,70,Keira Keogh,KEIRA KEOGH,written,en,"To ask the Minister for Children, Disability and Equality the measures she is considering in Budget 2027 to expand childcare capacity, particularly in rural areas experiencing significant shortages of places; and if she will make a statement on the matter.",the minister for children disability and equality the measures she is considering in budget 2027 to expand childcare capacity particularly in rural areas experiencing significant shortages of places and 65983 26,"Children, Disability and Equality",313,315
"71. Deputy Darren O'Rourke asked the Minister for Children, Disability and Equality the measures she is taking to increase residential places for adults with intellectual disabilities in County Meath; and the number of new residential places planned for 2026 and 2027. [64790/26]",,Children,2026-09-17,0.9744884371757508,Disability Services,Disability Services,0.9744884371757508,Departmental Data,0.0060081626288592,Disabilities Assessments,0.0040359091944992,Health Services,0.0020321619231253,Special Educational Needs,0.0019150616135448,Care Services,0.0011671393876895,Disability Diagnoses,0.0010779950534924,Health Services Staff,0.0008449675515294,Health Service Executive,0.0007236894452944,Childcare Services,0.0004883786314167,64790/26,71,Darren O'Rourke,DARREN O'ROURKE,written,en,"To ask the Minister for Children, Disability and Equality the measures she is taking to increase residential places for adults with intellectual disabilities in County Meath; and the number of new residential places planned for 2026 and 2027.",the minister for children disability and equality the measures she is taking to increase residential places for adults with intellectual disabilities in county meath and the number of new residential places planned for 2026 and 2027 64790 26,"Children, Disability and Equality",317,319
"72. Deputy Keira Keogh asked the Minister for Children, Disability and Equality if her Department has assessed the impact that the lack of affordable childcare could have on labour market participation, particularly among women; and if she will make a statement on the matter. [65982/26]",,Children,2026-09-17,0.8420484662055969,Childcare Services,Childcare Services,0.8420484662055969,Early Childhood Care and Education,0.0982824489474296,Child Protection,0.0060584312304854,Childcare Qualifications,0.0048244684003293,Children in Care,0.0047505483962595,Child and Family Agency,0.0044774878770112,Departmental Policies,0.0044312085956335,Departmental Programmes,0.0017967072781175,After-School Support Services,0.001661280170083,Other,0.0015184287913143,65982/26,72,Keira Keogh,KEIRA KEOGH,written,en,"To ask the Minister for Children, Disability and Equality if her Department has assessed the impact that the lack of affordable childcare could have on labour market participation, particularly among women; and if she will make a statement on the matter.",the minister for children disability and equality if her department has assessed the impact that the lack of affordable childcare could have on labour market participation particularly among women and 65982 26,"Children, Disability and Equality",321,323
"73. Deputy Ken O'Flynn asked the Minister for Children, Disability and Equality the assessment her Department has made of the potential discriminatory impact of the increasing move by Government Departments and public bodies towards online-only or predominantly digital access to public services and supports (details supplied); whether she accepts that equality of access requires meaningful non-digital alternatives where necessary; and the oversight or mechanism exists to ensure that public services being digitised do not create new barriers to accessing rights and entitlements. [65792/26]",,Children,2026-09-17,0.2083044350147247,Equality Issues,Equality Issues,0.2083044350147247,Departmental Policies,0.1132476553320884,Freedom of Information,0.0738529041409492,Rights of People with Disabilities,0.0628295838832855,Disability Services,0.0390237420797348,Departmental Communications,0.0285988058894872,Online Safety,0.0210729613900184,Irish Sign Language,0.0191409662365913,Social Media,0.0187887903302907,Other,0.0160197038203477,65792/26,73,Ken O'Flynn,KEN O'FLYNN,written,en,"To ask the Minister for Children, Disability and Equality the assessment her Department has made of the potential discriminatory impact of the increasing move by Government Departments and public bodies towards online-only or predominantly digital access to public services and supports (details supplied); whether she accepts that equality of access requires meaningful non-digital alternatives where necessary; and the oversight or mechanism exists to ensure that public services being digitised do not create new barriers to accessing rights and entitlements.",the minister for children disability and equality the assessment her department has made of the potential discriminatory impact of the increasing move by government departments and public bodies towards online-only or predominantly digital access to public services and supports details supplied whether she accepts that equality of access requires meaningful non-digital alternatives where necessary and the oversight or mechanism exists to ensure that public services being digitised do not create new barriers to accessing rights and entitlements 65792 26,"Children, Disability and Equality",325,327
"74. Deputy Liam Quaide asked the Minister for Children, Disability and Equality whether she considers it acceptable that the HSE has been unable to provide complete national data on the distance from home at which children and adults with disabilities are placed in residential services, despite such information being available in some parts of the country; if adequate scrutiny can take place in relation to human rights, family and community connections, service planning and value for money in the absence of consistent national data; the steps she will take to ensure that this information is collected and published nationally; and if she will make a statement on the matter. [65594/26]",,Children,2026-09-17,0.9203157424926758,Disability Services,Disability Services,0.9203157424926758,Departmental Data,0.012857437133789,Health Services,0.0119927553460001,Health Service Executive,0.0117814224213361,Disabilities Assessments,0.0097102280706167,Care Services,0.0038753922563046,Rights of People with Disabilities,0.0029896663036197,Disability Diagnoses,0.0026207643095403,Health Services Waiting Lists,0.0020304596982896,Departmental Policies,0.0015075948322191,65594/26,74,Liam Quaide,LIAM QUAIDE,written,en,"To ask the Minister for Children, Disability and Equality whether she considers it acceptable that the HSE has been unable to provide complete national data on the distance from home at which children and adults with disabilities are placed in residential services, despite such information being available in some parts of the country; if adequate scrutiny can take place in relation to human rights, family and community connections, service planning and value for money in the absence of consistent national data; the steps she will take to ensure that this information is collected and published nationally; and if she will make a statement on the matter.",the minister for children disability and equality whether she considers it acceptable that the hse has been unable to provide complete national data on the distance from home at which children and adults with disabilities are placed in residential services despite such information being available in some parts of the country if adequate scrutiny can take place human rights family and community connections service planning and value for money in the absence of consistent national data the steps she will take to ensure that this information is collected and published nationally and 65594 26,"Children, Disability and Equality",329,331
"75. Deputy Paul Mcauliffe asked the Minister for Children, Disability and Equality following her meeting and engagement with an organisation (details supplied), the recent measures she and her Department have taken to address the key concerns of the organisation; and the way in which she intends to address the issues related to the future planning and care of adults with an intellectual disability. [65802/26]",,Children,2026-09-17,0.7906956672668457,Disability Services,Disability Services,0.7906956672668457,Departmental Policies,0.0245146006345748,Rights of People with Disabilities,0.0145675083622336,Health Services,0.0130195813253521,Disability Diagnoses,0.0122231449931859,Childcare Services,0.0109141860157251,Youth Services,0.0068028680980205,Departmental Strategies,0.0061596352607011,Departmental Data,0.0058804801665246,Equality Issues,0.0053701885044574,65802/26,75,Paul Mcauliffe,PAUL MCAULIFFE,written,en,"To ask the Minister for Children, Disability and Equality following her meeting and engagement with an organisation (details supplied), the recent measures she and her Department have taken to address the key concerns of the organisation; and the way in which she intends to address the issues related to the future planning and care of adults with an intellectual disability.",the minister for children disability and equality following her meeting and engagement with an organisation details supplied the recent measures she and her department have taken to address the key concerns of the organisation and the way in which she intends to address the issues related to the future planning and care of adults with an intellectual disability 65802 26,"Children, Disability and Equality",333,335
"76. Deputy Thomas Gould asked the Minister for Children, Disability and Equality whether she is aware that there are no available residential beds for children with disabilities in Cork city and that parents in crisis are being forced to leave their children in emergency departments because their calls for help are continuously ignored. [65643/26]",,Children,2026-09-17,0.9264005422592164,Disability Services,Disability Services,0.9264005422592164,Emergency Accommodation,0.0076116435229778,Rights of People with Disabilities,0.0074183251708745,Departmental Data,0.0069886208511888,Care Services,0.0037907205987721,Health Services,0.0031592512968927,Disabilities Assessments,0.0029937631916254,Departmental Policies,0.002793361665681,Disability Diagnoses,0.0027646727394312,Children in Care,0.0027056471444666,65643/26,76,Thomas Gould,THOMAS GOULD,written,en,"To ask the Minister for Children, Disability and Equality whether she is aware that there are no available residential beds for children with disabilities in Cork city and that parents in crisis are being forced to leave their children in emergency departments because their calls for help are continuously ignored.",the minister for children disability and equality whether she is aware that there are no available residential beds for children with disabilities in cork city and that parents in crisis are being forced to leave their children in emergency departments because their calls for help are continuously ignored 65643 26,"Children, Disability and Equality",337,339
"77. Deputy Edward Timmins asked the Minister for Children, Disability and Equality to review the unfair situation where parents working in private industry are limited to parental leave to the age of 12 for their child, compared to age 16 for parents working in the public service. [65957/26]",,Children,2026-09-17,0.7943331003189087,Parental Leave,Parental Leave,0.7943331003189087,Maternity Leave,0.04861631244421,Employment Rights,0.0100620938464999,Childcare Services,0.0078721968457102,Child and Family Agency,0.0078014247119426,Child Protection,0.0076279905624687,Children in Care,0.0065087834373116,Early Childhood Care and Education,0.0052400091663002,Equality Issues,0.0052045690827071,Disability Services,0.0050983987748622,65957/26,77,Edward Timmins,EDWARD TIMMINS,written,en,"To ask the Minister for Children, Disability and Equality to review the unfair situation where parents working in private industry are limited to parental leave to the age of 12 for their child, compared to age 16 for parents working in the public service.",the minister for children disability and equality to review the unfair situation where parents working in private industry are limited to parental leave to the age of 12 for their child compared to age 16 for parents working in the public service 65957 26,"Children, Disability and Equality",341,343
"78. Deputy Claire Kerrane asked the Minister for Children, Disability and Equality if she will expand the mother and baby institutions payment scheme to include survivors who are currently excluded. [65898/26]",,Children,2026-09-17,0.8883016109466553,Mother and Baby Homes,Mother and Baby Homes,0.8883016109466553,Departmental Schemes,0.0357163287699222,Mother and Baby Homes Inquiries,0.0298510752618312,Residential Institutions,0.0052553289569914,Children in Care,0.0028680686373263,Departmental Programmes,0.0022275480441749,Departmental Policies,0.0019674554932862,Childcare Services,0.0018520284211263,Child and Family Agency,0.0017250615637749,Child Protection,0.0016700635896995,65898/26,78,Claire Kerrane,CLAIRE KERRANE,written,en,"To ask the Minister for Children, Disability and Equality if she will expand the mother and baby institutions payment scheme to include survivors who are currently excluded.",the minister for children disability and equality if she will expand the mother and baby institutions payment scheme to include survivors who are currently excluded 65898 26,"Children, Disability and Equality",345,347
"79. Deputy James Geoghegan asked the Minister for Children, Disability and Equality if she is exploring mechanisms to ease the administrative burden on childcare providers who are in core funding. [65704/26]",,Children,2026-09-17,0.9224218130111694,Childcare Services,Childcare Services,0.9224218130111694,Early Childhood Care and Education,0.0539347864687442,Departmental Funding,0.0088831912726163,Departmental Schemes,0.0015357752563431,Departmental Data,0.0010701223509386,Departmental Budgets,0.0008532174397259,Departmental Expenditure,0.000758804322686,Childcare Qualifications,0.0004985062405467,Departmental Programmes,0.0004531969607342,Children in Care,0.0004423454229254,65704/26,79,James Geoghegan,JAMES GEOGHEGAN,written,en,"To ask the Minister for Children, Disability and Equality if she is exploring mechanisms to ease the administrative burden on childcare providers who are in core funding.",the minister for children disability and equality if she is exploring mechanisms to ease the administrative burden on childcare providers who are in core funding 65704 26,"Children, Disability and Equality",349,351
"80. Deputy Louis O'Hara asked the Minister for Children, Disability and Equality if equine therapy facilities will be developed at the HSE’s Toghermore campus in Tuam, County Galway. [64901/26]",,Children,2026-09-17,0.259497582912445,Health Service Executive,Health Service Executive,0.259497582912445,Horse Racing Industry,0.078092984855175,Departmental Data,0.0769677013158798,Disability Services,0.0601607598364353,Health Services Staff,0.0458577834069728,Animal Welfare,0.0425677485764026,Health Services,0.0386642515659332,Departmental Policies,0.0202709101140499,Other,0.0200531259179115,Care Services,0.0173570588231086,64901/26,80,Louis O'Hara,LOUIS O'HARA,written,en,"To ask the Minister for Children, Disability and Equality if equine therapy facilities will be developed at the HSE’s Toghermore campus in Tuam, County Galway.",the minister for children disability and equality if equine therapy facilities will be developed at the hse s toghermore campus in tuam county galway 64901 26,"Children, Disability and Equality",353,355
"81. Deputy Paul Lawless asked the Minister for Children, Disability and Equality the number of children currently waiting on an assessment of need under the Disability Act 2005, by county; and the longest length of time a child currently on the list has been waiting for an assessment. [64907/26]",,Children,2026-09-17,0.8228499293327332,Disabilities Assessments,Disabilities Assessments,0.8228499293327332,Disability Services,0.0796229988336563,Departmental Data,0.0318920947611331,Disability Diagnoses,0.0169938821345567,Health Services Waiting Lists,0.0070154974237084,Health Services,0.0044689495116472,Psychological Assessments,0.0038081209640949,Special Educational Needs,0.0029867573175579,Childcare Services,0.0019961453508585,Departmental Reviews,0.0018179061589762,64907/26,81,Paul Lawless,PAUL LAWLESS,written,en,"To ask the Minister for Children, Disability and Equality the number of children currently waiting on an assessment of need under the Disability Act 2005, by county; and the longest length of time a child currently on the list has been waiting for an assessment.",the minister for children disability and equality the number of children currently waiting on an assessment of need under the disability act 2005 by county and the longest length of time a child currently on the list has been waiting for an assessment 64907 26,"Children, Disability and Equality",357,359
"82. Deputy Liam Quaide asked the Minister for Children, Disability and Equality the number of disability residential and respite properties operated by the HSE, section 38 organisations and section 39 organisations which are leased or rented from private landlords; the total annual expenditure on rent or lease payments in respect of such properties in 2025 and the estimated expenditure for 2026; and the number of properties in each category at risk of lease expiry or sale within the next three years. [65596/26]",,Children,2026-09-17,0.3449391424655914,Departmental Data,Departmental Data,0.3449391424655914,Disability Services,0.3381738662719726,Health Service Executive,0.1201829314231872,Health Services,0.0296305548399686,Care Services,0.0233647003769874,Departmental Properties,0.0210838411003351,International Protection,0.0201970152556896,Emergency Accommodation,0.0079998224973678,Departmental Expenditure,0.0077278232201933,Community Care,0.0074908025562763,65596/26,82,Liam Quaide,LIAM QUAIDE,written,en,"To ask the Minister for Children, Disability and Equality the number of disability residential and respite properties operated by the HSE, section 38 organisations and section 39 organisations which are leased or rented from private landlords; the total annual expenditure on rent or lease payments in respect of such properties in 2025 and the estimated expenditure for 2026; and the number of properties in each category at risk of lease expiry or sale within the next three years.",the minister for children disability and equality the number of disability residential and respite properties operated by the hse section 38 organisations and section 39 organisations which are leased or rented from private landlords the total annual expenditure on rent or lease payments in respect of such properties in 2025 and the estimated expenditure for 2026 and the number of properties in each category at risk of lease expiry or sale within the next three years 65596 26,"Children, Disability and Equality",361,363
"83. Deputy Emer Currie asked the Minister for Children, Disability and Equality whether she will consider reforming the administration of the national childcare scheme to ensure that parents are not financially penalised for collecting their children early where they are paying the childcare provider for the full period booked. [65931/26]",,Children,2026-09-17,0.8761140704154968,Childcare Services,Childcare Services,0.8761140704154968,Early Childhood Care and Education,0.0847732201218605,Departmental Schemes,0.0142996665090322,Departmental Funding,0.002032218966633,Departmental Programmes,0.0016393536934629,Departmental Policies,0.0012795933289453,Departmental Data,0.0009317055810242,Departmental Budgets,0.0008679445600137,Children in Care,0.000767009507399,Other,0.000760446419008,65931/26,83,Emer Currie,EMER CURRIE,written,en,"To ask the Minister for Children, Disability and Equality whether she will consider reforming the administration of the national childcare scheme to ensure that parents are not financially penalised for collecting their children early where they are paying the childcare provider for the full period booked.",the minister for children disability and equality whether she will consider reforming the administration of the national childcare scheme to ensure that parents are not financially penalised for collecting their children early where they are paying the childcare provider for the full period booked 65931 26,"Children, Disability and Equality",365,367
"84. Deputy James Geoghegan asked the Minister for Children, Disability and Equality if she will provide an update on the number of childcare providers nationally and in Dublin who were in core funding on January 1st and 31st December for each of the years 2023, 2024, 2025 and to date in 2026. [65703/26]",,Children,2026-09-17,0.925832986831665,Childcare Services,Childcare Services,0.925832986831665,Early Childhood Care and Education,0.0463237129151821,Departmental Funding,0.0091325165703892,Departmental Data,0.0060899932868778,Departmental Schemes,0.0022885003127157,Departmental Budgets,0.0013020072365179,Departmental Expenditure,0.0010157129727303,Disability Services,0.0005005382699891,Children in Care,0.0004667939501814,Departmental Programmes,0.0004560074303299,65703/26,84,James Geoghegan,JAMES GEOGHEGAN,written,en,"To ask the Minister for Children, Disability and Equality if she will provide an update on the number of childcare providers nationally and in Dublin who were in core funding on January 1st and 31st December for each of the years 2023, 2024, 2025 and to date in 2026.",the minister for children disability and equality if she will provide an update on the number of childcare providers nationally and in dublin who were in core funding on january 1st and 31st december for each of the years 2023 2024 2025 and to date in 2026 65703 26,"Children, Disability and Equality",369,371
"85. Deputy Mark Wall asked the Minister for Children, Disability and Equality the recent investment in family resource centres (FRC's); if she will consider making funding available to FRC’s to expand the current work they are doing around domestic violence. [65896/26]",,Children,2026-09-17,0.6833327412605286,Family Resource Centres,Family Resource Centres,0.6833327412605286,Child and Family Agency,0.0604396909475326,Departmental Funding,0.0384336933493614,Mother and Baby Homes,0.028055366128683,Child Protection,0.0171008966863155,Residential Institutions,0.0154833514243364,Youth Services,0.0135590517893433,Children in Care,0.0118555324152112,Mother and Baby Homes Inquiries,0.0096126161515712,Care Services,0.0095660770311951,65896/26,85,Mark Wall,MARK WALL,written,en,"To ask the Minister for Children, Disability and Equality the recent investment in family resource centres (FRC's); if she will consider making funding available to FRC’s to expand the current work they are doing around domestic violence.",the minister for children disability and equality the recent investment in family resource centres frc s if she will consider making funding available to frc s to expand the current work they are doing around domestic violence 65896 26,"Children, Disability and Equality",373,375
"86. Deputy Albert Dolan asked the Minister for Children, Disability and Equality the current waiting times for the Children's Disability Network Team services in Galway and nationally; the vacancies that currently exist within those teams; and the specific actions being taken to ensure children can access assessments and therapies within clinically appropriate timeframes. [64933/26]",,Children,2026-09-17,0.961637020111084,Disability Services,Disability Services,0.961637020111084,Departmental Data,0.0189532358199358,Health Services Waiting Lists,0.0065370453521609,Health Services,0.0034824896138161,Health Services Staff,0.0018951806705445,Disabilities Assessments,0.0016685678856447,Mental Health Services,0.0007859044708311,Disability Diagnoses,0.0004989037988707,Childcare Services,0.000481538940221,Care Services,0.0004190546751488,64933/26,86,Albert Dolan,ALBERT DOLAN,written,en,"To ask the Minister for Children, Disability and Equality the current waiting times for the Children's Disability Network Team services in Galway and nationally; the vacancies that currently exist within those teams; and the specific actions being taken to ensure children can access assessments and therapies within clinically appropriate timeframes.",the minister for children disability and equality the current waiting times for the children s disability network team services in galway and nationally the vacancies that currently exist within those teams and the specific actions being taken to ensure children can access assessments and therapies within clinically appropriate timeframes 64933 26,"Children, Disability and Equality",377,379
"87. Deputy Daniel Ennis asked the Minister for Children, Disability and Equality to provide an update on the roll-out of State-led childcare facilities; the number of additional places these will provide; where these facilities will be located; and when they will become operational. [65933/26]",,Children,2026-09-17,0.9516849517822266,Childcare Services,Childcare Services,0.9516849517822266,Early Childhood Care and Education,0.0386487133800983,Departmental Funding,0.0013070969143882,Departmental Schemes,0.0009217257611453,Departmental Data,0.0007842114428058,Departmental Programmes,0.0003822949365712,Children in Care,0.0003111762343905,Departmental Expenditure,0.0003109380195382,Departmental Policies,0.0002794352476485,Disability Services,0.0002546923351474,65933/26,87,Daniel Ennis,DANIEL ENNIS,written,en,"To ask the Minister for Children, Disability and Equality to provide an update on the roll-out of State-led childcare facilities; the number of additional places these will provide; where these facilities will be located; and when they will become operational.",the minister for children disability and equality to provide an update on the roll-out of state-led childcare facilities the number of additional places these will provide where these facilities will be located and when they will become operational 65933 26,"Children, Disability and Equality",381,383
"88. Deputy Shane Moynihan asked the Minister for Children, Disability and Equality if consideration is being given to integrating county and city childcare committees into local authorities, similar to the previous integration of county and city enterprise boards into local authorities. [65964/26]",,Children,2026-09-17,0.8334799408912659,Childcare Services,Childcare Services,0.8334799408912659,Early Childhood Care and Education,0.0350460521876812,Local Authorities,0.022539073601365,Departmental Data,0.0124006364494562,Departmental Funding,0.007378542330116,Departmental Policies,0.0065782703459262,Departmental Schemes,0.0059625059366226,Planning Issues,0.0056135663762688,Other,0.0054849060252308,Departmental Bodies,0.0042109820060431,65964/26,88,Shane Moynihan,SHANE MOYNIHAN,written,en,"To ask the Minister for Children, Disability and Equality if consideration is being given to integrating county and city childcare committees into local authorities, similar to the previous integration of county and city enterprise boards into local authorities.",the minister for children disability and equality if consideration is being given to integrating county and city childcare committees into local authorities similar to the previous integration of county and city enterprise boards into local authorities 65964 26,"Children, Disability and Equality",385,387
"89. Deputy Michael Cahill asked the Minister for Children, Disability and Equality for enhanced services at a location (details supplied); to create a centre of excellence for respite for both adults and children; and if she will make a statement on the matter. [65721/26]",,Children,2026-09-17,0.8996710777282715,Disability Services,Disability Services,0.8996710777282715,Care Services,0.0474740117788314,Health Services,0.0227086432278156,Community Care,0.0051474194042384,Care of the Elderly,0.0026363423094153,Health Service Executive,0.0019653039053082,Health Services Staff,0.0015887445770204,Mental Health Services,0.001242320635356,Childcare Services,0.0011167043121531,Departmental Funding,0.0010099961655214,65721/26,89,Michael Cahill,MICHAEL CAHILL,written,en,"To ask the Minister for Children, Disability and Equality for enhanced services at a location (details supplied); to create a centre of excellence for respite for both adults and children; and if she will make a statement on the matter.",the minister for children disability and equality for enhanced services at a location details supplied to create a centre of excellence for respite for both adults and children and 65721 26,"Children, Disability and Equality",389,391
"90. Deputy Emer Currie asked the Minister for Children, Disability and Equality whether she will consider the State taking responsibility for staff costs as part of the commitment to cap monthly childcare fees at €200 per month. [65934/26]",,Children,2026-09-17,0.8938102722167969,Childcare Services,Childcare Services,0.8938102722167969,Early Childhood Care and Education,0.0732596218585968,Departmental Funding,0.0035363810602575,Departmental Expenditure,0.0023689351510256,Departmental Schemes,0.0015328237786889,Departmental Data,0.0015172169078141,Childcare Qualifications,0.0014790199929848,Departmental Budgets,0.0010277857072651,Departmental Policies,0.0009851759532466,Other,0.000872082368005,65934/26,90,Emer Currie,EMER CURRIE,written,en,"To ask the Minister for Children, Disability and Equality whether she will consider the State taking responsibility for staff costs as part of the commitment to cap monthly childcare fees at €200 per month.",the minister for children disability and equality whether she will consider the state taking responsibility for staff costs as part of the commitment to cap monthly childcare fees at 200 per month 65934 26,"Children, Disability and Equality",393,395
"91. Deputy Brendan Smith asked the Minister for Children, Disability and Equality the grant-aid available at present for the expansion of existing childcare facilities and the provision of new childcare accommodation; and if she will make a statement on the matter. [65924/26]",,Children,2026-09-17,0.6968762874603271,Childcare Services,Childcare Services,0.6968762874603271,Departmental Funding,0.108190044760704,Early Childhood Care and Education,0.090815857052803,Departmental Schemes,0.0292837340384721,Grant Payments,0.0187975354492664,Departmental Budgets,0.0054778181947767,School Funding,0.0039882925339043,Departmental Programmes,0.0038828623946756,Departmental Data,0.0032855407334864,Departmental Expenditure,0.0026723945047706,65924/26,91,Brendan Smith,BRENDAN SMITH,written,en,"To ask the Minister for Children, Disability and Equality the grant-aid available at present for the expansion of existing childcare facilities and the provision of new childcare accommodation; and if she will make a statement on the matter.",the minister for children disability and equality the grant-aid available at present for the expansion of existing childcare facilities and the provision of new childcare accommodation and 65924 26,"Children, Disability and Equality",397,399
"92. Deputy Seán Kyne asked the Minister for Children, Disability and Equality if her Department have plans to establish a cross-departmental working group, led by her Department to examine the needs of young carers and develop aligned supports across Government, ensuring an integrated, coordinated, and effective response to their needs; and if she will make a statement on the matter. [65927/26]",,Children,2026-09-17,0.2517359256744385,Care Services,Care Services,0.2517359256744385,Children in Care,0.1859789341688156,Disability Services,0.0738532766699791,Departmental Policies,0.0683632045984268,Child and Family Agency,0.0441536121070385,Childcare Services,0.0389234945178031,Child Protection,0.0326019152998924,Care of the Elderly,0.0285373218357563,Residential Institutions,0.0200544297695159,Youth Services,0.0171786565333604,65927/26,92,Seán Kyne,SEÁN KYNE,written,en,"To ask the Minister for Children, Disability and Equality if her Department have plans to establish a cross-departmental working group, led by her Department to examine the needs of young carers and develop aligned supports across Government, ensuring an integrated, coordinated, and effective response to their needs; and if she will make a statement on the matter.",the minister for children disability and equality if her department have plans to establish a cross-departmental working group led by her department to examine the needs of young carers and develop aligned supports across government ensuring an integrated coordinated and effective response to their needs and 65927 26,"Children, Disability and Equality",401,403
"93. Deputy Pádraig O'Sullivan asked the Minister for Children, Disability and Equality whether the HSE Single Point of Access for children's services has launched; the HSE regions it is operational in; the number of referrals received through it to date; the status of implementation of the Autism Assessment and Intervention Pathways Protocol launched on 26 May 2026; and whether waiting times for autism assessment are now recorded consistently across primary care, mental health and disability services. [65861/26]",,Children,2026-09-17,0.6001998782157898,Disability Services,Disability Services,0.6001998782157898,Disabilities Assessments,0.2350180447101593,Health Services,0.0543136596679687,Health Service Executive,0.0211718715727329,Disability Diagnoses,0.0176103636622428,Health Services Waiting Lists,0.0155434478074312,Departmental Data,0.0072188605554401,Mental Health Services,0.0060288463719189,Childcare Services,0.0056358240544795,Care Services,0.0040247081778943,65861/26,93,Pádraig O'Sullivan,PÁDRAIG O'SULLIVAN,written,en,"To ask the Minister for Children, Disability and Equality whether the HSE Single Point of Access for children's services has launched; the HSE regions it is operational in; the number of referrals received through it to date; the status of implementation of the Autism Assessment and Intervention Pathways Protocol launched on 26 May 2026; and whether waiting times for autism assessment are now recorded consistently across primary care, mental health and disability services.",the minister for children disability and equality whether the hse single point of access for children s services has launched the hse regions it is operational in the number of referrals received through it to date the status of implementation of the autism assessment and intervention pathways protocol launched on 26 may 2026 and whether waiting times for autism assessment are now recorded consistently across primary care mental health and disability services 65861 26,"Children, Disability and Equality",405,407
"94. Deputy Ken O'Flynn asked the Minister for Children, Disability and Equality whether, in the development or expansion of equality policies and services, she requires Government Departments and public bodies to assess the impact on the capacity, accessibility and waiting times of existing services where eligibility is expanded to include additional groups (details supplied); and whether she is satisfied that such changes can be implemented without adversely affecting access to services for the population those services were originally established to serve. [65795/26]",,Children,2026-09-17,0.6667040586471558,Equality Issues,Equality Issues,0.6667040586471558,Gender Equality,0.0838792994618415,Rights of People with Disabilities,0.0595830231904983,Departmental Policies,0.0351415798068046,Disability Services,0.0137199508026242,Assisted Decision-Making,0.0113963931798934,Gender Recognition,0.0107826776802539,Departmental Functions,0.008940415456891,Departmental Strategies,0.0077419895678758,Departmental Priorities,0.0065629705786705,65795/26,94,Ken O'Flynn,KEN O'FLYNN,written,en,"To ask the Minister for Children, Disability and Equality whether, in the development or expansion of equality policies and services, she requires Government Departments and public bodies to assess the impact on the capacity, accessibility and waiting times of existing services where eligibility is expanded to include additional groups (details supplied); and whether she is satisfied that such changes can be implemented without adversely affecting access to services for the population those services were originally established to serve.",the minister for children disability and equality whether in the development or expansion of equality policies and services she requires government departments and public bodies to assess the impact on the capacity accessibility and waiting times of existing services where eligibility is expanded to include additional groups details supplied and whether she is satisfied that such changes can be implemented without adversely affecting access to services for the population those services were originally established to serve 65795 26,"Children, Disability and Equality",409,411
"95. Deputy Claire Kerrane asked the Minister for Children, Disability and Equality if she will ensure Budget 2027 invests in not-for-profit residential care for children in the care of the State. [65904/26]",,Children,2026-09-17,0.7789196372032166,Children in Care,Children in Care,0.7789196372032166,Childcare Services,0.0433778688311576,Care Services,0.0257335100322961,Child Protection,0.0219445433467626,Child and Family Agency,0.0153661677613854,Departmental Budgets,0.0103656370192766,Residential Institutions,0.0101692965254187,Mother and Baby Homes,0.0089002847671508,Departmental Funding,0.0084295812994241,Disability Services,0.0047729695215821,65904/26,95,Claire Kerrane,CLAIRE KERRANE,written,en,"To ask the Minister for Children, Disability and Equality if she will ensure Budget 2027 invests in not-for-profit residential care for children in the care of the State.",the minister for children disability and equality if she will ensure budget 2027 invests in not-for-profit residential care for children in the care of the state 65904 26,"Children, Disability and Equality",413,415
"96. Deputy Ken O'Flynn asked the Minister for Children, Disability and Equality her views on whether equality of access to State services cannot depend upon a person's ability to navigate digital technology; the assessment she has made of whether the rapid digitisation and automation of public services is creating indirect discrimination or barriers for persons(details supplied); and the statutory or administrative safeguards are in place to ensure that such persons can access public services, supports and legal or administrative processes through an equally effective alternative where they cannot use the digital system. [65793/26]",,Children,2026-09-17,0.3302683234214782,Equality Issues,Equality Issues,0.3302683234214782,Rights of People with Disabilities,0.1064657121896743,Departmental Policies,0.0591153055429458,Assisted Decision-Making,0.0302302818745374,Equal Opportunities Employment,0.0290064327418804,Departmental Functions,0.0238912031054496,Child Protection,0.0230201613157987,State Bodies,0.0208989176899194,Freedom of Information,0.0193762853741645,Departmental Priorities,0.0178168602287769,65793/26,96,Ken O'Flynn,KEN O'FLYNN,written,en,"To ask the Minister for Children, Disability and Equality her views on whether equality of access to State services cannot depend upon a person's ability to navigate digital technology; the assessment she has made of whether the rapid digitisation and automation of public services is creating indirect discrimination or barriers for persons(details supplied); and the statutory or administrative safeguards are in place to ensure that such persons can access public services, supports and legal or administrative processes through an equally effective alternative where they cannot use the digital system.",the minister for children disability and equality her views on whether equality of access to state services cannot depend upon a person s ability to navigate digital technology the assessment she has made of whether the rapid digitisation and automation of public services is creating indirect discrimination or barriers for persons details supplied and the statutory or administrative safeguards are in place to ensure that such persons can access public services supports and legal or administrative processes through an equally effective alternative where they cannot use the digital system 65793 26,"Children, Disability and Equality",417,419
"97. Deputy Grace Boland asked the Minister for Children, Disability and Equality if she will consider introducing multi annual funding arrangements for capital projects undertaken by disability service providers and disability organisations, in order to provide greater funding certainty and enable more effective planning and delivery of essential disability infrastructure. [65122/26]",,Children,2026-09-17,0.9059532284736632,Disability Services,Disability Services,0.9059532284736632,Departmental Funding,0.0428877919912338,Departmental Data,0.0064446623437106,Departmental Budgets,0.0052397209219634,Health Services,0.0042865513823926,Departmental Expenditure,0.0030612172558903,Departmental Policies,0.0021861537825316,Health Service Executive,0.0021517998538911,Departmental Bodies,0.0020006059203296,Capital Expenditure Programme,0.0017845241818577,65122/26,97,Grace Boland,GRACE BOLAND,written,en,"To ask the Minister for Children, Disability and Equality if she will consider introducing multi annual funding arrangements for capital projects undertaken by disability service providers and disability organisations, in order to provide greater funding certainty and enable more effective planning and delivery of essential disability infrastructure.",the minister for children disability and equality if she will consider introducing multi annual funding arrangements for capital projects undertaken by disability service providers and disability organisations in order to provide greater funding certainty and enable more effective planning and delivery of essential disability infrastructure 65122 26,"Children, Disability and Equality",421,423
"98. Deputy Liam Quaide asked the Minister for Children, Disability and Equality her views on the current implementation of the HSE single point of access model for children’s primary care, Children’s Disability Network Team and CAMHS services; the extent to which the model is operational, by health region; whether CAMHS psychiatry in each health region have formally agreed to participate in the model; the process by which referrals are adjudicated where there is disagreement as to whether a child should be seen by primary care, a CDNT or CAMHS; the person with ultimate decision-making responsibility in such cases; and if she will make a statement on the matter. [65595/26]",,Children,2026-09-17,0.9069673418998718,Disability Services,Disability Services,0.9069673418998718,Health Services,0.0169083997607231,Health Service Executive,0.0126243690028786,Mental Health Services,0.0108569441363215,Health Services Staff,0.0100635839626193,Disabilities Assessments,0.0055041862651705,Departmental Data,0.0037291753105819,Childcare Services,0.0035612995270639,Disability Diagnoses,0.0035055419430136,Departmental Policies,0.0028506256639957,65595/26,98,Liam Quaide,LIAM QUAIDE,written,en,"To ask the Minister for Children, Disability and Equality her views on the current implementation of the HSE single point of access model for children’s primary care, Children’s Disability Network Team and CAMHS services; the extent to which the model is operational, by health region; whether CAMHS psychiatry in each health region have formally agreed to participate in the model; the process by which referrals are adjudicated where there is disagreement as to whether a child should be seen by primary care, a CDNT or CAMHS; the person with ultimate decision-making responsibility in such cases; and if she will make a statement on the matter.",the minister for children disability and equality her views on the current implementation of the hse single point of access model for children s primary care children s disability network team and camhs services the extent to which the model is operational by health region whether camhs psychiatry in each health region have formally agreed to participate in the model the process by which referrals are adjudicated where there is disagreement as to whether a child should be seen by primary care a cdnt or camhs the person with ultimate decision-making responsibility in such cases and 65595 26,"Children, Disability and Equality",425,427
"99. Deputy Mark Wall asked the Minister for Children, Disability and Equality if she will be carrying out a consultation on the issues impacting young family carers in Ireland. [65893/26]",,Children,2026-09-17,0.1940601915121078,Care Services,Care Services,0.1940601915121078,Children in Care,0.0971493497490882,Departmental Reviews,0.076476365327835,Departmental Policies,0.0709987878799438,Child Protection,0.0408720038831234,Care of the Elderly,0.0386963039636611,Disability Services,0.0347121581435203,Childcare Services,0.0322087593376636,Departmental Reports,0.0298980362713336,Child and Family Agency,0.0292730536311864,65893/26,99,Mark Wall,MARK WALL,written,en,"To ask the Minister for Children, Disability and Equality if she will be carrying out a consultation on the issues impacting young family carers in Ireland.",the minister for children disability and equality if she will be carrying out a consultation on the issues impacting young family carers in ireland 65893 26,"Children, Disability and Equality",429,431
"100. Deputy Richard Boyd Barrett asked the Minister for Children, Disability and Equality whether she has engaged with an organisation (details supplied); and the way in which her Department intends to provide homes for all adult children with intellectual and other disabilities who are currently in need of residential services, or who foreseeably will need them in the short to medium term, with particular regard for those currently receiving care from older family members. [65835/26]",,Children,2026-09-17,0.9334079027175904,Disability Services,Disability Services,0.9334079027175904,Childcare Services,0.0066327005624771,Care Services,0.0060625276528298,Rights of People with Disabilities,0.0058621638454496,Emergency Accommodation,0.0046000722795724,Departmental Policies,0.0042848442681133,Children in Care,0.0028832852840423,Health Services,0.0025316555984318,International Protection,0.0021405424922704,Housing Provision,0.0021302723325788,65835/26,100,Richard Boyd Barrett,RICHARD BOYD BARRETT,written,en,"To ask the Minister for Children, Disability and Equality whether she has engaged with an organisation (details supplied); and the way in which her Department intends to provide homes for all adult children with intellectual and other disabilities who are currently in need of residential services, or who foreseeably will need them in the short to medium term, with particular regard for those currently receiving care from older family members.",the minister for children disability and equality whether she has engaged with an organisation details supplied and the way in which her department intends to provide homes for all adult children with intellectual and other disabilities who are currently in need of residential services or who foreseeably will need them in the short to medium term with particular regard for those currently receiving care from older family members 65835 26,"Children, Disability and Equality",433,435
"101. Deputy Mark Ward asked the Minister for Children, Disability and Equality if a resolution has been agreed with her Department and a union (details supplied) on the ongoing industrial action in Oberstown Children Detention Centre; to comment on the number of work related injuries sustained by staff since 2020; and the steps she is taking to improve safe working conditions in the centre for both staff and the young people detained there. [65888/26]",,Children,2026-09-17,0.1012869104743003,Child Protection,Child Protection,0.1012869104743003,Children in Care,0.0494932718575,Juvenile Offenders,0.0490910895168781,Childcare Services,0.035076268017292,Child and Family Agency,0.0309111513197422,Child Detention Centres,0.0302400570362806,Departmental Data,0.0287823900580406,Prison Service,0.0278437305241823,Child Abuse,0.0258222036063671,Detention Centres,0.024528831243515,65888/26,101,Mark Ward,MARK WARD,written,en,"To ask the Minister for Children, Disability and Equality if a resolution has been agreed with her Department and a union (details supplied) on the ongoing industrial action in Oberstown Children Detention Centre; to comment on the number of work related injuries sustained by staff since 2020; and the steps she is taking to improve safe working conditions in the centre for both staff and the young people detained there.",the minister for children disability and equality if a resolution has been agreed with her department and a union details supplied on the ongoing industrial action in oberstown children detention centre to comment on the number of work related injuries sustained by staff since 2020 and the steps she is taking to improve safe working conditions in the centre for both staff and the young people detained there 65888 26,"Children, Disability and Equality",437,439
"102. Deputy Naoise Ó Cearúil asked the Minister for Children, Disability and Equality the progress made towards progressively reducing the cost of childcare to €200 per month per child through the National Childcare Scheme; the progress made towards exploring options to cap costs for larger families. [65915/26]",,Children,2026-09-17,0.9025622010231018,Childcare Services,Childcare Services,0.9025622010231018,Early Childhood Care and Education,0.0599555969238281,Departmental Schemes,0.0121854208409786,Departmental Funding,0.0038275502156466,Departmental Data,0.0022912041749805,Departmental Budgets,0.0018780619138851,Departmental Programmes,0.0016641466645523,Departmental Expenditure,0.0009630313143134,Departmental Policies,0.0006247379933483,Rural Schemes,0.0006114894058555,65915/26,102,Naoise Ó Cearúil,NAOISE Ó CEARÚIL,written,en,"To ask the Minister for Children, Disability and Equality the progress made towards progressively reducing the cost of childcare to €200 per month per child through the National Childcare Scheme; the progress made towards exploring options to cap costs for larger families.",the minister for children disability and equality the progress made towards progressively reducing the cost of childcare to 200 per month per child through the national childcare scheme the progress made towards exploring options to cap costs for larger families 65915 26,"Children, Disability and Equality",441,443
"103. Deputy Albert Dolan asked the Minister for Children, Disability and Equality the assessment undertaken of childcare capacity in Galway East; the measures being taken to create additional childcare places in rapidly growing communities; and if consideration is being given to targeted supports for childcare providers operating in rural towns and villages. [64934/26]",,Children,2026-09-17,0.9459956884384156,Childcare Services,Childcare Services,0.9459956884384156,Early Childhood Care and Education,0.0421347245573997,Departmental Data,0.001424754387699,Departmental Funding,0.0013881194172427,Departmental Schemes,0.0009012788068503,Disability Services,0.0006033134995959,Departmental Programmes,0.0003812293289229,Children in Care,0.0003645762626547,Departmental Budgets,0.000350816262653,Special Educational Needs,0.0003492789983283,64934/26,103,Albert Dolan,ALBERT DOLAN,written,en,"To ask the Minister for Children, Disability and Equality the assessment undertaken of childcare capacity in Galway East; the measures being taken to create additional childcare places in rapidly growing communities; and if consideration is being given to targeted supports for childcare providers operating in rural towns and villages.",the minister for children disability and equality the assessment undertaken of childcare capacity in galway east the measures being taken to create additional childcare places in rapidly growing communities and if consideration is being given to targeted supports for childcare providers operating in rural towns and villages 64934 26,"Children, Disability and Equality",445,447
"104. Deputy Claire Kerrane asked the Minister for Children, Disability and Equality to provide an update on her consultation with childminders. [65901/26]",,Children,2026-09-17,0.923450231552124,Childcare Services,Childcare Services,0.923450231552124,Early Childhood Care and Education,0.0122448103502392,Departmental Data,0.0108388224616646,Departmental Schemes,0.0032004548702389,Departmental Policies,0.0031342273578047,Other,0.0024233248550444,Departmental Reviews,0.0023842263035476,Departmental Inquiries,0.0022983062081038,Disability Services,0.0022591813467442,Health Services,0.002070881659165,65901/26,104,Claire Kerrane,CLAIRE KERRANE,written,en,"To ask the Minister for Children, Disability and Equality to provide an update on her consultation with childminders.",the minister for children disability and equality to provide an update on her consultation with childminders 65901 26,"Children, Disability and Equality",449,451
"105. Deputy Shane Moynihan asked the Minister for Children, Disability and Equality for a progress report on the move to State acquisition of childcare facilities; whether plans have been developed for the future management and operation of acquired facilities, including the process by which their operation may be tendered. [65965/26]",,Children,2026-09-17,0.9502297043800354,Childcare Services,Childcare Services,0.9502297043800354,Early Childhood Care and Education,0.0241834614425897,Departmental Funding,0.0027923355810344,Departmental Data,0.0019063814543187,Departmental Schemes,0.0014538672985509,Departmental Expenditure,0.0014125210000202,Children in Care,0.0011444650590419,Departmental Policies,0.0009321918478235,Other,0.0009211035212501,Child Protection,0.0007262524450197,65965/26,105,Shane Moynihan,SHANE MOYNIHAN,written,en,"To ask the Minister for Children, Disability and Equality for a progress report on the move to State acquisition of childcare facilities; whether plans have been developed for the future management and operation of acquired facilities, including the process by which their operation may be tendered.",the minister for children disability and equality for a progress report on the move to state acquisition of childcare facilities whether plans have been developed for the future management and operation of acquired facilities including the process by which their operation may be tendered 65965 26,"Children, Disability and Equality",453,455
"106. Deputy John Clendennen asked the Minister for Children, Disability and Equality the current status of the implementation of the new Autism Assessment and Intervention Pathway Protocol; and the number of the proposed in-reach teams that have been established to date. [65879/26]",,Children,2026-09-17,0.3838484585285187,Disability Services,Disability Services,0.3838484585285187,Disabilities Assessments,0.3377780020236969,Disability Diagnoses,0.0561242960393428,Special Educational Needs,0.0273547042161226,Departmental Data,0.0223945304751396,Departmental Policies,0.0209575239568948,Health Services,0.0208443067967891,Childcare Services,0.0154568972066044,Departmental Strategies,0.0138352056965231,Early Childhood Care and Education,0.0096163572743535,65879/26,106,John Clendennen,JOHN CLENDENNEN,written,en,"To ask the Minister for Children, Disability and Equality the current status of the implementation of the new Autism Assessment and Intervention Pathway Protocol; and the number of the proposed in-reach teams that have been established to date.",the minister for children disability and equality the current status of the implementation of the new autism assessment and intervention pathway protocol and the number of the proposed in-reach teams that have been established to date 65879 26,"Children, Disability and Equality",457,459
"107. Deputy Claire Kerrane asked the Minister for Children, Disability and Equality to provide an update on the provision of a State pension for foster carers, in consultation, with the Minister for Social Protection. [65900/26]",,Children,2026-09-17,0.7043411731719971,State Pensions,State Pensions,0.7043411731719971,Pension Provisions,0.104888416826725,Social Welfare Payments,0.0141679057851433,Social Welfare Benefits,0.0137830693274736,Public Sector Pensions,0.0116488542407751,Pensions Reform,0.0115468986332416,Social Welfare Eligibility,0.0091823507100343,Other,0.0089544421061873,Social Welfare Code,0.0081273140385746,Children in Care,0.0064093205146491,65900/26,107,Claire Kerrane,CLAIRE KERRANE,written,en,"To ask the Minister for Children, Disability and Equality to provide an update on the provision of a State pension for foster carers, in consultation, with the Minister for Social Protection.",the minister for children disability and equality to provide an update on the provision of a state pension for foster carers in consultation with the minister for social protection 65900 26,"Children, Disability and Equality",461,463
"108. Deputy Roderic O'Gorman asked the Minister for Children, Disability and Equality her plans to increase the availability of afterschool childcare spaces. [65745/26]",,Children,2026-09-17,0.8959320187568665,Childcare Services,Childcare Services,0.8959320187568665,Early Childhood Care and Education,0.0823461338877677,After-School Support Services,0.0023491219617426,Children in Care,0.0017328031826764,Departmental Funding,0.0014902537222951,Departmental Schemes,0.0012260013027116,Child Protection,0.0011398048372939,Child and Family Agency,0.0007870164699852,Childcare Qualifications,0.000707475352101,Departmental Data,0.0005962763680145,65745/26,108,Roderic O'Gorman,RODERIC O'GORMAN,written,en,"To ask the Minister for Children, Disability and Equality her plans to increase the availability of afterschool childcare spaces.",the minister for children disability and equality her plans to increase the availability of afterschool childcare spaces 65745 26,"Children, Disability and Equality",465,467
"109. Deputy Richard Boyd Barrett asked the Minister for Children, Disability and Equality with respect to the recently published Action Plan for the National Strategy for Women and Girls, which commits her Department to working to eliminate violence against women, the way in which she intends to work with her counterparts at the Department of Housing, Local Government and Heritage and in local authorities to ensure that women and girls subject to domestic violence in the home can quickly change addresses to ensure their safety. [65838/26]",,Children,2026-09-17,0.7077468633651733,"Domestic, Sexual and Gender-based Violence","Domestic, Sexual and Gender-based Violence",0.7077468633651733,Departmental Strategies,0.1062007397413253,Domestic Violence,0.0277366749942302,Departmental Policies,0.0224520675837993,Other,0.0088205514475703,Equality Issues,0.0086740758270025,Child Protection,0.0077143162488937,Departmental Programmes,0.0072267353534698,Departmental Data,0.00429856358096,Victim Support Services,0.004281070549041,65838/26,109,Richard Boyd Barrett,RICHARD BOYD BARRETT,written,en,"To ask the Minister for Children, Disability and Equality with respect to the recently published Action Plan for the National Strategy for Women and Girls, which commits her Department to working to eliminate violence against women, the way in which she intends to work with her counterparts at the Department of Housing, Local Government and Heritage and in local authorities to ensure that women and girls subject to domestic violence in the home can quickly change addresses to ensure their safety.",the minister for children disability and equality with respect to the recently published action plan for the national strategy for women and girls which commits her department to working to eliminate violence against women the way in which she intends to work with her counterparts at the department of housing local government and heritage and in local authorities to ensure that women and girls subject to domestic violence in the home can quickly change addresses to ensure their safety 65838 26,"Children, Disability and Equality",469,471
"110. Deputy Seán Kyne asked the Minister for Children, Disability and Equality if her Department have plans to expand Family Resource Centres (FRC’s) in 2027 given the benefits of having Family Resource Centres for local communities; and if she will make a statement on the matter. [65923/26]",,Children,2026-09-17,0.9145803451538086,Family Resource Centres,Family Resource Centres,0.9145803451538086,Child and Family Agency,0.0123451212421059,Youth Services,0.0066633718088269,Mother and Baby Homes,0.0062406854704022,Mother and Baby Homes Inquiries,0.0036672847345471,Residential Institutions,0.003614610992372,Child Protection,0.003415958257392,Early Childhood Care and Education,0.0030455177184194,Departmental Funding,0.0027984837070107,Family Support Services,0.0025376556441187,65923/26,110,Seán Kyne,SEÁN KYNE,written,en,"To ask the Minister for Children, Disability and Equality if her Department have plans to expand Family Resource Centres (FRC’s) in 2027 given the benefits of having Family Resource Centres for local communities; and if she will make a statement on the matter.",the minister for children disability and equality if her department have plans to expand family resource centres frc s in 2027 given the benefits of having family resource centres for local communities and 65923 26,"Children, Disability and Equality",473,475
"111. Deputy Rose Conway-walsh asked the Minister for Children, Disability and Equality the urgent additional measures are being taken to bring down the number on waiting lists for assessment of needs in County Mayo. [65971/26]",,Children,2026-09-17,0.8355075716972351,Disabilities Assessments,Disabilities Assessments,0.8355075716972351,Disability Services,0.0793642774224281,Departmental Data,0.0188861265778541,Health Services Waiting Lists,0.0144489258527755,Special Educational Needs,0.0098178554326295,Disability Diagnoses,0.0082372343167662,Health Services,0.0063423365354537,Psychological Assessments,0.0042066038586199,Childcare Services,0.0022949674166738,Mental Health Services,0.0015365100698545,65971/26,111,Rose Conway-walsh,ROSE CONWAY-WALSH,written,en,"To ask the Minister for Children, Disability and Equality the urgent additional measures are being taken to bring down the number on waiting lists for assessment of needs in County Mayo.",the minister for children disability and equality the urgent additional measures are being taken to bring down the number on waiting lists for assessment of needs in county mayo 65971 26,"Children, Disability and Equality",477,479
"112. Deputy Pádraig O'Sullivan asked the Minister for Children, Disability and Equality the criteria applied in prioritising projects for the current phase of the State-led Early Learning and Childcare Capital Programme; the number and locations of the projects prioritised to date; whether the planning status and estimated fit-out period of the premises proposed for a facility of up to 150 places in Glanmire, Cork, submitted by Cork City Childcare Committee, were assessed in reaching the decision not to prioritise that proposal; when the next phase of project selection will take place; and when decisions are expected to be confirmed. [65862/26]",,Children,2026-09-17,0.7458193898200989,Early Childhood Care and Education,Early Childhood Care and Education,0.7458193898200989,Childcare Services,0.1802920550107956,Departmental Funding,0.0114998323842883,Departmental Data,0.0075437482446432,Departmental Programmes,0.0071636768989264,Disability Services,0.0070189107209444,Departmental Schemes,0.0057077137753367,Special Educational Needs,0.0034201175440102,Departmental Budgets,0.0030603243503719,Departmental Projects,0.002309234580025,65862/26,112,Pádraig O'Sullivan,PÁDRAIG O'SULLIVAN,written,en,"To ask the Minister for Children, Disability and Equality the criteria applied in prioritising projects for the current phase of the State-led Early Learning and Childcare Capital Programme; the number and locations of the projects prioritised to date; whether the planning status and estimated fit-out period of the premises proposed for a facility of up to 150 places in Glanmire, Cork, submitted by Cork City Childcare Committee, were assessed in reaching the decision not to prioritise that proposal; when the next phase of project selection will take place; and when decisions are expected to be confirmed.",the minister for children disability and equality the criteria applied in prioritising projects for the current phase of the state-led early learning and childcare capital programme the number and locations of the projects prioritised to date whether the planning status and estimated fit-out period of the premises proposed for a facility of up to 150 places in glanmire cork submitted by cork city childcare committee were assessed in reaching the decision not to prioritise that proposal when the next phase of project selection will take place and when decisions are expected to be confirmed 65862 26,"Children, Disability and Equality",481,483
"113. Deputy Mairéad Farrell Chun a fhiafraí den Aire Leanaí, Míchumais agus Comhionannais an bhfuil sí ag breathnú ar pholasaí iontrála maidir leis an nGaeilge do leanaí i naíonraí sna ceantracha Gaeltachta; agus an ndéanfaidh sí ráiteas ina thaobh. [65911/26]",,Children,2026-09-17,0.2429769486188888,Other,Other,0.2429769486188888,Oideachas trí Ghaeilge,0.0784240290522575,Údarás na Gaeltachta,0.0705093964934349,An Teanga Gaeilge,0.0599097050726413,Acht na dTeangacha Oifigiúla,0.045825894922018,An Ghaeltacht,0.0445268526673316,Pleanáil Teanga,0.0400346145033836,Seirbhísí trí Ghaeilge,0.0281594358384609,Scoileanna Gaeilge agus Gaeltachta,0.0262796580791473,Foras na Gaeilge,0.02409010194242,65911/26,113,Mairéad Farrell,MAIRÉAD FARRELL,written,ga,"Chun a fhiafraí den Aire Leanaí, Míchumais agus Comhionannais an bhfuil sí ag breathnú ar pholasaí iontrála maidir leis an nGaeilge do leanaí i naíonraí sna ceantracha Gaeltachta; agus an ndéanfaidh sí ráiteas ina thaobh.",deputy mairéad farrell chun a fhiafraí den aire leanaí míchumais agus comhionannais an bhfuil sí ag breathnú ar pholasaí iontrála maidir leis an ngaeilge do leanaí i naíonraí sna ceantracha gaeltachta agus an ndéanfaidh sí ráiteas ina thaobh 65911 26,"Children, Disability and Equality",485,487
"114. Deputy Brian Stanley asked the Minister for Children, Disability and Equality the steps her Department is taking to eliminate the backlogs in accessing therapies in speech and language occupational therapy and psychology in Laois through local CDNTs and the expected timelines; the actions the Government and her Department are taking to prioritise recruitment and retention in frontline workforce for occupational therapy and child disability teams in Laois. [65773/26]",,Children,2026-09-17,0.9616769552230836,Disability Services,Disability Services,0.9616769552230836,Health Services,0.0120055060833692,Health Services Staff,0.0076217530295252,Departmental Data,0.0038293416146188,Health Services Waiting Lists,0.0033256099559366,Disabilities Assessments,0.0024599975440651,Mental Health Services,0.0012315263738855,Childcare Services,0.0010277641704306,Disability Diagnoses,0.0010192727204412,Health Service Executive,0.0008069983450695,65773/26,114,Brian Stanley,BRIAN STANLEY,written,en,"To ask the Minister for Children, Disability and Equality the steps her Department is taking to eliminate the backlogs in accessing therapies in speech and language occupational therapy and psychology in Laois through local CDNTs and the expected timelines; the actions the Government and her Department are taking to prioritise recruitment and retention in frontline workforce for occupational therapy and child disability teams in Laois.",the minister for children disability and equality the steps her department is taking to eliminate the backlogs in accessing therapies in speech and language occupational therapy and psychology in laois through local cdnts and the expected timelines the actions the government and her department are taking to prioritise recruitment and retention in frontline workforce for occupational therapy and child disability teams in laois 65773 26,"Children, Disability and Equality",489,491
"115. Deputy Roderic O'Gorman asked the Minister for Children, Disability and Equality whether the Equality (Miscellaneous Provisions) Bill 2024 will appear on the Autumn legislative programme. [65689/26]",,Children,2026-09-17,0.3460931479930877,Legislative Programme,Legislative Programme,0.3460931479930877,Legislative Measures,0.3183238208293915,Legislative Process,0.2087445110082626,Legislative Reviews,0.0335344523191452,Proposed Legislation,0.0152976820245385,Equality Issues,0.0120624434202909,Assisted Decision-Making,0.0074849175289273,Programme for Government,0.0037379162386059,Statutory Instruments,0.00367111293599,Constitutional Amendments,0.003174212295562,65689/26,115,Roderic O'Gorman,RODERIC O'GORMAN,written,en,"To ask the Minister for Children, Disability and Equality whether the Equality (Miscellaneous Provisions) Bill 2024 will appear on the Autumn legislative programme.",the minister for children disability and equality whether the equality miscellaneous provisions bill 2024 will appear on the autumn legislative programme 65689 26,"Children, Disability and Equality",493,495
"116. Deputy Naoise Ó Muirí asked the Minister for Children, Disability and Equality for an update on the State-led Early Learning and Childcare Capital Programme 2026; the locations have been selected; and when they are expected to commence. [65699/26]",,Children,2026-09-17,0.7687007188796997,Early Childhood Care and Education,Early Childhood Care and Education,0.7687007188796997,Childcare Services,0.183733731508255,Departmental Funding,0.0090236030519008,Departmental Programmes,0.0043585072271525,Departmental Data,0.0038338222075253,Disability Services,0.0036569857038557,Departmental Schemes,0.0034210151061415,Departmental Budgets,0.0026917979121208,Special Educational Needs,0.0021335200872272,Departmental Expenditure,0.001051957020536,65699/26,116,Naoise Ó Muirí,NAOISE Ó MUIRÍ,written,en,"To ask the Minister for Children, Disability and Equality for an update on the State-led Early Learning and Childcare Capital Programme 2026; the locations have been selected; and when they are expected to commence.",the minister for children disability and equality for an update on the state-led early learning and childcare capital programme 2026 the locations have been selected and when they are expected to commence 65699 26,"Children, Disability and Equality",497,499
"117. Deputy Darren O'Rourke asked the Minister for Children, Disability and Equality the measures she is taking to increase day services for adults with intellectual disabilities in County Meath; the number of new places planned for 2026 and 2027. [64791/26]",,Children,2026-09-17,0.9837095737457277,Disability Services,Disability Services,0.9837095737457277,Health Services,0.0048664147034287,Disabilities Assessments,0.001788224093616,Departmental Data,0.0015895855613052,Care Services,0.0010377728613093,Health Services Staff,0.0007917587645351,Disability Diagnoses,0.0006226446712389,Health Services Waiting Lists,0.0006212159059941,Childcare Services,0.0005902636912651,Community Care,0.0004271729267202,64791/26,117,Darren O'Rourke,DARREN O'ROURKE,written,en,"To ask the Minister for Children, Disability and Equality the measures she is taking to increase day services for adults with intellectual disabilities in County Meath; the number of new places planned for 2026 and 2027.",the minister for children disability and equality the measures she is taking to increase day services for adults with intellectual disabilities in county meath the number of new places planned for 2026 and 2027 64791 26,"Children, Disability and Equality",501,503
"118. Deputy Cathy Bennett asked the Minister for Children, Disability and Equality her proposals to address the gap in levels of funding for childcare against the increased costs borne by providers. [65990/26]",,Children,2026-09-17,0.9234519600868224,Childcare Services,Childcare Services,0.9234519600868224,Early Childhood Care and Education,0.0481370463967323,Departmental Funding,0.0093909734860062,Departmental Schemes,0.002175505971536,Departmental Data,0.0013456855667755,Departmental Budgets,0.0013015143340453,Departmental Expenditure,0.0011775970924645,Children in Care,0.0007897486211732,Departmental Programmes,0.0005971466307528,Childcare Qualifications,0.0005661072791554,65990/26,118,Cathy Bennett,CATHY BENNETT,written,en,"To ask the Minister for Children, Disability and Equality her proposals to address the gap in levels of funding for childcare against the increased costs borne by providers.",the minister for children disability and equality her proposals to address the gap in levels of funding for childcare against the increased costs borne by providers 65990 26,"Children, Disability and Equality",505,507
"119. Deputy John Clendennen asked the Minister for Children, Disability and Equality the targets that have been established for the new Autism Assessment and Intervention Pathway Protocol in relation to the number of assessments to be completed, waiting times and anticipated reduction in demand for statutory Assessments of Need. [65880/26]",,Children,2026-09-17,0.8025287389755249,Disabilities Assessments,Disabilities Assessments,0.8025287389755249,Disability Services,0.0646120980381965,Disability Diagnoses,0.0289723463356494,Departmental Data,0.0197891518473625,Special Educational Needs,0.0165499970316886,Health Services,0.0072780190967023,Psychological Assessments,0.0053281364962458,Childcare Services,0.0050394255667924,Departmental Policies,0.0034472809638828,Early Childhood Care and Education,0.0029586320742964,65880/26,119,John Clendennen,JOHN CLENDENNEN,written,en,"To ask the Minister for Children, Disability and Equality the targets that have been established for the new Autism Assessment and Intervention Pathway Protocol in relation to the number of assessments to be completed, waiting times and anticipated reduction in demand for statutory Assessments of Need.",the minister for children disability and equality the targets that have been established for the new autism assessment and intervention pathway protocol the number of assessments to be completed waiting times and anticipated reduction in demand for statutory assessments of need 65880 26,"Children, Disability and Equality",509,511
"120. Deputy Grace Boland asked the Minister for Children, Disability and Equality the progress made on the development of a State led model for the provision of childcare infrastructure in areas experiencing acute shortages of places; the way in which areas of unmet demand will be identified; and the timeframe for the first facilities under this model to become operational. [65123/26]",,Children,2026-09-17,0.936181664466858,Childcare Services,Childcare Services,0.936181664466858,Early Childhood Care and Education,0.0493956618010997,Departmental Funding,0.0020469324663281,Departmental Schemes,0.0012842890573665,Departmental Programmes,0.0007701917784288,Departmental Data,0.0006950442912057,Departmental Policies,0.0006295805214904,Children in Care,0.0003875401744153,Other,0.0003770247276406,Community Development Projects,0.0003577590396162,65123/26,120,Grace Boland,GRACE BOLAND,written,en,"To ask the Minister for Children, Disability and Equality the progress made on the development of a State led model for the provision of childcare infrastructure in areas experiencing acute shortages of places; the way in which areas of unmet demand will be identified; and the timeframe for the first facilities under this model to become operational.",the minister for children disability and equality the progress made on the development of a state led model for the provision of childcare infrastructure in areas experiencing acute shortages of places the way in which areas of unmet demand will be identified and the timeframe for the first facilities under this model to become operational 65123 26,"Children, Disability and Equality",513,515
"121. Deputy Matt Carthy asked the Minister for Children, Disability and Equality her proposals to provide additional respite capacity for adults and children with disabilities in County Monaghan. [65952/26]",,Children,2026-09-17,0.9821747541427612,Disability Services,Disability Services,0.9821747541427612,Health Services,0.0032449313439428,Departmental Data,0.0027585413772612,Care Services,0.0018802874255925,Rights of People with Disabilities,0.0013044662773609,Disabilities Assessments,0.0008236888679675,Disability Diagnoses,0.0007550060399807,Departmental Policies,0.0006385287269949,Community Care,0.0005730414413847,Health Service Executive,0.0005402287933975,65952/26,121,Matt Carthy,MATT CARTHY,written,en,"To ask the Minister for Children, Disability and Equality her proposals to provide additional respite capacity for adults and children with disabilities in County Monaghan.",the minister for children disability and equality her proposals to provide additional respite capacity for adults and children with disabilities in county monaghan 65952 26,"Children, Disability and Equality",517,519
"122. Deputy Joe Neville asked the Minister for Children, Disability and Equality if her Department will consider fast growing population towns like Naas, Kilcock and Maynooth to be included in the pilot scheme on State-led childcare as there is a major childcare availability shortage in these areas currently. [65846/26]",,Children,2026-09-17,0.8848206996917725,Childcare Services,Childcare Services,0.8848206996917725,Early Childhood Care and Education,0.083021804690361,Departmental Schemes,0.0138298077508807,Departmental Funding,0.0020626552868634,Departmental Programmes,0.0017387878615409,Departmental Data,0.0012637488543987,Departmental Policies,0.0007883612997829,Community Development Projects,0.0006920603918842,Rural Schemes,0.0006808830657973,Departmental Budgets,0.0005729707190766,65846/26,122,Joe Neville,JOE NEVILLE,written,en,"To ask the Minister for Children, Disability and Equality if her Department will consider fast growing population towns like Naas, Kilcock and Maynooth to be included in the pilot scheme on State-led childcare as there is a major childcare availability shortage in these areas currently.",the minister for children disability and equality if her department will consider fast growing population towns like naas kilcock and maynooth to be included in the pilot scheme on state-led childcare as there is a major childcare availability shortage in these areas currently 65846 26,"Children, Disability and Equality",521,523
"123. Deputy Liam Quaide asked the Minister for Children, Disability and Equality whether Budget 2027 will include a multi-annual funding framework for disability services, covering both current and capital expenditure; whether such a framework will set out planned investment in residential services, respite, home support, personal assistance, day services and children’s disability services over a defined number of years; and her views on whether multi-annual funding is necessary to allow the HSE and funded service providers to plan workforce, capacity and infrastructure on a sustainable basis. [65597/26]",,Children,2026-09-17,0.8700456023216248,Disability Services,Disability Services,0.8700456023216248,Departmental Funding,0.0253870356827974,Departmental Budgets,0.02344361692667,Health Services,0.0152414124459028,Budget 2026,0.0140755046159029,Budget 2023,0.0067789074964821,Departmental Data,0.0066089034080505,Budget 2025,0.0059730354696512,Budget 2024,0.0034992087166756,Departmental Expenditure,0.0019626955036073,65597/26,123,Liam Quaide,LIAM QUAIDE,written,en,"To ask the Minister for Children, Disability and Equality whether Budget 2027 will include a multi-annual funding framework for disability services, covering both current and capital expenditure; whether such a framework will set out planned investment in residential services, respite, home support, personal assistance, day services and children’s disability services over a defined number of years; and her views on whether multi-annual funding is necessary to allow the HSE and funded service providers to plan workforce, capacity and infrastructure on a sustainable basis.",the minister for children disability and equality whether budget 2027 will include a multi-annual funding framework for disability services covering both current and capital expenditure whether such a framework will set out planned investment in residential services respite home support personal assistance day services and children s disability services over a defined number of years and her views on whether multi-annual funding is necessary to allow the hse and funded service providers to plan workforce capacity and infrastructure on a sustainable basis 65597 26,"Children, Disability and Equality",525,527
"124. Deputy Joe Cooney asked the Minister for Children, Disability and Equality in the context of the preparations for Budget 2027, if any funding secured for pay parity for Section 39 disability organisations will include full provision for employer pension and PRSI costs, and not solely the basic pay increase; and the timeline for closing the outstanding pay and pension gap between these workers and their HSE/Section 38 counterparts. [65463/26]",,Children,2026-09-17,0.4599120914936065,Disability Services,Disability Services,0.4599120914936065,Health Services Staff,0.0595127195119857,Budget 2023,0.0467267483472824,Budget 2026,0.0407263450324535,Departmental Budgets,0.0380239374935627,Childcare Services,0.034428920596838,Budget 2024,0.0228236429393291,Departmental Data,0.0213943794369697,Departmental Funding,0.0207147002220153,Early Childhood Care and Education,0.0188523605465888,65463/26,124,Joe Cooney,JOE COONEY,written,en,"To ask the Minister for Children, Disability and Equality in the context of the preparations for Budget 2027, if any funding secured for pay parity for Section 39 disability organisations will include full provision for employer pension and PRSI costs, and not solely the basic pay increase; and the timeline for closing the outstanding pay and pension gap between these workers and their HSE/Section 38 counterparts.",the minister for children disability and equality in the context of the preparations for budget 2027 if any funding secured for pay parity for section 39 disability organisations will include full provision for employer pension and prsi costs and not solely the basic pay increase and the timeline for closing the outstanding pay and pension gap between these workers and their hse section 38 counterparts 65463 26,"Children, Disability and Equality",529,531
"125. Deputy Cathy Bennett asked the Minister for Children, Disability and Equality the number of children in Cavan and Monaghan that received an assessment of need within the statutory timeframe in the years 2024 to date; and the number that did not. [65987/26]",,Children,2026-09-17,0.7809926271438599,Disabilities Assessments,Disabilities Assessments,0.7809926271438599,Disability Services,0.0644802749156951,Departmental Data,0.0607593096792697,Special Educational Needs,0.0175350438803434,Disability Diagnoses,0.0128258783370256,Childcare Services,0.0063437237404286,Psychological Assessments,0.0052704107947647,Health Services Waiting Lists,0.0050376104190945,Early Childhood Care and Education,0.0031799636781215,Health Services,0.0027659742627292,65987/26,125,Cathy Bennett,CATHY BENNETT,written,en,"To ask the Minister for Children, Disability and Equality the number of children in Cavan and Monaghan that received an assessment of need within the statutory timeframe in the years 2024 to date; and the number that did not.",the minister for children disability and equality the number of children in cavan and monaghan that received an assessment of need within the statutory timeframe in the years 2024 to date and the number that did not 65987 26,"Children, Disability and Equality",533,535
"126. Deputy Malcolm Byrne asked the Minister for Children, Disability and Equality to outline measures to encourage greater numbers into fostering. [65731/26]",,Children,2026-09-17,0.8234209418296814,Children in Care,Children in Care,0.8234209418296814,Departmental Data,0.0476600378751754,Childcare Services,0.0412098355591297,Child and Family Agency,0.00940662343055,Care Services,0.0077476017177104,Child Protection,0.0055030356161296,Departmental Funding,0.0044471938163042,Early Childhood Care and Education,0.0032025596592575,Departmental Policies,0.0031976127065718,Social Welfare Benefits,0.0031094818841665,65731/26,126,Malcolm Byrne,MALCOLM BYRNE,written,en,"To ask the Minister for Children, Disability and Equality to outline measures to encourage greater numbers into fostering.",the minister for children disability and equality measures to encourage greater numbers into fostering 65731 26,"Children, Disability and Equality",537,539
"127. Deputy Paul Mcauliffe asked the Minister for Children, Disability and Equality to provide the latest update on the Programme for Government commitment to progressively reduce the cost of childcare to €200 per month per child through the national childcare scheme; and the way in which she intends to address the issue of afterschool childcare places. [65804/26]",,Children,2026-09-17,0.8652853965759277,Childcare Services,Childcare Services,0.8652853965759277,Early Childhood Care and Education,0.0986045524477958,Departmental Schemes,0.0113424621522426,Departmental Funding,0.003140204353258,Departmental Programmes,0.0026898272335529,Departmental Budgets,0.0014613755047321,Departmental Policies,0.0009057953138835,Departmental Data,0.0008568531484343,Rural Schemes,0.0006938240258023,Departmental Expenditure,0.0006624247762374,65804/26,127,Paul Mcauliffe,PAUL MCAULIFFE,written,en,"To ask the Minister for Children, Disability and Equality to provide the latest update on the Programme for Government commitment to progressively reduce the cost of childcare to €200 per month per child through the national childcare scheme; and the way in which she intends to address the issue of afterschool childcare places.",the minister for children disability and equality to provide the latest update on the programme for government commitment to progressively reduce the cost of childcare to 200 per month per child through the national childcare scheme and the way in which she intends to address the issue of afterschool childcare places 65804 26,"Children, Disability and Equality",541,543
"128. Deputy Ruairí Ó Murchú asked the Minister for Children, Disability and Equality to provide an update on the progress of the restructuring of special care; and whether consideration is being given to dealing with the difficulties created by the loss of high support units. [65849/26]",,Children,2026-09-17,0.5236844420433044,Care Services,Care Services,0.5236844420433044,Children in Care,0.1163456737995147,Disability Services,0.1002957224845886,Childcare Services,0.047727070748806,Care of the Elderly,0.0245931800454854,Health Services,0.022239401936531,Special Educational Needs,0.0176913309842348,Departmental Data,0.0128292413428425,Community Care,0.0113156456500291,Child and Family Agency,0.0084829721599817,65849/26,128,Ruairí Ó Murchú,RUAIRÍ Ó MURCHÚ,written,en,"To ask the Minister for Children, Disability and Equality to provide an update on the progress of the restructuring of special care; and whether consideration is being given to dealing with the difficulties created by the loss of high support units.",the minister for children disability and equality to provide an update on the progress of the restructuring of special care and whether consideration is being given to dealing with the difficulties created by the loss of high support units 65849 26,"Children, Disability and Equality",545,547
"129. Deputy Peter Roche asked the Minister for Children, Disability and Equality the steps being taken to improve transport supports for persons with disabilities accessing respite care services. [65693/26]",,Children,2026-09-17,0.9804264307022096,Disability Services,Disability Services,0.9804264307022096,Public Transport,0.002407411346212,Care Services,0.0023343223147094,Health Services,0.0016404214547947,Rights of People with Disabilities,0.001342799863778,Departmental Data,0.0010830695973709,Departmental Policies,0.0010374661069363,Departmental Funding,0.0006110450485721,Departmental Schemes,0.0005225510685704,Disabilities Assessments,0.000486133765662,65693/26,129,Peter Roche,PETER ROCHE,written,en,"To ask the Minister for Children, Disability and Equality the steps being taken to improve transport supports for persons with disabilities accessing respite care services.",the minister for children disability and equality the steps being taken to improve transport supports for persons with disabilities accessing respite care services 65693 26,"Children, Disability and Equality",549,551
"130. Deputy Paul Lawless asked the Minister for Children, Disability and Equality the engagement she has had with a campaign (details supplied) since she took office; and if she will make a statement on the matter. [64908/26]",,Children,2026-09-17,0.1456881612539291,Disability Services,Disability Services,0.1456881612539291,Child Protection,0.1087991744279861,Childcare Services,0.1000179350376129,Child and Family Agency,0.0678792968392372,Youth Services,0.0413145534694194,Early Childhood Care and Education,0.0273486766964197,Assisted Decision-Making,0.0224506929516792,Departmental Funding,0.0213089864701032,Family Resource Centres,0.020802492275834,Equality Issues,0.0197034273296594,64908/26,130,Paul Lawless,PAUL LAWLESS,written,en,"To ask the Minister for Children, Disability and Equality the engagement she has had with a campaign (details supplied) since she took office; and if she will make a statement on the matter.",the minister for children disability and equality the engagement she has had with a campaign details supplied since she took office and 64908 26,"Children, Disability and Equality",553,555
"131. Deputy Liam Quaide asked the Minister for Children, Disability and Equality in respect of children in disability residential placements, the total expenditure attributable to agency staffing and directly employed staffing in 2025 and to date in 2026 (details supplied); the proportion of total staffing expenditure represented by agency staffing in each provider category; whether the HSE requires providers of commissioned residential placements to report the level and cost of agency staffing; and, if this information is not collected centrally, how the HSE assesses workforce stability, continuity of care and value for money in these high cost placements. [65601/26]",,Children,2026-09-17,0.8481559753417969,Disability Services,Disability Services,0.8481559753417969,Childcare Services,0.036496877670288,Departmental Data,0.026377635076642,Care Services,0.0105192437767982,Children in Care,0.0098986476659774,Health Service Executive,0.0097916088998317,Departmental Funding,0.0074744708836078,Health Services,0.0057927588932216,Disabilities Assessments,0.0049379332922399,Departmental Budgets,0.0045613250695168,65601/26,131,Liam Quaide,LIAM QUAIDE,written,en,"To ask the Minister for Children, Disability and Equality in respect of children in disability residential placements, the total expenditure attributable to agency staffing and directly employed staffing in 2025 and to date in 2026 (details supplied); the proportion of total staffing expenditure represented by agency staffing in each provider category; whether the HSE requires providers of commissioned residential placements to report the level and cost of agency staffing; and, if this information is not collected centrally, how the HSE assesses workforce stability, continuity of care and value for money in these high cost placements.",the minister for children disability and equality in respect of children in disability residential placements the total expenditure attributable to agency staffing and directly employed staffing in 2025 and to date in 2026 details supplied the proportion of total staffing expenditure represented by agency staffing in each provider category whether the hse requires providers of commissioned residential placements to report the level and cost of agency staffing and if this information is not collected centrally how the hse assesses workforce stability continuity of care and value for money in these high cost placements 65601 26,"Children, Disability and Equality",557,559
"132. Deputy Mark Wall asked the Minister for Children, Disability and Equality if she will consider allowing single parent families to take the same amount of leave as two parent households taking parent’s leave, given her Department has policy and legal responsibility for all family leaves. [65894/26]",,Children,2026-09-17,0.7898104786872864,Parental Leave,Parental Leave,0.7898104786872864,Maternity Leave,0.0693158656358718,Disability Services,0.0095266010612249,Child and Family Agency,0.0094479490071535,Child Protection,0.007554140407592,Children in Care,0.0068215546198189,Legislative Measures,0.0058642895892262,Employment Rights,0.0056897513568401,Equality Issues,0.0052929800003767,Social Welfare Benefits,0.0049323975108563,65894/26,132,Mark Wall,MARK WALL,written,en,"To ask the Minister for Children, Disability and Equality if she will consider allowing single parent families to take the same amount of leave as two parent households taking parent’s leave, given her Department has policy and legal responsibility for all family leaves.",the minister for children disability and equality if she will consider allowing single parent families to take the same amount of leave as two parent households taking parent s leave given her department has policy and legal responsibility for all family leaves 65894 26,"Children, Disability and Equality",561,563
"133. Deputy Naoise Ó Muirí asked the Minister for Children, Disability and Equality if she will outline funding for family resource centres in north Dublin for 2026. [65714/26]",,Children,2026-09-17,0.9281429648399352,Family Resource Centres,Family Resource Centres,0.9281429648399352,Departmental Funding,0.0128068216145038,Child and Family Agency,0.0059478688053786,Early Childhood Care and Education,0.0040666605345904,Youth Services,0.003645539516583,Departmental Programmes,0.0032554450444877,Disability Services,0.0030932212248444,Mother and Baby Homes,0.0026212250813841,Residential Institutions,0.0021993438713252,Family Support Services,0.0021338819060474,65714/26,133,Naoise Ó Muirí,NAOISE Ó MUIRÍ,written,en,"To ask the Minister for Children, Disability and Equality if she will outline funding for family resource centres in north Dublin for 2026.",the minister for children disability and equality if she will outline funding for family resource centres in north dublin for 2026 65714 26,"Children, Disability and Equality",565,567
"134. Deputy Rose Conway-walsh asked the Minister for Children, Disability and Equality the current number of staffing vacancies on Mayo children’s disability network teams (CDNTs); the additional resources and service capacity being provided to address long waiting lists for the CDNTs; and the timeframe for reducing waiting times and ensuring children can access appropriate assessment and intervention. [65974/26]",,Children,2026-09-17,0.964923620223999,Disability Services,Disability Services,0.964923620223999,Health Services Staff,0.0135293556377291,Departmental Data,0.0092071499675512,Disabilities Assessments,0.0022911841515451,Health Services,0.0019405772909522,Health Services Waiting Lists,0.0013163113035261,Departmental Staff,0.0009211760479956,Childcare Services,0.0008455065544694,Disability Diagnoses,0.0007014865404926,Health Service Executive,0.000538193678949,65974/26,134,Rose Conway-walsh,ROSE CONWAY-WALSH,written,en,"To ask the Minister for Children, Disability and Equality the current number of staffing vacancies on Mayo children’s disability network teams (CDNTs); the additional resources and service capacity being provided to address long waiting lists for the CDNTs; and the timeframe for reducing waiting times and ensuring children can access appropriate assessment and intervention.",the minister for children disability and equality the current number of staffing vacancies on mayo children s disability network teams cdnts the additional resources and service capacity being provided to address long waiting lists for the cdnts and the timeframe for reducing waiting times and ensuring children can access appropriate assessment and intervention 65974 26,"Children, Disability and Equality",569,571
"135. Deputy Joe Neville asked the Minister for Children, Disability and Equality the number of towns that will be included in the pilot scheme on State-led childcare; and when her Department hopes the first pilot will begin. [65848/26]",,Children,2026-09-17,0.8261395692825317,Childcare Services,Childcare Services,0.8261395692825317,Early Childhood Care and Education,0.0755079090595245,Departmental Schemes,0.0622418746352195,Departmental Data,0.0048017115332186,Departmental Funding,0.0046346536837518,Departmental Programmes,0.0043643345125019,Rural Schemes,0.0019776201806962,Community Development Projects,0.0012839639093726,Departmental Policies,0.0010582590475678,Departmental Budgets,0.0008980749989859,65848/26,135,Joe Neville,JOE NEVILLE,written,en,"To ask the Minister for Children, Disability and Equality the number of towns that will be included in the pilot scheme on State-led childcare; and when her Department hopes the first pilot will begin.",the minister for children disability and equality the number of towns that will be included in the pilot scheme on state-led childcare and when her department hopes the first pilot will begin 65848 26,"Children, Disability and Equality",573,575
"136. Deputy Daniel Ennis asked the Minister for Children, Disability and Equality for an update on the progress of the Equality (Miscellaneous Provisions) Bill 2024; whether she will confirm that socio-economic disadvantage will be included as the 10th protected ground in the Bill; and whether she remains committed to its inclusion as a protected ground. [65936/26]",,Children,2026-09-17,0.3383044600486755,Legislative Measures,Legislative Measures,0.3383044600486755,Legislative Process,0.2747801542282104,Legislative Programme,0.243805855512619,Legislative Reviews,0.0415191240608692,Equality Issues,0.0156446788460016,Proposed Legislation,0.0107143884524703,International Protection,0.0049690441228449,Departmental Policies,0.0049174726009368,Assisted Decision-Making,0.0048150899820029,Rights of People with Disabilities,0.0042398478835821,65936/26,136,Daniel Ennis,DANIEL ENNIS,written,en,"To ask the Minister for Children, Disability and Equality for an update on the progress of the Equality (Miscellaneous Provisions) Bill 2024; whether she will confirm that socio-economic disadvantage will be included as the 10th protected ground in the Bill; and whether she remains committed to its inclusion as a protected ground.",the minister for children disability and equality for an update on the progress of the equality miscellaneous provisions bill 2024 whether she will confirm that socio-economic disadvantage will be included as the 10th protected ground in the bill and whether she remains committed to its inclusion as a protected ground 65936 26,"Children, Disability and Equality",577,579
"137. Deputy Mark Ward asked the Minister for Children, Disability and Equality the number of young people whose assessment of need were not delivered within the statutory timeline of six months in the past five years; and the steps her Department is taking to deliver these on time. [65889/26]",,Children,2026-09-17,0.6965060830116272,Disabilities Assessments,Disabilities Assessments,0.6965060830116272,Disability Services,0.1403040289878845,Departmental Data,0.0471421629190444,Disability Diagnoses,0.0204611513763666,Special Educational Needs,0.0153758553788065,Psychological Assessments,0.0064853900112211,Childcare Services,0.0060910047031939,Health Services,0.0041483733803033,Care Services,0.0034158627968281,Early Childhood Care and Education,0.0031444027554243,65889/26,137,Mark Ward,MARK WARD,written,en,"To ask the Minister for Children, Disability and Equality the number of young people whose assessment of need were not delivered within the statutory timeline of six months in the past five years; and the steps her Department is taking to deliver these on time.",the minister for children disability and equality the number of young people whose assessment of need were not delivered within the statutory timeline of six months in the past five years and the steps her department is taking to deliver these on time 65889 26,"Children, Disability and Equality",581,583
"138. Deputy Claire Kerrane asked the Minister for Children, Disability and Equality to provide an update on pay for early years educators and school age care practitioners, and the €45 million ringfenced for a pay increase for them this year. [65899/26]",,Children,2026-09-17,0.7504081726074219,Early Childhood Care and Education,Early Childhood Care and Education,0.7504081726074219,Childcare Services,0.2082963734865188,Departmental Data,0.0071301208809018,Disability Services,0.0028382467571645,Departmental Budgets,0.0025570169091224,Departmental Funding,0.0022550299763679,Health Services Staff,0.0021092884708195,Childcare Qualifications,0.0020413775928318,Special Educational Needs,0.0011189501965418,Departmental Schemes,0.0009459712891839,65899/26,138,Claire Kerrane,CLAIRE KERRANE,written,en,"To ask the Minister for Children, Disability and Equality to provide an update on pay for early years educators and school age care practitioners, and the €45 million ringfenced for a pay increase for them this year.",the minister for children disability and equality to provide an update on pay for early years educators and school age care practitioners and the 45 million ringfenced for a pay increase for them this year 65899 26,"Children, Disability and Equality",585,587
"139. Deputy Louis O'Hara asked the Minister for Children, Disability and Equality the measures her Department is taking to provide additional respite capacity in County Galway, in view of the increasing waiting lists for these services. [64899/26]",,Children,2026-09-17,0.9313309788703918,Disability Services,Disability Services,0.9313309788703918,Care Services,0.0289785899221897,Health Services,0.0195369981229305,Departmental Data,0.0029690589290112,Community Care,0.0021374055650085,Health Service Executive,0.0018285876139998,Health Services Waiting Lists,0.0016630627214908,Care of the Elderly,0.0014334905426949,Health Services Staff,0.0009543387568555,Mental Health Services,0.0008696495206095,64899/26,139,Louis O'Hara,LOUIS O'HARA,written,en,"To ask the Minister for Children, Disability and Equality the measures her Department is taking to provide additional respite capacity in County Galway, in view of the increasing waiting lists for these services.",the minister for children disability and equality the measures her department is taking to provide additional respite capacity in county galway in view of the increasing waiting lists for these services 64899 26,"Children, Disability and Equality",589,591
"140. Deputy Ruairí Ó Murchú asked the Minister for Children, Disability and Equality the number of social workers, social care workers and foster carers that are currently required in Tusla; and the efforts being made to address the shortfall. [65847/26]",,Children,2026-09-17,0.8127411603927612,Child and Family Agency,Child and Family Agency,0.8127411603927612,Children in Care,0.0907861292362213,Child Protection,0.0169102568179368,Childcare Services,0.0156741235405206,Care Services,0.0130454022437334,Departmental Data,0.007038814947009,Early Childhood Care and Education,0.0025829870719462,Youth Services,0.0024833921343088,Disability Services,0.0024739759974181,Residential Institutions,0.0024223276413977,65847/26,140,Ruairí Ó Murchú,RUAIRÍ Ó MURCHÚ,written,en,"To ask the Minister for Children, Disability and Equality the number of social workers, social care workers and foster carers that are currently required in Tusla; and the efforts being made to address the shortfall.",the minister for children disability and equality the number of social workers social care workers and foster carers that are currently required in tusla and the efforts being made to address the shortfall 65847 26,"Children, Disability and Equality",593,595
"141. Deputy Peter Roche asked the Minister for Children, Disability and Equality the steps being taken to deliver a reduction in childcare costs towards the Programme for Government's target of €200 per month per child. [65694/26]",,Children,2026-09-17,0.8714710474014282,Childcare Services,Childcare Services,0.8714710474014282,Early Childhood Care and Education,0.0965853706002235,Departmental Funding,0.0059346724301576,Departmental Schemes,0.0052374526858329,Departmental Budgets,0.0027865525335073,Departmental Data,0.0019044262589886,Departmental Programmes,0.0016503849765285,Departmental Expenditure,0.0012381175765767,Childcare Qualifications,0.0004999049124307,Departmental Policies,0.0004936080076731,65694/26,141,Peter Roche,PETER ROCHE,written,en,"To ask the Minister for Children, Disability and Equality the steps being taken to deliver a reduction in childcare costs towards the Programme for Government's target of €200 per month per child.",the minister for children disability and equality the steps being taken to deliver a reduction in childcare costs towards the programme for government s target of 200 per month per child 65694 26,"Children, Disability and Equality",597,599
"142. Deputy Ken O'Flynn asked the Minister for Children, Disability and Equality her views on whether elected Deputies have a fundamental role in raising concerns on behalf of their constituents (details supplied); whether she has concerns about any publicly funded organisation seeking to influence or restrict the manner in which elected representatives raise legitimate matters of public concern; and the safeguards that exist to ensure that efforts to combat discrimination or hate speech do not inadvertently suppress legitimate political debate or discourage Deputies from raising issues affecting their constituents. [65794/26]",,Children,2026-09-17,0.0798295140266418,Equality Issues,Equality Issues,0.0798295140266418,Youth Services,0.0730863586068153,Departmental Policies,0.0423276163637638,Referendum Campaigns,0.0420602187514305,Adoption Services,0.0416995361447334,Child Protection,0.0319547466933727,Rights of People with Disabilities,0.0274978261440992,Child and Family Agency,0.0274370014667511,Legislative Measures,0.0217448454350233,Other,0.0205635204911232,65794/26,142,Ken O'Flynn,KEN O'FLYNN,written,en,"To ask the Minister for Children, Disability and Equality her views on whether elected Deputies have a fundamental role in raising concerns on behalf of their constituents (details supplied); whether she has concerns about any publicly funded organisation seeking to influence or restrict the manner in which elected representatives raise legitimate matters of public concern; and the safeguards that exist to ensure that efforts to combat discrimination or hate speech do not inadvertently suppress legitimate political debate or discourage Deputies from raising issues affecting their constituents.",the minister for children disability and equality her views on whether elected deputies have a fundamental role in raising concerns on behalf of their constituents details supplied whether she has concerns about any publicly funded organisation seeking to influence or restrict the manner in which elected representatives raise legitimate matters of public concern and the safeguards that exist to ensure that efforts to combat discrimination or hate speech do not inadvertently suppress legitimate political debate or discourage deputies from raising issues affecting their constituents 65794 26,"Children, Disability and Equality",601,603
"143. Deputy Brendan Smith asked the Minister for Children, Disability and Equality the up to date position regarding the roll-out of the future building blocks scheme; and if she will make a statement on the matter. [65926/26]",,Children,2026-09-17,0.7302215099334717,Childcare Services,Childcare Services,0.7302215099334717,Early Childhood Care and Education,0.1950096637010574,Departmental Schemes,0.0361195467412471,Departmental Funding,0.0040961988270282,Departmental Programmes,0.0038404737133532,Departmental Data,0.0029245163314044,Disability Services,0.0020311716943979,Community Development Projects,0.0015965733909979,Departmental Budgets,0.0013410139363259,Child and Family Agency,0.0011207262286916,65926/26,143,Brendan Smith,BRENDAN SMITH,written,en,"To ask the Minister for Children, Disability and Equality the up to date position regarding the roll-out of the future building blocks scheme; and if she will make a statement on the matter.",the minister for children disability and equality the up to date position regarding the roll-out of the future building blocks scheme and 65926 26,"Children, Disability and Equality",605,607
"144. Deputy Malcolm Byrne asked the Minister for Children, Disability and Equality to outline measures to increase employment opportunities for those with learning disabilities. [65729/26]",,Children,2026-09-17,0.2626419961452484,Disability Services,Disability Services,0.2626419961452484,Employment Support Services,0.1513333320617675,Equal Opportunities Employment,0.0923699364066124,Employment Rights,0.0545156300067901,Employment Schemes,0.0496746450662612,Job Creation,0.0485032051801681,Health Services Staff,0.0331087373197078,Work Permits,0.0223603583872318,Departmental Policies,0.0191845241934061,Labour Market,0.0189299769699573,65729/26,144,Malcolm Byrne,MALCOLM BYRNE,written,en,"To ask the Minister for Children, Disability and Equality to outline measures to increase employment opportunities for those with learning disabilities.",the minister for children disability and equality measures to increase employment opportunities for those with learning disabilities 65729 26,"Children, Disability and Equality",609,611
"145. Deputy John Brady asked the Minister for Foreign Affairs and Trade if her Department maintains a risk register; if so, if copies of the register since 2022 will be provided; and if she will make a statement on the matter. [66081/26]",,Foreign,2026-09-17,0.104239284992218,Departmental Data,Departmental Data,0.104239284992218,Other,0.076119914650917,Human Rights,0.0701449140906333,Departmental Policies,0.0416495129466056,Departmental Inquiries,0.0332455895841121,Foreign Policy,0.0274376366287469,International Agreements,0.0272799115628004,Departmental Investigations,0.0203545186668634,European Union,0.0148651869967579,EU Regulations,0.0138732967898249,66081/26,145,John Brady,JOHN BRADY,written,en,"To ask the Minister for Foreign Affairs and Trade if her Department maintains a risk register; if so, if copies of the register since 2022 will be provided; and if she will make a statement on the matter.",the minister for foreign affairs and trade if her department maintains a risk register if so if copies of the register since 2022 will be provided and 66081 26,Foreign Affairs and Trade,619,621
146. Deputy Michael Healy-rae asked the Minister for Foreign Affairs and Trade the position regarding a foreign births register for a person (details supplied). [66040/26],,Foreign,2026-09-17,0.9846156239509584,Foreign Birth Registration,Foreign Birth Registration,0.9846156239509584,Passport Services,0.005411387886852,Consular Services,0.0014313432620838,Citizenship Applications,0.0009047118364833,Departmental Data,0.0007109814323484,Other,0.0004117373027838,Departmental Inquiries,0.0003430133219808,Departmental Staff,0.000319075101288,Birth Certificates,0.0002760751231107,Diplomatic Representation,0.0002188036451116,66040/26,146,Michael Healy-rae,MICHAEL HEALY-RAE,written,en,To ask the Minister for Foreign Affairs and Trade the position regarding a foreign births register for a person (details supplied).,the minister for foreign affairs and trade the position regarding a foreign births register for a person details supplied 66040 26,Foreign Affairs and Trade,623,625
147. Deputy Ruth Coppinger asked the Minister for Foreign Affairs and Trade her plans to increase foreign aid funding for an organisation (details supplied). [66137/26],,Foreign,2026-09-17,0.6208654642105103,Overseas Development Aid,Overseas Development Aid,0.6208654642105103,Irish Aid,0.0974523574113845,Departmental Funding,0.0401635095477104,Foreign Policy,0.0156957414001226,Foreign Conflicts,0.0154091427102684,Humanitarian Aid,0.0111795868724584,United Nations,0.0083350799977779,EU Funding,0.0080719171091914,Disaster Response,0.0077020237222313,Diplomatic Representation,0.0076714670285582,66137/26,147,Ruth Coppinger,RUTH COPPINGER,written,en,To ask the Minister for Foreign Affairs and Trade her plans to increase foreign aid funding for an organisation (details supplied).,the minister for foreign affairs and trade her plans to increase foreign aid funding for an organisation details supplied 66137 26,Foreign Affairs and Trade,627,629
"148. Deputy Colm Burke asked the Minister for Foreign Affairs and Trade for an update on EU discussions regarding the establishment of an EU Pharmaceutical Taskforce during Ireland's Presidency of the Council of the European Union; and the role such a body could play in addressing strategic challenges facing the European pharmaceutical sector, including medicines pricing (Most Favoured Nation), EU competitiveness, PFAS legislation and supply chain resilience. [66228/26]",,Foreign,2026-09-17,0.2724360823631286,European Union,European Union,0.2724360823631286,EU Presidency,0.1346930861473083,EU Meetings,0.0722231566905975,Foreign Policy,0.0458950251340866,Trade Relations,0.025013668462634,International Agreements,0.0249568987637758,Trade Agreements,0.0216340497136116,EU Agreements,0.021416800096631,EU Funding,0.0200335793197155,EU Directives,0.0193043984472751,66228/26,148,Colm Burke,COLM BURKE,written,en,"To ask the Minister for Foreign Affairs and Trade for an update on EU discussions regarding the establishment of an EU Pharmaceutical Taskforce during Ireland's Presidency of the Council of the European Union; and the role such a body could play in addressing strategic challenges facing the European pharmaceutical sector, including medicines pricing (Most Favoured Nation), EU competitiveness, PFAS legislation and supply chain resilience.",the minister for foreign affairs and trade for an update on eu discussions regarding the establishment of an eu pharmaceutical taskforce during ireland s presidency of the council of the european union and the role such a body could play in addressing strategic challenges facing the european pharmaceutical sector including medicines pricing most favoured nation eu competitiveness pfas legislation and supply chain resilience 66228 26,Foreign Affairs and Trade,631,633
"149. Deputy John Brady asked the Minister for Climate, Energy and the Environment if his Department maintains a risk register; if so, if copies of the register since 2022 will be provided; and if he will make a statement on the matter. [66066/26]",,Climate,2026-09-17,0.1890118271112442,Environmental Policy,Environmental Policy,0.1890118271112442,Departmental Data,0.0569749884307384,Energy Policy,0.0454881228506565,Renewable Energy Generation,0.042173396795988,Bord na Móna,0.0343871936202049,Planning Issues,0.0234728716313838,Illegal Dumping,0.0220104269683361,Waste Management,0.0217395834624767,State Bodies,0.0210452023893594,Departmental Policies,0.0207185707986354,66066/26,149,John Brady,JOHN BRADY,written,en,"To ask the Minister for Climate, Energy and the Environment if his Department maintains a risk register; if so, if copies of the register since 2022 will be provided; and if he will make a statement on the matter.",the minister for climate energy and the environment if his department maintains a risk register if so if copies of the register since 2022 will be provided and 66066 26,"Climate, Energy and the Environment",638,640
"150. Deputy Colm Burke asked the Minister for Climate, Energy and the Environment if he will provide an update on the general scheme of the Private Wires Bill 2025; and when he expects legislation to be introduced. [66229/26]",,Climate,2026-09-17,0.3785977363586426,Legislative Measures,Legislative Measures,0.3785977363586426,Legislative Process,0.1635332554578781,Legislative Programme,0.1072176024317741,Energy Policy,0.0865885242819786,Energy Prices,0.0192899908870458,Proposed Legislation,0.0157984104007482,Departmental Schemes,0.0140991369262337,EU Directives,0.012426839210093,Environmental Policy,0.0106648784130811,Electricity Generation,0.0104634948074817,66229/26,150,Colm Burke,COLM BURKE,written,en,"To ask the Minister for Climate, Energy and the Environment if he will provide an update on the general scheme of the Private Wires Bill 2025; and when he expects legislation to be introduced.",the minister for climate energy and the environment if he will provide an update on the general scheme of the private wires bill 2025 and when he expects legislation to be introduced 66229 26,"Climate, Energy and the Environment",642,644
"151. Deputy Barry Ward asked the Minister for Climate, Energy and the Environment the position regarding the EU Packaging and Packaging Waste Regulation (PPWR); and a timeline for its implementation here. [66328/26]",,Climate,2026-09-17,0.7944167852401733,Waste Management,Waste Management,0.7944167852401733,Recycling Policy,0.0739651620388031,Illegal Dumping,0.0209700372070074,Environmental Policy,0.0198762267827987,Energy Policy,0.0137757761403918,Bord na Móna,0.0122933182865381,Departmental Data,0.0046742856502532,Energy Infrastructure,0.0041279350407421,Renewable Energy Generation,0.0026239827275276,Departmental Schemes,0.0025643464177846,66328/26,151,Barry Ward,BARRY WARD,written,en,"To ask the Minister for Climate, Energy and the Environment the position regarding the EU Packaging and Packaging Waste Regulation (PPWR); and a timeline for its implementation here.",the minister for climate energy and the environment the position regarding the eu packaging and packaging waste regulation ppwr and a timeline for its implementation here 66328 26,"Climate, Energy and the Environment",646,648
"152. Deputy Emer Currie asked the Minister for Climate, Energy and the Environment the number of households receiving fuel allowance that qualify for the warmer homes schemes; the number of fuel allowance households that have been retrofitted; the current waiting list and time; and the support that exists for households just above the warmer homes scheme income/welfare eligibility criteria, in tabular form. [66299/26]",,Climate,2026-09-17,0.4823824167251587,Energy Conservation,Energy Conservation,0.4823824167251587,Departmental Schemes,0.2860672771930694,Environmental Schemes,0.1290240436792373,Energy Policy,0.022547248750925,Building Energy Rating,0.0105300229042768,Grant Payments,0.0075838756747543,Environmental Policy,0.0059314644895493,Recycling Policy,0.0051625831983983,Energy Prices,0.0050794412381947,Departmental Data,0.004797039553523,66299/26,152,Emer Currie,EMER CURRIE,written,en,"To ask the Minister for Climate, Energy and the Environment the number of households receiving fuel allowance that qualify for the warmer homes schemes; the number of fuel allowance households that have been retrofitted; the current waiting list and time; and the support that exists for households just above the warmer homes scheme income/welfare eligibility criteria, in tabular form.",the minister for climate energy and the environment the number of households receiving fuel allowance that qualify for the warmer homes schemes the number of fuel allowance households that have been retrofitted the current waiting list and time and the support that exists for households just above the warmer homes scheme income welfare eligibility criteria in tabular form 66299 26,"Climate, Energy and the Environment",650,652
"153. Deputy John Brady asked the Minister for Defence if her Department maintains a risk register; if so, if copies of the register since 2022 will be provided; and if she will make a statement on the matter. [66079/26]",,Defence,2026-09-17,0.1600780040025711,Defence Forces,Defence Forces,0.1600780040025711,Departmental Data,0.1404758989810943,Departmental Policies,0.0561146438121795,Other,0.0542279332876205,Departmental Reviews,0.0436171256005764,Departmental Inquiries,0.0278863273561,State Properties,0.0227981731295585,Tribunals of Inquiry,0.0220865830779075,National Security,0.0188753921538591,Departmental Reports,0.0169059541076421,66079/26,153,John Brady,JOHN BRADY,written,en,"To ask the Minister for Defence if her Department maintains a risk register; if so, if copies of the register since 2022 will be provided; and if she will make a statement on the matter.",the minister for defence if her department maintains a risk register if so if copies of the register since 2022 will be provided and 66079 26,Defence,657,659
"154. Deputy Pádraig Rice asked the Minister for Defence the annual cost borne by his Department and by the Defence Forces in respect of the Emergency Aeromedical Service operated by the Air Corps from Custume Barracks, Athlone, including personnel, flying hours, maintenance and infrastructure; and the manner in which that cost is apportioned between the Defence and Health votes. [66162/26]",,Defence,2026-09-17,0.83304762840271,Air Corps,Air Corps,0.83304762840271,Defence Forces,0.0989380851387977,Military Aircraft,0.0080546159297227,Departmental Expenditure,0.0058594057336449,Departmental Contracts,0.0047362120822072,Departmental Data,0.0038714918773621,Emergency Services,0.003792680799961,Air Navigation Orders,0.0037794166710227,Official Travel,0.0032421725336462,National Security,0.0022284593433141,66162/26,154,Pádraig Rice,PÁDRAIG RICE,written,en,"To ask the Minister for Defence the annual cost borne by his Department and by the Defence Forces in respect of the Emergency Aeromedical Service operated by the Air Corps from Custume Barracks, Athlone, including personnel, flying hours, maintenance and infrastructure; and the manner in which that cost is apportioned between the Defence and Health votes.",the minister for defence the annual cost borne by his department and by the defence forces in respect of the emergency aeromedical service operated by the air corps from custume barracks athlone including personnel flying hours maintenance and infrastructure and the manner in which that cost is apportioned between the defence and health votes 66162 26,Defence,661,663
"155. Deputy John Brady asked the Minister for Transport if his Department maintains a risk register; if so, since when has the National Train Control Centre project appeared on the register; the way in which issues arising with the project been escalated over the years; and if he will make a statement on the matter. [65992/26]",,Transport,2026-09-17,0.7935250401496887,Rail Network,Rail Network,0.7935250401496887,Public Transport,0.06812684237957,Transport Policy,0.0099037494510412,National Transport Authority,0.0083356192335486,Traffic Management,0.0064602340571582,Other,0.005640304647386,Transport Infrastructure Ireland,0.0050232145003974,Park-and-Ride Facilities,0.0049879606813192,Parking Provision,0.0039771166630089,Office of Public Works,0.0038124015554785,65992/26,155,John Brady,JOHN BRADY,written,en,"To ask the Minister for Transport if his Department maintains a risk register; if so, since when has the National Train Control Centre project appeared on the register; the way in which issues arising with the project been escalated over the years; and if he will make a statement on the matter.",the minister for transport if his department maintains a risk register if so since when has the national train control centre project appeared on the register the way in which issues arising with the project been escalated over the years and 65992 26,Transport,668,670
156. Deputy Mark Ward asked the Minister for Transport if there are supports to cover the cost of medical exams and eye tests for drivers over the age of 75 in order to renew their driver licence; and if he will make a statement on the matter. [66008/26],,Transport,2026-09-17,0.5762393474578857,Driver Test,Driver Test,0.5762393474578857,Driver Licences,0.3997597098350525,Road Safety Authority,0.0033862572163343,Taxi Licences,0.0022417253348976,Electric Vehicles,0.001639949157834,Departmental Schemes,0.0014653840335085,Primary Medical Certificates,0.0010848714737221,National Car Test,0.0010414348216727,Public Transport,0.0006599365151487,Departmental Data,0.0006242804811336,66008/26,156,Mark Ward,MARK WARD,written,en,To ask the Minister for Transport if there are supports to cover the cost of medical exams and eye tests for drivers over the age of 75 in order to renew their driver licence; and if he will make a statement on the matter.,the minister for transport if there are supports to cover the cost of medical exams and eye tests for drivers over the age of 75 in order to renew their driver licence and 66008 26,Transport,672,674
"157. Deputy Mark Ward asked the Minister for Transport the way in which the sale of e-scooters will be regulated; the penalties to wholesalers, retailers or other businesses for selling e-scooters that can travel above 20 km/h; and the penalties for individuals who modify e-scooters to increase their speed. [66006/26]",,Transport,2026-09-17,0.9586479067802428,Electric Vehicles,Electric Vehicles,0.9586479067802428,Transport Policy,0.0107413092628121,Road Safety,0.0033112706150859,Departmental Schemes,0.0022452340926975,Road Traffic Offences,0.0022384824696928,Public Transport,0.0013860402395948,Departmental Data,0.0012321831891313,Vehicle Registration Tax,0.0012187398970127,Taxi Licences,0.0011710205581039,Fuel Prices,0.0010223289718851,66006/26,157,Mark Ward,MARK WARD,written,en,"To ask the Minister for Transport the way in which the sale of e-scooters will be regulated; the penalties to wholesalers, retailers or other businesses for selling e-scooters that can travel above 20 km/h; and the penalties for individuals who modify e-scooters to increase their speed.",the minister for transport the way in which the sale of e-scooters will be regulated the penalties to wholesalers retailers or other businesses for selling e-scooters that can travel above 20 km h and the penalties for individuals who modify e-scooters to increase their speed 66006 26,Transport,676,678
"158. Deputy John Brady asked the Minister for Transport if his Department maintains a risk register; if so, if copies of the register since 2022 will be provided; and if he will make a statement on the matter. [66078/26]",,Transport,2026-09-17,0.0764373391866684,Road Safety,Road Safety,0.0764373391866684,Road Safety Authority,0.0500808283686637,Transport Policy,0.0357180349528789,Other,0.0352864228188991,Transport Infrastructure Ireland,0.031583372503519,Parking Provision,0.0309325568377971,Driver Licences,0.0282888039946556,Córas Iompair Éireann,0.0275699403136968,Road Traffic Offences,0.0275045856833457,Road Traffic Accidents,0.0271422453224658,66078/26,158,John Brady,JOHN BRADY,written,en,"To ask the Minister for Transport if his Department maintains a risk register; if so, if copies of the register since 2022 will be provided; and if he will make a statement on the matter.",the minister for transport if his department maintains a risk register if so if copies of the register since 2022 will be provided and 66078 26,Transport,680,682
159. Deputy Louise O'Reilly asked the Minister for Transport if he is aware of the congestion on the M1; if he has plans to address this; and if he will make a statement on the matter. [66101/26],,Transport,2026-09-17,0.4024930596351623,Traffic Management,Traffic Management,0.4024930596351623,Road Projects,0.1521671861410141,Road Tolls,0.0895062908530235,Road Network,0.0744388550519943,Public Transport,0.0546877719461917,Transport Policy,0.0395568534731864,Rail Network,0.0389550030231475,Road Safety,0.0205805115401744,Transport Infrastructure Ireland,0.0192807465791702,Bus Services,0.0142047433182597,66101/26,159,Louise O'Reilly,LOUISE O'REILLY,written,en,To ask the Minister for Transport if he is aware of the congestion on the M1; if he has plans to address this; and if he will make a statement on the matter.,the minister for transport if he is aware of the congestion on the m1 if he has plans to address this and 66101 26,Transport,684,686
"160. Deputy Louise O'Reilly asked the Minister for Transport if he will provide information on the number of cars using the M1 on a daily basis for each of the years 2020 to 2025 and to date in 2026, in tabular form; and if he will make a statement on the matter. [66100/26]",,Transport,2026-09-17,0.1831119954586029,Departmental Data,Departmental Data,0.1831119954586029,Rail Network,0.1381728649139404,Public Transport,0.1342705488204956,National Car Test,0.0722294598817825,Road Safety,0.0461783856153488,Transport Policy,0.0427158884704113,Traffic Management,0.0322602689266204,Road Traffic Accidents,0.0260979700833559,Road Traffic Offences,0.023835452273488,Road Network,0.0210519917309284,66100/26,160,Louise O'Reilly,LOUISE O'REILLY,written,en,"To ask the Minister for Transport if he will provide information on the number of cars using the M1 on a daily basis for each of the years 2020 to 2025 and to date in 2026, in tabular form; and if he will make a statement on the matter.",the minister for transport if he will provide information on the number of cars using the m1 on a daily basis for each of the years 2020 to 2025 and to date in 2026 in tabular form and 66100 26,Transport,688,690
161. Deputy John Brady asked the Minister for Transport to provide an update on the regulatory assessment of dispatch operator licensing in Ireland in the context of ensuring that the regulatory framework is sufficiently up to date and robust to respond to developments since the enactment of the Taxi Regulation Act 2013; to provide an update on this year's planned fare review; and if he will make a statement on the matter. [66086/26],,Transport,2026-09-17,0.3786175847053528,Taxi Regulations,Taxi Regulations,0.3786175847053528,Taxi Licences,0.2925062775611877,Public Transport,0.1041063442826271,Transport Policy,0.0452838093042373,National Transport Authority,0.0215723011642694,Transport Costs,0.021313464269042,Driver Licences,0.0206072069704532,Haulage Industry,0.0102703468874096,Transport Infrastructure Ireland,0.0070487195625901,Dublin Airport Authority,0.0064274175092577,66086/26,161,John Brady,JOHN BRADY,written,en,To ask the Minister for Transport to provide an update on the regulatory assessment of dispatch operator licensing in Ireland in the context of ensuring that the regulatory framework is sufficiently up to date and robust to respond to developments since the enactment of the Taxi Regulation Act 2013; to provide an update on this year's planned fare review; and if he will make a statement on the matter.,the minister for transport to provide an update on the regulatory assessment of dispatch operator licensing in ireland in the context of ensuring that the regulatory framework is sufficiently up to date and robust to respond to developments since the enactment of the taxi regulation act 2013 to provide an update on this year s planned fare review and 66086 26,Transport,692,694
162. Deputy Louis O'Hara asked the Minister for Transport if the NTA are reviewing the timetables for the 350 and 351 bus services; if he will consider changing the timetables following customer feedback; and if he will make a statement on the matter. [66214/26],,Transport,2026-09-17,0.9690478444099426,Bus Services,Bus Services,0.9690478444099426,Public Transport,0.0198792424052953,Dublin Bus,0.0035438910126686,Bus Éireann,0.0029248325154185,National Transport Authority,0.0012850812636315,Transport Policy,0.0004827168595511,Transport Costs,0.0004296632832847,Rail Network,0.0002603905450087,Departmental Data,0.0001919538190122,Transport Infrastructure Ireland,0.0001626008452149,66214/26,162,Louis O'Hara,LOUIS O'HARA,written,en,To ask the Minister for Transport if the NTA are reviewing the timetables for the 350 and 351 bus services; if he will consider changing the timetables following customer feedback; and if he will make a statement on the matter.,the minister for transport if the nta are reviewing the timetables for the 350 and 351 bus services if he will consider changing the timetables following customer feedback and 66214 26,Transport,696,698
"163. Deputy Pádraig Rice asked the Minister for Transport the annual value of the fixed-wing element of the Irish Coast Guard search and rescue aviation contract (details supplied), separately identified from the value of the rotary-wing element; the date on which the five-year term of the fixed-wing element expires; if the provision made in that contract for the Air Corps to assume responsibility for the fixed-wing element after five years has been assessed, and by whom. [66163/26]",,Transport,2026-09-17,0.6915079951286316,Coast Guard Service,Coast Guard Service,0.6915079951286316,Departmental Contracts,0.1200367361307144,Air Corps,0.0187533963471651,Emergency Services,0.0135188791900873,Departmental Data,0.0099626639857888,Air Services,0.0098851704970002,Departmental Expenditure,0.0098325377330183,Air Navigation Orders,0.0086409570649266,Military Aircraft,0.0082762669771909,Public Procurement Contracts,0.0078322254121303,66163/26,163,Pádraig Rice,PÁDRAIG RICE,written,en,"To ask the Minister for Transport the annual value of the fixed-wing element of the Irish Coast Guard search and rescue aviation contract (details supplied), separately identified from the value of the rotary-wing element; the date on which the five-year term of the fixed-wing element expires; if the provision made in that contract for the Air Corps to assume responsibility for the fixed-wing element after five years has been assessed, and by whom.",the minister for transport the annual value of the fixed-wing element of the irish coast guard search and rescue aviation contract details supplied separately identified from the value of the rotary-wing element the date on which the five-year term of the fixed-wing element expires if the provision made in that contract for the air corps to assume responsibility for the fixed-wing element after five years has been assessed and by whom 66163 26,Transport,700,702
164. Deputy Louise O'Reilly asked the Minister for Transport if he can advise when new accommodation (details supplied) will be completed; the date he expects the crews to be fully moved in and operating from this space; and if he will make a statement on the matter. [66147/26],,Transport,2026-09-17,0.1469792276620865,Bus Services,Bus Services,0.1469792276620865,Public Transport,0.1255285143852234,Coast Guard Service,0.1095920279622078,Rail Network,0.0542492233216762,Departmental Staff,0.0344243161380291,Transport Infrastructure Ireland,0.0336658507585525,Transport Policy,0.0305224489420652,Departmental Data,0.0277483407407999,Driver Test,0.0242008380591869,Departmental Contracts,0.0223765131086111,66147/26,164,Louise O'Reilly,LOUISE O'REILLY,written,en,To ask the Minister for Transport if he can advise when new accommodation (details supplied) will be completed; the date he expects the crews to be fully moved in and operating from this space; and if he will make a statement on the matter.,the minister for transport if he can advise when new accommodation details supplied will be completed the date he expects the crews to be fully moved in and operating from this space and 66147 26,Transport,704,706
"165. Deputy John Clendennen asked the Minister for Transport the number of recipients and the total value of payments made under the 2026 road transporters support scheme to operators based in County Offaly, by category of operator such as licensed road haulage operators, licensed bus operators or otherwise, in tabular form. [66277/26]",,Transport,2026-09-17,0.2060110867023468,Departmental Schemes,Departmental Schemes,0.2060110867023468,Road Network,0.1854031682014465,Bus Services,0.0717330202460289,Road Projects,0.0574494451284408,Public Transport,0.0566223710775375,Transport Policy,0.0504533052444458,Transport Infrastructure Ireland,0.042543739080429,Cycling Policy,0.041748471558094,Departmental Data,0.0402833670377731,National Transport Authority,0.0300659369677305,66277/26,165,John Clendennen,JOHN CLENDENNEN,written,en,"To ask the Minister for Transport the number of recipients and the total value of payments made under the 2026 road transporters support scheme to operators based in County Offaly, by category of operator such as licensed road haulage operators, licensed bus operators or otherwise, in tabular form.",the minister for transport the number of recipients and the total value of payments made under the 2026 road transporters support scheme to operators based in county offaly by category of operator such as licensed road haulage operators licensed bus operators or otherwise in tabular form 66277 26,Transport,708,710
"166. Deputy John Clendennen asked the Minister for Transport to provide a list of providers with addresses in County Offaly awarded contracts to provide Local Link services in each of the years 2021-2025 and to date in 2026; the value of each contract awarded; and the route or routes to which each contract applies, in tabular form. [66247/26]",,Transport,2026-09-17,0.7902660965919495,Bus Services,Bus Services,0.7902660965919495,Public Transport,0.170968472957611,Transport Policy,0.0064129079692065,Bus Éireann,0.0050667086616158,Departmental Data,0.0044129444286227,National Transport Authority,0.0044112047180533,Dublin Bus,0.002612330019474,Rail Network,0.0020426791161298,Transport Infrastructure Ireland,0.0019514200976118,Transport Costs,0.0011277110315859,66247/26,166,John Clendennen,JOHN CLENDENNEN,written,en,"To ask the Minister for Transport to provide a list of providers with addresses in County Offaly awarded contracts to provide Local Link services in each of the years 2021-2025 and to date in 2026; the value of each contract awarded; and the route or routes to which each contract applies, in tabular form.",the minister for transport to provide a list of providers with addresses in county offaly awarded contracts to provide local link services in each of the years 2021-2025 and to date in 2026 the value of each contract awarded and the route or routes to which each contract applies in tabular form 66247 26,Transport,712,714
"167. Deputy John Clendennen asked the Minister for Transport the amount of additional fuel related financial support provided to date in 2026 to operators providing Local Link services in County Offaly in response to increased fuel costs; the number of operators and vehicles supported; and the total amount paid to date, in tabular form. [66274/26]",,Transport,2026-09-17,0.1605467200279235,Public Transport,Public Transport,0.1605467200279235,Transport Policy,0.1386571377515792,Bus Services,0.0946958363056182,Transport Costs,0.0769657716155052,Fuel Prices,0.0709610730409622,Departmental Funding,0.0519112087786197,Departmental Data,0.0416094437241554,Haulage Industry,0.0359281115233898,Departmental Schemes,0.0191750843077898,Energy Prices,0.0172737780958414,66274/26,167,John Clendennen,JOHN CLENDENNEN,written,en,"To ask the Minister for Transport the amount of additional fuel related financial support provided to date in 2026 to operators providing Local Link services in County Offaly in response to increased fuel costs; the number of operators and vehicles supported; and the total amount paid to date, in tabular form.",the minister for transport the amount of additional fuel related financial support provided to date in 2026 to operators providing local link services in county offaly in response to increased fuel costs the number of operators and vehicles supported and the total amount paid to date in tabular form 66274 26,Transport,716,718
"168. Deputy John Clendennen asked the Minister for Transport further to Parliamentary Question No. 243 of 14 May 2026, for a breakdown of each figure as provided by an organisation (details supplied); indicating the number of campaigns associated with each figure; the name of each individual campaign; and associated cost; in tabular form. [66246/26]",,Transport,2026-09-17,0.4149175882339477,Departmental Data,Departmental Data,0.4149175882339477,Departmental Funding,0.1645378023386001,Departmental Bodies,0.0795180201530456,Departmental Expenditure,0.0697739124298095,State Bodies,0.0305756125599145,Departmental Schemes,0.0268849935382604,Transport Policy,0.0163302663713693,Health Services,0.0147517463192343,Local Authorities,0.0112113468348979,Disability Services,0.0100880619138479,66246/26,168,John Clendennen,JOHN CLENDENNEN,written,en,"To ask the Minister for Transport further to Parliamentary Question No. 243 of 14 May 2026, for a breakdown of each figure as provided by an organisation (details supplied); indicating the number of campaigns associated with each figure; the name of each individual campaign; and associated cost; in tabular form.",the minister for transport further to parliamentary question no 243 of 14 may 2026 for a breakdown of each figure as provided by an organisation details supplied indicating the number of campaigns associated with each figure the name of each individual campaign and associated cost in tabular form 66246 26,Transport,720,722
"169. Deputy John Clendennen asked the Minister for Transport the number of businesses and operators based in County Offaly that applied for support under the 2026 road transporters support scheme; the number approved; the number refused or deemed ineligible; and the total amount of funding approved and paid to County Offaly operators, in tabular form. [66285/26]",,Transport,2026-09-17,0.3445570766925812,Departmental Schemes,Departmental Schemes,0.3445570766925812,Road Network,0.2145691812038421,Road Projects,0.0607178844511508,Departmental Data,0.0414492040872573,Transport Policy,0.0380760468542575,Cycling Policy,0.0352718420326709,Transport Infrastructure Ireland,0.0293233171105384,Business Supports,0.0247864369302988,Departmental Funding,0.020442521199584,Cycling Facilities,0.0200097672641277,66285/26,169,John Clendennen,JOHN CLENDENNEN,written,en,"To ask the Minister for Transport the number of businesses and operators based in County Offaly that applied for support under the 2026 road transporters support scheme; the number approved; the number refused or deemed ineligible; and the total amount of funding approved and paid to County Offaly operators, in tabular form.",the minister for transport the number of businesses and operators based in county offaly that applied for support under the 2026 road transporters support scheme the number approved the number refused or deemed ineligible and the total amount of funding approved and paid to county offaly operators in tabular form 66285 26,Transport,724,726
"170. Deputy John Brady asked the Tánaiste and Minister for Finance if his Department maintains a risk register; if so, if copies of the register since 2022 will be provided; and he will make a statement on the matter. [66077/26]",,Finance,2026-09-17,0.201676607131958,Departmental Data,Departmental Data,0.201676607131958,Other,0.0663535594940185,Departmental Reviews,0.0319071672856807,Commissions of Investigation,0.0295004285871982,Departmental Policies,0.0277676098048686,Health Service Executive,0.0276125464588403,Departmental Inquiries,0.0238407626748085,Departmental Reports,0.023304034024477,State Bodies,0.023206815123558,Regulatory Bodies,0.0217005852609872,66077/26,170,John Brady,JOHN BRADY,written,en,"To ask the Tánaiste and Minister for Finance if his Department maintains a risk register; if so, if copies of the register since 2022 will be provided; and he will make a statement on the matter.",and minister for finance if his department maintains a risk register if so if copies of the register since 2022 will be provided and he will make a statement on the matter 66077 26,Finance,731,733
171. Deputy Naoise Ó Muirí asked the Tánaiste and Minister for Finance whether the current inheritance tax rules for people inheriting a family home are under review in light of rising house prices. [66106/26],,Finance,2026-09-17,0.8704776167869568,Tax Code,Tax Code,0.8704776167869568,Tax Exemptions,0.0428285337984561,Tax Data,0.0212768800556659,Tax Reliefs,0.0139047484844923,Tax Collection,0.0084927575662732,Tax Credits,0.0044551468454301,Tax Rebates,0.0037941462360322,Housing Policy,0.0021905351895838,Departmental Policies,0.0018548336811363,Other,0.0018177788006141,66106/26,171,Naoise Ó Muirí,NAOISE Ó MUIRÍ,written,en,To ask the Tánaiste and Minister for Finance whether the current inheritance tax rules for people inheriting a family home are under review in light of rising house prices.,and minister for finance whether the current inheritance tax rules for people inheriting a family home are under review in light of rising house prices 66106 26,Finance,735,737
172. Deputy Naoise Ó Muirí asked the Tánaiste and Minister for Finance whether consideration has been given to introducing measures to account for regional differences in residential property values when assessing capital acquisitions tax liabilities. [66105/26],,Finance,2026-09-17,0.6684800982475281,Tax Code,Tax Code,0.6684800982475281,Tax Data,0.1670374125242233,Tax Collection,0.0338197723031044,Tax Yield,0.0194381959736347,Tax Exemptions,0.0145307248458266,Tax Credits,0.0123214041814208,Tax Reliefs,0.0093170469626784,Departmental Data,0.0068053836002945,Other,0.0057790339924395,Universal Social Charge,0.0043810447677969,66105/26,172,Naoise Ó Muirí,NAOISE Ó MUIRÍ,written,en,To ask the Tánaiste and Minister for Finance whether consideration has been given to introducing measures to account for regional differences in residential property values when assessing capital acquisitions tax liabilities.,and minister for finance whether consideration has been given to introducing measures to account for regional differences in residential property values when assessing capital acquisitions tax liabilities 66105 26,Finance,739,741
173. Deputy Naoise Ó Muirí asked the Tánaiste and Minister for Finance whether an assessment has been undertaken of the potential cost to the Exchequer of reducing the Capital Acquisitions Tax rate from 33% to 20%. [66104/26],,Finance,2026-09-17,0.4127483367919922,Tax Code,Tax Code,0.4127483367919922,Tax Data,0.3466355502605438,Tax Yield,0.0952775329351425,Tax Collection,0.0628801062703132,Tax Reliefs,0.0150122037157416,Tax Rebates,0.0098350923508405,Tax Exemptions,0.0082244416698813,Tax Credits,0.0077388486824929,Universal Social Charge,0.0043034735135734,Departmental Data,0.0039479145780205,66104/26,173,Naoise Ó Muirí,NAOISE Ó MUIRÍ,written,en,To ask the Tánaiste and Minister for Finance whether an assessment has been undertaken of the potential cost to the Exchequer of reducing the Capital Acquisitions Tax rate from 33% to 20%.,and minister for finance whether an assessment has been undertaken of the potential cost to the exchequer of reducing the capital acquisitions tax rate from 33 to 20 66104 26,Finance,743,745
174. Deputy Naoise Ó Muirí asked the Tánaiste and Minister for Finance whether consideration is being given to increasing the category A capital acquisitions tax threshold in line with inflation since 2009. [66103/26],,Finance,2026-09-17,0.8290929198265076,Tax Code,Tax Code,0.8290929198265076,Tax Data,0.0625255331397056,Tax Exemptions,0.0386438481509685,Tax Collection,0.014252059161663,Tax Reliefs,0.0099880825728178,Tax Yield,0.007141463458538,Tax Rebates,0.0050231358036398,Universal Social Charge,0.0037110778503119,Fiscal Policy,0.0034396140836179,Tax Credits,0.0033796483185142,66103/26,174,Naoise Ó Muirí,NAOISE Ó MUIRÍ,written,en,To ask the Tánaiste and Minister for Finance whether consideration is being given to increasing the category A capital acquisitions tax threshold in line with inflation since 2009.,and minister for finance whether consideration is being given to increasing the category a capital acquisitions tax threshold in line with inflation since 2009 66103 26,Finance,747,749
"175. Deputy Séamus Mcgrath asked the Tánaiste and Minister for Finance the position regarding retailers, vendors and event organisers refusing to accept cash for payment (details supplied) [66140/26]",,Finance,2026-09-17,0.0649783760309219,Financial Services,Financial Services,0.0649783760309219,State Bodies,0.0565413981676101,Banking Sector,0.0498303659260273,Business Supports,0.049230009317398,Tax Code,0.0373706892132759,Other,0.0366081744432449,Regulatory Bodies,0.0337832011282444,Departmental Policies,0.0239380542188882,Departmental Schemes,0.0204832609742879,Consumer Protection,0.0196177847683429,66140/26,175,Séamus Mcgrath,SÉAMUS MCGRATH,written,en,"To ask the Tánaiste and Minister for Finance the position regarding retailers, vendors and event organisers refusing to accept cash for payment (details supplied)",and minister for finance the position regarding retailers vendors and event organisers refusing to accept cash for payment details supplied 66140 26,Finance,751,753
"176. Deputy Pearse Doherty asked the Tánaiste and Minister for Finance the revenue raised by amending the help-to-buy scheme to reduce the LTV ratio 85% with a maximum relief of €30,000. [66208/26]",,Finance,2026-09-17,0.6908068060874939,Tax Reliefs,Tax Reliefs,0.6908068060874939,Tax Data,0.0740578398108482,Tax Code,0.0680619329214096,Housing Schemes,0.0524469017982482,Departmental Schemes,0.0201386101543903,Tax Rebates,0.0170729793608188,Tax Collection,0.0133543321862816,Tax Credits,0.0109940841794013,Tax Yield,0.0089563364163041,Tax Exemptions,0.004313317593187,66208/26,176,Pearse Doherty,PEARSE DOHERTY,written,en,"To ask the Tánaiste and Minister for Finance the revenue raised by amending the help-to-buy scheme to reduce the LTV ratio 85% with a maximum relief of €30,000.",and minister for finance the revenue raised by amending the help-to-buy scheme to reduce the ltv ratio 85 with a maximum relief of 30 000 66208 26,Finance,755,757
"177. Deputy Conor Sheehan asked the Tánaiste and Minister for Finance if he is aware of the lack of retail banking branch services on the northside of Limerick city following consecutive branch closures in recent years; the impact on local communities, elderly or vulnerable residents, and small businesses across areas such as the Ennis Road, Clareview, Caherdavin, and Greystones; if his Department has engaged with the retail banks regarding restoration of physical banking or face-to-face services in the area; the steps he is taking to ensure adequate access to cash and over-the-counter financial services through alternative networks like the post office network. [66060/26]",,Finance,2026-09-17,0.7874011397361755,Banking Sector,Banking Sector,0.7874011397361755,Financial Services,0.0775556936860084,Departmental Data,0.0227253753691911,Mortgage Interest Rates,0.0096855964511632,Interest Rates,0.0079748248681426,Other,0.0076611009426414,Credit Unions,0.0075995102524757,Central Bank of Ireland,0.0054856315255165,Regulatory Bodies,0.004792224150151,Business Supports,0.0034451123792678,66060/26,177,Conor Sheehan,CONOR SHEEHAN,written,en,"To ask the Tánaiste and Minister for Finance if he is aware of the lack of retail banking branch services on the northside of Limerick city following consecutive branch closures in recent years; the impact on local communities, elderly or vulnerable residents, and small businesses across areas such as the Ennis Road, Clareview, Caherdavin, and Greystones; if his Department has engaged with the retail banks regarding restoration of physical banking or face-to-face services in the area; the steps he is taking to ensure adequate access to cash and over-the-counter financial services through alternative networks like the post office network.",and minister for finance if he is aware of the lack of retail banking branch services on the northside of limerick city following consecutive branch closures in recent years the impact on local communities elderly or vulnerable residents and small businesses across areas such as the ennis road clareview caherdavin and greystones if his department has engaged with the retail banks regarding restoration of physical banking or face-to-face services in the area the steps he is taking to ensure adequate access to cash and over-the-counter financial services through alternative networks like the post office network 66060 26,Finance,759,761
"178. Deputy Pearse Doherty asked the Tánaiste and Minister for Finance further to Parliamentary Question No. 289 of 8 May 2025, to provide updated information on the total number and value held in dormant authorised funds, that is authorised funds within scope that have not applied for revocation; and if he will make a statement on the matter. [66206/26]",,Finance,2026-09-17,0.1276352554559707,Departmental Data,Departmental Data,0.1276352554559707,Other,0.0813449025154113,Financial Services,0.0724571123719215,Banking Sector,0.0291350148618221,Interest Rates,0.0287263318896293,National Asset Management Agency,0.0228442009538412,National Treasury Management Agency,0.018408028408885,State Bodies,0.0178106278181076,Central Bank of Ireland,0.0117632346227765,Regulatory Bodies,0.0102162109687924,66206/26,178,Pearse Doherty,PEARSE DOHERTY,written,en,"To ask the Tánaiste and Minister for Finance further to Parliamentary Question No. 289 of 8 May 2025, to provide updated information on the total number and value held in dormant authorised funds, that is authorised funds within scope that have not applied for revocation; and if he will make a statement on the matter.",and minister for finance further to parliamentary question no 289 of 8 may 2025 to provide updated information on the total number and value held in dormant authorised funds that is authorised funds within scope that have not applied for revocation and 66206 26,Finance,763,765
"179. Deputy Shónagh Ní Raghallaigh asked the Tánaiste and Minister for Finance the estimated cost of increasing the income tax exemption limits for persons aged over 65 years of age to €22,000 for a single person and €44,000 for a married couple/civil partner. [66272/26]",,Finance,2026-09-17,0.5526626706123352,Tax Exemptions,Tax Exemptions,0.5526626706123352,Tax Code,0.1765575259923935,Tax Reliefs,0.0751554146409034,Tax Data,0.0321584418416023,Tax Rebates,0.0216580051928758,Tax Credits,0.0137702794745564,Primary Medical Certificates,0.0104332529008388,Tax Collection,0.0093561289831995,Departmental Schemes,0.0090592596679925,Vehicle Registration Tax,0.0085804807022213,66272/26,179,Shónagh Ní Raghallaigh,SHÓNAGH NÍ RAGHALLAIGH,written,en,"To ask the Tánaiste and Minister for Finance the estimated cost of increasing the income tax exemption limits for persons aged over 65 years of age to €22,000 for a single person and €44,000 for a married couple/civil partner.",and minister for finance the estimated cost of increasing the income tax exemption limits for persons aged over 65 years of age to 22 000 for a single person and 44 000 for a married couple civil partner 66272 26,Finance,767,769
180. Deputy Shónagh Ní Raghallaigh asked the Tánaiste and Minister for Finance If he had a bilateral meeting with the Japanese Finance Minister at the most recent G20 meeting in the Unites States. [66271/26],,Finance,2026-09-17,0.6055517792701721,Official Engagements,Official Engagements,0.6055517792701721,Departmental Meetings,0.1463876962661743,EU Meetings,0.100746601819992,International Relations,0.0178112462162971,Foreign Policy,0.0110893761739134,Official Travel,0.0075082322582602,Other,0.0054427748546004,European Union,0.0049994029104709,Middle East,0.0044259573332965,Departmental Data,0.0038460481446236,66271/26,180,Shónagh Ní Raghallaigh,SHÓNAGH NÍ RAGHALLAIGH,written,en,To ask the Tánaiste and Minister for Finance If he had a bilateral meeting with the Japanese Finance Minister at the most recent G20 meeting in the Unites States.,and minister for finance if he had a bilateral meeting with the japanese finance minister at the most recent g20 meeting in the unites states 66271 26,Finance,771,773
"181. Deputy Eoghan Kenny asked the Tánaiste and Minister for Finance the amount of prize bonds prizes that are unclaimed or could not be claimed due to the person who held them being deceased, by county of residence last known, and amount, in tabular form. [66327/26]",,Finance,2026-09-17,0.0823316201567649,Prize Bonds,Prize Bonds,0.0823316201567649,Other,0.0541809722781181,National Lottery,0.0526054576039314,Tax Code,0.0198187641799449,Tax Data,0.0183744858950376,Departmental Data,0.0153732225298881,Universal Social Charge,0.0127581404522061,Fiscal Policy,0.0112686706706881,Tax Yield,0.0106880310922861,Financial Services,0.0104478634893894,66327/26,181,Eoghan Kenny,EOGHAN KENNY,written,en,"To ask the Tánaiste and Minister for Finance the amount of prize bonds prizes that are unclaimed or could not be claimed due to the person who held them being deceased, by county of residence last known, and amount, in tabular form.",and minister for finance the amount of prize bonds prizes that are unclaimed or could not be claimed due to the person who held them being deceased by county of residence last known and amount in tabular form 66327 26,Finance,775,777
182. Deputy Michael Cahill asked the Tánaiste and Minister for Finance to consider the Ireland active budget to allow a tax credit on gym and pool memberships; and if he will make a statement on the matter. [66334/26],,Finance,2026-09-17,0.9103695154190063,Tax Credits,Tax Credits,0.9103695154190063,Tax Data,0.0244817435741424,Tax Reliefs,0.0118715092539787,Tax Code,0.0096032209694385,Tax Exemptions,0.0028948027174919,Tax Collection,0.0028806088957935,Tax Rebates,0.0024703659582883,Tax Yield,0.0023367861285805,Credit Unions,0.0016314338427037,Rental Sector,0.0015717050991952,66334/26,182,Michael Cahill,MICHAEL CAHILL,written,en,To ask the Tánaiste and Minister for Finance to consider the Ireland active budget to allow a tax credit on gym and pool memberships; and if he will make a statement on the matter.,and minister for finance to consider the ireland active budget to allow a tax credit on gym and pool memberships and 66334 26,Finance,779,781
"183. Deputy John Brady asked the Minister for Public Expenditure, Infrastructure, Public Service Reform and Digitalisation to provide an update on the status of the Financial Management Shared Service Project; the outcome of the full review of the potential indicative cost to complete; when it will be applied across all Votes; and if he will make a statement on the matter. [65981/26]",,Public Expenditure,2026-09-17,0.2138486802577972,Capital Expenditure Programme,Capital Expenditure Programme,0.2138486802577972,Departmental Projects,0.1384074240922927,Departmental Bodies,0.0413552410900592,Departmental Data,0.0376632660627365,Departmental Reports,0.0317943394184112,Public Expenditure Policy,0.0314122550189495,National Development Plan,0.026510689407587,Departmental Expenditure,0.0230557657778263,Departmental Funding,0.0223845820873975,Departmental Programmes,0.0209120456129312,65981/26,183,John Brady,JOHN BRADY,written,en,"To ask the Minister for Public Expenditure, Infrastructure, Public Service Reform and Digitalisation to provide an update on the status of the Financial Management Shared Service Project; the outcome of the full review of the potential indicative cost to complete; when it will be applied across all Votes; and if he will make a statement on the matter.",the minister for public expenditure infrastructure public service reform and digitalisation to provide an update on the status of the financial management shared service project the outcome of the full review of the potential indicative cost to complete when it will be applied across all votes and 65981 26,"Public Expenditure, Infrastructure, Public Service Reform and Digitalisation",786,788
"184. Deputy Malcolm Byrne asked the Minister for Public Expenditure, Infrastructure, Public Service Reform and Digitalisation if he has received a pre-Budget submission (details supplied); if he will give consideration to the asks therein; and if he will make a statement on the matter. [65989/26]",,Public Expenditure,2026-09-17,0.166296437382698,Budget 2026,Budget 2026,0.166296437382698,Budget 2024,0.1572219431400299,Budget 2023,0.15403413772583,Budget 2025,0.130032867193222,Departmental Correspondence,0.042307049036026,Departmental Budgets,0.0383027307689189,Public Expenditure Policy,0.0205859579145908,Pension Provisions,0.0172496736049652,Budget Process,0.016511833295226,State Pensions,0.0126171885058283,65989/26,184,Malcolm Byrne,MALCOLM BYRNE,written,en,"To ask the Minister for Public Expenditure, Infrastructure, Public Service Reform and Digitalisation if he has received a pre-Budget submission (details supplied); if he will give consideration to the asks therein; and if he will make a statement on the matter.",the minister for public expenditure infrastructure public service reform and digitalisation if he has received a pre-budget submission details supplied if he will give consideration to the asks therein and 65989 26,"Public Expenditure, Infrastructure, Public Service Reform and Digitalisation",790,792
"185. Deputy John Brady asked the Minister for Public Expenditure, Infrastructure, Public Service Reform and Digitalisation if his Department maintains a risk register; if so, if copies of the register since 2022 will be provided; and if he will make a statement on the matter. [66076/26]",,Public Expenditure,2026-09-17,0.261009931564331,Departmental Data,Departmental Data,0.261009931564331,Other,0.0721254646778106,Departmental Reviews,0.0311173666268587,Office of Public Works,0.0257705114781856,Protected Disclosures,0.0248454008251428,State Properties,0.0245068855583667,Departmental Inquiries,0.0242153089493513,Public Procurement Contracts,0.022877961397171,Health Service Executive,0.0210836138576269,Departmental Policies,0.0204582829028368,66076/26,185,John Brady,JOHN BRADY,written,en,"To ask the Minister for Public Expenditure, Infrastructure, Public Service Reform and Digitalisation if his Department maintains a risk register; if so, if copies of the register since 2022 will be provided; and if he will make a statement on the matter.",the minister for public expenditure infrastructure public service reform and digitalisation if his department maintains a risk register if so if copies of the register since 2022 will be provided and 66076 26,"Public Expenditure, Infrastructure, Public Service Reform and Digitalisation",794,796
"186. Deputy Paul Murphy asked the Minister for Public Expenditure, Infrastructure, Public Service Reform and Digitalisation whether his Department has plans to introduce a 'tell us once' approach whereby people would be able to inform a single public body about the death of somebody, instead of having to inform multiple different public bodies. [66023/26]",,Public Expenditure,2026-09-17,0.0787411108613014,Other,Other,0.0787411108613014,Ethics in Public Office,0.0686887949705123,Departmental Policies,0.0350471138954162,Commissions of Investigation,0.0322848707437515,Public Appointments Service,0.0247086212038993,Public Sector Pay,0.0225975066423416,Departmental Inquiries,0.0208785105496644,Civil Service,0.0182736068964004,Departmental Reviews,0.0174370128661394,Departmental Investigations,0.0171192660927772,66023/26,186,Paul Murphy,PAUL MURPHY,written,en,"To ask the Minister for Public Expenditure, Infrastructure, Public Service Reform and Digitalisation whether his Department has plans to introduce a 'tell us once' approach whereby people would be able to inform a single public body about the death of somebody, instead of having to inform multiple different public bodies.",the minister for public expenditure infrastructure public service reform and digitalisation whether his department has plans to introduce a tell us once approach whereby people would be able to inform a single public body about the death of somebody instead of having to inform multiple different public bodies 66023 26,"Public Expenditure, Infrastructure, Public Service Reform and Digitalisation",798,800
"187. Deputy Ken O'Flynn asked the Minister for Public Expenditure, Infrastructure, Public Service Reform and Digitalisation the procurement process by which the contractor for the retrofit of Áras an tSáile, Renmore, Galway, was appointed, including whether the contract was awarded by open tender and the number of tenders received; and if he will make a statement on the matter. [66222/26]",,Public Expenditure,2026-09-17,0.2821007668972015,Office of Public Works,Office of Public Works,0.2821007668972015,Public Procurement Contracts,0.2706774771213531,Departmental Contracts,0.0601292438805103,Flood Risk Management,0.0496681928634643,Departmental Projects,0.0245587117969989,State Properties,0.0180848762392997,Departmental Data,0.0178098026663064,Capital Expenditure Programme,0.0175232402980327,Flood Relief Schemes,0.0172967966645956,Departmental Expenditure,0.017163723707199,66222/26,187,Ken O'Flynn,KEN O'FLYNN,written,en,"To ask the Minister for Public Expenditure, Infrastructure, Public Service Reform and Digitalisation the procurement process by which the contractor for the retrofit of Áras an tSáile, Renmore, Galway, was appointed, including whether the contract was awarded by open tender and the number of tenders received; and if he will make a statement on the matter.",the minister for public expenditure infrastructure public service reform and digitalisation the procurement process by which the contractor for the retrofit of áras an tsáile renmore galway was appointed including whether the contract was awarded by open tender and the number of tenders received and 66222 26,"Public Expenditure, Infrastructure, Public Service Reform and Digitalisation",802,804
"188. Deputy Ken O'Flynn asked the Minister for Public Expenditure, Infrastructure, Public Service Reform and Digitalisation the sources of funding for the retrofit of Áras an tSáile, Renmore, Galway, including the amount met from the Exchequer and the amount part financed by the European Union under the National Recovery and Resilience Plan; and if he will make a statement on the matter. [66220/26]",,Public Expenditure,2026-09-17,0.3089934289455414,Departmental Funding,Departmental Funding,0.3089934289455414,Departmental Expenditure,0.0949320346117019,Departmental Schemes,0.060864508152008,National Development Plan,0.0488628149032592,Energy Conservation,0.0430478155612945,Capital Expenditure Programme,0.0332641080021858,Environmental Schemes,0.0264179594814777,Flood Risk Management,0.025472268462181,Departmental Data,0.0222287960350513,Departmental Budgets,0.021730812266469,66220/26,188,Ken O'Flynn,KEN O'FLYNN,written,en,"To ask the Minister for Public Expenditure, Infrastructure, Public Service Reform and Digitalisation the sources of funding for the retrofit of Áras an tSáile, Renmore, Galway, including the amount met from the Exchequer and the amount part financed by the European Union under the National Recovery and Resilience Plan; and if he will make a statement on the matter.",the minister for public expenditure infrastructure public service reform and digitalisation the sources of funding for the retrofit of áras an tsáile renmore galway including the amount met from the exchequer and the amount part financed by the european union under the national recovery and resilience plan and 66220 26,"Public Expenditure, Infrastructure, Public Service Reform and Digitalisation",806,808
"189. Deputy Ken O'Flynn asked the Minister for Public Expenditure, Infrastructure, Public Service Reform and Digitalisation if he will provide a breakdown of the total cost of €11.467 million for the retrofit of Áras an tSáile, Renmore, Galway, distinguishing between construction costs, professional and design fees, Office of Public Works project management costs, and any other costs; and if he will make a statement on the matter. [66219/26]",,Public Expenditure,2026-09-17,0.1853570491075515,Departmental Expenditure,Departmental Expenditure,0.1853570491075515,Office of Public Works,0.1180628463625907,Capital Expenditure Programme,0.1175107359886169,Departmental Data,0.0770203843712806,Energy Conservation,0.0477840900421142,Departmental Funding,0.042262714356184,Flood Risk Management,0.0378428511321544,Departmental Projects,0.0371256843209266,National Development Plan,0.0340778976678848,Departmental Schemes,0.0333701893687248,66219/26,189,Ken O'Flynn,KEN O'FLYNN,written,en,"To ask the Minister for Public Expenditure, Infrastructure, Public Service Reform and Digitalisation if he will provide a breakdown of the total cost of €11.467 million for the retrofit of Áras an tSáile, Renmore, Galway, distinguishing between construction costs, professional and design fees, Office of Public Works project management costs, and any other costs; and if he will make a statement on the matter.",the minister for public expenditure infrastructure public service reform and digitalisation if he will provide a breakdown of the total cost of 11 467 million for the retrofit of áras an tsáile renmore galway distinguishing between construction costs professional and design fees office of public works project management costs and any other costs and 66219 26,"Public Expenditure, Infrastructure, Public Service Reform and Digitalisation",810,812
"190. Deputy Ken O'Flynn asked the Minister for Public Expenditure, Infrastructure, Public Service Reform and Digitalisation the estimated payback period for the retrofit of Áras an tSáile, Renmore, Galway, by the number of years over which projected energy savings are expected to recover the capital cost of the works; and if he will make a statement on the matter. [66217/26]",,Public Expenditure,2026-09-17,0.4741970300674438,Energy Conservation,Energy Conservation,0.4741970300674438,Environmental Schemes,0.0924926251173019,Departmental Schemes,0.0629605129361152,Departmental Data,0.0492657162249088,Building Energy Rating,0.0447403527796268,Energy Policy,0.027915334329009,Departmental Expenditure,0.0223148502409458,National Development Plan,0.0172251723706722,Renewable Energy Generation,0.0131629258394241,Energy Usage,0.0106336791068315,66217/26,190,Ken O'Flynn,KEN O'FLYNN,written,en,"To ask the Minister for Public Expenditure, Infrastructure, Public Service Reform and Digitalisation the estimated payback period for the retrofit of Áras an tSáile, Renmore, Galway, by the number of years over which projected energy savings are expected to recover the capital cost of the works; and if he will make a statement on the matter.",the minister for public expenditure infrastructure public service reform and digitalisation the estimated payback period for the retrofit of áras an tsáile renmore galway by the number of years over which projected energy savings are expected to recover the capital cost of the works and 66217 26,"Public Expenditure, Infrastructure, Public Service Reform and Digitalisation",814,816
"191. Deputy Ken O'Flynn asked the Minister for Public Expenditure, Infrastructure, Public Service Reform and Digitalisation the projected annual energy cost and the projected annual energy saving for Áras an tSáile, Renmore, Galway, following completion of the retrofit works; the basis on which those projections were calculated; and if he will make a statement on the matter. [66215/26]",,Public Expenditure,2026-09-17,0.4113675057888031,Energy Conservation,Energy Conservation,0.4113675057888031,Energy Policy,0.0982054769992828,Environmental Schemes,0.0641552582383155,Departmental Schemes,0.0342245064675807,Renewable Energy Generation,0.0333032459020614,National Development Plan,0.0329183787107467,Building Energy Rating,0.0326348356902599,Energy Prices,0.0286289900541305,Energy Infrastructure,0.0265071876347064,Energy Usage,0.0249987635761499,66215/26,191,Ken O'Flynn,KEN O'FLYNN,written,en,"To ask the Minister for Public Expenditure, Infrastructure, Public Service Reform and Digitalisation the projected annual energy cost and the projected annual energy saving for Áras an tSáile, Renmore, Galway, following completion of the retrofit works; the basis on which those projections were calculated; and if he will make a statement on the matter.",the minister for public expenditure infrastructure public service reform and digitalisation the projected annual energy cost and the projected annual energy saving for áras an tsáile renmore galway following completion of the retrofit works the basis on which those projections were calculated and 66215 26,"Public Expenditure, Infrastructure, Public Service Reform and Digitalisation",818,820
"192. Deputy Ken O'Flynn asked the Minister for Public Expenditure, Infrastructure, Public Service Reform and Digitalisation the total annual energy cost of Áras an tSáile, Renmore, Galway, in each of the past three years prior to the commencement of the recent retrofit works; and if he will make a statement on the matter. [66212/26]",,Public Expenditure,2026-09-17,0.4096007943153381,Energy Conservation,Energy Conservation,0.4096007943153381,Energy Policy,0.0877093225717544,Environmental Schemes,0.0874475240707397,Renewable Energy Generation,0.054046094417572,Departmental Schemes,0.0519123338162899,Departmental Data,0.0383130349218845,Building Energy Rating,0.0302445106208324,Energy Infrastructure,0.0230992939323186,Departmental Expenditure,0.0196074154227972,Environmental Policy,0.0156194306910038,66212/26,192,Ken O'Flynn,KEN O'FLYNN,written,en,"To ask the Minister for Public Expenditure, Infrastructure, Public Service Reform and Digitalisation the total annual energy cost of Áras an tSáile, Renmore, Galway, in each of the past three years prior to the commencement of the recent retrofit works; and if he will make a statement on the matter.",the minister for public expenditure infrastructure public service reform and digitalisation the total annual energy cost of áras an tsáile renmore galway in each of the past three years prior to the commencement of the recent retrofit works and 66212 26,"Public Expenditure, Infrastructure, Public Service Reform and Digitalisation",822,824
"193. Deputy John Clendennen asked the Minister for Public Expenditure, Infrastructure, Public Service Reform and Digitalisation to list the public procurement contracts recorded on eTenders as having been awarded to businesses with an address in County Offaly and the value of each of those contracts in each of the years 2021-2025 and to date in 2026, broken down by micro, small, medium and large enterprise, in tabular form. [66251/26]",,Public Expenditure,2026-09-17,0.9592411518096924,Public Procurement Contracts,Public Procurement Contracts,0.9592411518096924,Departmental Contracts,0.0084618795663118,Departmental Data,0.0073661878705024,Office of Government Procurement,0.0035952646285295,State Bodies,0.0015788719756528,Departmental Expenditure,0.0014262646436691,Departmental Consultations,0.0009820159757509,Public Private Partnerships,0.0009102392941713,Departmental Correspondence,0.0008673366974107,Public Sector Pay,0.0006621923530474,66251/26,193,John Clendennen,JOHN CLENDENNEN,written,en,"To ask the Minister for Public Expenditure, Infrastructure, Public Service Reform and Digitalisation to list the public procurement contracts recorded on eTenders as having been awarded to businesses with an address in County Offaly and the value of each of those contracts in each of the years 2021-2025 and to date in 2026, broken down by micro, small, medium and large enterprise, in tabular form.",the minister for public expenditure infrastructure public service reform and digitalisation to list the public procurement contracts recorded on etenders as having been awarded to businesses with an address in county offaly and the value of each of those contracts in each of the years 2021-2025 and to date in 2026 broken down by micro small medium and large enterprise in tabular form 66251 26,"Public Expenditure, Infrastructure, Public Service Reform and Digitalisation",826,828
"194. Deputy John Clendennen asked the Minister for Public Expenditure, Infrastructure, Public Service Reform and Digitalisation the way in which the National Public Procurement Strategy will increase participation by micro, small and medium-sized enterprises in public procurement; and whether there will be specific targets or measurable outcomes for SME participation. [66290/26]",,Public Expenditure,2026-09-17,0.9377622604370116,Public Procurement Contracts,Public Procurement Contracts,0.9377622604370116,Office of Government Procurement,0.0071508069522678,Departmental Data,0.0043788966722786,Public Sector Pay,0.0026351055130362,Public Expenditure Policy,0.0023019984364509,Departmental Consultations,0.0022129700519144,Departmental Bodies,0.0019574151374399,Public Sector Staff,0.0018904634052887,Departmental Policies,0.0017082578269764,Departmental Contracts,0.0015656864270567,66290/26,194,John Clendennen,JOHN CLENDENNEN,written,en,"To ask the Minister for Public Expenditure, Infrastructure, Public Service Reform and Digitalisation the way in which the National Public Procurement Strategy will increase participation by micro, small and medium-sized enterprises in public procurement; and whether there will be specific targets or measurable outcomes for SME participation.",the minister for public expenditure infrastructure public service reform and digitalisation the way in which the national public procurement strategy will increase participation by micro small and medium-sized enterprises in public procurement and whether there will be specific targets or measurable outcomes for sme participation 66290 26,"Public Expenditure, Infrastructure, Public Service Reform and Digitalisation",830,832
"195. Deputy John Clendennen asked the Minister for Public Expenditure, Infrastructure, Public Service Reform and Digitalisation the guidance provided to public bodies regarding engagement with local micro and small enterprises when seeking quotations for contracts below the national advertising thresholds; and the measures in place to ensure that such opportunities are accessible to new and emerging suppliers and are not repeatedly confined to established or larger suppliers. [66289/26]",,Public Expenditure,2026-09-17,0.2832261025905609,Public Procurement Contracts,Public Procurement Contracts,0.2832261025905609,State Bodies,0.0527761690318584,Departmental Data,0.0527140237390995,Enterprise Support Services,0.0510962754487991,Business Supports,0.0462308041751384,Small and Medium Enterprises,0.0450339876115322,Enterprise Policy,0.0336383283138275,Public Sector Staff,0.0267559420317411,Departmental Bodies,0.0212465785443782,Business Regulation,0.020191341638565,66289/26,195,John Clendennen,JOHN CLENDENNEN,written,en,"To ask the Minister for Public Expenditure, Infrastructure, Public Service Reform and Digitalisation the guidance provided to public bodies regarding engagement with local micro and small enterprises when seeking quotations for contracts below the national advertising thresholds; and the measures in place to ensure that such opportunities are accessible to new and emerging suppliers and are not repeatedly confined to established or larger suppliers.",the minister for public expenditure infrastructure public service reform and digitalisation the guidance provided to public bodies regarding engagement with local micro and small enterprises when seeking quotations for contracts below the national advertising thresholds and the measures in place to ensure that such opportunities are accessible to new and emerging suppliers and are not repeatedly confined to established or larger suppliers 66289 26,"Public Expenditure, Infrastructure, Public Service Reform and Digitalisation",834,836
"196. Deputy John Clendennen asked the Minister for Public Expenditure, Infrastructure, Public Service Reform and Digitalisation further to correspondence (details supplied), the engagement he or members of his Department has had with an organisation on the topic of (details supplied) and the outcome of any such engagement. [66258/26]",,Public Expenditure,2026-09-17,0.3351376056671142,Departmental Correspondence,Departmental Correspondence,0.3351376056671142,Departmental Communications,0.0747510567307472,Office of Public Works,0.051220566034317,Departmental Inquiries,0.0292673371732234,Public Procurement Contracts,0.028351729735732,Departmental Data,0.0280793104320764,Other,0.0237025097012519,Departmental Policies,0.0188570525497198,Departmental Meetings,0.017602177336812,State Bodies,0.0170809719711542,66258/26,196,John Clendennen,JOHN CLENDENNEN,written,en,"To ask the Minister for Public Expenditure, Infrastructure, Public Service Reform and Digitalisation further to correspondence (details supplied), the engagement he or members of his Department has had with an organisation on the topic of (details supplied) and the outcome of any such engagement.",the minister for public expenditure infrastructure public service reform and digitalisation further to correspondence details supplied the engagement he or members of his department has had with an organisation on the topic of details supplied and the outcome of any such engagement 66258 26,"Public Expenditure, Infrastructure, Public Service Reform and Digitalisation",838,840
"197. Deputy John Clendennen asked the Minister for Public Expenditure, Infrastructure, Public Service Reform and Digitalisation further to correspondence (details supplied); the engagement he or members of his Department has had with an organisation on a topic; and the outcome of any such engagement. [66257/26]",,Public Expenditure,2026-09-17,0.2891363203525543,Departmental Correspondence,Departmental Correspondence,0.2891363203525543,Departmental Communications,0.0813258215785026,Departmental Meetings,0.0389878787100315,Departmental Data,0.0327837131917476,Office of Public Works,0.0327406264841556,Other,0.0261832121759653,Departmental Inquiries,0.0261416807770729,Official Engagements,0.0243047233670949,Public Procurement Contracts,0.0242104567587375,Departmental Policies,0.0211624484509229,66257/26,197,John Clendennen,JOHN CLENDENNEN,written,en,"To ask the Minister for Public Expenditure, Infrastructure, Public Service Reform and Digitalisation further to correspondence (details supplied); the engagement he or members of his Department has had with an organisation on a topic; and the outcome of any such engagement.",the minister for public expenditure infrastructure public service reform and digitalisation further to correspondence details supplied the engagement he or members of his department has had with an organisation on a topic and the outcome of any such engagement 66257 26,"Public Expenditure, Infrastructure, Public Service Reform and Digitalisation",842,844
"198. Deputy John Clendennen asked the Minister for Public Expenditure, Infrastructure, Public Service Reform and Digitalisation whether excluding retired medical scientists (having retired pre 1/1/2024) from the Labour Court-recommended pay adjustments implemented for medical scientists active or retiring from 01/01/2024, is consistent with past practice on pension parity for public servants. [66255/26]",,Public Expenditure,2026-09-17,0.6193091869354248,Public Sector Pay,Public Sector Pay,0.6193091869354248,Public Sector Pensions,0.1539863049983978,Public Sector Staff,0.0617962107062339,Pension Provisions,0.0525480471551418,Civil Service,0.0144031010568141,Health Services Staff,0.0119042573496699,Industrial Relations,0.0056017190217971,Departmental Data,0.0050491136498749,Departmental Reviews,0.0042456127703189,Pensions Reform,0.0040576145984232,66255/26,198,John Clendennen,JOHN CLENDENNEN,written,en,"To ask the Minister for Public Expenditure, Infrastructure, Public Service Reform and Digitalisation whether excluding retired medical scientists (having retired pre 1/1/2024) from the Labour Court-recommended pay adjustments implemented for medical scientists active or retiring from 01/01/2024, is consistent with past practice on pension parity for public servants.",the minister for public expenditure infrastructure public service reform and digitalisation whether excluding retired medical scientists having retired pre 1 1 2024 from the labour court-recommended pay adjustments implemented for medical scientists active or retiring from 01 01 2024 is consistent with past practice on pension parity for public servants 66255 26,"Public Expenditure, Infrastructure, Public Service Reform and Digitalisation",846,848
"199. Deputy John Clendennen asked the Minister for Public Expenditure, Infrastructure, Public Service Reform and Digitalisation if he will agree to and action the pay increase (details supplied). [66254/26]",,Public Expenditure,2026-09-17,0.8486430048942566,Public Sector Pay,Public Sector Pay,0.8486430048942566,Public Sector Staff,0.0285133514553308,Public Expenditure Policy,0.025550415739417,Public Sector Pensions,0.0095745977014303,Cost of Living Issues,0.0065580983646214,Pension Provisions,0.0055710487067699,Departmental Bodies,0.0039650192484259,Industrial Relations,0.0039079315029084,Civil Service,0.0032819572370499,Departmental Data,0.0022499863989651,66254/26,199,John Clendennen,JOHN CLENDENNEN,written,en,"To ask the Minister for Public Expenditure, Infrastructure, Public Service Reform and Digitalisation if he will agree to and action the pay increase (details supplied).",the minister for public expenditure infrastructure public service reform and digitalisation if he will agree to and action the pay increase details supplied 66254 26,"Public Expenditure, Infrastructure, Public Service Reform and Digitalisation",850,852
"200. Deputy John Brady asked the Minister for Enterprise, Tourism and Employment if his Department maintains a risk register; if so, if copies of the register since 2022 will be provided; and if he will make a statement on the matter. [66075/26]",,Enterprise,2026-09-17,0.0501900240778923,Employment Rights,Employment Rights,0.0501900240778923,Other,0.0485076233744621,Departmental Data,0.0316835865378379,Corporate Governance,0.0248354934155941,Departmental Policies,0.023279845714569,Industrial Disputes,0.0204770360141992,Departmental Inquiries,0.0203791297972202,Health and Safety,0.0192135404795408,Consumer Protection,0.0187663026154041,Company Law,0.0162934344261884,66075/26,200,John Brady,JOHN BRADY,written,en,"To ask the Minister for Enterprise, Tourism and Employment if his Department maintains a risk register; if so, if copies of the register since 2022 will be provided; and if he will make a statement on the matter.",the minister for enterprise tourism and employment if his department maintains a risk register if so if copies of the register since 2022 will be provided and 66075 26,"Enterprise, Tourism and Employment",857,859
201. Deputy Niall Collins asked the Minister for Education and Youth for an update on applications by a school (details supplied); and if she will make a statement on the matter. [66090/26],,Education,2026-09-17,0.3980219960212707,School Accommodation,School Accommodation,0.3980219960212707,Schools Building Projects,0.2563014030456543,School Funding,0.0652337446808815,School Facilities,0.0428322963416576,Special Educational Needs,0.039823044091463,School Enrolments,0.0279682595282793,Departmental Correspondence,0.0275093186646699,School Admissions,0.0187787842005491,School Staff,0.0168705750256776,Schools Refurbishment,0.016028955578804,66090/26,201,Niall Collins,NIALL COLLINS,written,en,To ask the Minister for Education and Youth for an update on applications by a school (details supplied); and if she will make a statement on the matter.,the minister for education and youth for an update on applications by a school details supplied and 66090 26,Education and Youth,864,866
"202. Deputy John Brady asked the Minister for Education and Youth if her Department maintains a risk register; if so, if copies of the register since 2022 will be provided; and if she will make a statement on the matter. [66074/26]",,Education,2026-09-17,0.0851213485002517,Departmental Data,Departmental Data,0.0851213485002517,Child Abuse,0.0713193342089653,Departmental Reviews,0.0628642290830612,School Patronage,0.0382027141749858,School Attendance,0.0350570157170295,Residential Institutions,0.0338997729122638,Schools Administration,0.0294427759945392,Departmental Policies,0.027419002726674,Education Policy,0.0272707901895046,Departmental Inquiries,0.0240236558020114,66074/26,202,John Brady,JOHN BRADY,written,en,"To ask the Minister for Education and Youth if her Department maintains a risk register; if so, if copies of the register since 2022 will be provided; and if she will make a statement on the matter.",the minister for education and youth if her department maintains a risk register if so if copies of the register since 2022 will be provided and 66074 26,Education and Youth,868,870
203. Deputy Louis O'Hara asked the Minister for Education and Youth if a school place could be provided for a child (details supplied). [66027/26],,Education,2026-09-17,0.8946576714515686,School Admissions,School Admissions,0.8946576714515686,School Enrolments,0.0665358230471611,Special Educational Needs,0.0184132643043994,School Accommodation,0.0078559927642345,Education Policy,0.0015903658932074,Departmental Data,0.0009434632956981,Home Schooling,0.0005743820802308,Schools Building Projects,0.0005423110560514,Schools Administration,0.0005020917742513,School Transport,0.0004982245736755,66027/26,203,Louis O'Hara,LOUIS O'HARA,written,en,To ask the Minister for Education and Youth if a school place could be provided for a child (details supplied).,the minister for education and youth if a school place could be provided for a child details supplied 66027 26,Education and Youth,872,874
204. Deputy Cormac Devlin asked the Minister for Education and Youth if she is aware of the case of (details supplied); and if her officials will investigate the case. [66055/26],,Education,2026-09-17,0.1626614928245544,School Staff,School Staff,0.1626614928245544,Special Educational Needs,0.1612047553062439,Departmental Correspondence,0.0596678331494331,Departmental Inquiries,0.0367478877305984,Education Policy,0.0307436902076005,Schools Building Projects,0.0296344440430402,School Accommodation,0.0287959314882755,School Transport,0.0210073664784431,Departmental Policies,0.0197936203330755,School Admissions,0.0196176953613758,66055/26,204,Cormac Devlin,CORMAC DEVLIN,written,en,To ask the Minister for Education and Youth if she is aware of the case of (details supplied); and if her officials will investigate the case.,the minister for education and youth if she is aware of the case of details supplied and if her officials will investigate the case 66055 26,Education and Youth,876,878
205. Deputy Claire Kerrane asked the Minister for Education and Youth if she is aware of teachers who have taken up roles in primary schools possibly being left waiting six to eight weeks to be paid post appointment; the action he is taking to ensure the delay is not six to eight weeks as some teachers are being told; the actions that can be taken in the interim to financially support teachers; and the way in which he will ensure that this never happens again and the teaching panel is released earlier in the year. [66128/26],,Education,2026-09-17,0.9641491770744324,School Staff,School Staff,0.9641491770744324,Departmental Staff,0.0050558717921376,Public Sector Pay,0.0045928629115223,Teaching Qualifications,0.004050800576806,Teacher Training,0.0032243418972939,Public Sector Staff,0.0024584019556641,Departmental Data,0.0016369133954867,Teaching Council of Ireland,0.0015179597539827,Health Services Staff,0.0014097817474976,Special Educational Needs,0.0014050364261493,66128/26,205,Claire Kerrane,CLAIRE KERRANE,written,en,To ask the Minister for Education and Youth if she is aware of teachers who have taken up roles in primary schools possibly being left waiting six to eight weeks to be paid post appointment; the action he is taking to ensure the delay is not six to eight weeks as some teachers are being told; the actions that can be taken in the interim to financially support teachers; and the way in which he will ensure that this never happens again and the teaching panel is released earlier in the year.,the minister for education and youth if she is aware of teachers who have taken up roles in primary schools possibly being left waiting six to eight weeks to be paid post appointment the action he is taking to ensure the delay is not six to eight weeks as some teachers are being told the actions that can be taken in the interim to financially support teachers and the way in which he will ensure that this never happens again and the teaching panel is released earlier in the year 66128 26,Education and Youth,880,882
"206. Deputy John Brady asked the Minister for Education and Youth to provide an update on the provision of specialised school transport for a person (details supplied); if a new service will be implemented; and if so, the timeframe for this new service; and if he will make a statement on the matter. [66127/26]",,Education,2026-09-17,0.9983187913894652,School Transport,School Transport,0.9983187913894652,Special Educational Needs,0.0004212926723994,Public Transport,0.0001400014443788,Bus Services,9.041879820870236e-05,School Accommodation,8.514603541698307e-05,School Facilities,6.340473191812634e-05,Departmental Data,5.3114083129912615e-05,School Enrolments,4.89692174596712e-05,School Admissions,4.456054011825472e-05,School Staff,4.421629637363367e-05,66127/26,206,John Brady,JOHN BRADY,written,en,"To ask the Minister for Education and Youth to provide an update on the provision of specialised school transport for a person (details supplied); if a new service will be implemented; and if so, the timeframe for this new service; and if he will make a statement on the matter.",the minister for education and youth to provide an update on the provision of specialised school transport for a person details supplied if a new service will be implemented the timeframe for this new service and 66127 26,Education and Youth,884,886
207. Deputy Séamus Mcgrath asked the Minister for Education and Youth for an update regarding the proposed building extension for a school (details supplied). [66145/26],,Education,2026-09-17,0.9495916366577148,Schools Building Projects,Schools Building Projects,0.9495916366577148,School Accommodation,0.0400590188801288,Schools Refurbishment,0.0040942919440567,School Facilities,0.0022858176380395,Site Acquisitions,0.0011914238566532,School Funding,0.0002847328432835,Special Educational Needs,0.0002672910341061,Departmental Data,0.000213303239434,School Enrolments,0.0002044253487838,Departmental Projects,0.0001090978912543,66145/26,207,Séamus Mcgrath,SÉAMUS MCGRATH,written,en,To ask the Minister for Education and Youth for an update regarding the proposed building extension for a school (details supplied).,the minister for education and youth for an update regarding the proposed building extension for a school details supplied 66145 26,Education and Youth,888,890
208. Deputy Sorca Clarke asked the Minister for Education and Youth when a decision will be made regarding a school (details supplied); and if she will make a statement on the matter. [66221/26],,Education,2026-09-17,0.4356306791305542,Schools Building Projects,Schools Building Projects,0.4356306791305542,School Accommodation,0.1895429342985153,School Facilities,0.0383965484797954,Special Educational Needs,0.0330334268510341,Departmental Correspondence,0.0319981053471565,Site Acquisitions,0.0262000951915979,School Enrolments,0.0153286689892411,Departmental Inquiries,0.0151550807058811,School Patronage,0.0147917112335562,Schools Refurbishment,0.014466555789113,66221/26,208,Sorca Clarke,SORCA CLARKE,written,en,To ask the Minister for Education and Youth when a decision will be made regarding a school (details supplied); and if she will make a statement on the matter.,the minister for education and youth when a decision will be made regarding a school details supplied and 66221 26,Education and Youth,892,894
209. Deputy Sorca Clarke asked the Minister for Education and Youth to provide a timeline for all developments in relation to the proposed development at a school (details supplied) since its first proposal; and if she will make a statement on the matter. [66218/26],,Education,2026-09-17,0.936843991279602,Schools Building Projects,Schools Building Projects,0.936843991279602,School Accommodation,0.0359363779425621,Schools Refurbishment,0.0048675322905182,Site Acquisitions,0.0041312086395919,School Facilities,0.0037224483676254,School Enrolments,0.0017945467261597,Departmental Data,0.0016774252289906,Departmental Projects,0.0012154118157923,Special Educational Needs,0.0011949767358601,Education Policy,0.0008523961878381,66218/26,209,Sorca Clarke,SORCA CLARKE,written,en,To ask the Minister for Education and Youth to provide a timeline for all developments in relation to the proposed development at a school (details supplied) since its first proposal; and if she will make a statement on the matter.,the minister for education and youth to provide a timeline for all developments the proposed development at a school details supplied since its first proposal and 66218 26,Education and Youth,896,898
210. Deputy Sorca Clarke asked the Minister for Education and Youth if her Department has specific plans to amalgamate schools (details supplied). [66216/26],,Education,2026-09-17,0.1997018754482269,School Patronage,School Patronage,0.1997018754482269,Schools Amalgamation,0.0855455920100212,Schools Administration,0.0740589722990989,Education Policy,0.0580660924315452,School Management,0.0436922162771225,School Enrolments,0.0260253380984067,School Accommodation,0.0246181804686784,Schools Building Projects,0.022888159379363,School Attendance,0.0160054937005043,School Admissions,0.0154705671593546,66216/26,210,Sorca Clarke,SORCA CLARKE,written,en,To ask the Minister for Education and Youth if her Department has specific plans to amalgamate schools (details supplied).,the minister for education and youth if her department has specific plans to amalgamate schools details supplied 66216 26,Education and Youth,900,902
211. Deputy Niamh Smyth asked the Minister for Education and Youth If she will review the case of a person (details supplied); if she will provide an update on the school transport ticket application; and if she will address the broader issue of concessionary ticket refusals affecting families in the Tierlahood and Greighagibney area whose children attend feeder schools in Cavan town. [66236/26],,Education,2026-09-17,0.9987348914146424,School Transport,School Transport,0.9987348914146424,Public Transport,0.0002287151728523,Bus Services,9.888498607324436e-05,Departmental Data,8.807241829345003e-05,Special Educational Needs,7.888807158451527e-05,School Enrolments,7.170835306169465e-05,School Accommodation,5.346081525203772e-05,School Admissions,4.720389188150875e-05,Transport Costs,3.589209882193245e-05,School Facilities,2.7027666874346323e-05,66236/26,211,Niamh Smyth,NIAMH SMYTH,written,en,To ask the Minister for Education and Youth If she will review the case of a person (details supplied); if she will provide an update on the school transport ticket application; and if she will address the broader issue of concessionary ticket refusals affecting families in the Tierlahood and Greighagibney area whose children attend feeder schools in Cavan town.,the minister for education and youth if she will review the case of a person details supplied if she will provide an update on the school transport ticket application and if she will address the broader issue of concessionary ticket refusals affecting families in the tierlahood and greighagibney area whose children attend feeder schools in cavan town 66236 26,Education and Youth,904,906
212. Deputy Shay Brennan asked the Minister for Education and Youth when school transport will be secured for a child (details supplied). [66154/26],,Education,2026-09-17,0.9988107681274414,School Transport,School Transport,0.9988107681274414,Public Transport,0.0001701349538052,Special Educational Needs,9.998123277910054e-05,Bus Services,7.996064960025251e-05,School Accommodation,4.626412919606082e-05,Departmental Data,4.146275023231283e-05,School Enrolments,3.606687823776156e-05,School Facilities,3.470149022177793e-05,School Admissions,3.274703703937121e-05,Transport Costs,3.0332479582284577e-05,66154/26,212,Shay Brennan,SHAY BRENNAN,written,en,To ask the Minister for Education and Youth when school transport will be secured for a child (details supplied).,the minister for education and youth when school transport will be secured for a child details supplied 66154 26,Education and Youth,908,910
213. Deputy Sorca Clarke asked the Minister for Education and Youth if her Department has specific plans to undertake building works to a school (details supplied) in the future. [66213/26],,Education,2026-09-17,0.9662179946899414,Schools Building Projects,Schools Building Projects,0.9662179946899414,School Accommodation,0.0148847214877605,Schools Refurbishment,0.0102619398385286,School Facilities,0.0025646802969276,Site Acquisitions,0.000927697867155,School Funding,0.0006421319558285,Departmental Projects,0.0005363029194995,Special Educational Needs,0.000313692347845,Departmental Data,0.000270018732408,Departmental Funding,0.0001906909310491,66213/26,213,Sorca Clarke,SORCA CLARKE,written,en,To ask the Minister for Education and Youth if her Department has specific plans to undertake building works to a school (details supplied) in the future.,the minister for education and youth if her department has specific plans to undertake building works to a school details supplied in the future 66213 26,Education and Youth,912,914
214. Deputy Albert Dolan asked the Minister for Education and Youth whether she will review the policy whereby the first 40 days of substitute teaching undertaken by teachers on career break are paid at a flat daily rate rather than at the teacher's personal point on the salary scale. [66211/26],,Education,2026-09-17,0.9282388687133788,School Staff,School Staff,0.9282388687133788,Public Sector Pay,0.0125022958964109,Teacher Training,0.0097273821011185,Teaching Qualifications,0.0073377098888158,Teaching Council of Ireland,0.0054060108959674,Public Sector Pensions,0.0052051902748644,Pupil-Teacher Ratio,0.0024446635507047,Special Educational Needs,0.0020882317330688,Pension Provisions,0.0016690549673512,Departmental Staff,0.0013674662914127,66211/26,214,Albert Dolan,ALBERT DOLAN,written,en,To ask the Minister for Education and Youth whether she will review the policy whereby the first 40 days of substitute teaching undertaken by teachers on career break are paid at a flat daily rate rather than at the teacher's personal point on the salary scale.,the minister for education and youth whether she will review the policy whereby the first 40 days of substitute teaching undertaken by teachers on career break are paid at a flat daily rate rather than at the teacher s personal point on the salary scale 66211 26,Education and Youth,916,918
215. Deputy Sorca Clarke asked the Minister for Education and Youth if her Department has specific plans to undertake building works to expand a school (details supplied) in the future. [66210/26],,Education,2026-09-17,0.9696806073188782,Schools Building Projects,Schools Building Projects,0.9696806073188782,School Accommodation,0.0174376387149095,Schools Refurbishment,0.0062191500328481,School Facilities,0.002310196403414,Site Acquisitions,0.0007751915836706,School Funding,0.0004770318628288,Special Educational Needs,0.0002984161255881,Departmental Projects,0.0002621655294205,School Enrolments,0.0001761335297487,Departmental Data,0.000175048757228,66210/26,215,Sorca Clarke,SORCA CLARKE,written,en,To ask the Minister for Education and Youth if her Department has specific plans to undertake building works to expand a school (details supplied) in the future.,the minister for education and youth if her department has specific plans to undertake building works to expand a school details supplied in the future 66210 26,Education and Youth,920,922
216. Deputy Albert Dolan asked the Minister for Education and Youth the rationale for retaining a 90-day limit on substitute teaching by qualified teachers on career break while no equivalent restriction applies to unqualified substitute teachers; and whether this policy is currently under review. [66209/26],,Education,2026-09-17,0.7874106764793396,School Staff,School Staff,0.7874106764793396,Teaching Qualifications,0.0948734432458877,Teacher Training,0.061435479670763,Teaching Council of Ireland,0.0141314715147018,Special Educational Needs,0.0047671003267169,Education Policy,0.0029195663519203,Public Sector Pay,0.0028610334265977,Departmental Policies,0.0025275442749261,Departmental Staff,0.0016993551980704,Departmental Reviews,0.0014565105084329,66209/26,216,Albert Dolan,ALBERT DOLAN,written,en,To ask the Minister for Education and Youth the rationale for retaining a 90-day limit on substitute teaching by qualified teachers on career break while no equivalent restriction applies to unqualified substitute teachers; and whether this policy is currently under review.,the minister for education and youth the rationale for retaining a 90-day limit on substitute teaching by qualified teachers on career break while no equivalent restriction applies to unqualified substitute teachers and whether this policy is currently under review 66209 26,Education and Youth,924,926
217. Deputy Niamh Smyth asked the Minister for Education and Youth If she will review the case of a person (details supplied); if she will provide an update on the school bus ticket issue; and if she will address the situation whereby the family has been issued tickets for a route that is 7.6km from their home while a stop on the correct route is 1.6km away. [66240/26],,Education,2026-09-17,0.9987181425094604,School Transport,School Transport,0.9987181425094604,Bus Services,0.000338949059369,Public Transport,0.0001559498778078,Departmental Data,6.934966222615913e-05,Special Educational Needs,6.917733117006719e-05,Bus Éireann,3.91481225960888e-05,School Staff,3.841558282147162e-05,School Admissions,3.441334411036223e-05,School Enrolments,3.299329546280205e-05,School Accommodation,2.7469435735838488e-05,66240/26,217,Niamh Smyth,NIAMH SMYTH,written,en,To ask the Minister for Education and Youth If she will review the case of a person (details supplied); if she will provide an update on the school bus ticket issue; and if she will address the situation whereby the family has been issued tickets for a route that is 7.6km from their home while a stop on the correct route is 1.6km away.,the minister for education and youth if she will review the case of a person details supplied if she will provide an update on the school bus ticket issue and if she will address the situation whereby the family has been issued tickets for a route that is 7 6km from their home while a stop on the correct route is 1 6km away 66240 26,Education and Youth,928,930
"218. Deputy Albert Dolan asked the Minister for Education and Youth whether consideration has been given to aligning the deadline for career break applications with the publication of policies relating to substitute teaching by teachers on career break, in order to provide greater certainty to teachers when making decisions affecting their employment and income. [66207/26]",,Education,2026-09-17,0.7620112895965576,School Staff,School Staff,0.7620112895965576,Teacher Training,0.0758827477693557,Teaching Qualifications,0.0520577430725097,Departmental Policies,0.0095050046220421,Education Policy,0.0085037359967827,Teaching Council of Ireland,0.0083732157945632,Health Services Staff,0.0062513765878975,Departmental Data,0.0062175099737942,Departmental Staff,0.0047672628425061,Special Educational Needs,0.0047063282690942,66207/26,218,Albert Dolan,ALBERT DOLAN,written,en,"To ask the Minister for Education and Youth whether consideration has been given to aligning the deadline for career break applications with the publication of policies relating to substitute teaching by teachers on career break, in order to provide greater certainty to teachers when making decisions affecting their employment and income.",the minister for education and youth whether consideration has been given to aligning the deadline for career break applications with the publication of policies relating to substitute teaching by teachers on career break in order to provide greater certainty to teachers when making decisions affecting their employment and income 66207 26,Education and Youth,932,934
"219. Deputy Eoghan Kenny asked the Minister for Education and Youth if she is satisfied that the State Examinations Commission website is fit for purpose and provides students, parents and teachers with clear and easily searchable access to examination and assessment documentation; if she is aware of difficulties locating important materials relating to the new Leaving Certificate biology specification, including the biology in practice additional assessment component briefs in both Irish and English; if the SEC website is due to be redesigned or substantially upgraded; the funding allocated for such an upgrade; and if she will make a statement on the matter. [66292/26]",,Education,2026-09-17,0.973961055278778,State Examinations,State Examinations,0.973961055278778,School Curriculum,0.0038507075514644,Education Policy,0.0022001359611749,Departmental Reviews,0.0013356372946873,Teaching Qualifications,0.0010155941126868,Departmental Data,0.001009338768199,Special Educational Needs,0.0009070962551049,Departmental Policies,0.0008841441012918,Departmental Inquiries,0.0007086285040713,Education Schemes,0.0005776014295406,66292/26,219,Eoghan Kenny,EOGHAN KENNY,written,en,"To ask the Minister for Education and Youth if she is satisfied that the State Examinations Commission website is fit for purpose and provides students, parents and teachers with clear and easily searchable access to examination and assessment documentation; if she is aware of difficulties locating important materials relating to the new Leaving Certificate biology specification, including the biology in practice additional assessment component briefs in both Irish and English; if the SEC website is due to be redesigned or substantially upgraded; the funding allocated for such an upgrade; and if she will make a statement on the matter.",the minister for education and youth if she is satisfied that the state examinations commission website is fit for purpose and provides students parents and teachers with clear and easily searchable access to examination and assessment documentation if she is aware of difficulties locating important materials relating to the new leaving certificate biology specification including the biology in practice additional assessment component briefs in both irish and english if the sec website is due to be redesigned or substantially upgraded the funding allocated for such an upgrade and 66292 26,Education and Youth,936,938
"220. Deputy Daniel Ennis asked the Minister for Culture, Communications and Sport for a breakdown of the sports grants available from his Department for local sports clubs, from local authorities for local sports clubs; and from EU funding for local sports clubs, in tabular form. [65980/26]",,Culture,2026-09-17,0.8434275388717651,Sports Funding,Sports Funding,0.8434275388717651,Departmental Funding,0.0414642505347728,Grant Payments,0.0369033440947532,Departmental Schemes,0.0133453235030174,Sports Facilities,0.0088688172399997,Sport and Recreational Development,0.0060791503638029,Sports Organisations,0.0052265799604356,Covid-19 Pandemic Supports,0.0046716420911252,Business Supports,0.0039980532601475,Housing Schemes,0.0033512937370687,65980/26,220,Daniel Ennis,DANIEL ENNIS,written,en,"To ask the Minister for Culture, Communications and Sport for a breakdown of the sports grants available from his Department for local sports clubs, from local authorities for local sports clubs; and from EU funding for local sports clubs, in tabular form.",the minister for culture communications and sport for a breakdown of the sports grants available from his department for local sports clubs from local authorities for local sports clubs and from eu funding for local sports clubs in tabular form 65980 26,"Culture, Communications and Sport",943,945
"221. Deputy Michael Healy-rae asked the Minister for Culture, Communications and Sport if an extension can be given to a Sports Capital Grant for a GAA club in Kerry (details supplied). [66007/26]",,Culture,2026-09-17,0.9499430656433104,Sports Funding,Sports Funding,0.9499430656433104,Sports Facilities,0.0164058376103639,Departmental Funding,0.0095455273985862,Sport and Recreational Development,0.0067308135330677,Sports Organisations,0.0047644842416048,Grant Payments,0.0012666105758398,Departmental Expenditure,0.0012274144683033,Departmental Schemes,0.0009442598675377,Swimming Pools,0.0005629732040688,Capital Expenditure Programme,0.0004861530906055,66007/26,221,Michael Healy-rae,MICHAEL HEALY-RAE,written,en,"To ask the Minister for Culture, Communications and Sport if an extension can be given to a Sports Capital Grant for a GAA club in Kerry (details supplied).",the minister for culture communications and sport if an extension can be given to a sports capital grant for a gaa club in kerry details supplied 66007 26,"Culture, Communications and Sport",947,949
"222. Deputy John Brady asked the Minister for Culture, Communications and Sport if his Department maintains a risk register; if so, if copies of the register since 2022 will be provided; and if he will make a statement on the matter. [66073/26]",,Culture,2026-09-17,0.0851770937442779,Other,Other,0.0851770937442779,Departmental Data,0.0500574670732021,Online Safety,0.0325825698673725,Departmental Inquiries,0.0304019637405872,Departmental Policies,0.0268319696187973,Departmental Reviews,0.0229544546455144,Regulatory Bodies,0.0181719362735748,Heritage Projects,0.0146271279081702,State Bodies,0.0139086386188864,Departmental Meetings,0.0127005763351917,66073/26,222,John Brady,JOHN BRADY,written,en,"To ask the Minister for Culture, Communications and Sport if his Department maintains a risk register; if so, if copies of the register since 2022 will be provided; and if he will make a statement on the matter.",the minister for culture communications and sport if his department maintains a risk register if so if copies of the register since 2022 will be provided and 66073 26,"Culture, Communications and Sport",951,953
"223. Deputy Cormac Devlin asked the Minister for Culture, Communications and Sport to provide an update on the ongoing case of pension increases for retired An Post employees. [66043/26]",,Culture,2026-09-17,0.6804515719413757,Public Sector Pensions,Public Sector Pensions,0.6804515719413757,Pension Provisions,0.2908798456192016,State Pensions,0.0082440245896577,Córas Iompair Éireann,0.0035527679137885,Pensions Reform,0.0027412772178649,Public Sector Pay,0.0011380404466763,Public Sector Staff,0.000840515946038,Departmental Schemes,0.0006544440402649,Other,0.0005618872237391,School Staff,0.0005580757861025,66043/26,223,Cormac Devlin,CORMAC DEVLIN,written,en,"To ask the Minister for Culture, Communications and Sport to provide an update on the ongoing case of pension increases for retired An Post employees.",the minister for culture communications and sport to provide an update on the ongoing case of pension increases for retired an post employees 66043 26,"Culture, Communications and Sport",955,957
"224. Deputy Holly Cairns asked the Minister for Culture, Communications and Sport if his attention has been drawn to a school and sports club in West Cork (details supplied) who are unable to progress with their Community Sport Facilities Fund application due to the unwillingness of the dioceses to sign the necessary paperwork and the assistance that can be given the school and sports club in moving forward. [66108/26]",,Culture,2026-09-17,0.6854633092880249,Sports Funding,Sports Funding,0.6854633092880249,Sports Facilities,0.1337884217500686,Sport and Recreational Development,0.0529163405299186,Departmental Funding,0.0412592478096485,Sports Organisations,0.0269114915281534,Departmental Schemes,0.0042879409156739,Departmental Programmes,0.0038814106956124,Departmental Data,0.0027286917902529,School Facilities,0.002544289920479,Grant Payments,0.0022963373921811,66108/26,224,Holly Cairns,HOLLY CAIRNS,written,en,"To ask the Minister for Culture, Communications and Sport if his attention has been drawn to a school and sports club in West Cork (details supplied) who are unable to progress with their Community Sport Facilities Fund application due to the unwillingness of the dioceses to sign the necessary paperwork and the assistance that can be given the school and sports club in moving forward.",the minister for culture communications and sport if his attention has been drawn to a school and sports club in west cork details supplied who are unable to progress with their community sport facilities fund application due to the unwillingness of the dioceses to sign the necessary paperwork and the assistance that can be given the school and sports club in moving forward 66108 26,"Culture, Communications and Sport",959,961
"225. Deputy Holly Cairns asked the Minister for Culture, Communications and Sport the action that has been undertaken to deal with the issue of diocesan trusts’ unwillingness to sign the necessary paperwork becoming a barrier to school-sports-club applications, as acknowledged in committee in 2023. [66107/26]",,Culture,2026-09-17,0.2618714869022369,Sports Funding,Sports Funding,0.2618714869022369,Sports Facilities,0.245536208152771,Sport and Recreational Development,0.1465917974710464,Sports Organisations,0.1288261413574218,Sports Events,0.0387310273945331,School Facilities,0.0101775927469134,Departmental Policies,0.0092965401709079,Other,0.0076314001344144,Gaeltacht Policy,0.006866062991321,Departmental Funding,0.0061289682053029,66107/26,225,Holly Cairns,HOLLY CAIRNS,written,en,"To ask the Minister for Culture, Communications and Sport the action that has been undertaken to deal with the issue of diocesan trusts’ unwillingness to sign the necessary paperwork becoming a barrier to school-sports-club applications, as acknowledged in committee in 2023.",the minister for culture communications and sport the action that has been undertaken to deal with the issue of diocesan trusts unwillingness to sign the necessary paperwork becoming a barrier to school-sports-club applications as acknowledged in committee in 2023 66107 26,"Culture, Communications and Sport",963,965
"226. Deputy Brendan Smith asked the Minister for Culture, Communications and Sport if he has had recent discussions with social media companies in relation to the need to implement measures to restrict access to social media platforms for children under 14 years-of-age taking into account the very unsuitable content on many platforms and the dissemination of misinformation and disinformation. [66270/26]",,Culture,2026-09-17,0.9399244785308838,Social Media,Social Media,0.9399244785308838,Online Safety,0.0124934175983071,Departmental Communications,0.0120627703145146,Irish Sign Language,0.0030727693811059,Departmental Policies,0.0023970415350049,Departmental Websites,0.0022047997917979,Departmental Advertising,0.0019744471646845,Artificial Intelligence,0.0016937276814132,Other,0.0013498398475348,Data Protection,0.0012987363152205,66270/26,226,Brendan Smith,BRENDAN SMITH,written,en,"To ask the Minister for Culture, Communications and Sport if he has had recent discussions with social media companies in relation to the need to implement measures to restrict access to social media platforms for children under 14 years-of-age taking into account the very unsuitable content on many platforms and the dissemination of misinformation and disinformation.",the minister for culture communications and sport if he has had recent discussions with social media companies the need to implement measures to restrict access to social media platforms for children under 14 years-of-age taking into account the very unsuitable content on many platforms and the dissemination of misinformation and disinformation 66270 26,"Culture, Communications and Sport",967,969
"227. Deputy Brendan Smith asked the Minister for Culture, Communications and Sport when details of the Community Sports Facility Fund will be announced; and if he will make a statement on the matter. [66266/26]",,Culture,2026-09-17,0.737075924873352,Sports Funding,Sports Funding,0.737075924873352,Sports Facilities,0.1560887992382049,Departmental Funding,0.036647867411375,Sport and Recreational Development,0.0240624360740184,Swimming Pools,0.008579172194004,Sports Organisations,0.0074329730123281,Departmental Schemes,0.0033602549228817,Departmental Programmes,0.0020872545428574,Departmental Expenditure,0.0017445553094148,Health Services,0.0010965062538161,66266/26,227,Brendan Smith,BRENDAN SMITH,written,en,"To ask the Minister for Culture, Communications and Sport when details of the Community Sports Facility Fund will be announced; and if he will make a statement on the matter.",the minister for culture communications and sport when details of the community sports facility fund will be announced and 66266 26,"Culture, Communications and Sport",971,973
"228. Deputy Brendan Smith asked the Minister for Culture, Communications and Sport the outcome of his discussions with representatives of associations (details supplied) in relation to their integration plans; and if he will make a statement on the matter. [66262/26]",,Culture,2026-09-17,0.1914236396551132,Sports Events,Sports Events,0.1914236396551132,Sports Organisations,0.1419351994991302,Sports Facilities,0.1417230665683746,Sport and Recreational Development,0.0954677835106849,Sports Funding,0.0473059974610805,Departmental Meetings,0.0234163124114274,Other,0.0230296105146408,Departmental Policies,0.0220125745981931,Culture Policy,0.0166472736746072,Broadcasting Sector,0.0164690241217613,66262/26,228,Brendan Smith,BRENDAN SMITH,written,en,"To ask the Minister for Culture, Communications and Sport the outcome of his discussions with representatives of associations (details supplied) in relation to their integration plans; and if he will make a statement on the matter.",the minister for culture communications and sport the outcome of his discussions with representatives of associations details supplied their integration plans and 66262 26,"Culture, Communications and Sport",975,977
"229. Deputy Richard Boyd Barrett asked the Minister for Housing, Local Government and Heritage to review a situation regarding apartments (details supplied) that have been refused access to the Fire Defects Remediation Fund; and to make a statement on the matter. [65979/26]",,Housing,2026-09-17,0.5501311421394348,Fire Safety,Fire Safety,0.5501311421394348,Defective Building Materials,0.3102625012397766,Fire Service,0.0264199916273355,Fire Stations,0.0125876469537615,Departmental Schemes,0.0120442295446991,Housing Schemes,0.0054832096211612,Building Regulations,0.0054746530950069,Housing Provision,0.005341540556401,Housing Policy,0.0053060082718729,Departmental Data,0.0041994261555373,65979/26,229,Richard Boyd Barrett,RICHARD BOYD BARRETT,written,en,"To ask the Minister for Housing, Local Government and Heritage to review a situation regarding apartments (details supplied) that have been refused access to the Fire Defects Remediation Fund; and to make a statement on the matter.",the minister for housing local government and heritage to review a situation regarding apartments details supplied that have been refused access to the fire defects remediation fund and to make a statement on the matter 65979 26,"Housing, Local Government and Heritage",982,984
"230. Deputy Martin Kenny asked the Minister for Housing, Local Government and Heritage if carer's allowance and carer's benefit is disregarded from income assessed for local authority housing; and the income that the local authority have discretion in relation to disregard. [66005/26]",,Housing,2026-09-17,0.6652715802192688,Housing Policy,Housing Policy,0.6652715802192688,Housing Schemes,0.195060059428215,Housing Provision,0.0738750845193862,Rental Sector,0.0192241370677948,Local Authorities,0.0114448396489024,Approved Housing Bodies,0.004526250064373,Social Welfare Benefits,0.0040497467853128,Social Welfare Payments,0.003760713385418,Departmental Data,0.0022666186559945,Homeless Accommodation,0.0019973837770521,66005/26,230,Martin Kenny,MARTIN KENNY,written,en,"To ask the Minister for Housing, Local Government and Heritage if carer's allowance and carer's benefit is disregarded from income assessed for local authority housing; and the income that the local authority have discretion in relation to disregard.",the minister for housing local government and heritage if carer s allowance and carer s benefit is disregarded from income assessed for local authority housing and the income that the local authority have discretion disregard 66005 26,"Housing, Local Government and Heritage",986,988
"231. Deputy Louise O'Reilly asked the Minister for Housing, Local Government and Heritage when the review of the Defective Concrete Blocks Act 2022 will take place; if it will be published; if there is a timeline for publication; and if he will make a statement on the matter. [66096/26]",,Housing,2026-09-17,0.2463497221469879,Legislative Measures,Legislative Measures,0.2463497221469879,Legislative Reviews,0.2173902690410614,Defective Building Materials,0.1175686120986938,Legislative Programme,0.062759019434452,Legislative Process,0.0429021529853343,Departmental Reviews,0.0332207977771759,Proposed Legislation,0.0186933651566505,Departmental Reports,0.0174220465123653,Domestic Violence,0.0150780938565731,Planning Issues,0.010202893987298,66096/26,231,Louise O'Reilly,LOUISE O'REILLY,written,en,"To ask the Minister for Housing, Local Government and Heritage when the review of the Defective Concrete Blocks Act 2022 will take place; if it will be published; if there is a timeline for publication; and if he will make a statement on the matter.",the minister for housing local government and heritage when the review of the defective concrete blocks act 2022 will take place if it will be published if there is a timeline for publication and 66096 26,"Housing, Local Government and Heritage",990,992
"232. Deputy John Brady asked the Minister for Housing, Local Government and Heritage if his Department maintains a risk register; if so, if copies of the register since 2022 will be provided; and if he will make a statement on the matter. [66072/26]",,Housing,2026-09-17,0.0560750104486942,Derelict Sites,Derelict Sites,0.0560750104486942,Housing Policy,0.0484060868620872,Fire Safety,0.0402802638709545,Departmental Data,0.0399779118597507,Building Regulations,0.0394626148045063,Other,0.0333606153726577,Wildlife Regulations,0.0322271920740604,Wildlife Protection,0.0300012417137622,Planning Issues,0.0278070885688066,Land Issues,0.0215533785521984,66072/26,232,John Brady,JOHN BRADY,written,en,"To ask the Minister for Housing, Local Government and Heritage if his Department maintains a risk register; if so, if copies of the register since 2022 will be provided; and if he will make a statement on the matter.",the minister for housing local government and heritage if his department maintains a risk register if so if copies of the register since 2022 will be provided and 66072 26,"Housing, Local Government and Heritage",994,996
"233. Deputy Joe Cooney asked the Minister for Housing, Local Government and Heritage the number of applications approved, in progress and refused under the Land Acquisition Fund; by local authority, by year to date, in tabular form. [66026/26]",,Housing,2026-09-17,0.3544971048831939,Departmental Data,Departmental Data,0.3544971048831939,Local Authorities,0.1348640173673629,Housing Provision,0.1217541694641113,Housing Schemes,0.0906762108206749,Land Issues,0.0543900579214096,Land Development Agency,0.0328631624579429,Departmental Funding,0.0195835940539836,Grant Payments,0.0171616524457931,Housing Policy,0.0165079552680253,Departmental Schemes,0.0162475295364856,66026/26,233,Joe Cooney,JOE COONEY,written,en,"To ask the Minister for Housing, Local Government and Heritage the number of applications approved, in progress and refused under the Land Acquisition Fund; by local authority, by year to date, in tabular form.",the minister for housing local government and heritage the number of applications approved in progress and refused under the land acquisition fund by local authority by year to date in tabular form 66026 26,"Housing, Local Government and Heritage",998,1000
"234. Deputy Joe Cooney asked the Minister for Housing, Local Government and Heritage whether a dwelling being disposed of by a lender, receiver, mortgagee-in-possession or pursuant to a court judgment, can be acquired under the Second-Hand Social Housing Acquisitions Programme for tenancy sustainment purposes or to prevent a tenant from homelessness. [66024/26]",,Housing,2026-09-17,0.4594728648662567,Housing Schemes,Housing Schemes,0.4594728648662567,Housing Policy,0.3176267743110657,Housing Provision,0.1096239909529686,Rental Sector,0.0451515167951583,Approved Housing Bodies,0.0120821706950664,Vacant Properties,0.0084708267822861,Departmental Data,0.0056766010820865,Homeless Accommodation,0.0050006159581243,Defective Building Materials,0.0041967188008129,Departmental Schemes,0.0033075087703764,66024/26,234,Joe Cooney,JOE COONEY,written,en,"To ask the Minister for Housing, Local Government and Heritage whether a dwelling being disposed of by a lender, receiver, mortgagee-in-possession or pursuant to a court judgment, can be acquired under the Second-Hand Social Housing Acquisitions Programme for tenancy sustainment purposes or to prevent a tenant from homelessness.",the minister for housing local government and heritage whether a dwelling being disposed of by a lender receiver mortgagee-in-possession or pursuant to a court judgment can be acquired under the second-hand social housing acquisitions programme for tenancy sustainment purposes or to prevent a tenant from homelessness 66024 26,"Housing, Local Government and Heritage",1002,1004
"235. Deputy Louise O'Reilly asked the Minister for Housing, Local Government and Heritage if he intends to progress section 47 of the Local Government (Mayor of Limerick) and Miscellaneous Provisions Act 2024; and if he will make a statement on the matter. [66102/26]",,Housing,2026-09-17,0.3968548476696014,Legislative Measures,Legislative Measures,0.3968548476696014,Legislative Programme,0.1569958925247192,Legislative Process,0.1028162315487861,Local Government Reform,0.0349423922598362,Local Authorities,0.0230432581156492,Proposed Legislation,0.0204534400254488,Legislative Reviews,0.0166660994291305,Electoral Process,0.0159261096268892,Planning Issues,0.0130330324172973,Housing Policy,0.0125082582235336,66102/26,235,Louise O'Reilly,LOUISE O'REILLY,written,en,"To ask the Minister for Housing, Local Government and Heritage if he intends to progress section 47 of the Local Government (Mayor of Limerick) and Miscellaneous Provisions Act 2024; and if he will make a statement on the matter.",the minister for housing local government and heritage if he intends to progress section 47 of the local government mayor of limerick and miscellaneous provisions act 2024 and 66102 26,"Housing, Local Government and Heritage",1006,1008
"236. Deputy Conor Sheehan asked the Minister for Housing, Local Government and Heritage to provide a breakdown, by local authority, of the total amount of Vacant Site Levy arrears currently outstanding from the operation of the Urban Regeneration and Housing Act 2015; the total amount actually collected since 2015; and the total amount written off. [66046/26]",,Housing,2026-09-17,0.3952289521694183,Vacant Properties,Vacant Properties,0.3952289521694183,Derelict Sites,0.1992363333702087,Vacant Sites,0.0865097045898437,Local Authorities,0.0715362876653671,Departmental Data,0.0382244661450386,Planning Issues,0.0189893152564764,Housing Policy,0.0189068056643009,Urban Development,0.0184541307389736,Housing Provision,0.018411036580801,Housing Schemes,0.0168463923037052,66046/26,236,Conor Sheehan,CONOR SHEEHAN,written,en,"To ask the Minister for Housing, Local Government and Heritage to provide a breakdown, by local authority, of the total amount of Vacant Site Levy arrears currently outstanding from the operation of the Urban Regeneration and Housing Act 2015; the total amount actually collected since 2015; and the total amount written off.",the minister for housing local government and heritage to provide a breakdown by local authority of the total amount of vacant site levy arrears currently outstanding from the operation of the urban regeneration and housing act 2015 the total amount actually collected since 2015 and the total amount written off 66046 26,"Housing, Local Government and Heritage",1010,1012
"237. Deputy Cormac Devlin asked the Minister for Housing, Local Government and Heritage when the departmental review on income thresholds is due to be completed. [66056/26]",,Housing,2026-09-17,0.5026993155479431,Housing Policy,Housing Policy,0.5026993155479431,Departmental Reviews,0.1742809563875198,Housing Schemes,0.0827390477061271,Departmental Reports,0.0323997810482978,Planning Issues,0.0248623099178075,Housing Provision,0.0164687372744083,Rental Sector,0.0162068121135234,Departmental Policies,0.0148492828011512,Local Authorities,0.0120229879394173,Departmental Schemes,0.0110355978831648,66056/26,237,Cormac Devlin,CORMAC DEVLIN,written,en,"To ask the Minister for Housing, Local Government and Heritage when the departmental review on income thresholds is due to be completed.",the minister for housing local government and heritage when the departmental review on income thresholds is due to be completed 66056 26,"Housing, Local Government and Heritage",1014,1016
"238. Deputy Conor Sheehan asked the Minister for Housing, Local Government and Heritage the number of appeals lodged with An Bord Pleanála regarding inclusion on local authority Vacant Site/Residential Zoned Land registers over the past 24 months; the average time taken to process these appeals; and the percentage of appeals that resulted in landowners being exempted. [66049/26]",,Housing,2026-09-17,0.3097138702869415,Planning Issues,Planning Issues,0.3097138702869415,Vacant Properties,0.0992022603750228,Vacant Sites,0.0682662427425384,State Bodies,0.0597507618367672,Land Issues,0.0596984662115573,Departmental Data,0.0476268045604229,State Properties,0.0414144769310951,Local Authorities,0.0368256121873855,Derelict Sites,0.0222573895007371,Departmental Inquiries,0.0140468534082174,66049/26,238,Conor Sheehan,CONOR SHEEHAN,written,en,"To ask the Minister for Housing, Local Government and Heritage the number of appeals lodged with An Bord Pleanála regarding inclusion on local authority Vacant Site/Residential Zoned Land registers over the past 24 months; the average time taken to process these appeals; and the percentage of appeals that resulted in landowners being exempted.",the minister for housing local government and heritage the number of appeals lodged with an bord pleanála regarding inclusion on local authority vacant site residential zoned land registers over the past 24 months the average time taken to process these appeals and the percentage of appeals that resulted in landowners being exempted 66049 26,"Housing, Local Government and Heritage",1018,1020
"239. Deputy Naoise Ó Muirí asked the Minister for Housing, Local Government and Heritage to confirm that a building which was not previously used as a dwelling is eligible for the Vacant Property Refurbishment Grant, provided it is intended for conversion to residential use; and if he will clarify that buildings such as studios or ancillary structures with historic planning references on the landholding meet the criteria once intended for refurbishment as a dwelling. [66168/26]",,Housing,2026-09-17,0.7130051255226135,Vacant Properties,Vacant Properties,0.7130051255226135,Housing Schemes,0.1840098202228546,Departmental Schemes,0.0185987558215856,Housing Provision,0.0141175184398889,Housing Policy,0.0116537231951951,Grant Payments,0.0087908376008272,Departmental Funding,0.0035641859285533,Local Authorities,0.0031859034206718,Derelict Sites,0.0028391410596668,Rental Sector,0.0028015170246362,66168/26,239,Naoise Ó Muirí,NAOISE Ó MUIRÍ,written,en,"To ask the Minister for Housing, Local Government and Heritage to confirm that a building which was not previously used as a dwelling is eligible for the Vacant Property Refurbishment Grant, provided it is intended for conversion to residential use; and if he will clarify that buildings such as studios or ancillary structures with historic planning references on the landholding meet the criteria once intended for refurbishment as a dwelling.",the minister for housing local government and heritage to confirm that a building which was not previously used as a dwelling is eligible for the vacant property refurbishment grant provided it is intended for conversion to residential use and if he will clarify that buildings such as studios or ancillary structures with historic planning references on the landholding meet the criteria once intended for refurbishment as a dwelling 66168 26,"Housing, Local Government and Heritage",1022,1024
"240. Deputy Naoise Ó Muirí asked the Minister for Housing, Local Government and Heritage to clarify that an independent Local Property Tax (LPT) record is not required for a building applying under the Vacant Property Refurbishment Grant; and that ancillary buildings forming part of a landholding already subject to LPT meet the eligibility criteria. [66164/26]",,Housing,2026-09-17,0.5741659998893738,Vacant Properties,Vacant Properties,0.5741659998893738,Housing Schemes,0.2253236323595047,Housing Policy,0.0394266061484813,Housing Provision,0.0250224880874156,Rental Sector,0.0182641930878162,Local Authorities,0.0157693326473236,Tax Code,0.0157283749431371,Tax Reliefs,0.0090878661721944,Departmental Schemes,0.0087128859013319,Tax Data,0.0047928090207278,66164/26,240,Naoise Ó Muirí,NAOISE Ó MUIRÍ,written,en,"To ask the Minister for Housing, Local Government and Heritage to clarify that an independent Local Property Tax (LPT) record is not required for a building applying under the Vacant Property Refurbishment Grant; and that ancillary buildings forming part of a landholding already subject to LPT meet the eligibility criteria.",the minister for housing local government and heritage to clarify that an independent local property tax lpt record is not required for a building applying under the vacant property refurbishment grant and that ancillary buildings forming part of a landholding already subject to lpt meet the eligibility criteria 66164 26,"Housing, Local Government and Heritage",1026,1028
"241. Deputy Naoise Ó Muirí asked the Minister for Housing, Local Government and Heritage to confirm that an independent eircode is not required for a building to qualify for the Vacant Property Refurbishment Grant, including in cases where the building forms part of a larger landholding. [66159/26]",,Housing,2026-09-17,0.7449834942817688,Vacant Properties,Vacant Properties,0.7449834942817688,Housing Schemes,0.1434576213359832,Housing Policy,0.0165987499058246,Housing Provision,0.0128570441156625,Departmental Schemes,0.010547125712037,Rental Sector,0.0082988999783992,Local Authorities,0.0052408007904887,Vacant Sites,0.0052164699882268,Grant Payments,0.0051475432701408,Planning Issues,0.0037152816075831,66159/26,241,Naoise Ó Muirí,NAOISE Ó MUIRÍ,written,en,"To ask the Minister for Housing, Local Government and Heritage to confirm that an independent eircode is not required for a building to qualify for the Vacant Property Refurbishment Grant, including in cases where the building forms part of a larger landholding.",the minister for housing local government and heritage to confirm that an independent eircode is not required for a building to qualify for the vacant property refurbishment grant including in cases where the building forms part of a larger landholding 66159 26,"Housing, Local Government and Heritage",1030,1032
"242. Deputy Naoise Ó Muirí asked the Minister for Housing, Local Government and Heritage whether a building that does not have an independent land registry folio is eligible for the Vacant Property Refurbishment Grant; and if he will confirm that title deeds, including certified copies provided by a practising solicitor, are accepted as valid proof of ownership for the purposes of the scheme. [66157/26]",,Housing,2026-09-17,0.6751880645751953,Vacant Properties,Vacant Properties,0.6751880645751953,Housing Schemes,0.1325915455818176,Departmental Schemes,0.0325927883386611,Vacant Sites,0.0147698773071169,Housing Policy,0.013153770007193,Housing Provision,0.0124749736860394,Grant Payments,0.0093173189088702,Derelict Sites,0.0085031976923346,Local Authorities,0.0075996802188456,Land Issues,0.0058438591659069,66157/26,242,Naoise Ó Muirí,NAOISE Ó MUIRÍ,written,en,"To ask the Minister for Housing, Local Government and Heritage whether a building that does not have an independent land registry folio is eligible for the Vacant Property Refurbishment Grant; and if he will confirm that title deeds, including certified copies provided by a practising solicitor, are accepted as valid proof of ownership for the purposes of the scheme.",the minister for housing local government and heritage whether a building that does not have an independent land registry folio is eligible for the vacant property refurbishment grant and if he will confirm that title deeds including certified copies provided by a practising solicitor are accepted as valid proof of ownership for the purposes of the scheme 66157 26,"Housing, Local Government and Heritage",1034,1036
"243. Deputy Naoise Ó Muirí asked the Minister for Housing, Local Government and Heritage whether a building that is the subject of a Vacant Property Refurbishment Grant application is required to be a standalone property with independent utility connections, specifically electricity and water; and if he will confirm that a standalone building without separate utility connections, or which is serviced from an existing dwelling on the landholding, meets the eligibility criteria for the grant. [66156/26]",,Housing,2026-09-17,0.5707808136940002,Vacant Properties,Vacant Properties,0.5707808136940002,Housing Schemes,0.3173246085643768,Housing Provision,0.0238412972539663,Departmental Schemes,0.019933832809329,Housing Policy,0.0121817011386156,Grant Payments,0.0095490086823701,Departmental Funding,0.0035660399589687,Rental Sector,0.0034056007862091,Local Authorities,0.0030614356510341,Departmental Data,0.0028738197870552,66156/26,243,Naoise Ó Muirí,NAOISE Ó MUIRÍ,written,en,"To ask the Minister for Housing, Local Government and Heritage whether a building that is the subject of a Vacant Property Refurbishment Grant application is required to be a standalone property with independent utility connections, specifically electricity and water; and if he will confirm that a standalone building without separate utility connections, or which is serviced from an existing dwelling on the landholding, meets the eligibility criteria for the grant.",the minister for housing local government and heritage whether a building that is the subject of a vacant property refurbishment grant application is required to be a standalone property with independent utility connections specifically electricity and water and if he will confirm that a standalone building without separate utility connections or which is serviced from an existing dwelling on the landholding meets the eligibility criteria for the grant 66156 26,"Housing, Local Government and Heritage",1038,1040
"244. Deputy Cathal Crowe asked the Minister for Housing, Local Government and Heritage for an update on the third call under the Urban Regeneration and Development Fund announced on 28 May 2024; if the funding to all local authorities announced (details supplied) was drawn down; and the number of residential units that have been provided to date. [66275/26]",,Housing,2026-09-17,0.5039492249488831,Regeneration Projects,Regeneration Projects,0.5039492249488831,Urban Development,0.2634923756122589,Departmental Funding,0.0558127164840698,Housing Provision,0.0302663799375295,Rural Schemes,0.0290921851992607,Local Authorities,0.0195403546094894,Departmental Schemes,0.0170032419264316,Departmental Programmes,0.0098854815587401,Planning Issues,0.0073096007108688,Housing Schemes,0.0069315587170422,66275/26,244,Cathal Crowe,CATHAL CROWE,written,en,"To ask the Minister for Housing, Local Government and Heritage for an update on the third call under the Urban Regeneration and Development Fund announced on 28 May 2024; if the funding to all local authorities announced (details supplied) was drawn down; and the number of residential units that have been provided to date.",the minister for housing local government and heritage for an update on the third call under the urban regeneration and development fund announced on 28 may 2024 if the funding to all local authorities announced details supplied was drawn down and the number of residential units that have been provided to date 66275 26,"Housing, Local Government and Heritage",1042,1044
"245. Deputy Conor Sheehan asked the Minister for Housing, Local Government and Heritage if any private investment for the Water Supply Project Eastern and Midlands Region has been sought, negotiated, or secured from Chinese or other international private investors. [66281/26]",,Housing,2026-09-17,0.6040700078010559,Water Services,Water Services,0.6040700078010559,Water Supply,0.2545675337314605,Water Quality,0.0375137999653816,Wastewater Treatment,0.0255483612418174,Waterways Issues,0.0096556721255183,Waterways Ireland,0.0045304880477488,Housing Policy,0.0026627972256392,Housing Provision,0.002429922344163,Urban Development,0.0023776101879775,Regeneration Projects,0.0020489702001214,66281/26,245,Conor Sheehan,CONOR SHEEHAN,written,en,"To ask the Minister for Housing, Local Government and Heritage if any private investment for the Water Supply Project Eastern and Midlands Region has been sought, negotiated, or secured from Chinese or other international private investors.",the minister for housing local government and heritage if any private investment for the water supply project eastern and midlands region has been sought negotiated or secured from chinese or other international private investors 66281 26,"Housing, Local Government and Heritage",1046,1048
"246. Deputy Conor Sheehan asked the Minister for Housing, Local Government and Heritage if the Water Supply Project Eastern and Midlands Region (Shannon Pipeline Project) will be structured as a Public Private Partnership (PPP) or procured wholly by the State. [66261/26]",,Housing,2026-09-17,0.5251976847648621,Water Services,Water Services,0.5251976847648621,Water Supply,0.1944545656442642,Wastewater Treatment,0.062906727194786,Water Quality,0.0400821156799793,Waterways Issues,0.0277401842176914,Planning Issues,0.0094939265400171,Public Private Partnerships,0.0082338200882077,Waterways Ireland,0.0058184694498777,Wind Energy Guidelines,0.0053884526714682,Regeneration Projects,0.003866929328069,66261/26,246,Conor Sheehan,CONOR SHEEHAN,written,en,"To ask the Minister for Housing, Local Government and Heritage if the Water Supply Project Eastern and Midlands Region (Shannon Pipeline Project) will be structured as a Public Private Partnership (PPP) or procured wholly by the State.",the minister for housing local government and heritage if the water supply project eastern and midlands region shannon pipeline project will be structured as a public private partnership ppp or procured wholly by the state 66261 26,"Housing, Local Government and Heritage",1050,1052
247. Deputy Brian Stanley asked the Minister for Social Protection if he will give a commitment in the upcoming budget to eliminate and publish a definitive timeline to abolish the carer's allowance means test. [65993/26],,Social,2026-09-17,0.2062946707010269,Social Welfare Code,Social Welfare Code,0.2062946707010269,Social Welfare Benefits,0.1879744231700897,Social Welfare Payments,0.1636897325515747,Social Welfare Rates,0.1407556682825088,Social Welfare Eligibility,0.1244348064064979,Social Welfare Schemes,0.0557212978601455,Budget 2025,0.0166250839829444,Budget 2023,0.0111296912655234,Departmental Budgets,0.0080286059528589,Cost of Living Issues,0.006957717705518,65993/26,247,Brian Stanley,BRIAN STANLEY,written,en,To ask the Minister for Social Protection if he will give a commitment in the upcoming budget to eliminate and publish a definitive timeline to abolish the carer's allowance means test.,the minister for social protection if he will give a commitment in the upcoming budget to eliminate and publish a definitive timeline to abolish the carer s allowance means test 65993 26,Social Protection,1057,1059
248. Deputy Malcolm Byrne asked the Minister for Social Protection the number of employers that availed of the wage subsidy scheme for those with disabilities in 2025; the number of employees; and the total cost of the scheme in 2025. [65991/26],,Social,2026-09-17,0.165639266371727,Departmental Data,Departmental Data,0.165639266371727,Employment Schemes,0.1297723054885864,Departmental Schemes,0.1222730129957199,Covid-19 Pandemic Supports,0.1200194731354713,Social Welfare Schemes,0.1105594858527183,Social Welfare Benefits,0.0560001693665981,Employment Support Services,0.0520188510417938,Community Employment Schemes,0.0350301079452037,Health Services Staff,0.0246297717094421,Social Welfare Eligibility,0.0240350551903247,65991/26,248,Malcolm Byrne,MALCOLM BYRNE,written,en,To ask the Minister for Social Protection the number of employers that availed of the wage subsidy scheme for those with disabilities in 2025; the number of employees; and the total cost of the scheme in 2025.,the minister for social protection the number of employers that availed of the wage subsidy scheme for those with disabilities in 2025 the number of employees and the total cost of the scheme in 2025 65991 26,Social Protection,1061,1063
249. Deputy Brian Stanley asked the Minister for Social Protection his plans to increase the weekly rate of carer's allowance and carer's benefit to €325 to recognise the additional cost of providing fulltime care in a cost of living crisis. [65994/26],,Social,2026-09-17,0.291315495967865,Social Welfare Rates,Social Welfare Rates,0.291315495967865,Social Welfare Benefits,0.2100152224302292,Social Welfare Code,0.129637986421585,Social Welfare Payments,0.1088532954454422,Social Welfare Schemes,0.066932275891304,Cost of Living Issues,0.0499613545835018,Social Welfare Eligibility,0.0401007197797298,Departmental Budgets,0.009921814315021,Budget 2025,0.0076944450847804,Departmental Policies,0.0073435748927295,65994/26,249,Brian Stanley,BRIAN STANLEY,written,en,To ask the Minister for Social Protection his plans to increase the weekly rate of carer's allowance and carer's benefit to €325 to recognise the additional cost of providing fulltime care in a cost of living crisis.,the minister for social protection his plans to increase the weekly rate of carer s allowance and carer s benefit to 325 to recognise the additional cost of providing fulltime care in a cost of living crisis 65994 26,Social Protection,1065,1067
"250. Deputy Brian Stanley asked the Minister for Social Protection his plans to address the shortfall in respite services, and the promised statutory home support scheme; and if there will be investment to meet demand and milage reimbursement for all home care workers. [65998/26]",,Social,2026-09-17,0.2446149289608001,Social Welfare Benefits,Social Welfare Benefits,0.2446149289608001,Social Welfare Schemes,0.1808278113603592,Social Welfare Eligibility,0.1488534957170486,Social Welfare Code,0.1179263219237327,Social Welfare Payments,0.0624141320586204,Care Services,0.0453751906752586,Departmental Schemes,0.0283217765390872,Home Care Packages,0.0193536542356014,Disability Services,0.0177795700728893,Departmental Policies,0.0140033792704343,65998/26,250,Brian Stanley,BRIAN STANLEY,written,en,"To ask the Minister for Social Protection his plans to address the shortfall in respite services, and the promised statutory home support scheme; and if there will be investment to meet demand and milage reimbursement for all home care workers.",the minister for social protection his plans to address the shortfall in respite services and the promised statutory home support scheme and if there will be investment to meet demand and milage reimbursement for all home care workers 65998 26,Social Protection,1069,1071
251. Deputy Louise O'Reilly asked the Minister for Social Protection if he is aware of the hardship caused when carers reach pension age and are in receipt of carer’s allowance; if he understands the impact that transitioning to half carers has on families; if he plans to address this; and if he will make a statement on the matter. [66097/26],,Social,2026-09-17,0.2902432978153229,Social Welfare Benefits,Social Welfare Benefits,0.2902432978153229,Social Welfare Eligibility,0.2757644355297088,Social Welfare Code,0.1883147060871124,Social Welfare Payments,0.127078428864479,Social Welfare Rates,0.0310228057205677,Social Welfare Schemes,0.0260218977928161,State Pensions,0.0088131790980696,Pension Provisions,0.0071181328967213,Widow's Pension,0.0069802398793399,Social Welfare Appeals,0.0037241650279611,66097/26,251,Louise O'Reilly,LOUISE O'REILLY,written,en,To ask the Minister for Social Protection if he is aware of the hardship caused when carers reach pension age and are in receipt of carer’s allowance; if he understands the impact that transitioning to half carers has on families; if he plans to address this; and if he will make a statement on the matter.,the minister for social protection if he is aware of the hardship caused when carers reach pension age and are in receipt of carer s allowance if he understands the impact that transitioning to half carers has on families if he plans to address this and 66097 26,Social Protection,1073,1075
"252. Deputy John Brady asked the Minister for Social Protection if his Department maintains a risk register; if so, if copies of the register since 2022 will be provided; and if he will make a statement on the matter. [66071/26]",,Social,2026-09-17,0.035422146320343,Other,Other,0.035422146320343,Social Welfare Offices,0.0334568880498409,Personal Public Service Numbers,0.0269113834947347,Departmental Data,0.0257689971476793,Social Insurance,0.0255731679499149,Departmental Reviews,0.0192120093852281,Industrial Disputes,0.0191106144338846,Citizens Information Services,0.0189088080078363,Departmental Inquiries,0.0182906612753868,Social Welfare Benefits,0.017725309357047,66071/26,252,John Brady,JOHN BRADY,written,en,"To ask the Minister for Social Protection if his Department maintains a risk register; if so, if copies of the register since 2022 will be provided; and if he will make a statement on the matter.",the minister for social protection if his department maintains a risk register if so if copies of the register since 2022 will be provided and 66071 26,Social Protection,1077,1079
"253. Deputy Cormac Devlin asked the Minister for Social Protection the number of applications received by the Community Welfare Service for basic supplementary welfare allowance, for additional needs payments and for exceptional needs payments, at each office at which Community Welfare Services are provided, in each of the years 2024, 2025 and in the period 1 January 2026 to 1 July 2026; and the number of such applications awarded in each case, in tabular form. [66047/26]",,Social,2026-09-17,0.3315463364124298,Social Welfare Payments,Social Welfare Payments,0.3315463364124298,Community Welfare Services,0.2597881257534027,Departmental Data,0.1232985705137252,Social Welfare Benefits,0.0842174589633941,Social Welfare Schemes,0.056225910782814,Social Welfare Offices,0.0292532388120889,Social Welfare Rates,0.0289653073996305,Social Welfare Code,0.0057974136434495,Social Welfare Eligibility,0.0056223585270345,Departmental Funding,0.0055349888280034,66047/26,253,Cormac Devlin,CORMAC DEVLIN,written,en,"To ask the Minister for Social Protection the number of applications received by the Community Welfare Service for basic supplementary welfare allowance, for additional needs payments and for exceptional needs payments, at each office at which Community Welfare Services are provided, in each of the years 2024, 2025 and in the period 1 January 2026 to 1 July 2026; and the number of such applications awarded in each case, in tabular form.",the minister for social protection the number of applications received by the community welfare service for basic supplementary welfare allowance for additional needs payments and for exceptional needs payments at each office at which community welfare services are provided in each of the years 2024 2025 and in the period 1 january 2026 to 1 july 2026 and the number of such applications awarded in each case in tabular form 66047 26,Social Protection,1081,1083
"254. Deputy Cormac Devlin asked the Minister for Social Protection the number of jobseeker signing and certification appointments conducted in person at each Intreo centre and branch office in each of the years 2024, 2025 and in the period 1 January 2026 to 1 July 2026, in tabular form. [66045/26]",,Social,2026-09-17,0.3615341782569885,Departmental Data,Departmental Data,0.3615341782569885,Social Welfare Offices,0.1031263992190361,Social Welfare Payments,0.0778545439243316,Employment Support Services,0.0576940700411796,Departmental Staff,0.0434002503752708,Social Welfare Benefits,0.0434000343084335,Community Welfare Services,0.0409795492887496,Social Welfare Schemes,0.0289505571126937,Citizens Information Services,0.0278155915439128,Social Insurance,0.0147140948101878,66045/26,254,Cormac Devlin,CORMAC DEVLIN,written,en,"To ask the Minister for Social Protection the number of jobseeker signing and certification appointments conducted in person at each Intreo centre and branch office in each of the years 2024, 2025 and in the period 1 January 2026 to 1 July 2026, in tabular form.",the minister for social protection the number of jobseeker signing and certification appointments conducted in person at each intreo centre and branch office in each of the years 2024 2025 and in the period 1 january 2026 to 1 july 2026 in tabular form 66045 26,Social Protection,1085,1087
"255. Deputy Cormac Devlin asked the Minister for Social Protection the number of new claims for social welfare payments registered at each Intreo centre and branch office in each of the years 2024, 2025 and in the period 1 January 2026 to 1 July 2026, in tabular form. [66044/26]",,Social,2026-09-17,0.6016352772712708,Social Welfare Payments,Social Welfare Payments,0.6016352772712708,Departmental Data,0.1293456852436065,Social Welfare Benefits,0.0887290462851524,Social Welfare Rates,0.0276788491755723,Social Welfare Schemes,0.0253070816397666,Social Welfare Offices,0.0222002193331718,Social Welfare Appeals,0.0102604636922478,Social Welfare Eligibility,0.0093382811173796,Community Welfare Services,0.0080978563055396,Social Welfare Code,0.0065482887439429,66044/26,255,Cormac Devlin,CORMAC DEVLIN,written,en,"To ask the Minister for Social Protection the number of new claims for social welfare payments registered at each Intreo centre and branch office in each of the years 2024, 2025 and in the period 1 January 2026 to 1 July 2026, in tabular form.",the minister for social protection the number of new claims for social welfare payments registered at each intreo centre and branch office in each of the years 2024 2025 and in the period 1 january 2026 to 1 july 2026 in tabular form 66044 26,Social Protection,1089,1091
256. Deputy Cormac Devlin asked the Minister for Social Protection the timetable for the extension of online appointment booking for Public Services Card registration to all offices at which that service is provided; and the criteria applied in determining the order in which offices are brought onto that facility. [66054/26],,Social,2026-09-17,0.7644839882850647,Public Services Card,Public Services Card,0.7644839882850647,Social Welfare Benefits,0.0322674363851547,Social Welfare Payments,0.0204031802713871,Social Welfare Schemes,0.0168918073177337,Personal Public Service Numbers,0.0151156056672334,Social Welfare Eligibility,0.0102541586384177,Departmental Data,0.0093434741720557,Medical Cards,0.0063320128247141,Social Welfare Offices,0.0055260201916098,Public Transport,0.0055044656619429,66054/26,256,Cormac Devlin,CORMAC DEVLIN,written,en,To ask the Minister for Social Protection the timetable for the extension of online appointment booking for Public Services Card registration to all offices at which that service is provided; and the criteria applied in determining the order in which offices are brought onto that facility.,the minister for social protection the timetable for the extension of online appointment booking for public services card registration to all offices at which that service is provided and the criteria applied in determining the order in which offices are brought onto that facility 66054 26,Social Protection,1093,1095
"257. Deputy Cormac Devlin asked the Minister for Social Protection the number of staff assigned to each Intreo Centre and Branch Office, expressed in whole-time equivalents and broken down by grade, at 31 December 2024, at 31 December 2025 and at 1 July 2026; and the number of vacant posts at each such office at 1 July 2026, in tabular form. [66053/26]",,Social,2026-09-17,0.4697750210762024,Departmental Staff,Departmental Staff,0.4697750210762024,Departmental Data,0.1129185259342193,Social Welfare Offices,0.0835381373763084,Public Sector Staff,0.0595619864761829,Community Welfare Services,0.049150500446558,Employment Support Services,0.0340378321707248,State Bodies,0.0228053275495767,Departmental Bodies,0.0203699059784412,Citizens Information Services,0.0130255054682493,Social Welfare Payments,0.0099477237090468,66053/26,257,Cormac Devlin,CORMAC DEVLIN,written,en,"To ask the Minister for Social Protection the number of staff assigned to each Intreo Centre and Branch Office, expressed in whole-time equivalents and broken down by grade, at 31 December 2024, at 31 December 2025 and at 1 July 2026; and the number of vacant posts at each such office at 1 July 2026, in tabular form.",the minister for social protection the number of staff assigned to each intreo centre and branch office expressed in whole-time equivalents and broken down by grade at 31 december 2024 at 31 december 2025 and at 1 july 2026 and the number of vacant posts at each such office at 1 july 2026 in tabular form 66053 26,Social Protection,1097,1099
"258. Deputy Cormac Devlin asked the Minister for Social Protection the offices at which an appointment for Public Services Card registration may be booked online through MyWelfare.ie; the offices at which registration is available on a walk-in basis only; and the number of such appointments booked online in each of the years 2024 and 2025 and in the period 1 January 2026 to 1 July 2026, in tabular form. [66052/26]",,Social,2026-09-17,0.720308244228363,Public Services Card,Public Services Card,0.720308244228363,Social Welfare Benefits,0.0263869073241949,Social Welfare Payments,0.0252453871071338,Personal Public Service Numbers,0.0169321931898593,Departmental Data,0.0163035839796066,Medical Cards,0.0154288066551089,Social Welfare Schemes,0.0135935824364423,Social Welfare Eligibility,0.0117867542430758,Social Welfare Offices,0.0060912575572729,An Garda Síochána,0.0051678232848644,66052/26,258,Cormac Devlin,CORMAC DEVLIN,written,en,"To ask the Minister for Social Protection the offices at which an appointment for Public Services Card registration may be booked online through MyWelfare.ie; the offices at which registration is available on a walk-in basis only; and the number of such appointments booked online in each of the years 2024 and 2025 and in the period 1 January 2026 to 1 July 2026, in tabular form.",the minister for social protection the offices at which an appointment for public services card registration may be booked online through mywelfare ie the offices at which registration is available on a walk-in basis only and the number of such appointments booked online in each of the years 2024 and 2025 and in the period 1 january 2026 to 1 july 2026 in tabular form 66052 26,Social Protection,1101,1103
259. Deputy Louise O'Reilly asked the Minister for Social Protection if a person is eligible for the widow's pension when there is a safety order in place at the time of the death of their spouse; and if he will make a statement on the matter. [66110/26],,Social,2026-09-17,0.3118306994438171,Social Welfare Eligibility,Social Welfare Eligibility,0.3118306994438171,State Pensions,0.1954056471586227,Pension Provisions,0.1001475602388382,Social Welfare Code,0.0841445326805114,Social Welfare Benefits,0.0699591413140297,Widow's Pension,0.0512775965034961,Social Welfare Payments,0.0402522645890712,Social Welfare Appeals,0.0295298863202333,Social Welfare Schemes,0.0183675866574049,Pensions Reform,0.0118677821010351,66110/26,259,Louise O'Reilly,LOUISE O'REILLY,written,en,To ask the Minister for Social Protection if a person is eligible for the widow's pension when there is a safety order in place at the time of the death of their spouse; and if he will make a statement on the matter.,the minister for social protection if a person is eligible for the widow s pension when there is a safety order in place at the time of the death of their spouse and 66110 26,Social Protection,1105,1107
"260. Deputy Cormac Devlin asked the Minister for Social Protection the number of applications for a Public Services Card processed at each Intreo centre, branch office and dedicated PPSN and PSC centre in each of the years 2024, 2025 and in the period 1 January 2026 to 1 July 2026, in tabular form. [66050/26]",,Social,2026-09-17,0.7594571113586426,Public Services Card,Public Services Card,0.7594571113586426,Personal Public Service Numbers,0.03352827206254,Social Welfare Benefits,0.0297067500650882,Social Welfare Payments,0.0294083673506975,Departmental Data,0.0143233863636851,Social Welfare Schemes,0.0118800271302461,Social Welfare Offices,0.0108430022373795,Medical Cards,0.0066788294352591,Social Welfare Eligibility,0.0066333543509244,An Garda Síochána,0.004387832712382,66050/26,260,Cormac Devlin,CORMAC DEVLIN,written,en,"To ask the Minister for Social Protection the number of applications for a Public Services Card processed at each Intreo centre, branch office and dedicated PPSN and PSC centre in each of the years 2024, 2025 and in the period 1 January 2026 to 1 July 2026, in tabular form.",the minister for social protection the number of applications for a public services card processed at each intreo centre branch office and dedicated ppsn and psc centre in each of the years 2024 2025 and in the period 1 january 2026 to 1 july 2026 in tabular form 66050 26,Social Protection,1109,1111
261. Deputy Louise O'Reilly asked the Minister for Social Protection if a person is eligible for the widows pension when there is a protection order in place at the time of the death of their spouse; and if he will make a statement on the matter. [66109/26],,Social,2026-09-17,0.3191664218902588,Social Welfare Eligibility,Social Welfare Eligibility,0.3191664218902588,State Pensions,0.1739243865013122,Pension Provisions,0.1107317432761192,Social Welfare Code,0.0957879573106765,Social Welfare Benefits,0.0889466479420661,Widow's Pension,0.0437179021537303,Social Welfare Payments,0.0416599735617637,Social Welfare Appeals,0.0257603004574775,Social Welfare Schemes,0.0203230381011962,Social Welfare Rates,0.0098154144361615,66109/26,261,Louise O'Reilly,LOUISE O'REILLY,written,en,To ask the Minister for Social Protection if a person is eligible for the widows pension when there is a protection order in place at the time of the death of their spouse; and if he will make a statement on the matter.,the minister for social protection if a person is eligible for the widows pension when there is a protection order in place at the time of the death of their spouse and 66109 26,Social Protection,1113,1115
262. Deputy Louise O'Reilly asked the Minister for Social Protection his plans to allow for the purchase of AVCs or similar schemes as part of the auto enrolment pension scheme; and if he will make a statement on the matter. [66099/26],,Social,2026-09-17,0.6466192007064819,Pension Provisions,Pension Provisions,0.6466192007064819,State Pensions,0.0550267472863197,Public Sector Pensions,0.0516041107475757,Departmental Schemes,0.0496180765330791,Pensions Reform,0.0409175083041191,Social Welfare Schemes,0.0146714570000767,Tax Reliefs,0.0097495894879102,Social Welfare Eligibility,0.0075572789646685,Tax Code,0.0065973494201898,Social Welfare Benefits,0.0064244624227285,66099/26,262,Louise O'Reilly,LOUISE O'REILLY,written,en,To ask the Minister for Social Protection his plans to allow for the purchase of AVCs or similar schemes as part of the auto enrolment pension scheme; and if he will make a statement on the matter.,the minister for social protection his plans to allow for the purchase of avcs or similar schemes as part of the auto enrolment pension scheme and 66099 26,Social Protection,1117,1119
"263. Deputy Louise O'Reilly asked the Minister for Social Protection the number of persons aged between 60 and 65 years-of-age who are in receipt of full carer’s allowance, by year; and if he will make a statement on the matter. [66098/26]",,Social,2026-09-17,0.4751392900943756,Social Welfare Benefits,Social Welfare Benefits,0.4751392900943756,Social Welfare Payments,0.2565528154373169,Departmental Data,0.1306016594171524,Social Welfare Schemes,0.0418282635509967,Social Welfare Eligibility,0.030730165541172,Social Welfare Rates,0.026759510859847,Social Welfare Code,0.0114120272919535,Social Welfare Appeals,0.0045273578725755,Disability Services,0.002131093526259,Departmental Budgets,0.0017058406956493,66098/26,263,Louise O'Reilly,LOUISE O'REILLY,written,en,"To ask the Minister for Social Protection the number of persons aged between 60 and 65 years-of-age who are in receipt of full carer’s allowance, by year; and if he will make a statement on the matter.",the minister for social protection the number of persons aged between 60 and 65 years-of-age who are in receipt of full carer s allowance by year and 66098 26,Social Protection,1121,1123
"264. Deputy Claire Kerrane asked the Minister for Social Protection if he is aware of a new online tool (details supplied) to assist people with income supports and information on same; if he could point to any available funding to maintain such an essential service, which is rapidly growing in it use to ensure it remains available to the public. [66129/26]",,Social,2026-09-17,0.2826738655567169,Social Media,Social Media,0.2826738655567169,Social Welfare Benefits,0.0810358896851539,Social Welfare Schemes,0.0761110410094261,Social Welfare Payments,0.0625045821070671,Social Welfare Code,0.0447634048759937,Departmental Communications,0.0358918383717536,Citizens Information Services,0.02875248901546,Social Welfare Offices,0.022623773664236,Social Welfare Eligibility,0.0217721704393625,Community Welfare Services,0.021101726219058,66129/26,264,Claire Kerrane,CLAIRE KERRANE,written,en,"To ask the Minister for Social Protection if he is aware of a new online tool (details supplied) to assist people with income supports and information on same; if he could point to any available funding to maintain such an essential service, which is rapidly growing in it use to ensure it remains available to the public.",the minister for social protection if he is aware of a new online tool details supplied to assist people with income supports and information on same if he could point to any available funding to maintain such an essential service which is rapidly growing in it use to ensure it remains available to the public 66129 26,Social Protection,1125,1127
"265. Deputy Paul Lawless asked the Minister for Social Protection if she will outline the financial supports currently available to assist low-income households with healthcare-related access costs, including travel and accommodation expenses associated with attending medical appointments or receiving treatment; if she will provide details of any eligibility criteria and application processes for such supports; if consideration is being given to expanding these supports in light of the increased cost burden on households accessing healthcare services; and if she will make a statement on the matter. [66225/26]",,Social,2026-09-17,0.4400217533111572,Social Welfare Benefits,Social Welfare Benefits,0.4400217533111572,Social Welfare Eligibility,0.1239850670099258,Social Welfare Payments,0.1095161363482475,Social Welfare Schemes,0.1064233854413032,Social Welfare Code,0.0462292395532131,Disability Services,0.029177039861679,Departmental Schemes,0.0186935737729072,Cost of Living Issues,0.017058840021491,Social Welfare Rates,0.0132574848830699,Departmental Policies,0.0085892891511321,66225/26,265,Paul Lawless,PAUL LAWLESS,written,en,"To ask the Minister for Social Protection if she will outline the financial supports currently available to assist low-income households with healthcare-related access costs, including travel and accommodation expenses associated with attending medical appointments or receiving treatment; if she will provide details of any eligibility criteria and application processes for such supports; if consideration is being given to expanding these supports in light of the increased cost burden on households accessing healthcare services; and if she will make a statement on the matter.",the minister for social protection if she will outline the financial supports currently available to assist low-income households with healthcare-related access costs including travel and accommodation expenses associated with attending medical appointments or receiving treatment if she will provide details of any eligibility criteria and application processes for such supports if consideration is being given to expanding these supports in light of the increased cost burden on households accessing healthcare services and 66225 26,Social Protection,1129,1131
"266. Deputy Robert Troy asked the Minister for Social Protection if he will provide an update on the executive officer position at the National Processing Office, Bellview, Mullingar, County Westmeath; and when the recruitment process will advance. [66237/26]",,Social,2026-09-17,0.2551605105400085,Departmental Staff,Departmental Staff,0.2551605105400085,Social Welfare Offices,0.1471884250640869,Public Sector Staff,0.0933539569377899,Citizens Information Services,0.0734049752354621,Employment Support Services,0.0554189831018447,Community Welfare Services,0.0407780446112155,Community Employment Schemes,0.0390205085277557,State Bodies,0.0334076285362243,Departmental Data,0.027963625267148,Departmental Bodies,0.0235548522323369,66237/26,266,Robert Troy,ROBERT TROY,written,en,"To ask the Minister for Social Protection if he will provide an update on the executive officer position at the National Processing Office, Bellview, Mullingar, County Westmeath; and when the recruitment process will advance.",the minister for social protection if he will provide an update on the executive officer position at the national processing office bellview mullingar county westmeath and when the recruitment process will advance 66237 26,Social Protection,1133,1135
267. Deputy Colm Burke asked the Minister for Social Protection to confirm the current status of a carer’s allowance application for a person (details supplied); when a decision is likely to be reached; and whether serious consideration will be given to the application due to the circumstances involved. [66201/26],,Social,2026-09-17,0.5329835414886475,Social Welfare Benefits,Social Welfare Benefits,0.5329835414886475,Social Welfare Eligibility,0.1747810393571853,Social Welfare Payments,0.1745235621929168,Social Welfare Appeals,0.0632742717862129,Social Welfare Schemes,0.0170390717685222,Social Welfare Code,0.0095441835001111,Social Welfare Rates,0.003127904376015,Departmental Data,0.0030827075242996,Social Welfare Application Forms,0.0020621265284717,Disability Services,0.0015035038813948,66201/26,267,Colm Burke,COLM BURKE,written,en,To ask the Minister for Social Protection to confirm the current status of a carer’s allowance application for a person (details supplied); when a decision is likely to be reached; and whether serious consideration will be given to the application due to the circumstances involved.,the minister for social protection to confirm the current status of a carer s allowance application for a person details supplied when a decision is likely to be reached and whether serious consideration will be given to the application due to the circumstances involved 66201 26,Social Protection,1137,1139
268. Deputy Colm Burke asked the Minister for Social Protection to confirm the current status of a carer’s allowance application for a person (details supplied); when a decision is likely to be reached; and whether serious consideration will be given to the application due to the circumstances involved. [66199/26],,Social,2026-09-17,0.5330792665481567,Social Welfare Benefits,Social Welfare Benefits,0.5330792665481567,Social Welfare Eligibility,0.1749143749475479,Social Welfare Payments,0.1740796715021133,Social Welfare Appeals,0.0639721006155014,Social Welfare Schemes,0.0167268253862857,Social Welfare Code,0.0093594957143068,Departmental Data,0.0031304927542805,Social Welfare Rates,0.0030772362370043,Social Welfare Application Forms,0.0020483012776821,Disability Services,0.0015262389788404,66199/26,268,Colm Burke,COLM BURKE,written,en,To ask the Minister for Social Protection to confirm the current status of a carer’s allowance application for a person (details supplied); when a decision is likely to be reached; and whether serious consideration will be given to the application due to the circumstances involved.,the minister for social protection to confirm the current status of a carer s allowance application for a person details supplied when a decision is likely to be reached and whether serious consideration will be given to the application due to the circumstances involved 66199 26,Social Protection,1141,1143
"269. Deputy John Clendennen asked the Minister for Social Protection the number of households in Offaly consisting of a person aged over 70 who are entitled to claim the Household Benefits Package; the number currently receiving the payment; and the number not in receipt of the payment, in tabular form. [66245/26]",,Social,2026-09-17,0.5943639278411865,Social Welfare Benefits,Social Welfare Benefits,0.5943639278411865,Social Welfare Payments,0.2750075161457062,Social Welfare Eligibility,0.0512470491230487,Social Welfare Schemes,0.0301776640117168,Departmental Data,0.0211393907666206,Social Welfare Rates,0.0085694007575511,Social Welfare Code,0.0077279694378376,Social Welfare Appeals,0.00210881838575,Social Welfare Application Forms,0.0010259995469823,Social Insurance,0.0005723992944695,66245/26,269,John Clendennen,JOHN CLENDENNEN,written,en,"To ask the Minister for Social Protection the number of households in Offaly consisting of a person aged over 70 who are entitled to claim the Household Benefits Package; the number currently receiving the payment; and the number not in receipt of the payment, in tabular form.",the minister for social protection the number of households in offaly consisting of a person aged over 70 who are entitled to claim the household benefits package the number currently receiving the payment and the number not in receipt of the payment in tabular form 66245 26,Social Protection,1145,1147
"270. Deputy John Clendennen asked the Minister for Social Protection the number of households in County Offaly that have become eligible for fuel allowance in 2026 as a result of the extension of eligibility to recipients of the working family payment; the total value of these fuel allowance payments made to date in 2026; and the projected full year value of these payments in County Offaly, in tabular form. [66282/26]",,Social,2026-09-17,0.3984490036964416,Social Welfare Benefits,Social Welfare Benefits,0.3984490036964416,Social Welfare Payments,0.3510254323482513,Social Welfare Eligibility,0.1418760567903518,Social Welfare Schemes,0.04109812900424,Departmental Data,0.0199617426842451,Social Welfare Rates,0.014582198113203,Social Welfare Code,0.0132654998451471,Fuel Poverty,0.004723893944174,Departmental Schemes,0.0014051055768504,Grant Payments,0.0010922130895778,66282/26,270,John Clendennen,JOHN CLENDENNEN,written,en,"To ask the Minister for Social Protection the number of households in County Offaly that have become eligible for fuel allowance in 2026 as a result of the extension of eligibility to recipients of the working family payment; the total value of these fuel allowance payments made to date in 2026; and the projected full year value of these payments in County Offaly, in tabular form.",the minister for social protection the number of households in county offaly that have become eligible for fuel allowance in 2026 as a result of the extension of eligibility to recipients of the working family payment the total value of these fuel allowance payments made to date in 2026 and the projected full year value of these payments in county offaly in tabular form 66282 26,Social Protection,1149,1151
"271. Deputy John Clendennen asked the Minister for Social Protection the number of fuel allowance recipients in County Offaly in each of the years 2021 to 2025 and to date in 2026, by the primary qualifying payment or scheme through which eligibility was established, in tabular form. [66280/26]",,Social,2026-09-17,0.3936161994934082,Social Welfare Benefits,Social Welfare Benefits,0.3936161994934082,Departmental Data,0.280937522649765,Social Welfare Payments,0.2203835695981979,Social Welfare Schemes,0.0485435612499713,Social Welfare Eligibility,0.0189310777932405,Social Welfare Rates,0.0100680533796548,Social Welfare Code,0.0043332730419933,Fuel Poverty,0.0034495913423597,Departmental Schemes,0.0030309536959975,Departmental Budgets,0.0018699773354455,66280/26,271,John Clendennen,JOHN CLENDENNEN,written,en,"To ask the Minister for Social Protection the number of fuel allowance recipients in County Offaly in each of the years 2021 to 2025 and to date in 2026, by the primary qualifying payment or scheme through which eligibility was established, in tabular form.",the minister for social protection the number of fuel allowance recipients in county offaly in each of the years 2021 to 2025 and to date in 2026 by the primary qualifying payment or scheme through which eligibility was established in tabular form 66280 26,Social Protection,1153,1155
"272. Deputy John Clendennen asked the Minister for Social Protection the number of households in County Offaly that received fuel allowance under the national fuel scheme in each of the years 2021 to 2025 and to date in 2026; and the total value of payments made to recipients in County Offaly, by year, in tabular form. [66278/26]",,Social,2026-09-17,0.3389392495155334,Departmental Data,Departmental Data,0.3389392495155334,Social Welfare Benefits,0.2420135736465454,Social Welfare Payments,0.1538919061422348,Social Welfare Schemes,0.1393763571977615,Social Welfare Eligibility,0.0218335352838039,Departmental Schemes,0.0211676489561796,Fuel Poverty,0.0185836646705865,Social Welfare Rates,0.0103873880580067,Social Welfare Code,0.0065886839292943,Departmental Budgets,0.0035543178673833,66278/26,272,John Clendennen,JOHN CLENDENNEN,written,en,"To ask the Minister for Social Protection the number of households in County Offaly that received fuel allowance under the national fuel scheme in each of the years 2021 to 2025 and to date in 2026; and the total value of payments made to recipients in County Offaly, by year, in tabular form.",the minister for social protection the number of households in county offaly that received fuel allowance under the national fuel scheme in each of the years 2021 to 2025 and to date in 2026 and the total value of payments made to recipients in county offaly by year in tabular form 66278 26,Social Protection,1157,1159
"273. Deputy Mark Ward asked the Minister for Justice, Home Affairs and Migration the remit of Operation Tombola; if it will be in operation this year; the start date; if an earlier start date will be considered; and the efficacy of this operation since 2020. [66009/26]",,Justice,2026-09-17,0.7614268064498901,An Garda Síochána,An Garda Síochána,0.7614268064498901,Crime Prevention,0.0597190633416175,Departmental Data,0.0462923049926757,Prison Service,0.0090275229886174,Drug Dealing,0.0070658908225595,Other,0.0053389044478535,Antisocial Behaviour,0.0051068319007754,"Domestic, Sexual and Gender-based Violence",0.0046234978362917,Departmental Expenditure,0.0033600484021008,Private Security Authority,0.0030842048581689,66009/26,273,Mark Ward,MARK WARD,written,en,"To ask the Minister for Justice, Home Affairs and Migration the remit of Operation Tombola; if it will be in operation this year; the start date; if an earlier start date will be considered; and the efficacy of this operation since 2020.",the minister for justice home affairs and migration the remit of operation tombola if it will be in operation this year the start date if an earlier start date will be considered and the efficacy of this operation since 2020 66009 26,"Justice, Home Affairs and Migration",1164,1166
"274. Deputy John Brady asked the Minister for Justice, Home Affairs and Migration if his Department maintains a risk register; if so, if copies of the register since 2022 will be provided; and if he will make a statement on the matter. [66070/26]",,Justice,2026-09-17,0.1029000207781791,Departmental Data,Departmental Data,0.1029000207781791,Departmental Policies,0.0550926253199577,An Garda Síochána,0.046928334981203,International Protection,0.0425439700484275,Other,0.0371022894978523,Departmental Reviews,0.0355334654450416,Departmental Inquiries,0.0245947148650884,Private Security Authority,0.0234018955379724,Crime Prevention,0.0208434555679559,Prison Service,0.019892368465662,66070/26,274,John Brady,JOHN BRADY,written,en,"To ask the Minister for Justice, Home Affairs and Migration if his Department maintains a risk register; if so, if copies of the register since 2022 will be provided; and if he will make a statement on the matter.",the minister for justice home affairs and migration if his department maintains a risk register if so if copies of the register since 2022 will be provided and 66070 26,"Justice, Home Affairs and Migration",1168,1170
"275. Deputy Matt Carthy asked the Minister for Justice, Home Affairs and Migration if any analysis has been undertaken by his Department, the Immigration Service, or any agency under his remit regarding the long-term residency, emigration, or retention rates of naturalised Irish citizens; and if he will provide details of any such analysis. [66029/26]",,Justice,2026-09-17,0.3473397493362427,Citizenship Applications,Citizenship Applications,0.3473397493362427,Immigration Policy,0.1607535481452942,Naturalisation Applications,0.1607188731431961,Immigration Status,0.1580835878849029,Residency Permits,0.0556239373981952,Departmental Data,0.0355429872870445,Visa Applications,0.0104729644954204,International Protection,0.0095561211928725,Citizenship Ceremonies,0.0085402028635144,Asylum Applications,0.0064367554150521,66029/26,275,Matt Carthy,MATT CARTHY,written,en,"To ask the Minister for Justice, Home Affairs and Migration if any analysis has been undertaken by his Department, the Immigration Service, or any agency under his remit regarding the long-term residency, emigration, or retention rates of naturalised Irish citizens; and if he will provide details of any such analysis.",the minister for justice home affairs and migration if any analysis has been undertaken by his department the immigration service or any agency under his remit regarding the long-term residency emigration or retention rates of naturalised irish citizens and if he will provide details of any such analysis 66029 26,"Justice, Home Affairs and Migration",1172,1174
"276. Deputy Matt Carthy asked the Minister for Justice, Home Affairs and Migration if his Department collects or maintains data on the number or proportion of persons who acquire Irish citizenship through naturalisation and who remain resident in the State for five years; ten years; and 15 years after naturalisation. [66028/26]",,Justice,2026-09-17,0.5449334979057312,Naturalisation Applications,Naturalisation Applications,0.5449334979057312,Citizenship Applications,0.3890253901481628,Citizenship Ceremonies,0.0194615758955478,Immigration Status,0.0148659581318497,Departmental Data,0.0092715704813599,Immigration Policy,0.0041529559530317,Residency Permits,0.0028478340245783,Departmental Staff,0.0011145761236548,An Garda Síochána,0.0009957023430615,Visa Applications,0.0009544981876388,66028/26,276,Matt Carthy,MATT CARTHY,written,en,"To ask the Minister for Justice, Home Affairs and Migration if his Department collects or maintains data on the number or proportion of persons who acquire Irish citizenship through naturalisation and who remain resident in the State for five years; ten years; and 15 years after naturalisation.",the minister for justice home affairs and migration if his department collects or maintains data on the number or proportion of persons who acquire irish citizenship through naturalisation and who remain resident in the state for five years ten years and 15 years after naturalisation 66028 26,"Justice, Home Affairs and Migration",1176,1178
"277. Deputy Conor Sheehan asked the Minister for Justice, Home Affairs and Migration if he agrees that an Irish child should have the same rights for a parent to be resident in Ireland as a child who is citizen of another EU member state under the Zambrero judgement; and the administrative mechanism that exists in Ireland through which that asserted EU-law right is determined, and where in the completed refusal/review process for the case of a person (details supplied ) was that Article 20 claim substantively determined [66025/26]",,Justice,2026-09-17,0.4350917041301727,Immigration Policy,Immigration Policy,0.4350917041301727,International Protection,0.0892621651291847,Departmental Policies,0.0393182449042797,Immigration Status,0.0319544114172458,Legislative Measures,0.0289393551647663,Other,0.0223877597600221,International Agreements,0.0221125800162553,EU Agreements,0.0190109126269817,Citizenship Applications,0.0177897363901138,Family Reunification,0.0154763832688331,66025/26,277,Conor Sheehan,CONOR SHEEHAN,written,en,"To ask the Minister for Justice, Home Affairs and Migration if he agrees that an Irish child should have the same rights for a parent to be resident in Ireland as a child who is citizen of another EU member state under the Zambrero judgement; and the administrative mechanism that exists in Ireland through which that asserted EU-law right is determined, and where in the completed refusal/review process for the case of a person (details supplied ) was that Article 20 claim substantively determined",the minister for justice home affairs and migration if he agrees that an irish child should have the same rights for a parent to be resident in ireland as a child who is citizen of another eu member state under the zambrero judgement and the administrative mechanism that exists in ireland through which that asserted eu-law right is determined and where in the completed refusal review process for the case of a person details supplied was that article 20 claim substantively determined 66025 26,"Justice, Home Affairs and Migration",1180,1182
"278. Deputy Gary Gannon asked the Minister for Justice, Home Affairs and Migration further to the Government's approval of priority drafting of the Irish Nationality and Citizenship (Amendment) Bill 2026, the number of applications for naturalisation received in each of the years 2021 to 2025 and to date in 2026; the minimum, maximum and median processing time for such applications in each of those years; the breakdown of such by nationality of applicant; and the number of certificates of naturalisation revoked in each of the past five years, in tabular form. [66111/26]",,Justice,2026-09-17,0.6552848219871521,Naturalisation Applications,Naturalisation Applications,0.6552848219871521,Citizenship Applications,0.2567899525165558,Citizenship Ceremonies,0.0194251891225576,Departmental Data,0.0167118404060602,Immigration Status,0.0143545307219028,Immigration Policy,0.0084203453734517,Residency Permits,0.0031604943796992,Other,0.0025690952315926,An Garda Síochána,0.0021208350080996,International Protection,0.0013788301730528,66111/26,278,Gary Gannon,GARY GANNON,written,en,"To ask the Minister for Justice, Home Affairs and Migration further to the Government's approval of priority drafting of the Irish Nationality and Citizenship (Amendment) Bill 2026, the number of applications for naturalisation received in each of the years 2021 to 2025 and to date in 2026; the minimum, maximum and median processing time for such applications in each of those years; the breakdown of such by nationality of applicant; and the number of certificates of naturalisation revoked in each of the past five years, in tabular form.",the minister for justice home affairs and migration further to the government s approval of priority drafting of the irish nationality and citizenship amendment bill 2026 the number of applications for naturalisation received in each of the years 2021 to 2025 and to date in 2026 the minimum maximum and median processing time for such applications in each of those years the breakdown of such by nationality of applicant and the number of certificates of naturalisation revoked in each of the past five years in tabular form 66111 26,"Justice, Home Affairs and Migration",1184,1186
"279. Deputy Gary Gannon asked the Minister for Justice, Home Affairs and Migration the number of applications for naturalisation which satisfied the statutory conditions in section 15(1) of the Irish Nationality and Citizenship Act 1956, as amended, but which were nonetheless refused in the exercise of the Minister's discretion, in each of the past five years; the nature and extent of any data or evidence held by his Department on deficiencies in English, Irish, or Irish Sign Language proficiency among applicants for naturalisation, and whether any such data informed the proposal to introduce mandatory language testing. [66112/26]",,Justice,2026-09-17,0.6545653343200684,Naturalisation Applications,Naturalisation Applications,0.6545653343200684,Citizenship Applications,0.2696414887905121,Citizenship Ceremonies,0.0207620672881603,Immigration Status,0.0122965136542916,Departmental Data,0.010128254070878,Immigration Policy,0.0066575449891388,Residency Permits,0.0022152625024318,Other,0.0019076832104474,International Protection,0.0015291901072487,Immigration Support Services,0.0012329969322308,66112/26,279,Gary Gannon,GARY GANNON,written,en,"To ask the Minister for Justice, Home Affairs and Migration the number of applications for naturalisation which satisfied the statutory conditions in section 15(1) of the Irish Nationality and Citizenship Act 1956, as amended, but which were nonetheless refused in the exercise of the Minister's discretion, in each of the past five years; the nature and extent of any data or evidence held by his Department on deficiencies in English, Irish, or Irish Sign Language proficiency among applicants for naturalisation, and whether any such data informed the proposal to introduce mandatory language testing.",the minister for justice home affairs and migration the number of applications for naturalisation which satisfied the statutory conditions in section 15 1 of the irish nationality and citizenship act 1956 as amended but which were nonetheless refused in the exercise of the minister s discretion in each of the past five years the nature and extent of any data or evidence held by his department on deficiencies in english irish or irish sign language proficiency among applicants for naturalisation and whether any such data informed the proposal to introduce mandatory language testing 66112 26,"Justice, Home Affairs and Migration",1188,1190
"280. Deputy Naoise Ó Muirí asked the Minister for Justice, Home Affairs and Migration if there is any flexibility to the moving date for families (details supplied). [66031/26]",,Justice,2026-09-17,0.6838460564613342,International Protection,International Protection,0.6838460564613342,Immigration Policy,0.0343433506786823,Visa Applications,0.0277476888149976,Immigration Status,0.0195622146129608,Departmental Policies,0.0188817102462053,Departmental Data,0.0174407102167606,Asylum Seekers,0.0173023678362369,Family Reunification,0.0156920738518238,Ukraine War,0.0134470425546169,Departmental Inquiries,0.0124121969565749,66031/26,280,Naoise Ó Muirí,NAOISE Ó MUIRÍ,written,en,"To ask the Minister for Justice, Home Affairs and Migration if there is any flexibility to the moving date for families (details supplied).",the minister for justice home affairs and migration if there is any flexibility to the moving date for families details supplied 66031 26,"Justice, Home Affairs and Migration",1192,1194
"281. Deputy Matt Carthy asked the Minister for Justice, Home Affairs and Migration the number of declarations of intention to retain Irish citizenship received from naturalised Irish citizens residing outside the State in each year since 2015, in tabular form. [66030/26]",,Justice,2026-09-17,0.6692893505096436,Citizenship Applications,Citizenship Applications,0.6692893505096436,Naturalisation Applications,0.2680894732475281,Citizenship Ceremonies,0.0191999394446611,Immigration Status,0.0119145447388291,Departmental Data,0.0106288064271211,Immigration Policy,0.0056244102306663,Residency Permits,0.001996609615162,An Garda Síochána,0.0009941961616277,International Protection,0.0008523373398929,Other,0.0008321182685904,66030/26,281,Matt Carthy,MATT CARTHY,written,en,"To ask the Minister for Justice, Home Affairs and Migration the number of declarations of intention to retain Irish citizenship received from naturalised Irish citizens residing outside the State in each year since 2015, in tabular form.",the minister for justice home affairs and migration the number of declarations of intention to retain irish citizenship received from naturalised irish citizens residing outside the state in each year since 2015 in tabular form 66030 26,"Justice, Home Affairs and Migration",1196,1198
"282. Deputy Claire Kerrane asked the Minister for Justice, Home Affairs and Migration to advise if there are protocols for prisoners during their time in prison for a crime (details supplied) regarding access to the public, being in public facing environments and being in less high secure areas with prison officers such as staff canteens. [66065/26]",,Justice,2026-09-17,0.9816234111785888,Prison Service,Prison Service,0.9816234111785888,Departmental Data,0.00426612701267,Other,0.001488815061748,Sentencing Policy,0.0014270805986598,"Domestic, Sexual and Gender-based Violence",0.0006639611092396,Departmental Policies,0.0004518758505582,Crime Prevention,0.0004368525987956,Domestic Violence,0.0003628591075539,Irish Prisoners Abroad,0.00030127496575,Mental Health Services,0.0002751943829935,66065/26,282,Claire Kerrane,CLAIRE KERRANE,written,en,"To ask the Minister for Justice, Home Affairs and Migration to advise if there are protocols for prisoners during their time in prison for a crime (details supplied) regarding access to the public, being in public facing environments and being in less high secure areas with prison officers such as staff canteens.",the minister for justice home affairs and migration to advise if there are protocols for prisoners during their time in prison for a crime details supplied regarding access to the public being in public facing environments and being in less high secure areas with prison officers such as staff canteens 66065 26,"Justice, Home Affairs and Migration",1200,1202
"283. Deputy Gary Gannon asked the Minister for Justice, Home Affairs and Migration whether his Department has conducted any workforce planning exercise, manpower assessment, service-capacity review or similar exercise relating to the future provision of criminal legal aid services since 1 January 2020; the dates on which such reviews were completed; and if he will provide details of the principal findings and if his Department has undertaken any assessment of recruitment and retention trends among solicitors undertaking criminal legal aid work for the same period; and if he will provide details of any such assessment. [66123/26]",,Justice,2026-09-17,0.906585931777954,Legal Aid,Legal Aid,0.906585931777954,Legal Services Regulation,0.0164684671908617,Departmental Legal Services,0.0136770727112889,Courts Service,0.0113910669460892,Departmental Legal Cases,0.0105606811121106,Departmental Data,0.0029119404498487,"Domestic, Sexual and Gender-based Violence",0.0028504107613116,Residency Permits,0.0027922135777771,Legislative Reviews,0.0023785349912941,Judicial Reviews,0.0017426355043426,66123/26,283,Gary Gannon,GARY GANNON,written,en,"To ask the Minister for Justice, Home Affairs and Migration whether his Department has conducted any workforce planning exercise, manpower assessment, service-capacity review or similar exercise relating to the future provision of criminal legal aid services since 1 January 2020; the dates on which such reviews were completed; and if he will provide details of the principal findings and if his Department has undertaken any assessment of recruitment and retention trends among solicitors undertaking criminal legal aid work for the same period; and if he will provide details of any such assessment.",the minister for justice home affairs and migration whether his department has conducted any workforce planning exercise manpower assessment service-capacity review or similar exercise relating to the future provision of criminal legal aid services since 1 january 2020 the dates on which such reviews were completed and if he will provide details of the principal findings and if his department has undertaken any assessment of recruitment and retention trends among solicitors undertaking criminal legal aid work for the same period and if he will provide details of any such assessment 66123 26,"Justice, Home Affairs and Migration",1204,1206
"284. Deputy Gary Gannon asked the Minister for Justice, Home Affairs and Migration whether statistics are maintained regarding criminal proceedings adjourned due to difficulties in securing legal representation under the criminal legal aid scheme; and if so, the number of such adjournments recorded in each of the last five years, in tabular form. [66124/26]",,Justice,2026-09-17,0.9258633255958556,Legal Aid,Legal Aid,0.9258633255958556,Legal Services Regulation,0.0114264115691185,Courts Service,0.0081627592444419,Departmental Data,0.007708610035479,Departmental Legal Cases,0.0044790697284042,Departmental Legal Services,0.0044221612624824,Residency Permits,0.0038793706335127,Immigration Status,0.0032168948091566,Other,0.0016216192161664,Visa Applications,0.0015426183817908,66124/26,284,Gary Gannon,GARY GANNON,written,en,"To ask the Minister for Justice, Home Affairs and Migration whether statistics are maintained regarding criminal proceedings adjourned due to difficulties in securing legal representation under the criminal legal aid scheme; and if so, the number of such adjournments recorded in each of the last five years, in tabular form.",the minister for justice home affairs and migration whether statistics are maintained regarding criminal proceedings adjourned due to difficulties in securing legal representation under the criminal legal aid scheme the number of such adjournments recorded in each of the last five years in tabular form 66124 26,"Justice, Home Affairs and Migration",1208,1210
"285. Deputy Gary Gannon asked the Minister for Justice, Home Affairs and Migration whether risks relating to the availability, recruitment or retention of solicitors undertaking criminal legal aid work have been identified in any departmental risk assessment, risk register or business planning document since 1 January 2021. [66125/26]",,Justice,2026-09-17,0.8893018364906311,Legal Aid,Legal Aid,0.8893018364906311,Departmental Legal Services,0.0260586738586425,Legal Services Regulation,0.0208459887653589,Departmental Legal Cases,0.0177629142999649,Courts Service,0.0087162973359227,Departmental Data,0.0028369089122861,Judicial Reviews,0.0025018805172294,Residency Permits,0.0016836236463859,Legislative Reviews,0.0016585120465606,"Domestic, Sexual and Gender-based Violence",0.0014704493805766,66125/26,285,Gary Gannon,GARY GANNON,written,en,"To ask the Minister for Justice, Home Affairs and Migration whether risks relating to the availability, recruitment or retention of solicitors undertaking criminal legal aid work have been identified in any departmental risk assessment, risk register or business planning document since 1 January 2021.",the minister for justice home affairs and migration whether risks relating to the availability recruitment or retention of solicitors undertaking criminal legal aid work have been identified in any departmental risk assessment risk register or business planning document since 1 january 2021 66125 26,"Justice, Home Affairs and Migration",1212,1214
"286. Deputy Gary Gannon asked the Minister for Justice, Home Affairs and Migration whether his Department has undertaken any assessment of recruitment and retention trends among solicitors undertaking criminal legal aid work since 1 January 2022; and if he will provide details of any such assessment. [66126/26]",,Justice,2026-09-17,0.9314543604850768,Legal Aid,Legal Aid,0.9314543604850768,Legal Services Regulation,0.016183253377676,Courts Service,0.0141651211306452,Departmental Legal Services,0.0049450160004198,Departmental Legal Cases,0.0037988710682839,Residency Permits,0.0019698513206094,"Domestic, Sexual and Gender-based Violence",0.0017913085175678,Departmental Data,0.0015468515921384,Immigration Status,0.0015224871458485,Family Law Cases,0.0014924396527931,66126/26,286,Gary Gannon,GARY GANNON,written,en,"To ask the Minister for Justice, Home Affairs and Migration whether his Department has undertaken any assessment of recruitment and retention trends among solicitors undertaking criminal legal aid work since 1 January 2022; and if he will provide details of any such assessment.",the minister for justice home affairs and migration whether his department has undertaken any assessment of recruitment and retention trends among solicitors undertaking criminal legal aid work since 1 january 2022 and if he will provide details of any such assessment 66126 26,"Justice, Home Affairs and Migration",1216,1218
"287. Deputy Pádraig Rice asked the Minister for Justice, Home Affairs and Migration the timeline for the processing of a peace commissioner application for a person (details supplied). [66196/26]",,Justice,2026-09-17,0.4374819993972778,Peace Commissioners,Peace Commissioners,0.4374819993972778,Family Reunification,0.1259842813014984,Citizenship Applications,0.0321426466107368,Other,0.0245370119810104,Departmental Data,0.0234732292592525,Coroners Service,0.0229349639266729,Immigration Status,0.0208776127547025,Immigration Policy,0.0196319594979286,Visa Applications,0.0176958180963993,Departmental Policies,0.0132378293201327,66196/26,287,Pádraig Rice,PÁDRAIG RICE,written,en,"To ask the Minister for Justice, Home Affairs and Migration the timeline for the processing of a peace commissioner application for a person (details supplied).",the minister for justice home affairs and migration the timeline for the processing of a peace commissioner application for a person details supplied 66196 26,"Justice, Home Affairs and Migration",1220,1222
"288. Deputy Eamon Scanlon asked the Minister for Justice, Home Affairs and Migration if he will provide details of the costs incurred to date, together with the total estimated expenditure for Phases 1 and 2 of the development at Castlerea Prison, including the provision of four modular six-bedroom houses, an additional ancillary services building, and the construction of 21 lower-security units at The Grove, including all associated planning, construction, and related project expenses, in tabular form. [66291/26]",,Justice,2026-09-17,0.9545181393623352,Prison Service,Prison Service,0.9545181393623352,Departmental Data,0.012109930627048,Departmental Expenditure,0.0092031257227063,International Protection,0.0045917322859168,Departmental Properties,0.00184666889254,Departmental Contracts,0.0010669948533177,Other,0.0010466962121427,An Garda Síochána,0.0009507465292699,"Domestic, Sexual and Gender-based Violence",0.0008801171788945,Departmental Staff,0.0008427272550761,66291/26,288,Eamon Scanlon,EAMON SCANLON,written,en,"To ask the Minister for Justice, Home Affairs and Migration if he will provide details of the costs incurred to date, together with the total estimated expenditure for Phases 1 and 2 of the development at Castlerea Prison, including the provision of four modular six-bedroom houses, an additional ancillary services building, and the construction of 21 lower-security units at The Grove, including all associated planning, construction, and related project expenses, in tabular form.",the minister for justice home affairs and migration if he will provide details of the costs incurred to date together with the total estimated expenditure for phases 1 and 2 of the development at castlerea prison including the provision of four modular six-bedroom houses an additional ancillary services building and the construction of 21 lower-security units at the grove including all associated planning construction and related project expenses in tabular form 66291 26,"Justice, Home Affairs and Migration",1224,1226
"289. Deputy Eamon Scanlon asked the Minister for Justice, Home Affairs and Migration the budgeted cost of demolishing the old Cork Prison buildings, including all associated preparatory, and clearance works. [66288/26]",,Justice,2026-09-17,0.7765401601791382,Prison Service,Prison Service,0.7765401601791382,Departmental Properties,0.0343075171113014,Departmental Expenditure,0.0325421020388603,Departmental Data,0.0258385259658098,State Properties,0.0199264902621507,Other,0.01049673743546,Departmental Funding,0.0085195200517773,Office of Public Works,0.0079458383843302,International Protection,0.0078191515058279,Departmental Contracts,0.0060597057454288,66288/26,289,Eamon Scanlon,EAMON SCANLON,written,en,"To ask the Minister for Justice, Home Affairs and Migration the budgeted cost of demolishing the old Cork Prison buildings, including all associated preparatory, and clearance works.",the minister for justice home affairs and migration the budgeted cost of demolishing the old cork prison buildings including all associated preparatory and clearance works 66288 26,"Justice, Home Affairs and Migration",1228,1230
"290. Deputy John Clendennen asked the Minister for Justice, Home Affairs and Migration further to Parliamentary Question No. 239 of 26 November 2025, if he will confirm the current status of the office (details supplied). [66268/26]",,Justice,2026-09-17,0.3147577345371246,An Garda Síochána,An Garda Síochána,0.3147577345371246,Departmental Staff,0.0830667987465858,Departmental Functions,0.0535250902175903,Departmental Properties,0.0346078686416149,Departmental Offices,0.0332755893468856,Courts Service,0.0314249955117702,Prison Service,0.0253719426691532,Court Accommodation,0.0253298245370388,Civil Service,0.022817550227046,State Properties,0.0208190530538558,66268/26,290,John Clendennen,JOHN CLENDENNEN,written,en,"To ask the Minister for Justice, Home Affairs and Migration further to Parliamentary Question No. 239 of 26 November 2025, if he will confirm the current status of the office (details supplied).",the minister for justice home affairs and migration further to parliamentary question no 239 of 26 november 2025 if he will confirm the current status of the office details supplied 66268 26,"Justice, Home Affairs and Migration",1232,1234
"291. Deputy Shónagh Ní Raghallaigh asked the Minister for Justice, Home Affairs and Migration the amount spent by Gardaí on replacing musician instruments for the Garda band in 2025 and to-date in 2026, in tabular form. [66279/26]",,Justice,2026-09-17,0.9882147312164308,An Garda Síochána,An Garda Síochána,0.9882147312164308,Departmental Data,0.0070671043358743,Departmental Expenditure,0.0009295807685703,Ministerial Staff,0.0002748424885794,Crime Prevention,0.0002105868334183,Departmental Staff,0.0002036704390775,Departmental Schemes,0.0001976326602743,Closed-Circuit Television Systems,0.0001335078122792,Office of Public Works,0.0001183226559078,Crime Data,0.0001110903685912,66279/26,291,Shónagh Ní Raghallaigh,SHÓNAGH NÍ RAGHALLAIGH,written,en,"To ask the Minister for Justice, Home Affairs and Migration the amount spent by Gardaí on replacing musician instruments for the Garda band in 2025 and to-date in 2026, in tabular form.",the minister for justice home affairs and migration the amount spent by gardaí on replacing musician instruments for the garda band in 2025 and to-date in 2026 in tabular form 66279 26,"Justice, Home Affairs and Migration",1236,1238
"292. Deputy Martin Kenny asked the Minister for Agriculture, Food and the Marine the number of animals that have been tested for bluetongue virus since 1 January 2026 to date; and the number that have come back as positive. [65995/26]",,Agriculture,2026-09-17,0.8834899663925171,Animal Diseases,Animal Diseases,0.8834899663925171,Disease Management,0.0136038027703762,Departmental Data,0.0134423514828085,Animal Welfare,0.0110147213563323,Agriculture Industry,0.0090093109756708,Health Services,0.0077061969786882,Other,0.0033692105207592,Agriculture Schemes,0.0030881308484822,Veterinary Services,0.0024541832972317,Live Exports,0.0021174163557589,65995/26,292,Martin Kenny,MARTIN KENNY,written,en,"To ask the Minister for Agriculture, Food and the Marine the number of animals that have been tested for bluetongue virus since 1 January 2026 to date; and the number that have come back as positive.",the minister for agriculture food and the marine the number of animals that have been tested for bluetongue virus since 1 january 2026 to date and the number that have come back as positive 65995 26,"Agriculture, Food and the Marine",1243,1245
"293. Deputy Martin Kenny asked the Minister for Agriculture, Food and the Marine the number of animals both bovine and ovine have been vaccinated against bluetongue virus since January 2026. [65997/26]",,Agriculture,2026-09-17,0.9130922555923462,Animal Diseases,Animal Diseases,0.9130922555923462,Vaccination Programme,0.0141253331676125,Agriculture Industry,0.009853565134108,Disease Management,0.005065849982202,Animal Welfare,0.0048566390760242,Departmental Data,0.0047892755828797,Agriculture Schemes,0.0037804071325808,Health Services,0.0031107075046747,Other,0.0027230898849666,Veterinary Services,0.0018061053706333,65997/26,293,Martin Kenny,MARTIN KENNY,written,en,"To ask the Minister for Agriculture, Food and the Marine the number of animals both bovine and ovine have been vaccinated against bluetongue virus since January 2026.",the minister for agriculture food and the marine the number of animals both bovine and ovine have been vaccinated against bluetongue virus since january 2026 65997 26,"Agriculture, Food and the Marine",1247,1249
"294. Deputy Martin Kenny asked the Minister for Agriculture, Food and the Marine if his Department is tracing where the bluetongue virus that has been found in animals in Kildare and Wexford recently originated; and the actions his Department is taking to combat this virus. [66002/26]",,Agriculture,2026-09-17,0.8935017585754395,Animal Diseases,Animal Diseases,0.8935017585754395,Disease Management,0.0167548917233943,Agriculture Industry,0.0094853695482015,Health Services,0.0081784557551145,Animal Welfare,0.0059344880282878,Vaccination Programme,0.0051883026026189,Departmental Data,0.0038804081268608,Departmental Policies,0.0035301693715155,Other,0.0033850634936243,Healthcare Policy,0.0027771804016083,66002/26,294,Martin Kenny,MARTIN KENNY,written,en,"To ask the Minister for Agriculture, Food and the Marine if his Department is tracing where the bluetongue virus that has been found in animals in Kildare and Wexford recently originated; and the actions his Department is taking to combat this virus.",the minister for agriculture food and the marine if his department is tracing where the bluetongue virus that has been found in animals in kildare and wexford recently originated and the actions his department is taking to combat this virus 66002 26,"Agriculture, Food and the Marine",1251,1253
"295. Deputy Martin Kenny asked the Minister for Agriculture, Food and the Marine if his Department is conducting testing of animals on surrounding farms of the two cases where bluetongue has been found in Wexford and Kildare in recent weeks. [65999/26]",,Agriculture,2026-09-17,0.4229989945888519,Animal Welfare,Animal Welfare,0.4229989945888519,Animal Slaughtering,0.1941788494586944,Live Exports,0.0639937818050384,Animal Diseases,0.0626303851604461,Animal Breeding,0.0327926278114318,Agriculture Industry,0.0257620848715305,Veterinary Services,0.024223418906331,Animal Passports,0.0240440741181373,Horse Racing Industry,0.0137416599318385,Control of Dogs,0.0125163802877068,65999/26,295,Martin Kenny,MARTIN KENNY,written,en,"To ask the Minister for Agriculture, Food and the Marine if his Department is conducting testing of animals on surrounding farms of the two cases where bluetongue has been found in Wexford and Kildare in recent weeks.",the minister for agriculture food and the marine if his department is conducting testing of animals on surrounding farms of the two cases where bluetongue has been found in wexford and kildare in recent weeks 65999 26,"Agriculture, Food and the Marine",1255,1257
"296. Deputy Mairéad Farrell asked the Minister for Agriculture, Food and the Marine if he will provide an update on changes to agricultural grants from 2028; and if pensioners will still be able to access grants. [66091/26]",,Agriculture,2026-09-17,0.3961846530437469,Grant Payments,Grant Payments,0.3961846530437469,Agriculture Schemes,0.2857802510261535,Agriculture Supports,0.1088431477546691,Departmental Schemes,0.0265440829098224,Public Sector Pensions,0.0217399150133132,Departmental Funding,0.0214168950915336,Pension Provisions,0.012361716479063,Agriculture Industry,0.0111249880865216,Common Agricultural Policy,0.0081001175567507,Further and Higher Education,0.0064110304228961,66091/26,296,Mairéad Farrell,MAIRÉAD FARRELL,written,en,"To ask the Minister for Agriculture, Food and the Marine if he will provide an update on changes to agricultural grants from 2028; and if pensioners will still be able to access grants.",the minister for agriculture food and the marine if he will provide an update on changes to agricultural grants from 2028 and if pensioners will still be able to access grants 66091 26,"Agriculture, Food and the Marine",1259,1261
"297. Deputy John Brady asked the Minister for Agriculture, Food and the Marine if his Department maintains a risk register; if so, if copies of the register since 2022 will be provided; and if he will make a statement on the matter. [66082/26]",,Agriculture,2026-09-17,0.1176184192299842,Animal Welfare,Animal Welfare,0.1176184192299842,Forestry Sector,0.1001023724675178,Wildlife Protection,0.0719178542494773,Invasive Species Policy,0.040092971175909,Agriculture Industry,0.0378531068563461,Wildlife Regulations,0.0333321057260036,Wildlife Conservation,0.0266611333936452,Departmental Data,0.0264233853667974,Other,0.0257664900273084,Animal Culls,0.0241283178329467,66082/26,297,John Brady,JOHN BRADY,written,en,"To ask the Minister for Agriculture, Food and the Marine if his Department maintains a risk register; if so, if copies of the register since 2022 will be provided; and if he will make a statement on the matter.",the minister for agriculture food and the marine if his department maintains a risk register if so if copies of the register since 2022 will be provided and 66082 26,"Agriculture, Food and the Marine",1263,1265
"298. Deputy Ruth Coppinger asked the Minister for Agriculture, Food and the Marine when a report referred to in a debate (details supplied) will be released publicly. [66121/26]",,Agriculture,2026-09-17,0.2211075872182846,Departmental Reports,Departmental Reports,0.2211075872182846,Agriculture Industry,0.0763774812221527,Forestry Sector,0.0517938584089279,Departmental Reviews,0.0485183224081993,Animal Diseases,0.0397412404417991,Agriculture Schemes,0.033004842698574,Animal Welfare,0.0321773178875446,Other,0.0301967002451419,Departmental Data,0.0267911441624164,Agriculture Supports,0.0204996801912784,66121/26,298,Ruth Coppinger,RUTH COPPINGER,written,en,"To ask the Minister for Agriculture, Food and the Marine when a report referred to in a debate (details supplied) will be released publicly.",the minister for agriculture food and the marine when a report referred to in a debate details supplied will be released publicly 66121 26,"Agriculture, Food and the Marine",1267,1269
"299. Deputy Colm Burke asked the Minister for Agriculture, Food and the Marine the progress made to date by his Department in relation to a review of the eligibility criteria for the Succession Planning Advice Grant to ensure better uptake of the grant, in particular in the post-2027 Common Agricultural Policy (CAP). [66135/26]",,Agriculture,2026-09-17,0.6832306385040283,Agriculture Schemes,Agriculture Schemes,0.6832306385040283,Agriculture Supports,0.1075794324278831,Grant Payments,0.0738006755709648,Agriculture Industry,0.034856516867876,Common Agricultural Policy,0.0233431383967399,Departmental Schemes,0.0199383683502674,Tillage Sector,0.0039015572983771,Departmental Policies,0.0036066370084881,Departmental Reviews,0.003575192997232,Departmental Funding,0.0028345102909952,66135/26,299,Colm Burke,COLM BURKE,written,en,"To ask the Minister for Agriculture, Food and the Marine the progress made to date by his Department in relation to a review of the eligibility criteria for the Succession Planning Advice Grant to ensure better uptake of the grant, in particular in the post-2027 Common Agricultural Policy (CAP).",the minister for agriculture food and the marine the progress made to date by his department a review of the eligibility criteria for the succession planning advice grant to ensure better uptake of the grant in particular in the post-2027 common agricultural policy cap 66135 26,"Agriculture, Food and the Marine",1271,1273
"300. Deputy Colm Burke asked the Minister for Agriculture, Food and the Marine to comment on his Departments engagement with the Department for Health in relation to examining the fair deal scheme to ensure it does not impede succession planning and recognises the distinctive position of agricultural land. [66134/26]",,Agriculture,2026-09-17,0.6396722197532654,Departmental Schemes,Departmental Schemes,0.6396722197532654,Agriculture Schemes,0.1115228161215782,Nursing Homes,0.0300032366067171,Agriculture Industry,0.0132316369563341,Departmental Policies,0.01075672917068,Environmental Schemes,0.0104382541030645,Grant Payments,0.0087860450148582,Departmental Programmes,0.0083154933527112,Departmental Data,0.0074033066630363,Departmental Inquiries,0.0065605551935732,66134/26,300,Colm Burke,COLM BURKE,written,en,"To ask the Minister for Agriculture, Food and the Marine to comment on his Departments engagement with the Department for Health in relation to examining the fair deal scheme to ensure it does not impede succession planning and recognises the distinctive position of agricultural land.",the minister for agriculture food and the marine to comment on his departments engagement with the department for health examining the fair deal scheme to ensure it does not impede succession planning and recognises the distinctive position of agricultural land 66134 26,"Agriculture, Food and the Marine",1275,1277
"301. Deputy Colm Burke asked the Minister for Agriculture, Food and the Marine to provide an update on the progress made to date by his Department in relation to the establishment of a farm succession scheme. [66132/26]",,Agriculture,2026-09-17,0.6194722056388855,Agriculture Schemes,Agriculture Schemes,0.6194722056388855,Agriculture Supports,0.1650101840496063,Agriculture Industry,0.0544753074645996,Common Agricultural Policy,0.0172075405716896,Tillage Sector,0.0158802457153797,Departmental Schemes,0.0149309709668159,Farm Safety,0.011875388212502,Organic Farming,0.0092321904376149,Departmental Data,0.0087603237479925,Other,0.0052906866185367,66132/26,301,Colm Burke,COLM BURKE,written,en,"To ask the Minister for Agriculture, Food and the Marine to provide an update on the progress made to date by his Department in relation to the establishment of a farm succession scheme.",the minister for agriculture food and the marine to provide an update on the progress made to date by his department the establishment of a farm succession scheme 66132 26,"Agriculture, Food and the Marine",1279,1281
"302. Deputy Colm Burke asked the Minister for Agriculture, Food and the Marine to set out in detail the engagement his Department has had with relevant stakeholders in relation to Generational Renewal policies, in particular regarding negotiations for the post-2027 Common Agricultural Policy (CAP). [66131/26]",,Agriculture,2026-09-17,0.4628795087337494,Common Agricultural Policy,Common Agricultural Policy,0.4628795087337494,Agriculture Industry,0.1554823666810989,Agriculture Supports,0.0544332973659038,Agriculture Schemes,0.0326072759926319,Brexit Supports,0.0263075157999992,Nitrates Usage,0.0221335012465715,EU Funding,0.0166548322886228,Food Industry,0.0162385646253824,Farm Costs,0.0147482175379991,Tillage Sector,0.013248911127448,66131/26,302,Colm Burke,COLM BURKE,written,en,"To ask the Minister for Agriculture, Food and the Marine to set out in detail the engagement his Department has had with relevant stakeholders in relation to Generational Renewal policies, in particular regarding negotiations for the post-2027 Common Agricultural Policy (CAP).",the minister for agriculture food and the marine to set out in detail the engagement his department has had with relevant stakeholders generational renewal policies in particular regarding negotiations for the post-2027 common agricultural policy cap 66131 26,"Agriculture, Food and the Marine",1283,1285
"303. Deputy John Clendennen asked the Minister for Agriculture, Food and the Marine the number of agricultural and forestry contractors based in County Offaly who applied for support under the 2026 fuel income support scheme; the number approved; the total value of payments approved and paid; and the average and highest individual payments made to qualifying contractors, in tabular form. [66284/26]",,Agriculture,2026-09-17,0.7602391242980957,Agriculture Schemes,Agriculture Schemes,0.7602391242980957,Forestry Sector,0.0572206974029541,Agriculture Supports,0.0443088747560977,Departmental Schemes,0.0332065224647522,Departmental Data,0.0244558453559875,Grant Payments,0.0231996420770883,Agriculture Industry,0.0115358689799904,Organic Farming,0.0078718485310673,Departmental Funding,0.0030778408981859,Departmental Expenditure,0.0029907929711043,66284/26,303,John Clendennen,JOHN CLENDENNEN,written,en,"To ask the Minister for Agriculture, Food and the Marine the number of agricultural and forestry contractors based in County Offaly who applied for support under the 2026 fuel income support scheme; the number approved; the total value of payments approved and paid; and the average and highest individual payments made to qualifying contractors, in tabular form.",the minister for agriculture food and the marine the number of agricultural and forestry contractors based in county offaly who applied for support under the 2026 fuel income support scheme the number approved the total value of payments approved and paid and the average and highest individual payments made to qualifying contractors in tabular form 66284 26,"Agriculture, Food and the Marine",1287,1289
"304. Deputy John Clendennen asked the Minister for Agriculture, Food and the Marine the number of farmers in County Offaly who applied for support under the 2026 fuel income support scheme; the number approved; the number refused or deemed ineligible; the total value of payments approved and paid to farmers in County Offaly; and the average payment per successful applicant, in tabular form. [66283/26]",,Agriculture,2026-09-17,0.8474668264389038,Agriculture Schemes,Agriculture Schemes,0.8474668264389038,Departmental Schemes,0.0500577539205551,Agriculture Supports,0.035704318434,Grant Payments,0.0173111595213413,Departmental Data,0.0121173551306128,Organic Farming,0.0067781112156808,Agriculture Industry,0.0058716922067105,Environmental Schemes,0.0016212965128943,Common Agricultural Policy,0.0014204733306542,Departmental Funding,0.0012451591901481,66283/26,304,John Clendennen,JOHN CLENDENNEN,written,en,"To ask the Minister for Agriculture, Food and the Marine the number of farmers in County Offaly who applied for support under the 2026 fuel income support scheme; the number approved; the number refused or deemed ineligible; the total value of payments approved and paid to farmers in County Offaly; and the average payment per successful applicant, in tabular form.",the minister for agriculture food and the marine the number of farmers in county offaly who applied for support under the 2026 fuel income support scheme the number approved the number refused or deemed ineligible the total value of payments approved and paid to farmers in county offaly and the average payment per successful applicant in tabular form 66283 26,"Agriculture, Food and the Marine",1291,1293
"305. Deputy Brendan Smith asked the Minister for Agriculture, Food and the Marine if financial support will be provided to farmers in respect of the purchasing of chemical fertiliser. [66256/26]",,Agriculture,2026-09-17,0.3124341070652008,Agriculture Industry,Agriculture Industry,0.3124341070652008,Agriculture Supports,0.136227548122406,Farm Costs,0.0949950218200683,Organic Farming,0.0598158687353134,Agriculture Schemes,0.0531965680420398,Food Industry,0.0376756526529789,Tillage Sector,0.027581425383687,Common Agricultural Policy,0.025330202654004,Nitrates Usage,0.0191718414425849,Horticulture Sector,0.0181553959846496,66256/26,305,Brendan Smith,BRENDAN SMITH,written,en,"To ask the Minister for Agriculture, Food and the Marine if financial support will be provided to farmers in respect of the purchasing of chemical fertiliser.",the minister for agriculture food and the marine if financial support will be provided to farmers in respect of the purchasing of chemical fertiliser 66256 26,"Agriculture, Food and the Marine",1295,1297
"306. Deputy John Paul O'Shea asked the Minister for Children, Disability and Equality her plans to reach €200 per month childcare services for parents in the lifetime of this Government, if she envisages additional supports for providers to ensure viability of their services, availability of places and quality of delivery. [66010/26]",,Children,2026-09-17,0.9487076997756958,Childcare Services,Childcare Services,0.9487076997756958,Early Childhood Care and Education,0.0425969436764717,Children in Care,0.0011613455135375,Departmental Schemes,0.0008115233504213,Departmental Funding,0.0004967849235981,Departmental Data,0.0004684953019022,Child Protection,0.0004416288575157,After-School Support Services,0.0003541416954249,Child and Family Agency,0.0003420052526053,Departmental Policies,0.0003089444362558,66010/26,306,John Paul O'Shea,JOHN PAUL O'SHEA,written,en,"To ask the Minister for Children, Disability and Equality her plans to reach €200 per month childcare services for parents in the lifetime of this Government, if she envisages additional supports for providers to ensure viability of their services, availability of places and quality of delivery.",the minister for children disability and equality her plans to reach 200 per month childcare services for parents in the lifetime of this government if she envisages additional supports for providers to ensure viability of their services availability of places and quality of delivery 66010 26,"Children, Disability and Equality",1302,1304
"307. Deputy John Brady asked the Minister for Children, Disability and Equality if her Department maintains a risk register; if so, if copies of the register since 2022 will be provided; and if she will make a statement on the matter. [66069/26]",,Children,2026-09-17,0.2712199091911316,Child Protection,Child Protection,0.2712199091911316,Child and Family Agency,0.076810136437416,Childcare Services,0.0563048534095287,Children in Care,0.0441631712019443,Residential Institutions,0.0341450944542884,Child Abuse,0.032406773418188,Early Childhood Care and Education,0.0300726499408483,Departmental Data,0.0274184476584196,Child Safety,0.0201434530317783,Adoption Services,0.0184108149260282,66069/26,307,John Brady,JOHN BRADY,written,en,"To ask the Minister for Children, Disability and Equality if her Department maintains a risk register; if so, if copies of the register since 2022 will be provided; and if she will make a statement on the matter.",the minister for children disability and equality if her department maintains a risk register if so if copies of the register since 2022 will be provided and 66069 26,"Children, Disability and Equality",1306,1308
"308. Deputy John Paul O'Shea asked the Minister for Children, Disability and Equality If she will ensure that the qualifications of professionals working in the delivery of ECCE services for children with ASD (such as workers with a teaching council number, psychologists or behavioural experts), will be recognised by Tusla as adequately qualified without the prerequisite of a separate level five qualification in childcare. [66021/26]",,Children,2026-09-17,0.6737515330314636,Early Childhood Care and Education,Early Childhood Care and Education,0.6737515330314636,Childcare Services,0.149932712316513,Special Educational Needs,0.0488320253789424,Disability Services,0.0207522362470626,Disabilities Assessments,0.0106569835916161,Childcare Qualifications,0.0092492001131176,Child and Family Agency,0.0077846311032772,Education and Training Provision,0.0051472675986588,Departmental Data,0.0048741791397333,Departmental Policies,0.0033113735262304,66021/26,308,John Paul O'Shea,JOHN PAUL O'SHEA,written,en,"To ask the Minister for Children, Disability and Equality If she will ensure that the qualifications of professionals working in the delivery of ECCE services for children with ASD (such as workers with a teaching council number, psychologists or behavioural experts), will be recognised by Tusla as adequately qualified without the prerequisite of a separate level five qualification in childcare.",the minister for children disability and equality if she will ensure that the qualifications of professionals working in the delivery of ecce services for children with asd such as workers with a teaching council number psychologists or behavioural experts will be recognised by tusla as adequately qualified without the prerequisite of a separate level five qualification in childcare 66021 26,"Children, Disability and Equality",1310,1312
"309. Deputy John Paul O'Shea asked the Minister for Children, Disability and Equality If she has engaged with the Minister for Education and Youth to address concerns regarding children with ASD unable to find primary school places while ineligible to remain in ECCE services; when engagements took place; and if progress has been made on the issue. [66020/26]",,Children,2026-09-17,0.5607879161834717,Early Childhood Care and Education,Early Childhood Care and Education,0.5607879161834717,Special Educational Needs,0.268083781003952,Childcare Services,0.0786763429641723,Disability Services,0.03168411180377,Disabilities Assessments,0.0169451832771301,Departmental Data,0.0087847150862216,National Council for Special Education,0.0030034151859581,School Admissions,0.0022988594137132,Education Schemes,0.0022147791460156,Departmental Policies,0.0010112831369042,66020/26,309,John Paul O'Shea,JOHN PAUL O'SHEA,written,en,"To ask the Minister for Children, Disability and Equality If she has engaged with the Minister for Education and Youth to address concerns regarding children with ASD unable to find primary school places while ineligible to remain in ECCE services; when engagements took place; and if progress has been made on the issue.",the minister for children disability and equality if she has engaged with the minister for education and youth to address concerns regarding children with asd unable to find primary school places while ineligible to remain in ecce services when engagements took place and if progress has been made on the issue 66020 26,"Children, Disability and Equality",1314,1316
"310. Deputy John Paul O'Shea asked the Minister for Children, Disability and Equality If she will explain the rationale behind the decision relating to the 2026/2027 ECCE programme rules which states that the list of professionals that a letter of application for upper age exemption will not be accepted from now including social workers. [66018/26]",,Children,2026-09-17,0.9012205004692078,Early Childhood Care and Education,Early Childhood Care and Education,0.9012205004692078,Childcare Services,0.0580914132297039,Special Educational Needs,0.0059845531359314,Departmental Schemes,0.0047066072002053,Disability Services,0.0019702475983649,Departmental Policies,0.0015328009612858,Departmental Programmes,0.0014402512460947,Childcare Qualifications,0.0014141672290861,Child and Family Agency,0.0013207310112193,Education Schemes,0.001295318477787,66018/26,310,John Paul O'Shea,JOHN PAUL O'SHEA,written,en,"To ask the Minister for Children, Disability and Equality If she will explain the rationale behind the decision relating to the 2026/2027 ECCE programme rules which states that the list of professionals that a letter of application for upper age exemption will not be accepted from now including social workers.",the minister for children disability and equality if she will explain the rationale behind the decision relating to the 2026 2027 ecce programme rules which states that the list of professionals that a letter of application for upper age exemption will not be accepted from now including social workers 66018 26,"Children, Disability and Equality",1318,1320
"311. Deputy John Paul O'Shea asked the Minister for Children, Disability and Equality If it is her Department’s intention to prosecute early childhood care and education centres for providing places to children with autism over six years of age; if it is her belief that such centres would dismiss children over six years who do not have a school place; her recommendation in the best interest of the child in such scenarios. [66013/26]",,Children,2026-09-17,0.5911447405815125,Early Childhood Care and Education,Early Childhood Care and Education,0.5911447405815125,Childcare Services,0.2848776876926422,Disability Services,0.0285869147628545,Special Educational Needs,0.0236418321728706,Child and Family Agency,0.0068227834999561,Departmental Policies,0.004630166105926,Child Protection,0.0043870713561773,Disabilities Assessments,0.0037825396284461,Departmental Data,0.0032819756306707,Childcare Qualifications,0.0029387192334979,66013/26,311,John Paul O'Shea,JOHN PAUL O'SHEA,written,en,"To ask the Minister for Children, Disability and Equality If it is her Department’s intention to prosecute early childhood care and education centres for providing places to children with autism over six years of age; if it is her belief that such centres would dismiss children over six years who do not have a school place; her recommendation in the best interest of the child in such scenarios.",the minister for children disability and equality if it is her department s intention to prosecute early childhood care and education centres for providing places to children with autism over six years of age if it is her belief that such centres would dismiss children over six years who do not have a school place her recommendation in the best interest of the child in such scenarios 66013 26,"Children, Disability and Equality",1322,1324
"312. Deputy John Paul O'Shea asked the Minister for Children, Disability and Equality the number of requests for an exemption to the upper age limit in the ECCE programme in respect of individual children for each of the years 2022, 2023, 2024, 2025 and to date in 2026; the number of requests granted; and a breakdown by county of such requests. [66011/26]",,Children,2026-09-17,0.8959969282150269,Early Childhood Care and Education,Early Childhood Care and Education,0.8959969282150269,Childcare Services,0.0630667954683303,Departmental Data,0.0072520580142736,Special Educational Needs,0.0062205721624195,Disability Services,0.0047812527045607,Departmental Schemes,0.0030867762397974,Departmental Programmes,0.0017530624754726,Departmental Funding,0.0016745795728638,Departmental Budgets,0.0013402455952018,Education Schemes,0.0011792132863774,66011/26,312,John Paul O'Shea,JOHN PAUL O'SHEA,written,en,"To ask the Minister for Children, Disability and Equality the number of requests for an exemption to the upper age limit in the ECCE programme in respect of individual children for each of the years 2022, 2023, 2024, 2025 and to date in 2026; the number of requests granted; and a breakdown by county of such requests.",the minister for children disability and equality the number of requests for an exemption to the upper age limit in the ecce programme in respect of individual children for each of the years 2022 2023 2024 2025 and to date in 2026 the number of requests granted and a breakdown by county of such requests 66011 26,"Children, Disability and Equality",1326,1328
"313. Deputy Cormac Devlin asked the Minister for Children, Disability and Equality if she is aware of a case (details supplied); and if she will provide an update on the measures being taken to support the early learning sector. [66042/26]",,Children,2026-09-17,0.891077995300293,Early Childhood Care and Education,Early Childhood Care and Education,0.891077995300293,Childcare Services,0.0782903209328651,Special Educational Needs,0.0085647646337747,Disability Services,0.0072546168230473,Childcare Qualifications,0.0008986403117887,Departmental Data,0.000883957138285,Departmental Funding,0.0008372870506718,Departmental Programmes,0.0006566966767422,Family Resource Centres,0.0005847341381013,Departmental Schemes,0.0005049376632086,66042/26,313,Cormac Devlin,CORMAC DEVLIN,written,en,"To ask the Minister for Children, Disability and Equality if she is aware of a case (details supplied); and if she will provide an update on the measures being taken to support the early learning sector.",the minister for children disability and equality if she is aware of a case details supplied and if she will provide an update on the measures being taken to support the early learning sector 66042 26,"Children, Disability and Equality",1330,1332
"314. Deputy Cormac Devlin asked the Minister for Children, Disability and Equality if she is aware of a case (details supplied); and if she will provide an update on the measures being taken to support the early learning sector. [66036/26]",,Children,2026-09-17,0.8910228610038757,Early Childhood Care and Education,Early Childhood Care and Education,0.8910228610038757,Childcare Services,0.0776639729738235,Special Educational Needs,0.0088216569274663,Disability Services,0.0076305223628878,Departmental Data,0.0009306886349804,Childcare Qualifications,0.0008934593643061,Departmental Funding,0.0008432522881776,Departmental Programmes,0.0006514484412036,Family Resource Centres,0.0005551076028496,Disabilities Assessments,0.0005316266906447,66036/26,314,Cormac Devlin,CORMAC DEVLIN,written,en,"To ask the Minister for Children, Disability and Equality if she is aware of a case (details supplied); and if she will provide an update on the measures being taken to support the early learning sector.",the minister for children disability and equality if she is aware of a case details supplied and if she will provide an update on the measures being taken to support the early learning sector 66036 26,"Children, Disability and Equality",1334,1336
"315. Deputy Cormac Devlin asked the Minister for Children, Disability and Equality the number of applications made by Tusla for special care orders since 2016, by year, in tabular form. [66033/26]",,Children,2026-09-17,0.4882626533508301,Child and Family Agency,Child and Family Agency,0.4882626533508301,Children in Care,0.2590213418006897,Care Services,0.10230053961277,Child Protection,0.0390638262033462,Departmental Data,0.013910467736423,Childcare Services,0.0097003206610679,Residential Institutions,0.0080374283716082,Mother and Baby Homes,0.0072744330391287,Nursing Homes,0.0061913072131574,Unaccompanied Minors and Separated Children,0.0051410384476184,66033/26,315,Cormac Devlin,CORMAC DEVLIN,written,en,"To ask the Minister for Children, Disability and Equality the number of applications made by Tusla for special care orders since 2016, by year, in tabular form.",the minister for children disability and equality the number of applications made by tusla for special care orders since 2016 by year in tabular form 66033 26,"Children, Disability and Equality",1338,1340
"316. Deputy Emer Currie asked the Minister for Children, Disability and Equality whether her Department has examined the circumstances in which standalone ECCE services cease operating (details supplied); whether her Department is considering measures to better support the continuity of standalone ECCE provision, particularly services supporting children with additional needs and in rural areas; and if she will make a statement on the matter. [66057/26]",,Children,2026-09-17,0.9121416211128236,Early Childhood Care and Education,Early Childhood Care and Education,0.9121416211128236,Childcare Services,0.0698411464691162,Disability Services,0.0031827685888856,Special Educational Needs,0.0028093715663999,Departmental Data,0.0011422715615481,Departmental Funding,0.0009154880535788,Family Resource Centres,0.0007988059660419,Childcare Qualifications,0.0006147286621853,Departmental Schemes,0.000534841150511,Child and Family Agency,0.0005256666336208,66057/26,316,Emer Currie,EMER CURRIE,written,en,"To ask the Minister for Children, Disability and Equality whether her Department has examined the circumstances in which standalone ECCE services cease operating (details supplied); whether her Department is considering measures to better support the continuity of standalone ECCE provision, particularly services supporting children with additional needs and in rural areas; and if she will make a statement on the matter.",the minister for children disability and equality whether her department has examined the circumstances in which standalone ecce services cease operating details supplied whether her department is considering measures to better support the continuity of standalone ecce provision particularly services supporting children with additional needs and in rural areas and 66057 26,"Children, Disability and Equality",1342,1344
"317. Deputy Daniel Ennis asked the Minister for Children, Disability and Equality the forward-planning processes that are in place to ensure continuity of childcare provision where an existing early learning and childcare service is at risk of closure due to MICA-related building defects; and whether her Department has assessed the potential impact on childcare capacity of the community-operated childcare facility in Ardara, County Donegal. [66051/26]",,Children,2026-09-17,0.7129161953926086,Childcare Services,Childcare Services,0.7129161953926086,Early Childhood Care and Education,0.2525776624679565,Departmental Schemes,0.0048526679165661,Departmental Funding,0.0029073983896523,Departmental Programmes,0.0020201362203806,Departmental Data,0.0020044783595949,Departmental Policies,0.0012094293488189,Community Development Projects,0.0009038040880113,Special Educational Needs,0.0008947652531787,Disability Services,0.0008350284770131,66051/26,317,Daniel Ennis,DANIEL ENNIS,written,en,"To ask the Minister for Children, Disability and Equality the forward-planning processes that are in place to ensure continuity of childcare provision where an existing early learning and childcare service is at risk of closure due to MICA-related building defects; and whether her Department has assessed the potential impact on childcare capacity of the community-operated childcare facility in Ardara, County Donegal.",the minister for children disability and equality the forward-planning processes that are in place to ensure continuity of childcare provision where an existing early learning and childcare service is at risk of closure due to mica-related building defects and whether her department has assessed the potential impact on childcare capacity of the community-operated childcare facility in ardara county donegal 66051 26,"Children, Disability and Equality",1346,1348
"318. Deputy Liam Quaide asked the Minister for Children, Disability and Equality the breakdown of the €25 million allocated for respite services in 2026; the proportion of this funding allocated to overnight, centre-based respite beds compared to daytime, alternative, or recreational summer initiatives; the total number of overnight respite beds currently open and staffed nationally; the number of children currently on waiting lists for overnight respite care; the specific steps being taken to address the acute shortage of overnight respite for families caring for children with high-level behavioral and complex needs; and if she will make a statement on the matter. [66118/26]",,Children,2026-09-17,0.8245507478713989,Disability Services,Disability Services,0.8245507478713989,Care Services,0.0658704712986946,Health Services,0.0590638443827629,Departmental Data,0.0138785643503069,Community Care,0.0058979145251214,Departmental Funding,0.0045299152843654,Care of the Elderly,0.0031942499335855,Health Service Executive,0.0022022109478712,Mental Health Services,0.0021338495425879,Health Services Staff,0.0014466547872871,66118/26,318,Liam Quaide,LIAM QUAIDE,written,en,"To ask the Minister for Children, Disability and Equality the breakdown of the €25 million allocated for respite services in 2026; the proportion of this funding allocated to overnight, centre-based respite beds compared to daytime, alternative, or recreational summer initiatives; the total number of overnight respite beds currently open and staffed nationally; the number of children currently on waiting lists for overnight respite care; the specific steps being taken to address the acute shortage of overnight respite for families caring for children with high-level behavioral and complex needs; and if she will make a statement on the matter.",the minister for children disability and equality the breakdown of the 25 million allocated for respite services in 2026 the proportion of this funding allocated to overnight centre-based respite beds compared to daytime alternative or recreational summer initiatives the total number of overnight respite beds currently open and staffed nationally the number of children currently on waiting lists for overnight respite care the specific steps being taken to address the acute shortage of overnight respite for families caring for children with high-level behavioral and complex needs and 66118 26,"Children, Disability and Equality",1350,1352
"319. Deputy Cormac Devlin asked the Minister for Children, Disability and Equality to provide an update on the provision of childcare in Shankill, including progress on the new state facility at a location (details supplied). [66062/26]",,Children,2026-09-17,0.940287947654724,Childcare Services,Childcare Services,0.940287947654724,Early Childhood Care and Education,0.0454908572137355,Departmental Funding,0.0026495873462408,Departmental Data,0.0015277873026207,Departmental Schemes,0.0010496298782527,Disability Services,0.000843275047373,Departmental Expenditure,0.0005764962406829,Departmental Budgets,0.0004586210707202,Departmental Programmes,0.0004395416181068,Children in Care,0.0003893784887623,66062/26,319,Cormac Devlin,CORMAC DEVLIN,written,en,"To ask the Minister for Children, Disability and Equality to provide an update on the provision of childcare in Shankill, including progress on the new state facility at a location (details supplied).",the minister for children disability and equality to provide an update on the provision of childcare in shankill including progress on the new state facility at a location details supplied 66062 26,"Children, Disability and Equality",1354,1356
"320. Deputy Emer Currie asked the Minister for Children, Disability and Equality for an update on correspondence (details supplied). [66061/26]",,Children,2026-09-17,0.4283806383609772,Departmental Correspondence,Departmental Correspondence,0.4283806383609772,Childcare Services,0.1209278553724289,Disability Services,0.0931749194860458,Early Childhood Care and Education,0.0482802279293537,Departmental Inquiries,0.020406924188137,Departmental Funding,0.0120168775320053,Children in Care,0.01127833686769,Child Protection,0.0107980202883481,Mother and Baby Homes,0.0105903604999184,Departmental Data,0.0098287295550107,66061/26,320,Emer Currie,EMER CURRIE,written,en,"To ask the Minister for Children, Disability and Equality for an update on correspondence (details supplied).",the minister for children disability and equality for an update on correspondence details supplied 66061 26,"Children, Disability and Equality",1358,1360
"321. Deputy Emer Currie asked the Minister for Children, Disability and Equality the total amount of projects that have drawn down funding from the €25 million building blocks extension scheme; the total amount of funding that has been drawn down, in tabular form. [66120/26]",,Children,2026-09-17,0.608781099319458,Childcare Services,Childcare Services,0.608781099319458,Early Childhood Care and Education,0.2033963948488235,Departmental Funding,0.063276283442974,Departmental Schemes,0.0388561785221099,Departmental Data,0.018747204914689,Departmental Budgets,0.00883817858994,Departmental Programmes,0.0076177911832928,Disability Services,0.0057255644351243,Departmental Expenditure,0.0043982057832181,Children in Care,0.0042453408241271,66120/26,321,Emer Currie,EMER CURRIE,written,en,"To ask the Minister for Children, Disability and Equality the total amount of projects that have drawn down funding from the €25 million building blocks extension scheme; the total amount of funding that has been drawn down, in tabular form.",the minister for children disability and equality the total amount of projects that have drawn down funding from the 25 million building blocks extension scheme the total amount of funding that has been drawn down in tabular form 66120 26,"Children, Disability and Equality",1362,1364
"322. Deputy Ruth Coppinger asked the Minister for Children, Disability and Equality to consider extending paternity leave to eight weeks. [66136/26]",,Children,2026-09-17,0.1076487600803375,Parental Leave,Parental Leave,0.1076487600803375,Childcare Services,0.0287230163812637,Child Protection,0.028328089043498,Adoption Services,0.0237225256860256,Child and Family Agency,0.0230038706213235,Youth Services,0.020171882584691,Paternity Leave,0.0198595635592937,Family Resource Centres,0.0198590084910392,Residential Institutions,0.0159289371222257,Children in Care,0.0151733374223113,66136/26,322,Ruth Coppinger,RUTH COPPINGER,written,en,"To ask the Minister for Children, Disability and Equality to consider extending paternity leave to eight weeks.",the minister for children disability and equality to consider extending paternity leave to eight weeks 66136 26,"Children, Disability and Equality",1366,1368
"323. Deputy Seán Ó Fearghaíl asked the Minister for Children, Disability and Equality her plans to extend statutory paid paternity leave beyond the current two-week entitlement; and the timeline for any such proposals. [66141/26]",,Children,2026-09-17,0.1386554539203643,Parental Leave,Parental Leave,0.1386554539203643,Childcare Services,0.0454291552305221,Child Protection,0.0307946894317865,Child and Family Agency,0.0252404883503913,Youth Services,0.0214936695992946,Paternity Leave,0.0192299447953701,Early Childhood Care and Education,0.0187708456069231,Maternity Leave,0.0186922382563352,Adoption Services,0.0176748391240835,Children in Care,0.0172247849404811,66141/26,323,Seán Ó Fearghaíl,SEÁN Ó FEARGHAÍL,written,en,"To ask the Minister for Children, Disability and Equality her plans to extend statutory paid paternity leave beyond the current two-week entitlement; and the timeline for any such proposals.",the minister for children disability and equality her plans to extend statutory paid paternity leave beyond the current two-week entitlement and the timeline for any such proposals 66141 26,"Children, Disability and Equality",1370,1372
"324. Deputy Ken O'Flynn asked the Minister for Children, Disability and Equality to state which statutory provision governs the oversight, inspection and visiting of children placed outside the State specifically, given that S.I. 259 and S.I. 260 of 1995 make no provision for such placements. [66233/26]",,Children,2026-09-17,0.4870076179504394,Child Protection,Child Protection,0.4870076179504394,Children in Care,0.1213823109865188,Unaccompanied Minors and Separated Children,0.0316097363829612,Child and Family Agency,0.0294527132064104,Child Abuse,0.0292581859976053,Childcare Services,0.0252246465533971,Residential Institutions,0.0245571546256542,Rights of the Child,0.0213625133037567,Departmental Policies,0.0179062988609075,International Protection,0.0176924597471952,66233/26,324,Ken O'Flynn,KEN O'FLYNN,written,en,"To ask the Minister for Children, Disability and Equality to state which statutory provision governs the oversight, inspection and visiting of children placed outside the State specifically, given that S.I. 259 and S.I. 260 of 1995 make no provision for such placements.",the minister for children disability and equality to state which statutory provision governs the oversight inspection and visiting of children placed outside the state specifically given that s i 259 and s i 260 of 1995 make no provision for such placements 66233 26,"Children, Disability and Equality",1374,1376
"325. Deputy Ken O'Flynn asked the Minister for Children, Disability and Equality the number of children currently placed in care outside the State, by jurisdiction, by whether residential or foster care; and the total annual cost. [66232/26]",,Children,2026-09-17,0.9357181191444396,Children in Care,Children in Care,0.9357181191444396,Departmental Data,0.0111907832324504,Child Protection,0.0093725863844156,Child and Family Agency,0.0081416312605142,Childcare Services,0.0078606605529785,Care Services,0.0048178676515817,Residential Institutions,0.0016881399787962,Mother and Baby Homes,0.0016667707823216,Unaccompanied Minors and Separated Children,0.001075655571185,Disability Services,0.0010157419601455,66232/26,325,Ken O'Flynn,KEN O'FLYNN,written,en,"To ask the Minister for Children, Disability and Equality the number of children currently placed in care outside the State, by jurisdiction, by whether residential or foster care; and the total annual cost.",the minister for children disability and equality the number of children currently placed in care outside the state by jurisdiction by whether residential or foster care and the total annual cost 66232 26,"Children, Disability and Equality",1378,1380
"326. Deputy Ken O'Flynn asked the Minister for Children, Disability and Equality further to Parliamentary Question No. 2844 of 28 July 2026, to specify in exact terms, the ""additional oversight on Out of State placements” given HIQA does not operate outside the State; the independent inspection equivalent to the section 69 function that applies to these children; and whether Tusla receives and acts on the host inspectorate's reports. [66235/26]",,Children,2026-09-17,0.2875068485736847,Children in Care,Children in Care,0.2875068485736847,Child and Family Agency,0.2484582811594009,Child Protection,0.2001646012067794,Childcare Services,0.0655829980969429,Unaccompanied Minors and Separated Children,0.032657403498888,International Protection,0.0249605365097522,Early Childhood Care and Education,0.0137916970998048,Departmental Data,0.0105209872126579,Direct Provision System,0.0083713512867689,Disability Services,0.0075682108290493,66235/26,326,Ken O'Flynn,KEN O'FLYNN,written,en,"To ask the Minister for Children, Disability and Equality further to Parliamentary Question No. 2844 of 28 July 2026, to specify in exact terms, the ""additional oversight on Out of State placements” given HIQA does not operate outside the State; the independent inspection equivalent to the section 69 function that applies to these children; and whether Tusla receives and acts on the host inspectorate's reports.",the minister for children disability and equality further to parliamentary question no 2844 of 28 july 2026 to specify in exact terms the additional oversight on out of state placements given hiqa does not operate outside the state the independent inspection equivalent to the section 69 function that applies to these children and whether tusla receives and acts on the host inspectorate s reports 66235 26,"Children, Disability and Equality",1382,1384
"327. Deputy Ken O'Flynn asked the Minister for Children, Disability and Equality to confirm whether the statutory visiting intervals are being met in full for every child currently placed outside the State; and the number of overdue or missed statutory visits in the past 24 months. [66234/26]",,Children,2026-09-17,0.2155037373304367,Departmental Data,Departmental Data,0.2155037373304367,Child Protection,0.1471091359853744,International Protection,0.0842039957642555,Emergency Accommodation,0.0362574681639671,Unaccompanied Minors and Separated Children,0.0326932109892368,Children in Care,0.029946120455861,Official Engagements,0.028764359652996,Asylum Seekers,0.0272147133946418,Ukraine War,0.0268641076982021,Departmental Meetings,0.0258378162980079,66234/26,327,Ken O'Flynn,KEN O'FLYNN,written,en,"To ask the Minister for Children, Disability and Equality to confirm whether the statutory visiting intervals are being met in full for every child currently placed outside the State; and the number of overdue or missed statutory visits in the past 24 months.",the minister for children disability and equality to confirm whether the statutory visiting intervals are being met in full for every child currently placed outside the state and the number of overdue or missed statutory visits in the past 24 months 66234 26,"Children, Disability and Equality",1386,1388
"328. Deputy Cormac Devlin asked the Minister for Children, Disability and Equality to provide an update on the progress of a case (details supplied). [66083/26]",,Children,2026-09-17,0.3803415298461914,Disability Services,Disability Services,0.3803415298461914,Childcare Services,0.1345820426940918,Early Childhood Care and Education,0.0402899831533432,Disabilities Assessments,0.0370504558086395,Health Services,0.0331390500068664,Care Services,0.0316018052399158,Departmental Correspondence,0.0234269816428422,Child Protection,0.0219228062778711,Departmental Data,0.0212991405278444,Departmental Inquiries,0.0195939373224973,66083/26,328,Cormac Devlin,CORMAC DEVLIN,written,en,"To ask the Minister for Children, Disability and Equality to provide an update on the progress of a case (details supplied).",the minister for children disability and equality to provide an update on the progress of a case details supplied 66083 26,"Children, Disability and Equality",1390,1392
"329. Deputy Michael Cahill asked the Minister for Children, Disability and Equality to consider correspondence (details supplied) and increase Irelands paid paternity leave; and if she will make a statement on the matter. [66117/26]",,Children,2026-09-17,0.1047783270478248,Parental Leave,Parental Leave,0.1047783270478248,Child and Family Agency,0.0352864935994148,Childcare Services,0.0338159017264843,Child Protection,0.0280315857380628,Family Resource Centres,0.0254903547465801,Youth Services,0.0245547052472829,Children in Care,0.02167091332376,Adoption Services,0.0188051983714103,Paternity Leave,0.0177805460989475,Residential Institutions,0.0174348279833793,66117/26,329,Michael Cahill,MICHAEL CAHILL,written,en,"To ask the Minister for Children, Disability and Equality to consider correspondence (details supplied) and increase Irelands paid paternity leave; and if she will make a statement on the matter.",the minister for children disability and equality to consider correspondence details supplied and increase irelands paid paternity leave and 66117 26,"Children, Disability and Equality",1394,1396
"330. Deputy Mattie Mcgrath asked the Minister for Children, Disability and Equality if she is aware of the continuing difficulties faced by children and families in South Tipperary in accessing timely disability assessments and therapeutic supports; the current waiting times for assessment of need applications and for intervention services in the South Tipperary area; the number of vacant posts across Children's Disability Network Teams serving South Tipperary; and the measures her Department is taking to ensure that children receive assessments and early intervention supports within the statutory timeframes [66253/26]",,Children,2026-09-17,0.5725144743919373,Disabilities Assessments,Disabilities Assessments,0.5725144743919373,Disability Services,0.3733220398426056,Departmental Data,0.0102071482688188,Disability Diagnoses,0.0091216256842017,Health Services,0.0046430602669715,Health Services Waiting Lists,0.0045997560955584,Special Educational Needs,0.0038676434196531,Psychological Assessments,0.0034651036839932,Childcare Services,0.0034481019247323,Mental Health Services,0.0011766299139708,66253/26,330,Mattie Mcgrath,MATTIE MCGRATH,written,en,"To ask the Minister for Children, Disability and Equality if she is aware of the continuing difficulties faced by children and families in South Tipperary in accessing timely disability assessments and therapeutic supports; the current waiting times for assessment of need applications and for intervention services in the South Tipperary area; the number of vacant posts across Children's Disability Network Teams serving South Tipperary; and the measures her Department is taking to ensure that children receive assessments and early intervention supports within the statutory timeframes",the minister for children disability and equality if she is aware of the continuing difficulties faced by children and families in south tipperary in accessing timely disability assessments and therapeutic supports the current waiting times for assessment of need applications and for intervention services in the south tipperary area the number of vacant posts across children s disability network teams serving south tipperary and the measures her department is taking to ensure that children receive assessments and early intervention supports within the statutory timeframes 66253 26,"Children, Disability and Equality",1398,1400
331. Deputy Séamus Mcgrath asked the Minister for Health if she will please give consideration to adding the medication (EURNeffy) (details supplied) which is used to treat life threatening allergies to the list of reimbursement medicines under the drugs payment scheme; and if she will provide a statement on the matter. [66001/26],,Health,2026-09-17,0.9434176087379456,Medicinal Products,Medicinal Products,0.9434176087379456,Departmental Schemes,0.0185491610318422,Health Services,0.0145029071718454,Healthcare Policy,0.0045712869614362,Pharmacy Services,0.0025940432678908,Departmental Data,0.0016269823536276,Disease Management,0.0010449549881741,Prescriptions Charges,0.0010057081235572,Medical Aids and Appliances,0.0009909345535561,Health Strategies,0.000983623904176,66001/26,331,Séamus Mcgrath,SÉAMUS MCGRATH,written,en,To ask the Minister for Health if she will please give consideration to adding the medication (EURNeffy) (details supplied) which is used to treat life threatening allergies to the list of reimbursement medicines under the drugs payment scheme; and if she will provide a statement on the matter.,the minister for health if she will please give consideration to adding the medication eurneffy details supplied which is used to treat life threatening allergies to the list of reimbursement medicines under the drugs payment scheme and if she will provide a statement on the matter 66001 26,Health,1405,1407
"332. Deputy Ken O'Flynn asked the Minister for Health further to Parliamentary Question No. 3747 of 7 September 2026, the number of protected disclosure allegations upheld or partially upheld during 2025 in respect of which the assigned corrective actions have been completed; the number in respect of which corrective actions remain outstanding; and if she will make a statement on the matter. [66095/26]",,Health,2026-09-17,0.9103471040725708,Protected Disclosures,Protected Disclosures,0.9103471040725708,Departmental Data,0.014461868442595,Departmental Legal Cases,0.0069166840985417,Health Services,0.0057075708173215,Departmental Reviews,0.0032969848252832,Health Service Executive,0.0031151685398072,Departmental Legal Services,0.002749269362539,Assisted Decision-Making,0.0026824190281331,Departmental Consultations,0.0022259869147092,Other,0.0020726982038468,66095/26,332,Ken O'Flynn,KEN O'FLYNN,written,en,"To ask the Minister for Health further to Parliamentary Question No. 3747 of 7 September 2026, the number of protected disclosure allegations upheld or partially upheld during 2025 in respect of which the assigned corrective actions have been completed; the number in respect of which corrective actions remain outstanding; and if she will make a statement on the matter.",the minister for health further to parliamentary question no 3747 of 7 september 2026 the number of protected disclosure allegations upheld or partially upheld during 2025 in respect of which the assigned corrective actions have been completed the number in respect of which corrective actions remain outstanding and 66095 26,Health,1409,1411
"333. Deputy Ken O'Flynn asked the Minister for Health further to Parliamentary Question No. 3744 of 7 September 2026, in respect of the 30 valid protected disclosures received in 2025 that remained open as at 30 June 2026, the date of receipt of the oldest such case still open; the number of these cases that have been open for more than 26 weeks; the number that have been open for more than 52 weeks; and if she will make a statement on the matter. [66094/26]",,Health,2026-09-17,0.8895840644836426,Protected Disclosures,Protected Disclosures,0.8895840644836426,Departmental Data,0.0249018166214227,Health Services,0.0088402973487973,Departmental Legal Cases,0.0081684300675988,Health Service Executive,0.0037498897872865,Departmental Legal Services,0.0036574804689735,Assisted Decision-Making,0.0029739036690443,Departmental Reviews,0.0028983536176383,Departmental Consultations,0.0028474670834839,Disability Services,0.0024715322069823,66094/26,333,Ken O'Flynn,KEN O'FLYNN,written,en,"To ask the Minister for Health further to Parliamentary Question No. 3744 of 7 September 2026, in respect of the 30 valid protected disclosures received in 2025 that remained open as at 30 June 2026, the date of receipt of the oldest such case still open; the number of these cases that have been open for more than 26 weeks; the number that have been open for more than 52 weeks; and if she will make a statement on the matter.",the minister for health further to parliamentary question no 3744 of 7 september 2026 in respect of the 30 valid protected disclosures received in 2025 that remained open as at 30 june 2026 the date of receipt of the oldest such case still open the number of these cases that have been open for more than 26 weeks the number that have been open for more than 52 weeks and 66094 26,Health,1413,1415
"334. Deputy Ken O'Flynn asked the Minister for Health further to Parliamentary Question No. 3723 of 7 September 2026, in which the HSE confirmed it does not centrally track the implementation of recommendations arising from protected disclosures, the number of recommendations arising from upheld or partially upheld protected disclosures between 2023 and the first quarter of 2025 that have been verified as implemented; the number that remain outstanding; if she will direct the HSE to centrally track the implementation of such recommendations; and if she will make a statement on the matter. [66092/26]",,Health,2026-09-17,0.7727459669113159,Protected Disclosures,Protected Disclosures,0.7727459669113159,Health Service Executive,0.0564034692943096,Departmental Data,0.018760846927762,Health Services,0.0183902774006128,Departmental Legal Cases,0.0111668864265084,State Claims Agency,0.0083416542038321,Departmental Legal Services,0.0065752221271395,Departmental Reviews,0.0050290203653275,Other,0.0046339714899659,Departmental Inquiries,0.0041268174536526,66092/26,334,Ken O'Flynn,KEN O'FLYNN,written,en,"To ask the Minister for Health further to Parliamentary Question No. 3723 of 7 September 2026, in which the HSE confirmed it does not centrally track the implementation of recommendations arising from protected disclosures, the number of recommendations arising from upheld or partially upheld protected disclosures between 2023 and the first quarter of 2025 that have been verified as implemented; the number that remain outstanding; if she will direct the HSE to centrally track the implementation of such recommendations; and if she will make a statement on the matter.",the minister for health further to parliamentary question no 3723 of 7 september 2026 in which the hse confirmed it does not centrally track the implementation of recommendations arising from protected disclosures the number of recommendations arising from upheld or partially upheld protected disclosures between 2023 and the first quarter of 2025 that have been verified as implemented the number that remain outstanding if she will direct the hse to centrally track the implementation of such recommendations and 66092 26,Health,1417,1419
"335. Deputy Ken O'Flynn asked the Minister for Health further to Parliamentary Question No. 3743 of 7 September 2026, whether the HSE senior leadership team received a specific escalation regarding the increase in alleged health and safety endangerment, as recommended by the Audit and Risk Committee, as distinct from routine quarterly dashboard reporting; the date on which any such escalation occurred; the decision or measures that followed; and if she will make a statement on the matter. [66093/26]",,Health,2026-09-17,0.6099960207939148,Health Service Executive,Health Service Executive,0.6099960207939148,Healthcare Policy,0.0518051348626613,Health Services,0.0327915325760841,Health Strategies,0.0150378188118338,Health Services Staff,0.0131998034194111,Covid-19 Pandemic,0.0122043648734688,Mental Health Services,0.01203980948776,Patient Safety,0.0109314639121294,Medical Inquiries,0.0093414597213268,Healthcare Infrastructure Provision,0.0072597083635628,66093/26,335,Ken O'Flynn,KEN O'FLYNN,written,en,"To ask the Minister for Health further to Parliamentary Question No. 3743 of 7 September 2026, whether the HSE senior leadership team received a specific escalation regarding the increase in alleged health and safety endangerment, as recommended by the Audit and Risk Committee, as distinct from routine quarterly dashboard reporting; the date on which any such escalation occurred; the decision or measures that followed; and if she will make a statement on the matter.",the minister for health further to parliamentary question no 3743 of 7 september 2026 whether the hse senior leadership team received a specific escalation regarding the increase in alleged health and safety endangerment as recommended by the audit and risk committee as distinct from routine quarterly dashboard reporting the date on which any such escalation occurred the decision or measures that followed and 66093 26,Health,1421,1423
"336. Deputy Claire Kerrane asked the Minister for Health the current waiting list for the Ballinasloe Adult Community Mental Health Service; the number of adults awaiting a routine appointment; the length of time each person has been waiting; the current average; the longest waiting time for a routine appointment; the number of persons waiting under each relevant risk category; the maximum waiting time considered acceptable for a routine/risk-level appointment; and the number of persons currently waiting longer than this timeframe, in each of the past three years, in tabular form. [66089/26]",,Health,2026-09-17,0.9383835196495056,Mental Health Services,Mental Health Services,0.9383835196495056,Health Services Waiting Lists,0.0308632906526327,Health Services,0.008351657539606,Departmental Data,0.006584268528968,Hospital Waiting Lists,0.0034112443681806,Mental Health Policy,0.0023518276866525,Health Services Staff,0.0010195517679676,Primary Care Services,0.0009146884549409,Disability Services,0.0008681653416715,Health Service Executive,0.0006224197568371,66089/26,336,Claire Kerrane,CLAIRE KERRANE,written,en,"To ask the Minister for Health the current waiting list for the Ballinasloe Adult Community Mental Health Service; the number of adults awaiting a routine appointment; the length of time each person has been waiting; the current average; the longest waiting time for a routine appointment; the number of persons waiting under each relevant risk category; the maximum waiting time considered acceptable for a routine/risk-level appointment; and the number of persons currently waiting longer than this timeframe, in each of the past three years, in tabular form.",the minister for health the current waiting list for the ballinasloe adult community mental health service the number of adults awaiting a routine appointment the length of time each person has been waiting the current average the longest waiting time for a routine appointment the number of persons waiting under each relevant risk category the maximum waiting time considered acceptable for a routine risk-level appointment and the number of persons currently waiting longer than this timeframe in each of the past three years in tabular form 66089 26,Health,1425,1427
"337. Deputy John Brady asked the Minister for Health if her Department maintains a risk register; if so, if copies of the register since 2022 will be provided; and if she will make a statement on the matter. [66068/26]",,Health,2026-09-17,0.1711980104446411,Health Service Executive,Health Service Executive,0.1711980104446411,Health Services,0.1089499145746231,Patient Safety,0.0422406457364559,Departmental Reviews,0.0372355990111827,Departmental Data,0.0325849987566471,Healthcare Policy,0.027365805581212,Medical Records,0.0257248785346746,Medical Inquiries,0.0254995040595531,Departmental Inquiries,0.0236257538199424,Other,0.0230330806225538,66068/26,337,John Brady,JOHN BRADY,written,en,"To ask the Minister for Health if her Department maintains a risk register; if so, if copies of the register since 2022 will be provided; and if she will make a statement on the matter.",the minister for health if her department maintains a risk register if so if copies of the register since 2022 will be provided and 66068 26,Health,1429,1431
338. Deputy Cathy Bennett asked the Minister for Health when the HSE contracted printer will resume the printing of plastic medical cards/GP cards. [66022/26],,Health,2026-09-17,0.8833318948745728,Medical Cards,Medical Cards,0.8833318948745728,Health Services,0.0329603105783462,Health Service Executive,0.0222970973700284,General Practitioner Services,0.0171789657324552,Departmental Data,0.0064314189366996,Medicinal Products,0.0050734723918139,Hospital Charges,0.0041543967090547,Medical Aids and Appliances,0.0032609088812023,Disability Services,0.0017124554142355,Healthcare Policy,0.0016678258543834,66022/26,338,Cathy Bennett,CATHY BENNETT,written,en,To ask the Minister for Health when the HSE contracted printer will resume the printing of plastic medical cards/GP cards.,the minister for health when the hse contracted printer will resume the printing of plastic medical cards gp cards 66022 26,Health,1433,1435
339. Deputy Richard Boyd Barrett asked the Minister for Health if general nursing graduates are being phased into employment over the coming months; the reason for this; and the criteria being used to determine when individual graduates can commence employment. [66019/26],,Health,2026-09-17,0.6706845760345459,Health Services Staff,Health Services Staff,0.6706845760345459,Nursing Education,0.1129729598760604,Hospital Staff,0.0478716604411602,Medical Qualifications,0.0274557396769523,Departmental Data,0.0227065328508615,Nursing and Midwifery Board of Ireland,0.019360676407814,Qualifications Recognition,0.0118238665163517,Health Service Executive,0.0096900835633277,Medical Research and Training,0.0061873449012637,Health Services,0.0060320436023175,66019/26,339,Richard Boyd Barrett,RICHARD BOYD BARRETT,written,en,To ask the Minister for Health if general nursing graduates are being phased into employment over the coming months; the reason for this; and the criteria being used to determine when individual graduates can commence employment.,the minister for health if general nursing graduates are being phased into employment over the coming months the reason for this and the criteria being used to determine when individual graduates can commence employment 66019 26,Health,1437,1439
340. Deputy Richard Boyd Barrett asked the Minister for Health when can the 2026 graduating class of general nursing students realistically expect to receive written confirmation of their employment and start dates. [66017/26],,Health,2026-09-17,0.5625066161155701,Health Services Staff,Health Services Staff,0.5625066161155701,Nursing Education,0.1180034056305885,Departmental Data,0.1037009507417678,Hospital Staff,0.0530076287686824,Medical Qualifications,0.0256418362259864,Third Level Admissions,0.0136585934087634,Qualifications Recognition,0.0110210226848721,Health Service Executive,0.0108736045658588,Medical Research and Training,0.0087056197226047,Health Services,0.0085782567039132,66017/26,340,Richard Boyd Barrett,RICHARD BOYD BARRETT,written,en,To ask the Minister for Health when can the 2026 graduating class of general nursing students realistically expect to receive written confirmation of their employment and start dates.,the minister for health when can the 2026 graduating class of general nursing students realistically expect to receive written confirmation of their employment and start dates 66017 26,Health,1441,1443
341. Deputy Richard Boyd Barrett asked the Minister for Health the number of 2026 nursing graduates have currently been offered employment; and the number that are still awaiting contracts. [66016/26],,Health,2026-09-17,0.7169511318206787,Health Services Staff,Health Services Staff,0.7169511318206787,Nursing Education,0.0982922166585922,Departmental Data,0.0469608381390571,Hospital Staff,0.0328550599515438,Medical Qualifications,0.0146566061303019,Qualifications Recognition,0.0120374029502272,Health Service Executive,0.0085369786247611,Nursing and Midwifery Board of Ireland,0.0084431776776909,Health Services,0.005675293970853,Third Level Admissions,0.0043808729387819,66016/26,341,Richard Boyd Barrett,RICHARD BOYD BARRETT,written,en,To ask the Minister for Health the number of 2026 nursing graduates have currently been offered employment; and the number that are still awaiting contracts.,the minister for health the number of 2026 nursing graduates have currently been offered employment and the number that are still awaiting contracts 66016 26,Health,1445,1447
"342. Deputy Richard Boyd Barrett asked the Minister for Health whether, in respect of 2026 general nursing graduates who might have expected to be offered permanent HSE contracts per outlined in HR Memo 013/2026?2, but who have not yet received contracts or confirmed commencement dates, the delay in commencement of employment related to HSE financial pressures, workforce ceilings or a lack of funding from the Department of Health. [66015/26]",,Health,2026-09-17,0.8597723841667175,Health Services Staff,Health Services Staff,0.8597723841667175,Health Service Executive,0.0527487695217132,Hospital Staff,0.0279818922281265,Departmental Data,0.0209352858364582,Nursing Education,0.0140351029112935,Health Services,0.0033138529397547,Medical Qualifications,0.002003579866141,Departmental Staff,0.001288448809646,Nursing and Midwifery Board of Ireland,0.0012285546399652,Qualifications Recognition,0.0010584577685222,66015/26,342,Richard Boyd Barrett,RICHARD BOYD BARRETT,written,en,"To ask the Minister for Health whether, in respect of 2026 general nursing graduates who might have expected to be offered permanent HSE contracts per outlined in HR Memo 013/2026?2, but who have not yet received contracts or confirmed commencement dates, the delay in commencement of employment related to HSE financial pressures, workforce ceilings or a lack of funding from the Department of Health.",the minister for health whether in respect of 2026 general nursing graduates who might have expected to be offered permanent hse contracts per outlined in hr memo 013 2026 2 but who have not yet received contracts or confirmed commencement dates the delay in commencement of employment related to hse financial pressures workforce ceilings or a lack of funding from the department of health 66015 26,Health,1449,1451
343. Deputy Richard Boyd Barrett asked the Minister for Health if 2026 general nursing graduates are entitled to the permanent HSE contracts outlined in HR Memo 013/2026?2; the reason graduates who have completed their internships have not yet received contracts or confirmed commencement dates. [66014/26],,Health,2026-09-17,0.8389003276824951,Health Services Staff,Health Services Staff,0.8389003276824951,Health Service Executive,0.0469940453767776,Hospital Staff,0.0431919209659099,Nursing Education,0.0245228055864572,Departmental Data,0.0126395272091031,Medical Qualifications,0.0029589193873107,Departmental Staff,0.0022602337412536,Public Sector Pay,0.0020663235336542,Health Services,0.0020544035360217,Qualifications Recognition,0.001948396093212,66014/26,343,Richard Boyd Barrett,RICHARD BOYD BARRETT,written,en,To ask the Minister for Health if 2026 general nursing graduates are entitled to the permanent HSE contracts outlined in HR Memo 013/2026?2; the reason graduates who have completed their internships have not yet received contracts or confirmed commencement dates.,the minister for health if 2026 general nursing graduates are entitled to the permanent hse contracts outlined in hr memo 013 2026 2 the reason graduates who have completed their internships have not yet received contracts or confirmed commencement dates 66014 26,Health,1453,1455
344. Deputy Richard Boyd Barrett asked the Minister for Health whether all 2026 general nursing graduates entitled to the permanent HSE contracts outlined in HR Memo 013/2026. [66012/26],,Health,2026-09-17,0.841090202331543,Health Services Staff,Health Services Staff,0.841090202331543,Health Service Executive,0.0504954233765602,Nursing Education,0.0289431139826774,Hospital Staff,0.0226230360567569,Departmental Data,0.0195829197764396,Medical Qualifications,0.0031604503747075,Public Sector Pay,0.0028919645119458,Qualifications Recognition,0.0026768473908305,Health Services,0.0020736001897603,Departmental Staff,0.001903721014969,66012/26,344,Richard Boyd Barrett,RICHARD BOYD BARRETT,written,en,To ask the Minister for Health whether all 2026 general nursing graduates entitled to the permanent HSE contracts outlined in HR Memo 013/2026.,the minister for health whether all 2026 general nursing graduates entitled to the permanent hse contracts outlined in hr memo 013 2026 66012 26,Health,1457,1459
345. Deputy Holly Cairns asked the Minister for Health the statutory grounds under which she has suspended autonomy for day-to-day spending from several HSE regions; to detail the consultation she has had on this matter; and to detail the date and manner in which this decision was communicated to each of the affected HSE regions. [66115/26],,Health,2026-09-17,0.4157856106758117,Health Service Executive,Health Service Executive,0.4157856106758117,Departmental Expenditure,0.2051323652267456,Health Services,0.0976370647549629,Departmental Funding,0.0718485414981842,Departmental Budgets,0.0349585600197315,Departmental Data,0.015497276559472,Healthcare Policy,0.0154776694253087,Departmental Bodies,0.0102835716679692,State Bodies,0.0072152935899794,Disability Services,0.0066511225886642,66115/26,345,Holly Cairns,HOLLY CAIRNS,written,en,To ask the Minister for Health the statutory grounds under which she has suspended autonomy for day-to-day spending from several HSE regions; to detail the consultation she has had on this matter; and to detail the date and manner in which this decision was communicated to each of the affected HSE regions.,the minister for health the statutory grounds under which she has suspended autonomy for day-to-day spending from several hse regions to detail the consultation she has had on this matter and to detail the date and manner in which this decision was communicated to each of the affected hse regions 66115 26,Health,1461,1463
"346. Deputy Fionntán Ó Súilleabháin asked the Minister for Health given that Arklow Primary Care Centre was officially opened in February 2023, the reason residents of Arklow continue to travel to Wicklow Town, Bray, Rathdrum, Wexford, Waterford and other locations for services that are listed as available through the centre; to provide the staffing levels, clinic activity, waiting lists and waiting times for each service operating from the facility; and the timeframe for ensuring that the centre is fully staffed and capable of meeting the healthcare needs of the local population. [66041/26]",,Health,2026-09-17,0.9126563668251038,Primary Care Centres,Primary Care Centres,0.9126563668251038,Primary Care Services,0.0577876083552837,Healthcare Infrastructure Provision,0.0084331482648849,Health Services,0.0039839153178036,Care Services,0.0018402237910777,Mental Health Services,0.0015365227591246,General Practitioner Services,0.0015132055850699,Care of the Elderly,0.0013714417582377,Health Services Staff,0.0012971021933481,Community Care,0.0011399694485589,66041/26,346,Fionntán Ó Súilleabháin,FIONNTÁN Ó SÚILLEABHÁIN,written,en,"To ask the Minister for Health given that Arklow Primary Care Centre was officially opened in February 2023, the reason residents of Arklow continue to travel to Wicklow Town, Bray, Rathdrum, Wexford, Waterford and other locations for services that are listed as available through the centre; to provide the staffing levels, clinic activity, waiting lists and waiting times for each service operating from the facility; and the timeframe for ensuring that the centre is fully staffed and capable of meeting the healthcare needs of the local population.",the minister for health given that arklow primary care centre was officially opened in february 2023 the reason residents of arklow continue to travel to wicklow town bray rathdrum wexford waterford and other locations for services that are listed as available through the centre to provide the staffing levels clinic activity waiting lists and waiting times for each service operating from the facility and the timeframe for ensuring that the centre is fully staffed and capable of meeting the healthcare needs of the local population 66041 26,Health,1465,1467
"347. Deputy Fionntán Ó Súilleabháin asked the Minister for Health the measures being taken to address pressure on primary care services in Arklow; whether an assessment has been undertaken of GP capacity in the area; the number of persons unable to register with a GP in Arklow; and the plans, if any, to expand staffing and service provision at Arklow Primary Care Centre in order to reduce dependence on services outside the town. [66039/26]",,Health,2026-09-17,0.3164420425891876,General Practitioner Services,General Practitioner Services,0.3164420425891876,Primary Care Centres,0.3126227259635925,Primary Care Services,0.3008243441581726,Health Services,0.0117868725210428,Health Services Staff,0.0085302842780947,Departmental Data,0.005715777631849,Healthcare Infrastructure Provision,0.0043869274668395,Care of the Elderly,0.0039085252210497,Mental Health Services,0.0038191548082977,Care Services,0.002320384606719,66039/26,347,Fionntán Ó Súilleabháin,FIONNTÁN Ó SÚILLEABHÁIN,written,en,"To ask the Minister for Health the measures being taken to address pressure on primary care services in Arklow; whether an assessment has been undertaken of GP capacity in the area; the number of persons unable to register with a GP in Arklow; and the plans, if any, to expand staffing and service provision at Arklow Primary Care Centre in order to reduce dependence on services outside the town.",the minister for health the measures being taken to address pressure on primary care services in arklow whether an assessment has been undertaken of gp capacity in the area the number of persons unable to register with a gp in arklow and the plans if any to expand staffing and service provision at arklow primary care centre in order to reduce dependence on services outside the town 66039 26,Health,1469,1471
"348. Deputy Fionntán Ó Súilleabháin asked the Minister for Health to clarify which services listed by the HSE as being available through Arklow Primary Care Centre are physically delivered from the centre on a regular basis; the frequency with which each service operates from the facility; whether any listed services currently operate on a part-time, outreach or occasional basis only; and whether any listed services are not presently operating from the centre despite being advertised as available there. [66038/26]",,Health,2026-09-17,0.9029841423034668,Primary Care Centres,Primary Care Centres,0.9029841423034668,Primary Care Services,0.0665298253297805,Healthcare Infrastructure Provision,0.0060632731765508,Health Services,0.0042415712960064,Health Service Executive,0.0032307771034538,Care Services,0.0030477340333163,Health Services Staff,0.0015775401843711,General Practitioner Services,0.0015504048205912,Care of the Elderly,0.0014930082252249,Community Care,0.0008451496833004,66038/26,348,Fionntán Ó Súilleabháin,FIONNTÁN Ó SÚILLEABHÁIN,written,en,"To ask the Minister for Health to clarify which services listed by the HSE as being available through Arklow Primary Care Centre are physically delivered from the centre on a regular basis; the frequency with which each service operates from the facility; whether any listed services currently operate on a part-time, outreach or occasional basis only; and whether any listed services are not presently operating from the centre despite being advertised as available there.",the minister for health to clarify which services listed by the hse as being available through arklow primary care centre are physically delivered from the centre on a regular basis the frequency with which each service operates from the facility whether any listed services currently operate on a part-time outreach or occasional basis only and whether any listed services are not presently operating from the centre despite being advertised as available there 66038 26,Health,1473,1475
"349. Deputy Fionntán Ó Súilleabháin asked the Minister for Health the number of school-aged children in the Arklow area who received routine HSE dental screening and examinations in each of the years 2024, 2025 and to date in 2026; the number currently awaiting dental assessment or treatment; the average waiting times involved; the locations where children are being referred when services are unavailable in Arklow; and the steps being taken to restore accessible routine public dental services for children in the area. [66037/26]",,Health,2026-09-17,0.9636940956115724,Dental Services,Dental Services,0.9636940956115724,Departmental Data,0.0133435055613517,Health Services,0.0073579093441367,Health Services Waiting Lists,0.0058134598657488,Medical Cards,0.001209121895954,Disability Services,0.0008659601444378,Health Services Staff,0.0007821723120287,Hospital Waiting Lists,0.000602027401328,Cancer Services,0.0005661584436893,Primary Care Services,0.0004504180396907,66037/26,349,Fionntán Ó Súilleabháin,FIONNTÁN Ó SÚILLEABHÁIN,written,en,"To ask the Minister for Health the number of school-aged children in the Arklow area who received routine HSE dental screening and examinations in each of the years 2024, 2025 and to date in 2026; the number currently awaiting dental assessment or treatment; the average waiting times involved; the locations where children are being referred when services are unavailable in Arklow; and the steps being taken to restore accessible routine public dental services for children in the area.",the minister for health the number of school-aged children in the arklow area who received routine hse dental screening and examinations in each of the years 2024 2025 and to date in 2026 the number currently awaiting dental assessment or treatment the average waiting times involved the locations where children are being referred when services are unavailable in arklow and the steps being taken to restore accessible routine public dental services for children in the area 66037 26,Health,1477,1479
"350. Deputy Fionntán Ó Súilleabháin asked the Minister for Health the capacity and availability of children's early intervention services in Arklow Primary Care Centre; the number of full-time equivalent staff providing occupational therapy, speech and language therapy, physiotherapy and psychology services for children; the number of children currently awaiting assessment and treatment; the average waiting times involved; and the measures being taken to ensure children in Arklow can access these services within their own community. [66035/26]",,Health,2026-09-17,0.4208177626132965,Disability Services,Disability Services,0.4208177626132965,Primary Care Services,0.1496389508247375,Health Services Staff,0.0990456417202949,Childcare Services,0.0747440457344055,Health Services,0.0463592298328876,Departmental Data,0.0293627325445413,Early Childhood Care and Education,0.0290747545659542,Mental Health Services,0.0283163227140903,Primary Care Centres,0.0282605607062578,Care Services,0.0177419018000364,66035/26,350,Fionntán Ó Súilleabháin,FIONNTÁN Ó SÚILLEABHÁIN,written,en,"To ask the Minister for Health the capacity and availability of children's early intervention services in Arklow Primary Care Centre; the number of full-time equivalent staff providing occupational therapy, speech and language therapy, physiotherapy and psychology services for children; the number of children currently awaiting assessment and treatment; the average waiting times involved; and the measures being taken to ensure children in Arklow can access these services within their own community.",the minister for health the capacity and availability of children s early intervention services in arklow primary care centre the number of full-time equivalent staff providing occupational therapy speech and language therapy physiotherapy and psychology services for children the number of children currently awaiting assessment and treatment the average waiting times involved and the measures being taken to ensure children in arklow can access these services within their own community 66035 26,Health,1481,1483
"351. Deputy Fionntán Ó Súilleabháin asked the Minister for Health the number of children resident in the Arklow area who were required to attend appointments outside Arklow during 2025 and to date in 2026 for occupational therapy, speech and language therapy, physiotherapy, psychology, dietetic services, diagnostic investigations and other primary care services; the locations to which those children were referred, including Wicklow Town, Bray, Rathdrum, Wexford and Waterford; and the reasons such appointments could not be provided in Arklow. [66034/26]",,Health,2026-09-17,0.3569055199623108,Health Services,Health Services,0.3569055199623108,Disability Services,0.22823266685009,Primary Care Services,0.1036626473069191,Health Services Waiting Lists,0.0732403546571731,Mental Health Services,0.0729956850409507,Departmental Data,0.0557102635502815,Health Services Staff,0.0483434461057186,Disabilities Assessments,0.0099796140566468,Care Services,0.0092950752004981,Health Service Executive,0.0060891485773026,66034/26,351,Fionntán Ó Súilleabháin,FIONNTÁN Ó SÚILLEABHÁIN,written,en,"To ask the Minister for Health the number of children resident in the Arklow area who were required to attend appointments outside Arklow during 2025 and to date in 2026 for occupational therapy, speech and language therapy, physiotherapy, psychology, dietetic services, diagnostic investigations and other primary care services; the locations to which those children were referred, including Wicklow Town, Bray, Rathdrum, Wexford and Waterford; and the reasons such appointments could not be provided in Arklow.",the minister for health the number of children resident in the arklow area who were required to attend appointments outside arklow during 2025 and to date in 2026 for occupational therapy speech and language therapy physiotherapy psychology dietetic services diagnostic investigations and other primary care services the locations to which those children were referred including wicklow town bray rathdrum wexford and waterford and the reasons such appointments could not be provided in arklow 66034 26,Health,1485,1487
"352. Deputy Fionntán Ó Súilleabháin asked the Minister for Health to provide a detailed breakdown of services currently operating from Arklow Primary Care Centre, County Wicklow; the number of full-time equivalent staff assigned to each service, including occupational therapy, speech and language therapy, physiotherapy, psychology, dietetics and nutrition, dental services, diagnostic and radiology services; the number of clinic sessions delivered by each service per week at the centre; and the current waiting list and average waiting time for each service. [66032/26]",,Health,2026-09-17,0.5901333689689636,Primary Care Services,Primary Care Services,0.5901333689689636,Primary Care Centres,0.147920161485672,Health Services,0.0956839919090271,Health Services Staff,0.0618873350322246,Health Services Waiting Lists,0.0140337999910116,Departmental Data,0.0132839465513825,Mental Health Services,0.0122298626229166,General Practitioner Services,0.0112860286608338,Disability Services,0.0111252898350358,Care Services,0.0074844621121883,66032/26,352,Fionntán Ó Súilleabháin,FIONNTÁN Ó SÚILLEABHÁIN,written,en,"To ask the Minister for Health to provide a detailed breakdown of services currently operating from Arklow Primary Care Centre, County Wicklow; the number of full-time equivalent staff assigned to each service, including occupational therapy, speech and language therapy, physiotherapy, psychology, dietetics and nutrition, dental services, diagnostic and radiology services; the number of clinic sessions delivered by each service per week at the centre; and the current waiting list and average waiting time for each service.",the minister for health to provide a detailed breakdown of services currently operating from arklow primary care centre county wicklow the number of full-time equivalent staff assigned to each service including occupational therapy speech and language therapy physiotherapy psychology dietetics and nutrition dental services diagnostic and radiology services the number of clinic sessions delivered by each service per week at the centre and the current waiting list and average waiting time for each service 66032 26,Health,1489,1491
353. Deputy Pádraig Mac Lochlainn asked the Minister for Health if an update can be provided for an application (details supplied) submitted in April for reimbursement under the Northern Ireland planned healthcare scheme. [66058/26],,Health,2026-09-17,0.3579878211021423,Health Services,Health Services,0.3579878211021423,Departmental Schemes,0.2801826298236847,Healthcare Policy,0.13433738052845,Health Strategies,0.051963523030281,Medicinal Products,0.0252949856221675,Disease Management,0.0159920919686555,Departmental Programmes,0.0090514449402689,National Treatment Purchase Fund,0.0084288837388157,Medical Aids and Appliances,0.0063069430179893,Assisted Human Reproduction,0.0062319519929587,66058/26,353,Pádraig Mac Lochlainn,PÁDRAIG MAC LOCHLAINN,written,en,To ask the Minister for Health if an update can be provided for an application (details supplied) submitted in April for reimbursement under the Northern Ireland planned healthcare scheme.,the minister for health if an update can be provided for an application details supplied submitted in april for reimbursement under the northern ireland planned healthcare scheme 66058 26,Health,1493,1495
354. Deputy Emer Currie asked the Minister for Health to ensure additional car parking is included in any future developments on the Connolly Hospital campus. [66048/26],,Health,2026-09-17,0.7628819346427917,Hospital Facilities,Hospital Facilities,0.7628819346427917,Hospital Charges,0.058579109609127,Healthcare Infrastructure Provision,0.0542155914008617,Hospital Services,0.0254720915108919,Parking Provision,0.0167319979518651,Health Services,0.0107234138995409,Departmental Data,0.0094116684049367,Hospital Admissions,0.0062687275931239,National Children's Hospital,0.0052409684285521,Health Service Executive,0.004028542432934,66048/26,354,Emer Currie,EMER CURRIE,written,en,To ask the Minister for Health to ensure additional car parking is included in any future developments on the Connolly Hospital campus.,the minister for health to ensure additional car parking is included in any future developments on the connolly hospital campus 66048 26,Health,1497,1499
355. Deputy Naoise Ó Muirí asked the Minister for Health if she is aware of the requirement for sleep apnoea patients to submit monthly CPAP reimbursement claims by post and receive repayments by cheque; and whether consideration is being given to introducing a digital claims and payment system. [66087/26],,Health,2026-09-17,0.5958876013755798,Health Services,Health Services,0.5958876013755798,Health Service Executive,0.0633200630545616,Healthcare Policy,0.0336795300245285,Departmental Data,0.0283236820250749,Covid-19 Pandemic,0.0214084219187498,Cancer Services,0.0173758827149868,State Claims Agency,0.0168216284364461,Covid-19 Pandemic Supports,0.0136036155745387,Departmental Schemes,0.0123344138264656,Departmental Expenditure,0.0105227418243885,66087/26,355,Naoise Ó Muirí,NAOISE Ó MUIRÍ,written,en,To ask the Minister for Health if she is aware of the requirement for sleep apnoea patients to submit monthly CPAP reimbursement claims by post and receive repayments by cheque; and whether consideration is being given to introducing a digital claims and payment system.,the minister for health if she is aware of the requirement for sleep apnoea patients to submit monthly cpap reimbursement claims by post and receive repayments by cheque and whether consideration is being given to introducing a digital claims and payment system 66087 26,Health,1501,1503
356. Deputy Michael Cahill asked the Minister for Health to urgently allow nursing home care for a person (details supplied); and if she will make a statement on the matter. [66119/26],,Health,2026-09-17,0.9750129580497742,Nursing Homes,Nursing Homes,0.9750129580497742,Care Services,0.0085072070360183,Home Care Packages,0.001861133147031,Health Services,0.0017084809951484,Covid-19 Pandemic,0.0014360587811097,Care of the Elderly,0.0013875797158107,Health Service Executive,0.0006663296371698,Home Help Service,0.0006365681765601,Departmental Schemes,0.0005989667843095,Medical Cards,0.0005631010280922,66119/26,356,Michael Cahill,MICHAEL CAHILL,written,en,To ask the Minister for Health to urgently allow nursing home care for a person (details supplied); and if she will make a statement on the matter.,the minister for health to urgently allow nursing home care for a person details supplied and 66119 26,Health,1505,1507
357. Deputy Cormac Devlin asked the Minister for Health to provide an update on an ongoing industrial dispute (details supplied). [66084/26],,Health,2026-09-17,0.1271107196807861,Industrial Disputes,Industrial Disputes,0.1271107196807861,Industrial Relations,0.1194082722067833,Employment Rights,0.0471864826977252,Covid-19 Pandemic,0.0352652892470359,Health Services Staff,0.0290125794708728,Health Service Executive,0.0288255643099546,National Minimum Wage,0.027756405994296,Wage-setting Mechanisms,0.0183744877576828,Health Services,0.0162548869848251,Workplace Relations Commission,0.013710961677134,66084/26,357,Cormac Devlin,CORMAC DEVLIN,written,en,To ask the Minister for Health to provide an update on an ongoing industrial dispute (details supplied).,the minister for health to provide an update on an ongoing industrial dispute details supplied 66084 26,Health,1509,1511
358. Deputy Cormac Devlin asked the Minister for Health the number of outstanding legal actions involving a medication (details supplied) and associated costs paid from 2018 to 1 July 2026. [66063/26],,Health,2026-09-17,0.2713593244552612,Departmental Data,Departmental Data,0.2713593244552612,Departmental Legal Cases,0.2214399576187133,Health Services,0.0586507730185985,Medicinal Products,0.0570584535598754,Departmental Legal Services,0.0546371303498744,Health Service Executive,0.0441157706081867,State Claims Agency,0.0244880616664886,Departmental Expenditure,0.016574177891016,Other,0.0155233684927225,Nursing Homes,0.0152765233069658,66063/26,358,Cormac Devlin,CORMAC DEVLIN,written,en,To ask the Minister for Health the number of outstanding legal actions involving a medication (details supplied) and associated costs paid from 2018 to 1 July 2026.,the minister for health the number of outstanding legal actions involving a medication details supplied and associated costs paid from 2018 to 1 july 2026 66063 26,Health,1513,1515
359. Deputy Donna Mcgettigan asked the Minister for Health if her Department has assessed the funding required to provide free access to ICS-formoterol combination inhalers when prescribed as maintenance and reliever therapy (MART); and if funding will be provided in Budget 2027 to reduce the financial barriers faced by people with asthma in accessing this treatment. [66122/26],,Health,2026-09-17,0.9310579895973206,Medicinal Products,Medicinal Products,0.9310579895973206,Health Services,0.0264849923551082,Departmental Funding,0.0060542472638189,Medical Aids and Appliances,0.0059511181898415,Healthcare Policy,0.0032811062410473,Disease Management,0.0030663835350424,Cancer Services,0.0023604293819516,Departmental Data,0.0021194356959313,Departmental Schemes,0.0020791192073374,Vaccination Programme,0.0016733809607103,66122/26,359,Donna Mcgettigan,DONNA MCGETTIGAN,written,en,To ask the Minister for Health if her Department has assessed the funding required to provide free access to ICS-formoterol combination inhalers when prescribed as maintenance and reliever therapy (MART); and if funding will be provided in Budget 2027 to reduce the financial barriers faced by people with asthma in accessing this treatment.,the minister for health if her department has assessed the funding required to provide free access to ics-formoterol combination inhalers when prescribed as maintenance and reliever therapy mart and if funding will be provided in budget 2027 to reduce the financial barriers faced by people with asthma in accessing this treatment 66122 26,Health,1517,1519
360. Deputy Peadar Tóibín asked the Minister for Health the amount the State has paid out over each of the last ten years for misdiagnosis of cancer patients. [66138/26],,Health,2026-09-17,0.8027551770210266,Cancer Services,Cancer Services,0.8027551770210266,Health Services,0.061856810003519,Departmental Data,0.045435044914484,Hospital Services,0.0156298223882913,Healthcare Policy,0.0081714307889342,Health Strategies,0.0072156214155256,Health Service Executive,0.0051074153743684,State Claims Agency,0.0042400709353387,Departmental Expenditure,0.0041957874782383,Hospital Procedures,0.0034815927501767,66138/26,360,Peadar Tóibín,PEADAR TÓIBÍN,written,en,To ask the Minister for Health the amount the State has paid out over each of the last ten years for misdiagnosis of cancer patients.,the minister for health the amount the state has paid out over each of the last ten years for misdiagnosis of cancer patients 66138 26,Health,1521,1523
361. Deputy John Paul O'Shea asked the Minister for Health for an up to date financial position for the HSE South West area in accordance with Budget 2026. [66133/26],,Health,2026-09-17,0.3139329552650451,Health Service Executive,Health Service Executive,0.3139329552650451,Departmental Budgets,0.117620475590229,Departmental Funding,0.0782376378774643,Health Services,0.074735552072525,Budget 2023,0.0615622662007808,Budget 2026,0.0522446483373642,Budget 2024,0.0488962419331073,Mental Health Services,0.0304539576172828,Disability Services,0.0213385745882987,Budget 2025,0.0189040098339319,66133/26,361,John Paul O'Shea,JOHN PAUL O'SHEA,written,en,To ask the Minister for Health for an up to date financial position for the HSE South West area in accordance with Budget 2026.,the minister for health for an up to date financial position for the hse south west area in accordance with budget 2026 66133 26,Health,1525,1527
362. Deputy John Paul O'Shea asked the Minister for Health if she can give a breakdown of the post approved by the HSE South West during 2026; and to provide a breakdown per category of post and location. [66130/26],,Health,2026-09-17,0.2788529098033905,Departmental Data,Departmental Data,0.2788529098033905,Health Services Staff,0.25383260846138,Health Service Executive,0.2499685734510421,Health Services,0.0546198450028896,Departmental Staff,0.0134217590093612,Departmental Correspondence,0.0104385511949658,Disability Services,0.0101474476978182,Departmental Inquiries,0.0084186326712369,State Bodies,0.0071127768605947,Dental Services,0.0068405154161155,66130/26,362,John Paul O'Shea,JOHN PAUL O'SHEA,written,en,To ask the Minister for Health if she can give a breakdown of the post approved by the HSE South West during 2026; and to provide a breakdown per category of post and location.,the minister for health if she can give a breakdown of the post approved by the hse south west during 2026 and to provide a breakdown per category of post and location 66130 26,Health,1529,1531
"363. Deputy Seán Ó Fearghaíl asked the Minister for Health whether the oncology nurse coordinator post at Naas General Hospital has been discontinued, reassigned or reconfigured; the reasons for any such decision; whether a clinical or service impact assessment was carried out in advance; the arrangements currently in place for the coordination of care for oncology patients attending the hospital; and whether staffing shortages or recruitment delays are affecting oncology services. [66143/26]",,Health,2026-09-17,0.9174320697784424,Hospital Staff,Hospital Staff,0.9174320697784424,Health Services Staff,0.041963804513216,Hospital Services,0.0162557866424322,Cancer Services,0.0046751205809414,Departmental Data,0.0024094854015856,Health Services,0.0021255938336253,Hospital Waiting Lists,0.0016202983679249,Health Service Executive,0.001226911204867,Hospital Procedures,0.0010044915834441,Departmental Staff,0.0009606324019841,66143/26,363,Seán Ó Fearghaíl,SEÁN Ó FEARGHAÍL,written,en,"To ask the Minister for Health whether the oncology nurse coordinator post at Naas General Hospital has been discontinued, reassigned or reconfigured; the reasons for any such decision; whether a clinical or service impact assessment was carried out in advance; the arrangements currently in place for the coordination of care for oncology patients attending the hospital; and whether staffing shortages or recruitment delays are affecting oncology services.",the minister for health whether the oncology nurse coordinator post at naas general hospital has been discontinued reassigned or reconfigured the reasons for any such decision whether a clinical or service impact assessment was carried out in advance the arrangements currently in place for the coordination of care for oncology patients attending the hospital and whether staffing shortages or recruitment delays are affecting oncology services 66143 26,Health,1533,1535
"364. Deputy Seán Ó Fearghaíl asked the Minister for Health if she is aware of concerns raised by patients and families affected by phenylketonuria (PKU) regarding access to a medicinal product (details supplied); if the product has been assessed, or is under assessment, for reimbursement and availability in Ireland; the current status of any application for pricing and reimbursement of this treatment; and the timeline envisaged for a decision on patient access [66142/26]",,Health,2026-09-17,0.9822323322296144,Medicinal Products,Medicinal Products,0.9822323322296144,Health Services,0.0041878730989992,Healthcare Policy,0.0015659058699384,Pharmacy Services,0.0014960002154111,Medical Aids and Appliances,0.000857149309013,Departmental Schemes,0.0008022179827094,Cancer Services,0.0006480477168224,Covid-19 Pandemic,0.0006319282692857,Departmental Data,0.0005698835011571,Prescriptions Charges,0.0004825613868888,66142/26,364,Seán Ó Fearghaíl,SEÁN Ó FEARGHAÍL,written,en,"To ask the Minister for Health if she is aware of concerns raised by patients and families affected by phenylketonuria (PKU) regarding access to a medicinal product (details supplied); if the product has been assessed, or is under assessment, for reimbursement and availability in Ireland; the current status of any application for pricing and reimbursement of this treatment; and the timeline envisaged for a decision on patient access",the minister for health if she is aware of concerns raised by patients and families affected by phenylketonuria pku regarding access to a medicinal product details supplied if the product has been assessed or is under assessment for reimbursement and availability in ireland the current status of any application for pricing and reimbursement of this treatment and the timeline envisaged for a decision on patient access 66142 26,Health,1537,1539
365. Deputy Marie Sherlock asked the Minister for Health the name of each cancer specific drug currently being administered with the support of private insurance in acute hospitals. [66175/26],,Health,2026-09-17,0.3973563909530639,Cancer Services,Cancer Services,0.3973563909530639,Medicinal Products,0.2531637549400329,Health Services,0.1435420364141464,Departmental Data,0.0752841532230377,Healthcare Policy,0.0231219641864299,Health Service Executive,0.0099918898195028,Hospital Services,0.0082602091133594,Health Strategies,0.0073518003337085,Disease Management,0.0070149977691471,Medical Cards,0.0058988155797123,66175/26,365,Marie Sherlock,MARIE SHERLOCK,written,en,To ask the Minister for Health the name of each cancer specific drug currently being administered with the support of private insurance in acute hospitals.,the minister for health the name of each cancer specific drug currently being administered with the support of private insurance in acute hospitals 66175 26,Health,1541,1543
366. Deputy Pádraig Rice asked the Minister for Health if there is the option of availing of a private consultation with a consultant psychiatrist in any of the specialist perinatal mental health hub teams; and if a fee paying service for semi-private and private patients is permitted under the Specialist Perinatal Mental Health Model of Care. [66174/26],,Health,2026-09-17,0.9367971420288086,Mental Health Services,Mental Health Services,0.9367971420288086,Health Services,0.023568732663989,Mental Health Policy,0.0144686829298734,Health Services Staff,0.0025303040165454,Hospital Services,0.0023355812299996,Mental Health Commission,0.001699361950159,Healthcare Policy,0.0015192651189863,Health Strategies,0.0011714269639924,Health Services Waiting Lists,0.0010897793108597,Departmental Reviews,0.0009292484610341,66174/26,366,Pádraig Rice,PÁDRAIG RICE,written,en,To ask the Minister for Health if there is the option of availing of a private consultation with a consultant psychiatrist in any of the specialist perinatal mental health hub teams; and if a fee paying service for semi-private and private patients is permitted under the Specialist Perinatal Mental Health Model of Care.,the minister for health if there is the option of availing of a private consultation with a consultant psychiatrist in any of the specialist perinatal mental health hub teams and if a fee paying service for semi-private and private patients is permitted under the specialist perinatal mental health model of care 66174 26,Health,1545,1547
367. Deputy Marie Sherlock asked the Minister for Health the name of each cancer specific drug that was approved by HSE’s EMT for approval for each of the years 2019 to date in 2026. [66173/26],,Health,2026-09-17,0.7756736278533936,Medicinal Products,Medicinal Products,0.7756736278533936,Cancer Services,0.101389542222023,Health Services,0.042055707424879,Departmental Data,0.0290357545018196,Health Service Executive,0.0076621752232313,Healthcare Policy,0.0048307683318853,Health Services Staff,0.0037253517657518,Medical Aids and Appliances,0.0032373208086937,Departmental Schemes,0.0027636319864541,Disease Management,0.0025257244706153,66173/26,367,Marie Sherlock,MARIE SHERLOCK,written,en,To ask the Minister for Health the name of each cancer specific drug that was approved by HSE’s EMT for approval for each of the years 2019 to date in 2026.,the minister for health the name of each cancer specific drug that was approved by hse s emt for approval for each of the years 2019 to date in 2026 66173 26,Health,1549,1551
368. Deputy Marie Sherlock asked the Minister for Health the cost of extending bowel screening to those aged between 50 and 57. [66172/26],,Health,2026-09-17,0.6687127351760864,Health Services,Health Services,0.6687127351760864,Cancer Services,0.1471945196390152,Health Screening Programmes,0.0367492921650409,Health Strategies,0.0229550562798976,Departmental Data,0.0195985902100801,Health Services Waiting Lists,0.0141852479428052,Healthcare Policy,0.0136085739359259,National Treatment Purchase Fund,0.0103032775223255,Disease Management,0.0085564004257321,Departmental Schemes,0.00557303102687,66172/26,368,Marie Sherlock,MARIE SHERLOCK,written,en,To ask the Minister for Health the cost of extending bowel screening to those aged between 50 and 57.,the minister for health the cost of extending bowel screening to those aged between 50 and 57 66172 26,Health,1553,1555
"369. Deputy Pádraig Rice asked the Minister for Health further to Parliamentary Question No. 3148 of 28 July 2026, if she intends to progress any long-term supports for healthcare workers with long Covid; and to provide an update on her Department's engagements with the Department of Public Expenditure, Infrastructure, Public Service Reform and Digitalisation with respect to this matter. [66171/26]",,Health,2026-09-17,0.665407657623291,Covid-19 Pandemic,Covid-19 Pandemic,0.665407657623291,Covid-19 Pandemic Supports,0.2642420828342438,Health Services Staff,0.050697986036539,Health Services,0.0060426131822168,Healthcare Policy,0.0014908247394487,Health Service Executive,0.0013050264678895,Departmental Policies,0.0011615760158747,Vaccination Programme,0.0007027461542747,Hospital Staff,0.0006944499909877,Departmental Inquiries,0.0006632159347645,66171/26,369,Pádraig Rice,PÁDRAIG RICE,written,en,"To ask the Minister for Health further to Parliamentary Question No. 3148 of 28 July 2026, if she intends to progress any long-term supports for healthcare workers with long Covid; and to provide an update on her Department's engagements with the Department of Public Expenditure, Infrastructure, Public Service Reform and Digitalisation with respect to this matter.",the minister for health further to parliamentary question no 3148 of 28 july 2026 if she intends to progress any long-term supports for healthcare workers with long covid and to provide an update on her department s engagements with the department of public expenditure infrastructure public service reform and digitalisation with respect to this matter 66171 26,Health,1557,1559
370. Deputy Pádraig Rice asked the Minister for Health if consideration is being given to the inclusion of an emergency treatment for severe allergic reactions under the drugs payment scheme (details supplied). [66170/26],,Health,2026-09-17,0.5272607803344727,Medicinal Products,Medicinal Products,0.5272607803344727,Departmental Schemes,0.3155501186847687,Health Services,0.0597185604274272,Healthcare Policy,0.0262113697826862,Disease Management,0.0066573549993336,Health Strategies,0.0054809059947729,Pharmacy Services,0.0053068022243678,Medical Aids and Appliances,0.0047545810230076,National Treatment Purchase Fund,0.0030770073644816,Prescriptions Charges,0.0028525486122816,66170/26,370,Pádraig Rice,PÁDRAIG RICE,written,en,To ask the Minister for Health if consideration is being given to the inclusion of an emergency treatment for severe allergic reactions under the drugs payment scheme (details supplied).,the minister for health if consideration is being given to the inclusion of an emergency treatment for severe allergic reactions under the drugs payment scheme details supplied 66170 26,Health,1561,1563
371. Deputy Marie Sherlock asked the Minister for Health the name of each cancer specific drug that was submitted to the HSE’s EMT for approval for each of the years 2019 to date in 2026. [66169/26],,Health,2026-09-17,0.6940878629684448,Medicinal Products,Medicinal Products,0.6940878629684448,Cancer Services,0.1211880147457122,Health Services,0.0735630616545677,Departmental Data,0.0457513742148876,Health Service Executive,0.0121174547821283,Healthcare Policy,0.0055682985112071,Health Services Staff,0.0055136173032224,Medical Aids and Appliances,0.0047031585127115,Disease Management,0.0032474643085151,Departmental Schemes,0.0032407150138169,66169/26,371,Marie Sherlock,MARIE SHERLOCK,written,en,To ask the Minister for Health the name of each cancer specific drug that was submitted to the HSE’s EMT for approval for each of the years 2019 to date in 2026.,the minister for health the name of each cancer specific drug that was submitted to the hse s emt for approval for each of the years 2019 to date in 2026 66169 26,Health,1565,1567
"372. Deputy Pádraig Rice asked the Minister for Health the annual cost to the Exchequer of each of the three helicopter emergency medical services operated by, or on behalf of, the National Ambulance Service (details supplied), identifying separately in each case the annual contract or operating cost; the operator, the contract duration and expiry date where the service is contracted; and the daily hours of operation and the clinical crewing model. [66167/26]",,Health,2026-09-17,0.9597510695457458,Ambulance Service,Ambulance Service,0.9597510695457458,Emergency Services,0.014319053851068,Departmental Data,0.0035462495870888,Emergency Departments,0.0029720673337578,Health Services,0.0024409967008978,Hospital Services,0.0021446915343403,Departmental Expenditure,0.000968754524365,Departmental Funding,0.0008889655582606,Departmental Contracts,0.000671540852636,Health Service Executive,0.0005771985161118,66167/26,372,Pádraig Rice,PÁDRAIG RICE,written,en,"To ask the Minister for Health the annual cost to the Exchequer of each of the three helicopter emergency medical services operated by, or on behalf of, the National Ambulance Service (details supplied), identifying separately in each case the annual contract or operating cost; the operator, the contract duration and expiry date where the service is contracted; and the daily hours of operation and the clinical crewing model.",the minister for health the annual cost to the exchequer of each of the three helicopter emergency medical services operated by or on behalf of the national ambulance service details supplied identifying separately in each case the annual contract or operating cost the operator the contract duration and expiry date where the service is contracted and the daily hours of operation and the clinical crewing model 66167 26,Health,1569,1571
373. Deputy Marie Sherlock asked the Minister for Health the number of new cancer specific drugs approved for reimbursement by the HSE for each of the years 2019 to date in 2026. [66166/26],,Health,2026-09-17,0.6955380439758301,Medicinal Products,Medicinal Products,0.6955380439758301,Cancer Services,0.1802743077278137,Departmental Data,0.0393559299409389,Health Services,0.0281544681638479,Healthcare Policy,0.009503224864602,Departmental Schemes,0.0050522964447736,Pharmacy Services,0.004314430989325,Health Strategies,0.0036737213376909,Health Service Executive,0.0033732946030795,Health Promotion,0.0025239195674657,66166/26,373,Marie Sherlock,MARIE SHERLOCK,written,en,To ask the Minister for Health the number of new cancer specific drugs approved for reimbursement by the HSE for each of the years 2019 to date in 2026.,the minister for health the number of new cancer specific drugs approved for reimbursement by the hse for each of the years 2019 to date in 2026 66166 26,Health,1573,1575
"374. Deputy Pádraig Rice asked the Minister for Health to provide a breakdown of home support provision by type, region and integrated healthcare area (details supplied). [66223/26]",,Health,2026-09-17,0.6428328156471252,Home Help Service,Home Help Service,0.6428328156471252,Home Care Packages,0.2693050801753998,Departmental Data,0.0191566534340381,Health Services,0.0150216277688741,Care Services,0.0125315869227051,Primary Care Services,0.0061775720678269,Health Services Waiting Lists,0.0058095101267099,Health Services Staff,0.0039017307572066,Disability Services,0.0026927269063889,Departmental Schemes,0.002176834270358,66223/26,374,Pádraig Rice,PÁDRAIG RICE,written,en,"To ask the Minister for Health to provide a breakdown of home support provision by type, region and integrated healthcare area (details supplied).",the minister for health to provide a breakdown of home support provision by type region and integrated healthcare area details supplied 66223 26,Health,1577,1579
375. Deputy Pádraig Rice asked the Minister for Health the status of the new Healthy Ireland Framework following the conclusion of the Healthy Ireland Framework 2013–2025; the reasons for the delay in its launch; the revised timeline for its publication; and if she will make a statement on the matter. [66190/26],,Health,2026-09-17,0.540540337562561,Health Strategies,Health Strategies,0.540540337562561,Healthcare Policy,0.1642749905586242,Health Promotion,0.0647544041275978,Departmental Strategies,0.0455762967467308,Health Services,0.0281665585935115,Disease Management,0.0222541540861129,Substance Misuse,0.0131584918126463,Eating Disorders,0.0071413340047001,Departmental Programmes,0.0061583430506289,Departmental Policies,0.0059140562079846,66190/26,375,Pádraig Rice,PÁDRAIG RICE,written,en,To ask the Minister for Health the status of the new Healthy Ireland Framework following the conclusion of the Healthy Ireland Framework 2013–2025; the reasons for the delay in its launch; the revised timeline for its publication; and if she will make a statement on the matter.,the minister for health the status of the new healthy ireland framework following the conclusion of the healthy ireland framework 2013 2025 the reasons for the delay in its launch the revised timeline for its publication and 66190 26,Health,1581,1583
376. Deputy Marie Sherlock asked the Minister for Health the names of cancer specific drugs being administered via a clinical trial in 2026. [66189/26],,Health,2026-09-17,0.4510506391525268,Cancer Services,Cancer Services,0.4510506391525268,Medicinal Products,0.391451895236969,Health Services,0.0625572130084037,Departmental Data,0.0337323956191539,Healthcare Policy,0.008436756208539,Health Strategies,0.0057921512052416,Hospital Services,0.004265658557415,Disease Management,0.0032102786935865,Health Services Staff,0.0030114783439785,Health Promotion,0.0028110835701227,66189/26,376,Marie Sherlock,MARIE SHERLOCK,written,en,To ask the Minister for Health the names of cancer specific drugs being administered via a clinical trial in 2026.,the minister for health the names of cancer specific drugs being administered via a clinical trial in 2026 66189 26,Health,1585,1587
"377. Deputy Marie Sherlock asked the Minister for Health the consideration, if any, her Department has given to targeted, risk stratified cancer screening for lung cancer for persons. [66188/26]",,Health,2026-09-17,0.8925419449806213,Cancer Services,Cancer Services,0.8925419449806213,Health Services,0.034185454249382,Health Strategies,0.0144806094467639,Health Screening Programmes,0.0112483697012066,Healthcare Policy,0.0105520114302635,Health Promotion,0.004494059830904,Hospital Services,0.0036398032680153,Departmental Data,0.0025576911866664,Hospital Procedures,0.0022216425277292,Disease Management,0.0022082345094531,66188/26,377,Marie Sherlock,MARIE SHERLOCK,written,en,"To ask the Minister for Health the consideration, if any, her Department has given to targeted, risk stratified cancer screening for lung cancer for persons.",the minister for health the consideration if any her department has given to targeted risk stratified cancer screening for lung cancer for persons 66188 26,Health,1589,1591
378. Deputy Marie Sherlock asked the Minister for Health the number of cancer specific drugs being administered via a clinical trial for each of the years from 2019 to date in 2026. [66187/26],,Health,2026-09-17,0.6871318221092224,Cancer Services,Cancer Services,0.6871318221092224,Medicinal Products,0.1285064816474914,Health Services,0.0615095570683479,Departmental Data,0.0589947253465652,Hospital Services,0.0077765835449099,Healthcare Policy,0.0074667413718998,Health Strategies,0.0072913402691483,Disease Management,0.0030363886617124,Health Promotion,0.002901260042563,National Treatment Purchase Fund,0.0027833895292133,66187/26,378,Marie Sherlock,MARIE SHERLOCK,written,en,To ask the Minister for Health the number of cancer specific drugs being administered via a clinical trial for each of the years from 2019 to date in 2026.,the minister for health the number of cancer specific drugs being administered via a clinical trial for each of the years from 2019 to date in 2026 66187 26,Health,1593,1595
379. Deputy Pádraig Rice asked the Minister for Health the steps she is taking to ensure that information regarding mental health services and different care pathways is readily available to patients and the general public (details supplied); and the resources in place to assist people navigating mental health services both in the community and acute setting. [66186/26],,Health,2026-09-17,0.9432542324066162,Mental Health Services,Mental Health Services,0.9432542324066162,Mental Health Policy,0.031433068215847,Health Services,0.0061605349183082,Mental Health Commission,0.0028577817138284,Health Services Staff,0.0012375138467177,Healthcare Policy,0.0008266312652267,Health Service Executive,0.0007431310368701,Health Services Waiting Lists,0.000568242103327,Healthcare Infrastructure Provision,0.0005536690005101,Departmental Reviews,0.000525414943695,66186/26,379,Pádraig Rice,PÁDRAIG RICE,written,en,To ask the Minister for Health the steps she is taking to ensure that information regarding mental health services and different care pathways is readily available to patients and the general public (details supplied); and the resources in place to assist people navigating mental health services both in the community and acute setting.,the minister for health the steps she is taking to ensure that information regarding mental health services and different care pathways is readily available to patients and the general public details supplied and the resources in place to assist people navigating mental health services both in the community and acute setting 66186 26,Health,1597,1599
"380. Deputy Marie Sherlock asked the Minister for Health the consideration her Department has given to targeted, risk stratified cancer screening for breast cancer for persons under the age 50. [66185/26]",,Health,2026-09-17,0.9058613181114196,Cancer Services,Cancer Services,0.9058613181114196,Health Services,0.0338184535503387,Health Strategies,0.0121575491502881,Healthcare Policy,0.0083170989528298,Health Screening Programmes,0.0074055409058928,Health Promotion,0.0039645223878324,Hospital Services,0.0039592967368662,Departmental Data,0.0021996691357344,Hospital Procedures,0.0021330355666577,National Treatment Purchase Fund,0.0012961972970515,66185/26,380,Marie Sherlock,MARIE SHERLOCK,written,en,"To ask the Minister for Health the consideration her Department has given to targeted, risk stratified cancer screening for breast cancer for persons under the age 50.",the minister for health the consideration her department has given to targeted risk stratified cancer screening for breast cancer for persons under the age 50 66185 26,Health,1601,1603
381. Deputy Marie Sherlock asked the Minister for Health the name of each non cancer specific drug that is being administered with the support of private insurance in acute hospitals in 2026. [66184/26],,Health,2026-09-17,0.5614688992500305,Medicinal Products,Medicinal Products,0.5614688992500305,Health Services,0.1324653178453445,Departmental Data,0.0899397134780883,Cancer Services,0.0888556092977523,Healthcare Policy,0.0191987585276365,Medical Cards,0.012330868281424,Health Service Executive,0.010061097331345,Disease Management,0.0069433124735951,Hospital Services,0.0066997590474784,Hospital Charges,0.004717371892184,66184/26,381,Marie Sherlock,MARIE SHERLOCK,written,en,To ask the Minister for Health the name of each non cancer specific drug that is being administered with the support of private insurance in acute hospitals in 2026.,the minister for health the name of each non cancer specific drug that is being administered with the support of private insurance in acute hospitals in 2026 66184 26,Health,1605,1607
"382. Deputy Pádraig Rice asked the Minister for Health further to Parliamentary Question No. 3592 of 28th July 2026, the reason a hospital (details supplied) still lists fees on their website for perinatal mental health services for semi-private and private patients (detail supplied). [66183/26]",,Health,2026-09-17,0.52376389503479,Mental Health Services,Mental Health Services,0.52376389503479,Health Services,0.1071966886520385,Hospital Services,0.0592960678040981,Hospital Charges,0.0423556752502918,Departmental Data,0.0283172223716974,Health Service Executive,0.0232431460171937,Hospital Facilities,0.0152351651340723,Hospital Waiting Lists,0.0131284575909376,Health Services Waiting Lists,0.0088813714683055,Mental Health Policy,0.007382754702121,66183/26,382,Pádraig Rice,PÁDRAIG RICE,written,en,"To ask the Minister for Health further to Parliamentary Question No. 3592 of 28th July 2026, the reason a hospital (details supplied) still lists fees on their website for perinatal mental health services for semi-private and private patients (detail supplied).",the minister for health further to parliamentary question no 3592 of 28th july 2026 the reason a hospital details supplied still lists fees on their website for perinatal mental health services for semi-private and private patients detail supplied 66183 26,Health,1609,1611
383. Deputy Marie Sherlock asked the Minister for Health the number of non cancer specific drugs being administered with the support of private insurance in acute hospitals for each of the years 2019 to date in 2026. [66181/26],,Health,2026-09-17,0.4175989031791687,Departmental Data,Departmental Data,0.4175989031791687,Health Services,0.1608468294143676,Cancer Services,0.0970317274332046,Hospital Charges,0.0579931996762752,Hospital Services,0.0429302789270877,Medicinal Products,0.0308180972933769,Hospital Procedures,0.0271231848746538,Healthcare Policy,0.0212049596011638,Insurance Coverage,0.0110071636736392,Health Service Executive,0.0102127520367503,66181/26,383,Marie Sherlock,MARIE SHERLOCK,written,en,To ask the Minister for Health the number of non cancer specific drugs being administered with the support of private insurance in acute hospitals for each of the years 2019 to date in 2026.,the minister for health the number of non cancer specific drugs being administered with the support of private insurance in acute hospitals for each of the years 2019 to date in 2026 66181 26,Health,1613,1615
"384. Deputy Marie Sherlock asked the Minister for Health the consideration, if any, her Department has given to targeted, risk stratified cancer screening for bowel cancer for persons under the age of 57. [66180/26]",,Health,2026-09-17,0.8935142755508423,Cancer Services,Cancer Services,0.8935142755508423,Health Services,0.0457771457731723,Health Strategies,0.0113142142072319,Health Screening Programmes,0.009804849512875,Healthcare Policy,0.0081777712330222,Health Promotion,0.0032208824995905,Hospital Services,0.0029551817569881,Departmental Data,0.0024754914920777,Disease Management,0.002176729729399,National Treatment Purchase Fund,0.0020207013003528,66180/26,384,Marie Sherlock,MARIE SHERLOCK,written,en,"To ask the Minister for Health the consideration, if any, her Department has given to targeted, risk stratified cancer screening for bowel cancer for persons under the age of 57.",the minister for health the consideration if any her department has given to targeted risk stratified cancer screening for bowel cancer for persons under the age of 57 66180 26,Health,1617,1619
"385. Deputy Pádraig Rice asked the Minister for Health further to Parliamentary Question No. 3592 of 28th July 2026, the contractual arrangements for each of the clinical leads in the six specialist perinatal mental health hub teams (details supplied); if they are entitled to charge fees to private and semi-private patients accessing care through specialist perinatal mental health hubs. [66179/26]",,Health,2026-09-17,0.9039381742477416,Mental Health Services,Mental Health Services,0.9039381742477416,Health Services Staff,0.0388218536972999,Health Services,0.0233309529721736,Departmental Data,0.0061102909967303,Mental Health Policy,0.0059961746446788,Health Service Executive,0.0029313133563846,General Practitioner Services,0.0014844437828287,Hospital Staff,0.0014584584860131,Departmental Funding,0.0011657974682748,Primary Care Services,0.0010546460980549,66179/26,385,Pádraig Rice,PÁDRAIG RICE,written,en,"To ask the Minister for Health further to Parliamentary Question No. 3592 of 28th July 2026, the contractual arrangements for each of the clinical leads in the six specialist perinatal mental health hub teams (details supplied); if they are entitled to charge fees to private and semi-private patients accessing care through specialist perinatal mental health hubs.",the minister for health further to parliamentary question no 3592 of 28th july 2026 the contractual arrangements for each of the clinical leads in the six specialist perinatal mental health hub teams details supplied if they are entitled to charge fees to private and semi-private patients accessing care through specialist perinatal mental health hubs 66179 26,Health,1621,1623
"386. Deputy Marie Sherlock asked the Minister for Health the cost, if any, of imparting breast density information in each mammogram or breast scan. [66178/26]",,Health,2026-09-17,0.4194060862064361,Cancer Services,Cancer Services,0.4194060862064361,Health Services,0.3474171757698059,Departmental Data,0.148941770195961,Hospital Services,0.0104189356788992,Healthcare Policy,0.0100043816491961,Health Strategies,0.0085110580548644,Hospital Procedures,0.0055391890928149,Departmental Expenditure,0.0044742277823388,Health Services Staff,0.003548766253516,Medical Aids and Appliances,0.0033027955796569,66178/26,386,Marie Sherlock,MARIE SHERLOCK,written,en,"To ask the Minister for Health the cost, if any, of imparting breast density information in each mammogram or breast scan.",the minister for health the cost if any of imparting breast density information in each mammogram or breast scan 66178 26,Health,1625,1627
387. Deputy Marie Sherlock asked the Minister for Health the number of cancer specific drugs being administered with the support of private insurance in acute hospitals for each of the years 2019 to date in 2026. [66177/26],,Health,2026-09-17,0.4892707169055938,Cancer Services,Cancer Services,0.4892707169055938,Departmental Data,0.163286879658699,Health Services,0.1178034991025924,Hospital Services,0.0523447692394256,Hospital Charges,0.0277697294950485,Hospital Procedures,0.0273317564278841,Healthcare Policy,0.0118477111682295,Medicinal Products,0.0101489480584859,Hospital Facilities,0.008731560781598,Health Service Executive,0.0074535496532917,66177/26,387,Marie Sherlock,MARIE SHERLOCK,written,en,To ask the Minister for Health the number of cancer specific drugs being administered with the support of private insurance in acute hospitals for each of the years 2019 to date in 2026.,the minister for health the number of cancer specific drugs being administered with the support of private insurance in acute hospitals for each of the years 2019 to date in 2026 66177 26,Health,1629,1631
388. Deputy Marie Sherlock asked the Minister for Health the cost of extending bowel screening to those aged between 45 and 57. [66176/26],,Health,2026-09-17,0.6766833662986755,Health Services,Health Services,0.6766833662986755,Cancer Services,0.1395317167043686,Health Screening Programmes,0.03453965857625,Health Strategies,0.021277917549014,Departmental Data,0.0208946019411087,Health Services Waiting Lists,0.0148771563544869,Healthcare Policy,0.0133886933326721,National Treatment Purchase Fund,0.0106060001999139,Disease Management,0.008463411591947,Departmental Schemes,0.0065654548816382,66176/26,388,Marie Sherlock,MARIE SHERLOCK,written,en,To ask the Minister for Health the cost of extending bowel screening to those aged between 45 and 57.,the minister for health the cost of extending bowel screening to those aged between 45 and 57 66176 26,Health,1633,1635
"389. Deputy Colm Burke asked the Minister for Health whether she has plans to introduce a population-wide cardiovascular health check programme in Ireland, in line with the ambitions of the EU Safe Hearts Plan. [66231/26]",,Health,2026-09-17,0.5118919014930725,Health Strategies,Health Strategies,0.5118919014930725,Healthcare Policy,0.2476063072681427,Health Services,0.1038728803396225,Disease Management,0.0402516983449459,Health Promotion,0.016161860898137,Health Screening Programmes,0.0139917843043804,Departmental Strategies,0.0061894818209111,Cancer Services,0.0045257457531988,Departmental Programmes,0.0033962246961891,Hospital Services,0.0030744958203285,66231/26,389,Colm Burke,COLM BURKE,written,en,"To ask the Minister for Health whether she has plans to introduce a population-wide cardiovascular health check programme in Ireland, in line with the ambitions of the EU Safe Hearts Plan.",the minister for health whether she has plans to introduce a population-wide cardiovascular health check programme in ireland in line with the ambitions of the eu safe hearts plan 66231 26,Health,1637,1639
390. Deputy Colm Burke asked the Minister for Health for an update on the ongoing evaluation of the National Cancer Strategy 2017–2026; the current stage of this work; and when she expects the evaluation process to be completed. [66230/26],,Health,2026-09-17,0.7725101113319397,Health Strategies,Health Strategies,0.7725101113319397,Healthcare Policy,0.0551906451582908,Cancer Services,0.0485345944762229,Departmental Strategies,0.0299135036766529,Health Services,0.0243041906505823,Health Promotion,0.0155960526317358,Disease Management,0.0042100460268557,Substance Misuse,0.0032721571624279,Departmental Programmes,0.002609419170767,Health Screening Programmes,0.0024642867501825,66230/26,390,Colm Burke,COLM BURKE,written,en,To ask the Minister for Health for an update on the ongoing evaluation of the National Cancer Strategy 2017–2026; the current stage of this work; and when she expects the evaluation process to be completed.,the minister for health for an update on the ongoing evaluation of the national cancer strategy 2017 2026 the current stage of this work and when she expects the evaluation process to be completed 66230 26,Health,1641,1643
391. Deputy Pádraig Rice asked the Minister for Health the number of occasions that a request for helicopter emergency medical service was not met because the request was made outside the hours of operation of the service in each of the years 2024 and 2025. [66165/26],,Health,2026-09-17,0.6656596660614014,Ambulance Service,Ambulance Service,0.6656596660614014,Emergency Departments,0.1164331063628196,Emergency Services,0.1105419546365737,Hospital Services,0.015950882807374,Hospital Admissions,0.0112124104052782,Departmental Data,0.0110240895301103,Health Services,0.0071669896133244,Medical Cards,0.0037720801774412,Hospital Transfers,0.0029628747142851,Hospital Procedures,0.002127754734829,66165/26,391,Pádraig Rice,PÁDRAIG RICE,written,en,To ask the Minister for Health the number of occasions that a request for helicopter emergency medical service was not met because the request was made outside the hours of operation of the service in each of the years 2024 and 2025.,the minister for health the number of occasions that a request for helicopter emergency medical service was not met because the request was made outside the hours of operation of the service in each of the years 2024 and 2025 66165 26,Health,1645,1647
"392. Deputy Colm Burke asked the Minister for Health whether she intends to include discussion of the potential impact of most favoured nation medicines pricing policies on EU Member States on the agenda of the Informal Employment, Social Policy, Health and Consumer Affairs (EPSCO) Council (Health) meeting taking place during Ireland's Presidency of the Council of the European Union. [66226/26]",,Health,2026-09-17,0.1204200759530067,European Union,European Union,0.1204200759530067,EU Meetings,0.1003016009926796,Medicinal Products,0.0614717788994312,Healthcare Policy,0.0580773018300533,Health Strategies,0.0382290966808795,Foreign Policy,0.0297596640884876,Other,0.0272647887468338,International Agreements,0.0238151103258132,Departmental Data,0.0226572901010513,Official Engagements,0.0213994402438402,66226/26,392,Colm Burke,COLM BURKE,written,en,"To ask the Minister for Health whether she intends to include discussion of the potential impact of most favoured nation medicines pricing policies on EU Member States on the agenda of the Informal Employment, Social Policy, Health and Consumer Affairs (EPSCO) Council (Health) meeting taking place during Ireland's Presidency of the Council of the European Union.",the minister for health whether she intends to include discussion of the potential impact of most favoured nation medicines pricing policies on eu member states on the agenda of the informal employment social policy health and consumer affairs epsco council health meeting taking place during ireland s presidency of the council of the european union 66226 26,Health,1649,1651
393. Deputy Colm Burke asked the Minister for Health whether the forthcoming National Cardiovascular Health Strategy will be developed as a comprehensive National Cardiovascular Health Strategy that builds upon the recommendations of the National Review of Adult Specialist Cardiac Services while also aligning with the objectives of the European Commission's Safe Hearts Plan and the forthcoming EU Council Recommendation on cardiovascular health and screening. [66224/26],,Health,2026-09-17,0.7376729249954224,Health Strategies,Health Strategies,0.7376729249954224,Departmental Strategies,0.108647882938385,Healthcare Policy,0.067633256316185,Health Services,0.0245557520538568,Health Promotion,0.0099531197920441,Disease Management,0.0075702196918427,Departmental Programmes,0.0060220654122531,Substance Misuse,0.002359414473176,Departmental Reports,0.0022696715313941,Departmental Policies,0.0020939814858138,66224/26,393,Colm Burke,COLM BURKE,written,en,To ask the Minister for Health whether the forthcoming National Cardiovascular Health Strategy will be developed as a comprehensive National Cardiovascular Health Strategy that builds upon the recommendations of the National Review of Adult Specialist Cardiac Services while also aligning with the objectives of the European Commission's Safe Hearts Plan and the forthcoming EU Council Recommendation on cardiovascular health and screening.,the minister for health whether the forthcoming national cardiovascular health strategy will be developed as a comprehensive national cardiovascular health strategy that builds upon the recommendations of the national review of adult specialist cardiac services while also aligning with the objectives of the european commission s safe hearts plan and the forthcoming eu council recommendation on cardiovascular health and screening 66224 26,Health,1653,1655
"394. Deputy Pádraig Rice asked the Minister for Health to clarify if all new graduate nurses will be offered permanent posts in named clinical areas across all HSE regions, following the withdrawal of previously made offers in Cork University Hospital; if offers have been withdrawn in any other hospitals or regions; and if graduate nurses in other regions are being offered contracts through the HSE staff bank, rather than in named clinical areas where they can expand their practise and build on their skills. [66160/26]",,Health,2026-09-17,0.5244312882423401,Health Services Staff,Health Services Staff,0.5244312882423401,Hospital Staff,0.4453637301921844,Health Service Executive,0.0100635094568133,Departmental Data,0.0028399019502103,Nursing Education,0.0020465739071369,Health Services,0.0019599890802055,Departmental Staff,0.0018033722881227,Hospital Services,0.0015824201982468,Medical Qualifications,0.0012737379875034,Mental Health Services,0.0007064546225592,66160/26,394,Pádraig Rice,PÁDRAIG RICE,written,en,"To ask the Minister for Health to clarify if all new graduate nurses will be offered permanent posts in named clinical areas across all HSE regions, following the withdrawal of previously made offers in Cork University Hospital; if offers have been withdrawn in any other hospitals or regions; and if graduate nurses in other regions are being offered contracts through the HSE staff bank, rather than in named clinical areas where they can expand their practise and build on their skills.",the minister for health to clarify if all new graduate nurses will be offered permanent posts in named clinical areas across all hse regions following the withdrawal of previously made offers in cork university hospital if offers have been withdrawn in any other hospitals or regions and if graduate nurses in other regions are being offered contracts through the hse staff bank rather than in named clinical areas where they can expand their practise and build on their skills 66160 26,Health,1657,1659
"395. Deputy Pádraig Rice asked the Minister for Health her views on the withdrawal of previously made job offers to graduate nurses in Cork University Hospital; to outline in detail, the reason these offers were withdrawn; if a direction came from HSE South West or HSE Centre to withdraw these offers; and if a similar direction has been issued to other regions. [66158/26]",,Health,2026-09-17,0.6525252461433411,Hospital Staff,Hospital Staff,0.6525252461433411,Health Services Staff,0.3250077962875366,Health Service Executive,0.0028472389094531,Nursing Education,0.0025988852139562,Medical Qualifications,0.0018817259697243,Departmental Staff,0.0017384102102369,Health Services,0.0012724467087537,Hospital Services,0.0010178423253819,Departmental Data,0.0007468808908015,Medical Research and Training,0.000606529880315,66158/26,395,Pádraig Rice,PÁDRAIG RICE,written,en,"To ask the Minister for Health her views on the withdrawal of previously made job offers to graduate nurses in Cork University Hospital; to outline in detail, the reason these offers were withdrawn; if a direction came from HSE South West or HSE Centre to withdraw these offers; and if a similar direction has been issued to other regions.",the minister for health her views on the withdrawal of previously made job offers to graduate nurses in cork university hospital in detail the reason these offers were withdrawn if a direction came from hse south west or hse centre to withdraw these offers and if a similar direction has been issued to other regions 66158 26,Health,1661,1663
"396. Deputy Ken O'Flynn asked the Minister for Health the total number of management and administrative posts created under the Enhanced Community Care programme set against the number of frontline clinical posts filled under the same programme, and the combined annual cost of each category. [66153/26]",,Health,2026-09-17,0.2048975676298141,Health Services,Health Services,0.2048975676298141,Health Services Staff,0.1527473032474517,Primary Care Services,0.0909385755658149,Care Services,0.0827798694372177,Community Care,0.0560561493039131,Care of the Elderly,0.0557287894189357,Departmental Data,0.049954816699028,Departmental Funding,0.0361304618418216,Disability Services,0.034513670951128,Departmental Programmes,0.0337384454905986,66153/26,396,Ken O'Flynn,KEN O'FLYNN,written,en,"To ask the Minister for Health the total number of management and administrative posts created under the Enhanced Community Care programme set against the number of frontline clinical posts filled under the same programme, and the combined annual cost of each category.",the minister for health the total number of management and administrative posts created under the enhanced community care programme set against the number of frontline clinical posts filled under the same programme and the combined annual cost of each category 66153 26,Health,1665,1667
397. Deputy Ken O'Flynn asked the Minister for Health whether public health nurses and health and social care professionals in work sharing arrangements who wish to increase their hours or return to full time are being refused on budgetary grounds or under the pay and numbers strategy; and the number of such requests refused in 2025 and to date in 2026. [66152/26],,Health,2026-09-17,0.9499735236167908,Health Services Staff,Health Services Staff,0.9499735236167908,Public Sector Pay,0.0084953866899013,Departmental Data,0.0052041574381291,Hospital Staff,0.0037224174011498,Health Services,0.0036101380828768,Departmental Staff,0.0020002285018563,Disability Services,0.0015755431959405,Nursing Education,0.0015495280968025,Health Service Executive,0.0014380667125806,Industrial Relations,0.0014154205564409,66152/26,397,Ken O'Flynn,KEN O'FLYNN,written,en,To ask the Minister for Health whether public health nurses and health and social care professionals in work sharing arrangements who wish to increase their hours or return to full time are being refused on budgetary grounds or under the pay and numbers strategy; and the number of such requests refused in 2025 and to date in 2026.,the minister for health whether public health nurses and health and social care professionals in work sharing arrangements who wish to increase their hours or return to full time are being refused on budgetary grounds or under the pay and numbers strategy and the number of such requests refused in 2025 and to date in 2026 66152 26,Health,1669,1671
"398. Deputy Ken O'Flynn asked the Minister for Health the number of public health nurse posts currently vacant, and the current waiting times for public health nursing and for community therapy services including physiotherapy, occupational therapy, dietetics and speech and language therapy, broken down by health region. [66151/26]",,Health,2026-09-17,0.9068551659584044,Health Services Staff,Health Services Staff,0.9068551659584044,Health Services,0.0376777723431587,Departmental Data,0.0158795993775129,Primary Care Services,0.0098824501037597,Disability Services,0.0059015140868723,Health Services Waiting Lists,0.0049779000692069,Hospital Staff,0.0038713740650564,Health Service Executive,0.0024106481578201,Mental Health Services,0.0021836918313056,Care Services,0.0014091136399656,66151/26,398,Ken O'Flynn,KEN O'FLYNN,written,en,"To ask the Minister for Health the number of public health nurse posts currently vacant, and the current waiting times for public health nursing and for community therapy services including physiotherapy, occupational therapy, dietetics and speech and language therapy, broken down by health region.",the minister for health the number of public health nurse posts currently vacant and the current waiting times for public health nursing and for community therapy services including physiotherapy occupational therapy dietetics and speech and language therapy broken down by health region 66151 26,Health,1673,1675
399. Deputy Ken O'Flynn asked the Minister for Health the specific key performance indicators against which community healthcare network managers are assessed; whether any evaluation or value for money review of the role has been carried out since its introduction; and if she will make a statement on the matter. [66150/26],,Health,2026-09-17,0.5143951177597046,Health Services,Health Services,0.5143951177597046,Health Services Staff,0.179590955376625,Health Service Executive,0.0521508082747459,Primary Care Services,0.0271649193018674,Healthcare Policy,0.0260296817868948,Care Services,0.0208538342267274,Disability Services,0.0197660196572542,Departmental Data,0.0180391781032085,Health Strategies,0.0138916885480284,Mental Health Services,0.0125026563182473,66150/26,399,Ken O'Flynn,KEN O'FLYNN,written,en,To ask the Minister for Health the specific key performance indicators against which community healthcare network managers are assessed; whether any evaluation or value for money review of the role has been carried out since its introduction; and if she will make a statement on the matter.,the minister for health the specific key performance indicators against which community healthcare network managers are assessed whether any evaluation or value for money review of the role has been carried out since its introduction and 66150 26,Health,1677,1679
400. Deputy Ken O'Flynn asked the Minister for Health the date on which the role of community healthcare network manager was first sanctioned; to provide the approved job specification and competency framework for the role; and to set out the business case that supported its creation. [66149/26],,Health,2026-09-17,0.4054819047451019,Health Services Staff,Health Services Staff,0.4054819047451019,Health Services,0.3432009220123291,Health Service Executive,0.0311909653246402,Primary Care Services,0.0294769890606403,Disability Services,0.0236010067164897,Care Services,0.0207636766135692,Healthcare Policy,0.0157994423061609,Community Care,0.0128895957022905,Mental Health Services,0.0106199663132429,Care of the Elderly,0.0102908248081803,66149/26,400,Ken O'Flynn,KEN O'FLYNN,written,en,To ask the Minister for Health the date on which the role of community healthcare network manager was first sanctioned; to provide the approved job specification and competency framework for the role; and to set out the business case that supported its creation.,the minister for health the date on which the role of community healthcare network manager was first sanctioned to provide the approved job specification and competency framework for the role and to set out the business case that supported its creation 66149 26,Health,1681,1683
"401. Deputy Ken O'Flynn asked the Minister for Health the number of community healthcare network manager posts sanctioned since the establishment of the Community Healthcare Networks; the grade at which each is employed; and the total annual cost of these posts including employer costs, broken down by HSE health region. [66148/26]",,Health,2026-09-17,0.5452907681465149,Health Services Staff,Health Services Staff,0.5452907681465149,Health Services,0.2325225621461868,Primary Care Services,0.0523041374981403,Departmental Data,0.0415109880268573,Health Service Executive,0.0358731783926487,Mental Health Services,0.0132539216428995,Disability Services,0.0129687646403908,Care Services,0.0125792482867836,Community Care,0.0086807599291205,Primary Care Centres,0.0058846995234489,66148/26,401,Ken O'Flynn,KEN O'FLYNN,written,en,"To ask the Minister for Health the number of community healthcare network manager posts sanctioned since the establishment of the Community Healthcare Networks; the grade at which each is employed; and the total annual cost of these posts including employer costs, broken down by HSE health region.",the minister for health the number of community healthcare network manager posts sanctioned since the establishment of the community healthcare networks the grade at which each is employed and the total annual cost of these posts including employer costs broken down by hse health region 66148 26,Health,1685,1687
"402. Deputy Marie Sherlock asked the Minister for Health the projected growth in demand and associated cost, across all existing primary care services for 2027. [66197/26]",,Health,2026-09-17,0.7443855404853821,Primary Care Services,Primary Care Services,0.7443855404853821,Primary Care Centres,0.080461673438549,Health Services,0.034121461212635,Health Services Staff,0.0257672201842069,Departmental Data,0.0223365128040313,Care Services,0.0100677851587533,Health Services Waiting Lists,0.0078649558126926,Care of the Elderly,0.0067759365774691,Home Care Packages,0.006292219273746,General Practitioner Services,0.0062891235575079,66197/26,402,Marie Sherlock,MARIE SHERLOCK,written,en,"To ask the Minister for Health the projected growth in demand and associated cost, across all existing primary care services for 2027.",the minister for health the projected growth in demand and associated cost across all existing primary care services for 2027 66197 26,Health,1689,1691
403. Deputy Pádraig Rice asked the Minister for Health if she will meet with an organisation following their request for an urgent meeting (details supplied). [66195/26],,Health,2026-09-17,0.4817531704902649,Departmental Meetings,Departmental Meetings,0.4817531704902649,Health Services,0.066621258854866,Official Engagements,0.0601330064237117,Nursing Homes,0.0271094553172588,Covid-19 Pandemic,0.0268668178468942,Healthcare Policy,0.0255233291536569,Departmental Correspondence,0.0176824945956468,Mental Health Services,0.0153475441038608,Health Service Executive,0.0152423046529293,Medicinal Products,0.0114953443408012,66195/26,403,Pádraig Rice,PÁDRAIG RICE,written,en,To ask the Minister for Health if she will meet with an organisation following their request for an urgent meeting (details supplied).,the minister for health if she will meet with an organisation following their request for an urgent meeting details supplied 66195 26,Health,1693,1695
404. Deputy Marie Sherlock asked the Minister for Health the number of cancer drug clinical trials operated in acute hospitals for each of the years from 2019 to date in 2026. [66194/26],,Health,2026-09-17,0.5755074620246887,Cancer Services,Cancer Services,0.5755074620246887,Health Services,0.0864749029278755,Hospital Services,0.0609093904495239,Medicinal Products,0.0535471364855766,Departmental Data,0.0523158498108387,Hospital Equipment,0.0215096659958362,Hospital Facilities,0.0145293474197387,Hospital Procedures,0.0114381983876228,Healthcare Policy,0.0107324356213212,Health Strategies,0.0095053231343626,66194/26,404,Marie Sherlock,MARIE SHERLOCK,written,en,To ask the Minister for Health the number of cancer drug clinical trials operated in acute hospitals for each of the years from 2019 to date in 2026.,the minister for health the number of cancer drug clinical trials operated in acute hospitals for each of the years from 2019 to date in 2026 66194 26,Health,1697,1699
"405. Deputy Pádraig Rice asked the Minister for Health for a breakdown of the funding provided to each approved provider of home care in each of the years 2024, 2025 and to date in 2026, in tabular form; and the amount spent on home care provided directly by the HSE in each of those years. [66193/26]",,Health,2026-09-17,0.7988771796226501,Home Care Packages,Home Care Packages,0.7988771796226501,Care Services,0.0773151516914367,Home Help Service,0.076294720172882,Health Services,0.0144242765381932,Care of the Elderly,0.0054670451208949,Departmental Data,0.0049768066965043,Disability Services,0.0025336465332657,Health Services Waiting Lists,0.0018547190120443,Departmental Schemes,0.0013267359463497,Departmental Funding,0.0012400184059515,66193/26,405,Pádraig Rice,PÁDRAIG RICE,written,en,"To ask the Minister for Health for a breakdown of the funding provided to each approved provider of home care in each of the years 2024, 2025 and to date in 2026, in tabular form; and the amount spent on home care provided directly by the HSE in each of those years.",the minister for health for a breakdown of the funding provided to each approved provider of home care in each of the years 2024 2025 and to date in 2026 in tabular form and the amount spent on home care provided directly by the hse in each of those years 66193 26,Health,1701,1703
"406. Deputy Marie Sherlock asked the Minister for Health to list the pilot cancer screening programmes in operation; the start date and end date for each, in each of the years between 2019 and 2026. [66192/26]",,Health,2026-09-17,0.8356320261955261,Cancer Services,Cancer Services,0.8356320261955261,Health Services,0.0634908825159072,Health Strategies,0.0182958077639341,Hospital Services,0.0132403690367937,Health Screening Programmes,0.0095028709620237,National Treatment Purchase Fund,0.0089930454269051,Healthcare Policy,0.0066842976957559,Departmental Data,0.0058728321455419,Hospital Procedures,0.0056998408399522,Disease Management,0.0052413861267268,66192/26,406,Marie Sherlock,MARIE SHERLOCK,written,en,"To ask the Minister for Health to list the pilot cancer screening programmes in operation; the start date and end date for each, in each of the years between 2019 and 2026.",the minister for health to list the pilot cancer screening programmes in operation the start date and end date for each in each of the years between 2019 and 2026 66192 26,Health,1705,1707
407. Deputy Marie Sherlock asked the Minister for Health the projected growth in demand and associated cost across all cancer services for 2027. [66191/26],,Health,2026-09-17,0.8813319206237793,Cancer Services,Cancer Services,0.8813319206237793,Health Services,0.0625830292701721,Departmental Data,0.0177166890352964,Hospital Services,0.0057768328115344,Health Strategies,0.0045608100481331,Healthcare Policy,0.0037573236040771,National Treatment Purchase Fund,0.0021981834433972,Health Services Staff,0.001804641331546,Health Promotion,0.0015542714390903,Departmental Expenditure,0.0013268447946757,66191/26,407,Marie Sherlock,MARIE SHERLOCK,written,en,To ask the Minister for Health the projected growth in demand and associated cost across all cancer services for 2027.,the minister for health the projected growth in demand and associated cost across all cancer services for 2027 66191 26,Health,1709,1711
"408. Deputy Pádraig Rice asked the Minister for Health further to Parliamentary Question No. 3889 of 28th July 2026, to provide a copy of the job specification for a role (details supplied); and the date at which this job specification was published. [66198/26]",,Health,2026-09-17,0.6031258702278137,Health Services Staff,Health Services Staff,0.6031258702278137,Hospital Staff,0.3131791353225708,Departmental Staff,0.0264845471829175,Health Service Executive,0.0091886324808001,Health Services,0.0066389478743076,Mental Health Services,0.0043213022872805,Disability Services,0.0030539231374859,Covid-19 Pandemic,0.0027190027758479,Covid-19 Pandemic Supports,0.0016678983811289,Departmental Data,0.001347005716525,66198/26,408,Pádraig Rice,PÁDRAIG RICE,written,en,"To ask the Minister for Health further to Parliamentary Question No. 3889 of 28th July 2026, to provide a copy of the job specification for a role (details supplied); and the date at which this job specification was published.",the minister for health further to parliamentary question no 3889 of 28th july 2026 to provide a copy of the job specification for a role details supplied and the date at which this job specification was published 66198 26,Health,1713,1715
409. Deputy Marie Sherlock asked the Minister for Health the number of acute voluntary hospitals that have yet to sign off on their service level agreement for 2026. [66205/26],,Health,2026-09-17,0.125148132443428,Hospital Services,Hospital Services,0.125148132443428,Hospital Staff,0.1112212985754013,Departmental Data,0.1025616824626922,Hospital Procedures,0.0507112741470336,Hospital Overcrowding,0.0447134859859943,Health Service Executive,0.0427749902009964,Hospital Admissions,0.0392469763755798,Health Services Staff,0.0374361090362072,Health Services,0.0348350554704666,Other,0.0210857838392257,66205/26,409,Marie Sherlock,MARIE SHERLOCK,written,en,To ask the Minister for Health the number of acute voluntary hospitals that have yet to sign off on their service level agreement for 2026.,the minister for health the number of acute voluntary hospitals that have yet to sign off on their service level agreement for 2026 66205 26,Health,1717,1719
"410. Deputy Pádraig Rice asked the Minister for Health the number of new roles approved by the HSE between January and August 2026, by month and grade. [66204/26]",,Health,2026-09-17,0.8435289859771729,Health Services Staff,Health Services Staff,0.8435289859771729,Health Service Executive,0.1220545247197151,Hospital Staff,0.0112293204292654,Health Services,0.0039208666421473,Departmental Staff,0.0033714026212692,Departmental Data,0.0030546516645699,Mental Health Services,0.0019330207724124,Disability Services,0.001551499008201,Nursing Education,0.0005856010247953,Medical Qualifications,0.0005622338503599,66204/26,410,Pádraig Rice,PÁDRAIG RICE,written,en,"To ask the Minister for Health the number of new roles approved by the HSE between January and August 2026, by month and grade.",the minister for health the number of new roles approved by the hse between january and august 2026 by month and grade 66204 26,Health,1721,1723
"411. Deputy Marie Sherlock asked the Minister for Health the number of acute voluntary hospitals that signed off on their service level agreement by each of the following dates, month end February 2026, April 2026 and June 2026. [66203/26]",,Health,2026-09-17,0.1361211389303207,Hospital Services,Hospital Services,0.1361211389303207,Departmental Data,0.1332663148641586,Hospital Staff,0.0718954429030418,Hospital Procedures,0.0664175376296043,Hospital Overcrowding,0.0483416765928268,Hospital Admissions,0.0432078763842582,Health Services,0.0369706451892852,Health Service Executive,0.03601710870862,Other,0.0282619427889585,Health Services Staff,0.022528376430273,66203/26,411,Marie Sherlock,MARIE SHERLOCK,written,en,"To ask the Minister for Health the number of acute voluntary hospitals that signed off on their service level agreement by each of the following dates, month end February 2026, April 2026 and June 2026.",the minister for health the number of acute voluntary hospitals that signed off on their service level agreement by each of the following dates month end february 2026 april 2026 and june 2026 66203 26,Health,1725,1727
"412. Deputy Marie Sherlock asked the Minister for Health the projected growth in demand and associated cost, across all existing acute health services for 2027. [66202/26]",,Health,2026-09-17,0.7012092471122742,Health Services,Health Services,0.7012092471122742,Departmental Data,0.0799355208873748,Healthcare Policy,0.0491545014083385,Hospital Services,0.0454645603895187,Health Strategies,0.015706617385149,Medicinal Products,0.0136280171573162,Departmental Expenditure,0.0097562195733189,Disease Management,0.0072244452312588,National Treatment Purchase Fund,0.0067403931170701,Cancer Services,0.0066548576578497,66202/26,412,Marie Sherlock,MARIE SHERLOCK,written,en,"To ask the Minister for Health the projected growth in demand and associated cost, across all existing acute health services for 2027.",the minister for health the projected growth in demand and associated cost across all existing acute health services for 2027 66202 26,Health,1729,1731
"413. Deputy Marie Sherlock asked the Minister for Health the projected growth in demand and associated costs, across all existing primary care mental health services for 2027. [66200/26]",,Health,2026-09-17,0.9463354349136353,Mental Health Services,Mental Health Services,0.9463354349136353,Departmental Data,0.0102402232587337,Mental Health Policy,0.0099920630455017,Health Services,0.0071009853854775,Health Services Staff,0.0039054977241903,Health Services Waiting Lists,0.0022558469790965,Primary Care Services,0.0021370907779783,Departmental Funding,0.0019872828852385,Health Service Executive,0.0009550345712341,Healthcare Infrastructure Provision,0.0008923022542148,66200/26,413,Marie Sherlock,MARIE SHERLOCK,written,en,"To ask the Minister for Health the projected growth in demand and associated costs, across all existing primary care mental health services for 2027.",the minister for health the projected growth in demand and associated costs across all existing primary care mental health services for 2027 66200 26,Health,1733,1735
"414. Deputy Roderic O'Gorman asked the Minister for Health for an update on the implementation of the HSE Telehealth Roadmap 2024–2027; the number and percentage of outpatient consultations delivered via telehealth to date, by HSE health region and hospital group; the clinical grades involved in delivering these consultations in each region; and the specialties or care pathways in which telehealth adoption remains lowest. [66241/26]",,Health,2026-09-17,0.5465376377105713,Health Services,Health Services,0.5465376377105713,Hospital Services,0.1261330246925354,Departmental Data,0.0911921262741088,Healthcare Policy,0.0734135285019874,Health Service Executive,0.040665403008461,Health Strategies,0.0244799200445413,Cancer Services,0.0140532841905951,Departmental Reviews,0.0135797690600156,Departmental Reports,0.0058302544057369,Hospital Procedures,0.0055257491767406,66241/26,414,Roderic O'Gorman,RODERIC O'GORMAN,written,en,"To ask the Minister for Health for an update on the implementation of the HSE Telehealth Roadmap 2024–2027; the number and percentage of outpatient consultations delivered via telehealth to date, by HSE health region and hospital group; the clinical grades involved in delivering these consultations in each region; and the specialties or care pathways in which telehealth adoption remains lowest.",the minister for health for an update on the implementation of the hse telehealth roadmap 2024 2027 the number and percentage of outpatient consultations delivered via telehealth to date by hse health region and hospital group the clinical grades involved in delivering these consultations in each region and the specialties or care pathways in which telehealth adoption remains lowest 66241 26,Health,1737,1739
"415. Deputy John Clendennen asked the Minister for Health for an update on the reimbursement of belzutifan, for the treatment of von Hippel-Lindau (VHL) disease, by the HSE; whether the application is being assessed on the most up to date information on the performance of the drug and subsequent patient outcomes; and when a final decision is likely. [66250/26]",,Health,2026-09-17,0.9780575633049012,Medicinal Products,Medicinal Products,0.9780575633049012,Health Services,0.0061549101956188,Healthcare Policy,0.0027790972962975,Departmental Schemes,0.001950334990397,Medical Aids and Appliances,0.0009909762302413,Disease Management,0.0007658503018319,Substance Misuse,0.0007504954119212,Departmental Data,0.0007116364431567,Pharmacy Services,0.000698922551237,Prescriptions Charges,0.000672431255225,66250/26,415,John Clendennen,JOHN CLENDENNEN,written,en,"To ask the Minister for Health for an update on the reimbursement of belzutifan, for the treatment of von Hippel-Lindau (VHL) disease, by the HSE; whether the application is being assessed on the most up to date information on the performance of the drug and subsequent patient outcomes; and when a final decision is likely.",the minister for health for an update on the reimbursement of belzutifan for the treatment of von hippel-lindau vhl disease by the hse whether the application is being assessed on the most up to date information on the performance of the drug and subsequent patient outcomes and when a final decision is likely 66250 26,Health,1741,1743
"416. Deputy John Clendennen asked the Minister for Health the number of patients in the State in receipt of dialysis treatment in each of the years 2021-2025 and to date in 2026, broken down by type of treatment, in tabular form. [66249/26]",,Health,2026-09-17,0.3448055982589721,Hospital Procedures,Hospital Procedures,0.3448055982589721,Hospital Services,0.2471664100885391,Departmental Data,0.1250923424959182,Health Services,0.113635167479515,Hospital Waiting Lists,0.0578550361096859,National Treatment Purchase Fund,0.0356616452336311,Cancer Services,0.0149900717660784,Health Services Waiting Lists,0.009514894336462,Hospital Admissions,0.0094477972015738,Disease Management,0.0054580783471465,66249/26,416,John Clendennen,JOHN CLENDENNEN,written,en,"To ask the Minister for Health the number of patients in the State in receipt of dialysis treatment in each of the years 2021-2025 and to date in 2026, broken down by type of treatment, in tabular form.",the minister for health the number of patients in the state in receipt of dialysis treatment in each of the years 2021-2025 and to date in 2026 broken down by type of treatment in tabular form 66249 26,Health,1745,1747
"417. Deputy John Clendennen asked the Minister for Health whether the pharmacoeconomic and reimbursement assessment of belzutifan for von Hippel Lindau disease takes account of the full long-term healthcare costs associated with the natural progression of the disease and repeated treatment of VHL-associated tumors including renal surgery, loss of renal function, chronic kidney disease, dialysis, renal transplantation and other VHL-related interventions; and the manner in which such potentially avoided or deferred costs are incorporated into the assessment. [66248/26]",,Health,2026-09-17,0.9324724674224854,Medicinal Products,Medicinal Products,0.9324724674224854,Health Services,0.0254045352339744,Healthcare Policy,0.0083139697089791,Disease Management,0.0060696699656546,Departmental Data,0.0045376326888799,Cancer Services,0.002741951495409,Departmental Schemes,0.001852567307651,Pharmacy Services,0.0016187159344553,Medical Aids and Appliances,0.0014677020953968,Prescriptions Charges,0.00134231406264,66248/26,417,John Clendennen,JOHN CLENDENNEN,written,en,"To ask the Minister for Health whether the pharmacoeconomic and reimbursement assessment of belzutifan for von Hippel Lindau disease takes account of the full long-term healthcare costs associated with the natural progression of the disease and repeated treatment of VHL-associated tumors including renal surgery, loss of renal function, chronic kidney disease, dialysis, renal transplantation and other VHL-related interventions; and the manner in which such potentially avoided or deferred costs are incorporated into the assessment.",the minister for health whether the pharmacoeconomic and reimbursement assessment of belzutifan for von hippel lindau disease takes account of the full long-term healthcare costs associated with the natural progression of the disease and repeated treatment of vhl-associated tumors including renal surgery loss of renal function chronic kidney disease dialysis renal transplantation and other vhl-related interventions and the manner in which such potentially avoided or deferred costs are incorporated into the assessment 66248 26,Health,1749,1751
418. Deputy Shónagh Ní Raghallaigh asked the Minister for Health the number of vacant registered general nurses within the Kildare area as of 8 September 2026; and the steps being taken to fill these vacancies. [66276/26],,Health,2026-09-17,0.8779038786888123,Health Services Staff,Health Services Staff,0.8779038786888123,Hospital Staff,0.0729534775018692,Departmental Data,0.0277675874531269,Departmental Staff,0.0031089845579117,Health Services,0.0026194711681455,Health Service Executive,0.0017669056542217,Mental Health Services,0.0017126010498031,General Practitioner Services,0.0015563732013106,Primary Care Services,0.0013823705958202,Disability Services,0.0008573476225137,66276/26,418,Shónagh Ní Raghallaigh,SHÓNAGH NÍ RAGHALLAIGH,written,en,To ask the Minister for Health the number of vacant registered general nurses within the Kildare area as of 8 September 2026; and the steps being taken to fill these vacancies.,the minister for health the number of vacant registered general nurses within the kildare area as of 8 september 2026 and the steps being taken to fill these vacancies 66276 26,Health,1753,1755
"419. Deputy Shónagh Ní Raghallaigh asked the Minister for Health the number of WTE consultant child and adolescent psychiatrists specialised in substance use disorder posts filled within CHO7 as of 8 September 2026, in tabular form. [66273/26]",,Health,2026-09-17,0.5565241575241089,Health Services Staff,Health Services Staff,0.5565241575241089,Mental Health Services,0.319462776184082,Health Services,0.0238738376647233,Departmental Data,0.022006245329976,Hospital Staff,0.0179216209799051,Disability Services,0.0141147738322615,Health Service Executive,0.0089247468858957,Departmental Staff,0.0037587687838822,Addiction Treatment Services,0.0028983021620661,Health Services Waiting Lists,0.0028384474571794,66273/26,419,Shónagh Ní Raghallaigh,SHÓNAGH NÍ RAGHALLAIGH,written,en,"To ask the Minister for Health the number of WTE consultant child and adolescent psychiatrists specialised in substance use disorder posts filled within CHO7 as of 8 September 2026, in tabular form.",the minister for health the number of wte consultant child and adolescent psychiatrists specialised in substance use disorder posts filled within cho7 as of 8 september 2026 in tabular form 66273 26,Health,1757,1759
"420. Deputy John Clendennen asked the Minister for Health the number of persons with type 1 diabetes currently receiving insulin-pump therapy through the public health service, by adults and children, HSE health region and hospital at which their diabetes care is provided, in tabular form. [66269/26]",,Health,2026-09-17,0.3370833098888397,Health Services,Health Services,0.3370833098888397,Disease Management,0.216397225856781,Medical Aids and Appliances,0.1968433111906051,Medicinal Products,0.0713217407464981,Departmental Data,0.065770573914051,Healthcare Policy,0.0184746962040662,Cancer Services,0.0178769007325172,Hospital Services,0.0110031347721815,National Treatment Purchase Fund,0.0086010703817009,Health Strategies,0.0067064017057418,66269/26,420,John Clendennen,JOHN CLENDENNEN,written,en,"To ask the Minister for Health the number of persons with type 1 diabetes currently receiving insulin-pump therapy through the public health service, by adults and children, HSE health region and hospital at which their diabetes care is provided, in tabular form.",the minister for health the number of persons with type 1 diabetes currently receiving insulin-pump therapy through the public health service by adults and children hse health region and hospital at which their diabetes care is provided in tabular form 66269 26,Health,1761,1763
"421. Deputy John Clendennen asked the Minister for Health for an update on the development and implementation of a national care pathway for Huntington's disease, including the estimated annual cost of fully implementing the proposed pathway; and whether funding has been sought for implementation in 2026 and 2027. [66287/26]",,Health,2026-09-17,0.7352049946784973,Disease Management,Disease Management,0.7352049946784973,Health Services,0.1417357772588729,Healthcare Policy,0.0453105419874191,Health Strategies,0.0271626245230436,Medicinal Products,0.0053663826547563,Departmental Schemes,0.0049725109711289,Departmental Policies,0.002707639709115,Departmental Strategies,0.0021684658713638,Departmental Data,0.0020735312718898,Disability Services,0.0019468937534838,66287/26,421,John Clendennen,JOHN CLENDENNEN,written,en,"To ask the Minister for Health for an update on the development and implementation of a national care pathway for Huntington's disease, including the estimated annual cost of fully implementing the proposed pathway; and whether funding has been sought for implementation in 2026 and 2027.",the minister for health for an update on the development and implementation of a national care pathway for huntington s disease including the estimated annual cost of fully implementing the proposed pathway and whether funding has been sought for implementation in 2026 and 2027 66287 26,Health,1765,1767
422. Deputy John Clendennen asked the Minister for Health whether the proposed national care pathway for Huntington's disease provides for the establishment of regional specialist multidisciplinary services; the proposed number and locations of such services; and the disciplines that will comprise each multidisciplinary team. [66286/26],,Health,2026-09-17,0.7311471700668335,Disease Management,Disease Management,0.7311471700668335,Health Services,0.1632507741451263,Healthcare Policy,0.0340197049081325,Health Strategies,0.0202199313789606,Medicinal Products,0.0042384532280266,Departmental Schemes,0.0034207280259579,Departmental Data,0.0031615060288459,Disability Services,0.0025487036909908,Cancer Services,0.0025120340287685,Departmental Policies,0.0024360476527363,66286/26,422,John Clendennen,JOHN CLENDENNEN,written,en,To ask the Minister for Health whether the proposed national care pathway for Huntington's disease provides for the establishment of regional specialist multidisciplinary services; the proposed number and locations of such services; and the disciplines that will comprise each multidisciplinary team.,the minister for health whether the proposed national care pathway for huntington s disease provides for the establishment of regional specialist multidisciplinary services the proposed number and locations of such services and the disciplines that will comprise each multidisciplinary team 66286 26,Health,1769,1771
"423. Deputy John Clendennen asked the Minister for Health the number of persons with type 1 diabetes currently awaiting commencement of insulin-pump therapy, by HSE health region and hospital; the number waiting less than three months, three to six months, six to twelve months and more than twelve months; and the median and longest waiting time for commencement of therapy in each location, in tabular form. [66267/26]",,Health,2026-09-17,0.2819786667823791,Hospital Waiting Lists,Hospital Waiting Lists,0.2819786667823791,Health Services,0.1931320130825042,Departmental Data,0.1380795389413833,Disease Management,0.0790505856275558,Medical Aids and Appliances,0.0741830840706825,Health Services Waiting Lists,0.0622153915464878,Medicinal Products,0.0311629399657249,Cancer Services,0.0262844152748584,National Treatment Purchase Fund,0.0219812598079442,Hospital Services,0.020668001845479,66267/26,423,John Clendennen,JOHN CLENDENNEN,written,en,"To ask the Minister for Health the number of persons with type 1 diabetes currently awaiting commencement of insulin-pump therapy, by HSE health region and hospital; the number waiting less than three months, three to six months, six to twelve months and more than twelve months; and the median and longest waiting time for commencement of therapy in each location, in tabular form.",the minister for health the number of persons with type 1 diabetes currently awaiting commencement of insulin-pump therapy by hse health region and hospital the number waiting less than three months three to six months six to twelve months and more than twelve months and the median and longest waiting time for commencement of therapy in each location in tabular form 66267 26,Health,1773,1775
"424. Deputy John Clendennen asked the Minister for Health to list each acute hospital diabetes service in the State which currently has the capacity to initiate adult patients with type 1 diabetes onto insulin-pump therapy; to provide details of each hospital which can provide ongoing pump management and aftercare but cannot initiate patients; and to provide details of each hospital providing neither service, in tabular form. [66265/26]",,Health,2026-09-17,0.2587689459323883,Disease Management,Disease Management,0.2587689459323883,Hospital Services,0.2560290992259979,Health Services,0.2530823349952698,Departmental Data,0.0574812293052673,Hospital Procedures,0.0287944599986076,Medical Aids and Appliances,0.0266386736184358,Hospital Waiting Lists,0.0187844242900609,National Treatment Purchase Fund,0.0122443102300167,Healthcare Policy,0.0120439361780881,Cancer Services,0.0090987645089626,66265/26,424,John Clendennen,JOHN CLENDENNEN,written,en,"To ask the Minister for Health to list each acute hospital diabetes service in the State which currently has the capacity to initiate adult patients with type 1 diabetes onto insulin-pump therapy; to provide details of each hospital which can provide ongoing pump management and aftercare but cannot initiate patients; and to provide details of each hospital providing neither service, in tabular form.",the minister for health to list each acute hospital diabetes service in the state which currently has the capacity to initiate adult patients with type 1 diabetes onto insulin-pump therapy of each hospital which can provide ongoing pump management and aftercare but cannot initiate patients and of each hospital providing neither service in tabular form 66265 26,Health,1777,1779
425. Deputy John Clendennen asked the Minister for Health for an update on the implementation framework to complement The Diabetes Policy and Services Review; A strategy for Better Care. [66259/26],,Health,2026-09-17,0.4884070456027984,Healthcare Policy,Healthcare Policy,0.4884070456027984,Health Strategies,0.2994596064090729,Disease Management,0.0716638043522834,Health Services,0.0536324121057987,Departmental Strategies,0.0216680467128753,Health Promotion,0.0146479047834873,Departmental Policies,0.0087441923096776,Medicinal Products,0.0052611683495342,Departmental Programmes,0.0037954521831125,Departmental Reviews,0.002812571125105,66259/26,425,John Clendennen,JOHN CLENDENNEN,written,en,To ask the Minister for Health for an update on the implementation framework to complement The Diabetes Policy and Services Review; A strategy for Better Care.,the minister for health for an update on the implementation framework to complement the diabetes policy and services review a strategy for better care 66259 26,Health,1781,1783
"426. Deputy John Clendennen asked the Minister for Health the number of patients with type 1 diabetes ordinarily resident in County Offaly who are currently receiving insulin-pump therapy, by adults and children; the hospitals at which those patients receive insulin-pump initiation and follow-up car and the number who are required to travel outside of County Offaly for such care, in tabular form. [66263/26]",,Health,2026-09-17,0.2247777432203292,Medical Aids and Appliances,Medical Aids and Appliances,0.2247777432203292,Health Services,0.1969587206840515,Disease Management,0.1726886630058288,Medicinal Products,0.1519809514284134,Departmental Data,0.1163200363516807,Hospital Services,0.0181614365428686,Cancer Services,0.0157221127301454,Healthcare Policy,0.0141616258770227,Hospital Procedures,0.012511609122157,National Treatment Purchase Fund,0.0094824926927685,66263/26,426,John Clendennen,JOHN CLENDENNEN,written,en,"To ask the Minister for Health the number of patients with type 1 diabetes ordinarily resident in County Offaly who are currently receiving insulin-pump therapy, by adults and children; the hospitals at which those patients receive insulin-pump initiation and follow-up car and the number who are required to travel outside of County Offaly for such care, in tabular form.",the minister for health the number of patients with type 1 diabetes ordinarily resident in county offaly who are currently receiving insulin-pump therapy by adults and children the hospitals at which those patients receive insulin-pump initiation and follow-up car and the number who are required to travel outside of county offaly for such care in tabular form 66263 26,Health,1785,1787
"427. Deputy Michael Cahill asked the Minister for Health to address a matter (details supplied); the steps she will take to ensure all doctors that trained in Ireland and obtained their work placements here, have employment opportunities available to them on qualifying; and if she will make a statement on the matter. [66310/26]",,Health,2026-09-17,0.8029981851577759,Health Services Staff,Health Services Staff,0.8029981851577759,Medical Qualifications,0.0465555600821971,General Practitioner Services,0.0322375111281871,Hospital Staff,0.0164903067052364,Nursing Education,0.0162923298776149,Health Services,0.0133000714704394,Nursing and Midwifery Board of Ireland,0.0102474763989448,Primary Care Services,0.0041788555681705,Qualifications Recognition,0.0035913772881031,Departmental Data,0.0032970884349197,66310/26,427,Michael Cahill,MICHAEL CAHILL,written,en,"To ask the Minister for Health to address a matter (details supplied); the steps she will take to ensure all doctors that trained in Ireland and obtained their work placements here, have employment opportunities available to them on qualifying; and if she will make a statement on the matter.",the minister for health to address a matter details supplied the steps she will take to ensure all doctors that trained in ireland and obtained their work placements here have employment opportunities available to them on qualifying and 66310 26,Health,1789,1791
"428. Deputy Michael Cahill asked the Minister for Health the amount the HSE spent on recruiting foreign doctors through the HSE Relocation Package for both EU and non-EU applicants, in each of the years 2020 to 2025 and to date in 2026; and if she will make a statement on the matter. [66315/26]",,Health,2026-09-17,0.6754745244979858,Health Services Staff,Health Services Staff,0.6754745244979858,Health Service Executive,0.271321952342987,Health Services,0.0099261291325092,Hospital Staff,0.0095991780981421,Departmental Data,0.0081615000963211,Departmental Staff,0.0025061236228793,Mental Health Services,0.0023010887671262,Nursing Education,0.0020141552668064,General Practitioner Services,0.0017121559940278,Covid-19 Pandemic,0.0013383639743551,66315/26,428,Michael Cahill,MICHAEL CAHILL,written,en,"To ask the Minister for Health the amount the HSE spent on recruiting foreign doctors through the HSE Relocation Package for both EU and non-EU applicants, in each of the years 2020 to 2025 and to date in 2026; and if she will make a statement on the matter.",the minister for health the amount the hse spent on recruiting foreign doctors through the hse relocation package for both eu and non-eu applicants in each of the years 2020 to 2025 and to date in 2026 and 66315 26,Health,1793,1795
"429. Deputy Roderic O'Gorman asked the Minister for Health in the context of the current cost-of-living pressures cited by health sector unions (details supplied) in the lead-up to planned industrial action; the extent to which her Department and the HSE have assessed the potential to reduce commuting costs and time for clinical nursing grades by facilitating telemedicine-enabled remote or blended working for appropriate non-acute outpatient contacts; whether any analysis has been undertaken of the cost savings to staff, patients, and to the health service, of shifting suitable nursing-delivered outpatient consultations to a remote model. [66243/26]",,Health,2026-09-17,0.4907371699810028,Health Services Staff,Health Services Staff,0.4907371699810028,Industrial Relations,0.061527993530035,Public Sector Pay,0.0557094812393188,Industrial Disputes,0.0308978967368602,Nursing Education,0.029848014935851,Health Service Executive,0.0247097723186016,Medical Qualifications,0.0195754021406173,Healthcare Policy,0.018476229161024,Employment Rights,0.0153386536985635,Health Services,0.0145800095051527,66243/26,429,Roderic O'Gorman,RODERIC O'GORMAN,written,en,"To ask the Minister for Health in the context of the current cost-of-living pressures cited by health sector unions (details supplied) in the lead-up to planned industrial action; the extent to which her Department and the HSE have assessed the potential to reduce commuting costs and time for clinical nursing grades by facilitating telemedicine-enabled remote or blended working for appropriate non-acute outpatient contacts; whether any analysis has been undertaken of the cost savings to staff, patients, and to the health service, of shifting suitable nursing-delivered outpatient consultations to a remote model.",the minister for health in the context of the current cost-of-living pressures cited by health sector unions details supplied in the lead-up to planned industrial action the extent to which her department and the hse have assessed the potential to reduce commuting costs and time for clinical nursing grades by facilitating telemedicine-enabled remote or blended working for appropriate non-acute outpatient contacts whether any analysis has been undertaken of the cost savings to staff patients and to the health service of shifting suitable nursing-delivered outpatient consultations to a remote model 66243 26,Health,1797,1799
"430. Deputy Roderic O'Gorman asked the Minister for Health the steps being taken to ensure that clinical nursing grades (details supplied) are equally facilitated in accessing blended working and telemedicine-enabled remote consultation arrangements, in line with the HSE Blended Working Policy; whether guidelines exist to assess which nursing-delivered patient contacts are appropriate for remote delivery; the extent to which approval of such arrangements varies by HSE Health Region or by local management discretion and the measures in place to prevent grade-based or regional disparity in access to these arrangements. [66242/26]",,Health,2026-09-17,0.6709784865379333,Health Services Staff,Health Services Staff,0.6709784865379333,Hospital Staff,0.0520557798445224,Health Service Executive,0.0423874966800212,Departmental Data,0.0339048691093921,Nursing Education,0.0253756120800972,Departmental Staff,0.0173420011997222,Health Services,0.0160290170460939,Medical Qualifications,0.0093008913099765,Departmental Reviews,0.0078089209273457,Healthcare Policy,0.007549584377557,66242/26,430,Roderic O'Gorman,RODERIC O'GORMAN,written,en,"To ask the Minister for Health the steps being taken to ensure that clinical nursing grades (details supplied) are equally facilitated in accessing blended working and telemedicine-enabled remote consultation arrangements, in line with the HSE Blended Working Policy; whether guidelines exist to assess which nursing-delivered patient contacts are appropriate for remote delivery; the extent to which approval of such arrangements varies by HSE Health Region or by local management discretion and the measures in place to prevent grade-based or regional disparity in access to these arrangements.",the minister for health the steps being taken to ensure that clinical nursing grades details supplied are equally facilitated in accessing blended working and telemedicine-enabled remote consultation arrangements in line with the hse blended working policy whether guidelines exist to assess which nursing-delivered patient contacts are appropriate for remote delivery the extent to which approval of such arrangements varies by hse health region or by local management discretion and the measures in place to prevent grade-based or regional disparity in access to these arrangements 66242 26,Health,1801,1803
"431. Deputy Pádraig Rice asked the Minister for Health of the 74 posts identified for agency conversion in the 2026 HSE National Service Plan, the number that has been converted to HSE posts to date. [66161/26]",,Health,2026-09-17,0.6905521750450134,Health Service Executive,Health Service Executive,0.6905521750450134,Health Services Staff,0.2490672320127487,Health Services,0.0177326779812574,Departmental Data,0.0115086156874895,Mental Health Services,0.0068902666680514,Disability Services,0.0030142723117023,Hospital Staff,0.0015978228766471,Departmental Funding,0.0014885275159031,Departmental Staff,0.0013857008889317,Departmental Bodies,0.001257607480511,66161/26,431,Pádraig Rice,PÁDRAIG RICE,written,en,"To ask the Minister for Health of the 74 posts identified for agency conversion in the 2026 HSE National Service Plan, the number that has been converted to HSE posts to date.",the minister for health of the 74 posts identified for agency conversion in the 2026 hse national service plan the number that has been converted to hse posts to date 66161 26,Health,1805,1807
"432. Deputy John Brady asked the Minister for Further and Higher Education, Research, Innovation and Science if his Department maintains a risk register; if so, if copies of the register since 2022 will be provided; and if he will make a statement on the matter. [66067/26]",,Further and Higher Education,2026-09-17,0.0821821317076683,Further and Higher Education,Further and Higher Education,0.0821821317076683,Departmental Data,0.0797746181488037,Education and Training Provision,0.0794671699404716,Departmental Reviews,0.0760504379868507,Third Level Education,0.0386915728449821,Departmental Inquiries,0.0381924510002136,Qualifications Recognition,0.0337451510131359,Departmental Policies,0.0310434512794017,Other,0.0299463979899883,Health and Safety,0.0182404648512601,66067/26,432,John Brady,JOHN BRADY,written,en,"To ask the Minister for Further and Higher Education, Research, Innovation and Science if his Department maintains a risk register; if so, if copies of the register since 2022 will be provided; and if he will make a statement on the matter.",the minister for further and higher education research innovation and science if his department maintains a risk register if so if copies of the register since 2022 will be provided and 66067 26,"Further and Higher Education, Research, Innovation and Science",1812,1814
"433. Deputy Malcolm Byrne asked the Minister for Further and Higher Education, Research, Innovation and Science whether Government has undertaken an assessment of the potential implications of advances in artificial intelligence for Ireland’s future economic competitiveness and labour market; the skills, talent and workforce requirements identified; whether the capacity of the higher education sector to meet these requirements has been evaluated including whether any risks have been identified arising from current funding deficits in the sector; and if he will make a statement on the matter. [65988/26]",,Further and Higher Education,2026-09-17,0.9601548314094543,Artificial Intelligence,Artificial Intelligence,0.9601548314094543,Information and Communications Technology,0.0195770896971225,Departmental Policies,0.0030673409346491,Departmental Strategies,0.0018427176401019,Cybersecurity Policy,0.001096430234611,Departmental Projects,0.0009789110627025,Departmental Functions,0.000794168561697,Education and Training Provision,0.0007921907817944,Departmental Data,0.0005765996174886,Departmental Bodies,0.0004677705001085,65988/26,433,Malcolm Byrne,MALCOLM BYRNE,written,en,"To ask the Minister for Further and Higher Education, Research, Innovation and Science whether Government has undertaken an assessment of the potential implications of advances in artificial intelligence for Ireland’s future economic competitiveness and labour market; the skills, talent and workforce requirements identified; whether the capacity of the higher education sector to meet these requirements has been evaluated including whether any risks have been identified arising from current funding deficits in the sector; and if he will make a statement on the matter.",the minister for further and higher education research innovation and science whether government has undertaken an assessment of the potential implications of advances in artificial intelligence for ireland s future economic competitiveness and labour market the skills talent and workforce requirements identified whether the capacity of the higher education sector to meet these requirements has been evaluated including whether any risks have been identified arising from current funding deficits in the sector and 65988 26,"Further and Higher Education, Research, Innovation and Science",1816,1818
"434. Deputy Séamus Mcgrath asked the Minister for Further and Higher Education, Research, Innovation and Science to consider the points raised (details supplied) in relation to the DARE scheme. [66139/26]",,Further and Higher Education,2026-09-17,0.2568103969097137,Further and Higher Education,Further and Higher Education,0.2568103969097137,Departmental Schemes,0.1916184574365615,Grant Payments,0.0993706732988357,Apprenticeship Programmes,0.0665502622723579,Third Level Education,0.0585163682699203,Education and Training Provision,0.0428672358393669,Third Level Costs,0.0402432084083557,Education Schemes,0.0377197153866291,Third Level Fees,0.0139660146087408,Departmental Programmes,0.0103539507836103,66139/26,434,Séamus Mcgrath,SÉAMUS MCGRATH,written,en,"To ask the Minister for Further and Higher Education, Research, Innovation and Science to consider the points raised (details supplied) in relation to the DARE scheme.",the minister for further and higher education research innovation and science to consider the points raised details supplied the dare scheme 66139 26,"Further and Higher Education, Research, Innovation and Science",1820,1822
"435. Deputy Paul Lawless asked the Minister for Rural and Community Development and the Gaeltacht the reason the annual €3,000 grant scheme for Men's Sheds was not made available this year; the reason for its discontinuation; whether any alternative funding supports have been put in place for Men's Sheds; and if he will make a statement on the matter. [66260/26]",,Rural,2026-09-17,0.4672036170959472,Men's Sheds,Men's Sheds,0.4672036170959472,Departmental Funding,0.1210473701357841,Departmental Schemes,0.0892609879374504,Community Development Projects,0.0788124054670333,Rural Schemes,0.0365428365767002,Grant Payments,0.0245512835681438,Rural Recreation Policy,0.015808705240488,Sports Funding,0.0127342175692319,Departmental Programmes,0.011146854609251,Social Welfare Schemes,0.0097411051392555,66260/26,435,Paul Lawless,PAUL LAWLESS,written,en,"To ask the Minister for Rural and Community Development and the Gaeltacht the reason the annual €3,000 grant scheme for Men's Sheds was not made available this year; the reason for its discontinuation; whether any alternative funding supports have been put in place for Men's Sheds; and if he will make a statement on the matter.",the minister for rural and community development and the gaeltacht the reason the annual 3 000 grant scheme for men s sheds was not made available this year the reason for its discontinuation whether any alternative funding supports have been put in place for men s sheds and 66260 26,Rural and Community Development and the Gaeltacht,1827,1829
436. Deputy Niamh Smyth asked the Minister for Rural and Community Development and the Gaeltacht If he will review the correspondence (details supplied); if he will provide an update on the Community Investment Fund application in question. [66316/26],,Rural,2026-09-17,0.3401841521263122,Community Development Projects,Community Development Projects,0.3401841521263122,Departmental Schemes,0.1437510997056961,Departmental Funding,0.1378942281007766,Rural Schemes,0.1088815331459045,Departmental Programmes,0.0341218225657939,Departmental Correspondence,0.0290417969226837,Departmental Data,0.0161370337009429,Community Welfare Services,0.0152301341295242,Men's Sheds,0.0135111194103956,Departmental Inquiries,0.0107005983591079,66316/26,436,Niamh Smyth,NIAMH SMYTH,written,en,To ask the Minister for Rural and Community Development and the Gaeltacht If he will review the correspondence (details supplied); if he will provide an update on the Community Investment Fund application in question.,the minister for rural and community development and the gaeltacht if he will review the correspondence details supplied if he will provide an update on the community investment fund application in question 66316 26,Rural and Community Development and the Gaeltacht,1831,1833
"437. Deputy John Brady asked the Minister for Rural and Community Development and the Gaeltacht if his Department maintains a risk register; if so, if copies of the register since 2022 will be provided; and if he will make a statement on the matter. [66454/26]",,Rural,2026-09-17,0.0488002672791481,Community Development Projects,Community Development Projects,0.0488002672791481,Other,0.04816734790802,Departmental Policies,0.0439722724258899,Control of Dogs,0.0354749113321304,Departmental Data,0.0302225090563297,Rural Schemes,0.0296965334564447,Island Communities,0.0288139842450618,Departmental Reviews,0.0205715019255876,Charitable and Voluntary Organisations,0.0186669304966926,Departmental Strategies,0.0160506330430507,66454/26,437,John Brady,JOHN BRADY,written,en,"To ask the Minister for Rural and Community Development and the Gaeltacht if his Department maintains a risk register; if so, if copies of the register since 2022 will be provided; and if he will make a statement on the matter.",the minister for rural and community development and the gaeltacht if his department maintains a risk register if so if copies of the register since 2022 will be provided and 66454 26,Rural and Community Development and the Gaeltacht,1835,1837
