question,heading,department,date,pred_confidence,pred_heading,alt_heading_1,alt_conf_1,alt_heading_2,alt_conf_2,alt_heading_3,alt_conf_3,alt_heading_4,alt_conf_4,alt_heading_5,alt_conf_5,alt_heading_6,alt_conf_6,alt_heading_7,alt_conf_7,alt_heading_8,alt_conf_8,alt_heading_9,alt_conf_9,alt_heading_10,alt_conf_10,refNo,question_number,deputy,deputy_source,answer_type,language,raw_question,question_clean,department_paper,source_question_paragraph,source_pq_paragraph
"1. Deputy Matt Carthy asked the Minister for Justice, Home Affairs and Migration the number of protected disclosures made by members and staff of An Garda Síochána, either directly to his Department or through internal Garda channels, and to Fiosrú, in each of the past five years; and the number upheld, dismissed or under examination. [70836/26]",,Justice,2026-10-07,0.8891958594322205,Protected Disclosures,Protected Disclosures,0.8891958594322205,Departmental Data,0.01936543174088,Departmental Legal Cases,0.0116583239287137,Freedom of Information,0.0063179982826113,Departmental Legal Services,0.0048606698401272,State Bodies,0.0045756865292787,Departmental Consultations,0.0037089989054948,Data Protection,0.0028307687025517,Assisted Decision-Making,0.0023394278250634,Other,0.0023357020691037,70836/26,1,Matt Carthy,MATT CARTHY,written,en,"To ask the Minister for Justice, Home Affairs and Migration the number of protected disclosures made by members and staff of An Garda Síochána, either directly to his Department or through internal Garda channels, and to Fiosrú, in each of the past five years; and the number upheld, dismissed or under examination.",the minister for justice home affairs and migration the number of protected disclosures made by members and staff of an garda síochána either directly to his department or through internal garda channels and to fiosrú in each of the past five years and the number upheld dismissed or under examination 70836 26,"Justice, Home Affairs and Migration",19,21
"2. Deputy Gary Gannon asked the Minister for Justice, Home Affairs and Migration further to his previous evidence to the Oireachtas Justice Committee concerning the number of providers arising from the cancellation of pre-contract accommodation agreements, and in light of the Comptroller and Auditor General’s report identifying legal proceedings involving five providers, to account for the difference between those figures; the status of each of the remaining cases or agreements referred to by him; whether any additional settlements or payments have been made in respect of them; and the total financial exposure to the State arising from the cancellation of these agreements. [70965/26]",,Justice,2026-10-07,0.7379704713821411,International Protection,International Protection,0.7379704713821411,Immigration Policy,0.0210199952125549,Asylum Seekers,0.0187673829495906,Family Reunification,0.0183931589126586,Departmental Contracts,0.0178968124091625,Private Security Authority,0.0157432183623313,Departmental Data,0.0121892755851149,Residency Permits,0.0112773338332772,Immigration Status,0.0098085105419158,Asylum Applications,0.0096691874787211,70965/26,2,Gary Gannon,GARY GANNON,written,en,"To ask the Minister for Justice, Home Affairs and Migration further to his previous evidence to the Oireachtas Justice Committee concerning the number of providers arising from the cancellation of pre-contract accommodation agreements, and in light of the Comptroller and Auditor General’s report identifying legal proceedings involving five providers, to account for the difference between those figures; the status of each of the remaining cases or agreements referred to by him; whether any additional settlements or payments have been made in respect of them; and the total financial exposure to the State arising from the cancellation of these agreements.",the minister for justice home affairs and migration further to his previous evidence to the oireachtas justice committee concerning the number of providers arising from the cancellation of pre-contract accommodation agreements and in light of the comptroller and auditor general s report identifying legal proceedings involving five providers to account for the difference between those figures the status of each of the remaining cases or agreements referred to by him whether any additional settlements or payments have been made in respect of them and the total financial exposure to the state arising from the cancellation of these agreements 70965 26,"Justice, Home Affairs and Migration",23,25
"3. Deputy Matt Carthy asked the Minister for Justice, Home Affairs and Migration the number of appeals currently pending before the International Protection Appeals Tribunal. [70838/26]",,Justice,2026-10-07,0.9513187408447266,International Protection,International Protection,0.9513187408447266,Departmental Data,0.0086501380428671,Asylum Seekers,0.005266033578664,Immigration Policy,0.0033316283952444,Asylum Applications,0.0030617893207818,Departmental Contracts,0.0026483433321118,Immigration Support Services,0.0018939396832138,Direct Provision System,0.0018043612362816,"Domestic, Sexual and Gender-based Violence",0.0013291097711771,Immigration Status,0.0011837584897875,70838/26,3,Matt Carthy,MATT CARTHY,written,en,"To ask the Minister for Justice, Home Affairs and Migration the number of appeals currently pending before the International Protection Appeals Tribunal.",the minister for justice home affairs and migration the number of appeals currently pending before the international protection appeals tribunal 70838 26,"Justice, Home Affairs and Migration",27,29
"4. Deputy Thomas Gould asked the Minister for Justice, Home Affairs and Migration the proposed process and timeline for the two new prisons in the Glen, Cork City. [70856/26]",,Justice,2026-10-07,0.9812920093536376,Prison Service,Prison Service,0.9812920093536376,Departmental Data,0.0034999104682356,Other,0.0014019877417013,Departmental Expenditure,0.0009277364588342,International Protection,0.0005860427627339,An Garda Síochána,0.0005496745579876,Mental Health Services,0.000544668524526,Departmental Properties,0.0004882365465164,Departmental Projects,0.0004548133874777,Health Services,0.0004439339099917,70856/26,4,Thomas Gould,THOMAS GOULD,written,en,"To ask the Minister for Justice, Home Affairs and Migration the proposed process and timeline for the two new prisons in the Glen, Cork City.",the minister for justice home affairs and migration the proposed process and timeline for the two new prisons in the glen cork city 70856 26,"Justice, Home Affairs and Migration",31,33
"5. Deputy Barry Heneghan asked the Minister for Justice, Home Affairs and Migration the steps being taken to increase the number and visibility of dedicated community Gardaí, particularly in areas experiencing significant population growth and anti-social behaviour; if additional resources will be provided to strengthen community policing teams and maintain consistent engagement between Gardaí and local communities. [70691/26]",,Justice,2026-10-07,0.7710092067718506,An Garda Síochána,An Garda Síochána,0.7710092067718506,Crime Prevention,0.1408329755067825,Antisocial Behaviour,0.013055725954473,Departmental Data,0.0083498731255531,Local Community Safety Partnerships,0.0071761682629585,Domestic Violence,0.0042168074287474,"Domestic, Sexual and Gender-based Violence",0.0039539379067718,Youth Services,0.0037384044844657,Probation and Welfare Service,0.0031996688339859,Community Welfare Services,0.0030622025951743,70691/26,5,Barry Heneghan,BARRY HENEGHAN,written,en,"To ask the Minister for Justice, Home Affairs and Migration the steps being taken to increase the number and visibility of dedicated community Gardaí, particularly in areas experiencing significant population growth and anti-social behaviour; if additional resources will be provided to strengthen community policing teams and maintain consistent engagement between Gardaí and local communities.",the minister for justice home affairs and migration the steps being taken to increase the number and visibility of dedicated community gardaí particularly in areas experiencing significant population growth and anti-social behaviour if additional resources will be provided to strengthen community policing teams and maintain consistent engagement between gardaí and local communities 70691 26,"Justice, Home Affairs and Migration",41,43
"6. Deputy Peadar Tóibín asked the Minister for Justice, Home Affairs and Migration if his Department maintains records of security expenditure on a centre-by-centre basis in respect of all International Protection Accommodation Service accommodation centres; and, if so, the name and location of each centre, the security provider engaged, and the total amount spent on security services at each centre for each of the past five years and to date in 2026, in tabular form. [70296/26]",,Justice,2026-10-07,0.953210175037384,International Protection,International Protection,0.953210175037384,Emergency Accommodation,0.0089166508987545,Asylum Seekers,0.0064696869812905,Departmental Contracts,0.0053851907141506,Departmental Data,0.0041764825582504,Departmental Expenditure,0.0039190067909657,Direct Provision System,0.0037816211115568,Departmental Properties,0.0013214488280937,"Domestic, Sexual and Gender-based Violence",0.0010294419480487,Immigration Support Services,0.0009658236522227,70296/26,6,Peadar Tóibín,PEADAR TÓIBÍN,written,en,"To ask the Minister for Justice, Home Affairs and Migration if his Department maintains records of security expenditure on a centre-by-centre basis in respect of all International Protection Accommodation Service accommodation centres; and, if so, the name and location of each centre, the security provider engaged, and the total amount spent on security services at each centre for each of the past five years and to date in 2026, in tabular form.",the minister for justice home affairs and migration if his department maintains records of security expenditure on a centre-by-centre basis in respect of all international protection accommodation service accommodation centres and if so the name and location of each centre the security provider engaged and the total amount spent on security services at each centre for each of the past five years and to date in 2026 in tabular form 70296 26,"Justice, Home Affairs and Migration",45,47
"7. Deputy Naoise Ó Cearúil asked the Minister for Justice, Home Affairs and Migration the assessments undertaken by his Department and An Garda Síochána regarding the need for increased Garda resources and Garda visibility in rapidly growing constituencies like Kildare north. [70464/26]",,Justice,2026-10-07,0.945133090019226,An Garda Síochána,An Garda Síochána,0.945133090019226,Crime Prevention,0.0190539732575416,Departmental Data,0.0094864759594202,Antisocial Behaviour,0.0015002199215814,Domestic Violence,0.0014987513422966,International Protection,0.0011476431973278,Drug Dealing,0.0009338186355307,"Domestic, Sexual and Gender-based Violence",0.0008621219894848,Probation and Welfare Service,0.0008068173192441,Departmental Programmes,0.0007271795766428,70464/26,7,Naoise Ó Cearúil,NAOISE Ó CEARÚIL,written,en,"To ask the Minister for Justice, Home Affairs and Migration the assessments undertaken by his Department and An Garda Síochána regarding the need for increased Garda resources and Garda visibility in rapidly growing constituencies like Kildare north.",the minister for justice home affairs and migration the assessments undertaken by his department and an garda síochána regarding the need for increased garda resources and garda visibility in rapidly growing constituencies like kildare north 70464 26,"Justice, Home Affairs and Migration",49,51
"8. Deputy Pádraig O'Sullivan asked the Minister for Justice, Home Affairs and Migration the number of persons held in prison pending deportation in 2025 and 2026 to date; and the median length of that detention. [70508/26]",,Justice,2026-10-07,0.8860125541687012,Deportation Orders,Deportation Orders,0.8860125541687012,Departmental Data,0.0495736524462699,Prison Service,0.0142732905223965,Asylum Seekers,0.0054134293459355,Asylum Applications,0.004824386909604,Departmental Staff,0.0023459077347069,Immigration Policy,0.0020368853583931,Family Reunification,0.0018908369820564,Immigration Status,0.001852917834185,International Protection,0.0017861641244962,70508/26,8,Pádraig O'Sullivan,PÁDRAIG O'SULLIVAN,written,en,"To ask the Minister for Justice, Home Affairs and Migration the number of persons held in prison pending deportation in 2025 and 2026 to date; and the median length of that detention.",the minister for justice home affairs and migration the number of persons held in prison pending deportation in 2025 and 2026 to date and the median length of that detention 70508 26,"Justice, Home Affairs and Migration",53,55
"9. Deputy Paul Mcauliffe asked the Minister for Justice, Home Affairs and Migration the way in which he plans to address the concerns of a campaign (details supplied) which has advocated for sentencing reform and victims’ rights in Ireland. [70447/26]",,Justice,2026-10-07,0.239425778388977,Sentencing Policy,Sentencing Policy,0.239425778388977,Crime Prevention,0.1838692128658294,Legislative Measures,0.0699664801359176,Victim Support Services,0.0492215566337108,Departmental Policies,0.0392750315368175,Prison Service,0.0331982336938381,Family Law Cases,0.024395665153861,Courts Service,0.0221262034028768,Legislative Reviews,0.0214396528899669,Local Community Safety Partnerships,0.0200270898640155,70447/26,9,Paul Mcauliffe,PAUL MCAULIFFE,written,en,"To ask the Minister for Justice, Home Affairs and Migration the way in which he plans to address the concerns of a campaign (details supplied) which has advocated for sentencing reform and victims’ rights in Ireland.",the minister for justice home affairs and migration the way in which he plans to address the concerns of a campaign details supplied which has advocated for sentencing reform and victims rights in ireland 70447 26,"Justice, Home Affairs and Migration",57,59
"10. Deputy George Lawlor asked the Minister for Justice, Home Affairs and Migration the number of Irish citizens and non Irish citizens who are currently prisoners within the Irish Prison system; and a breakdown of all prisoners nationalities. [69742/26]",,Justice,2026-10-07,0.9565914869308472,Prison Service,Prison Service,0.9565914869308472,Departmental Data,0.0299019608646631,Irish Prisoners Abroad,0.0011269788956269,Departmental Staff,0.0010996657656505,Other,0.0010392171097919,Asylum Seekers,0.0010264632292091,International Protection,0.0007863080245442,Deportation Orders,0.0005587643245235,Departmental Expenditure,0.0003335700312163,Asylum Applications,0.0003034977708011,69742/26,10,George Lawlor,GEORGE LAWLOR,written,en,"To ask the Minister for Justice, Home Affairs and Migration the number of Irish citizens and non Irish citizens who are currently prisoners within the Irish Prison system; and a breakdown of all prisoners nationalities.",the minister for justice home affairs and migration the number of irish citizens and non irish citizens who are currently prisoners within the irish prison system and a breakdown of all prisoners nationalities 69742 26,"Justice, Home Affairs and Migration",61,63
"11. Deputy Gary Gannon asked the Minister for Justice, Home Affairs and Migration if any amendments to Statutory Instrument No.303/2026 have been made to bring his recently announced changes to the legal aid scheme into force. [70647/26]",,Justice,2026-10-07,0.8314547538757324,Legal Aid,Legal Aid,0.8314547538757324,Legal Services Regulation,0.0229003597050905,Legislative Measures,0.022222751751542,Courts Service,0.0199769530445337,Legislative Reviews,0.0121257314458489,Family Law Cases,0.0071946191601455,Legislative Programme,0.0060125067830085,Residency Permits,0.0052701071836054,Legislative Process,0.0050051235593855,Immigration Status,0.0048250015825033,70647/26,11,Gary Gannon,GARY GANNON,written,en,"To ask the Minister for Justice, Home Affairs and Migration if any amendments to Statutory Instrument No.303/2026 have been made to bring his recently announced changes to the legal aid scheme into force.",the minister for justice home affairs and migration if any amendments to statutory instrument no 303 2026 have been made to bring his recently announced changes to the legal aid scheme into force 70647 26,"Justice, Home Affairs and Migration",65,67
"12. Deputy Erin Mcgreehan asked the Minister for Justice, Home Affairs and Migration the number of Gardaí in County Louth; and measures he is taking to increase the number. [70467/26]",,Justice,2026-10-07,0.9880528450012208,An Garda Síochána,An Garda Síochána,0.9880528450012208,Departmental Data,0.0088473847135901,Crime Prevention,0.0005277875461615,Road Traffic Offences,0.0001310788502451,Departmental Schemes,0.0001063934178091,Antisocial Behaviour,0.0001006891034194,Crime Data,9.968149970518424e-05,Other,9.088177466765046e-05,Domestic Violence,8.940796396927908e-05,Ministerial Staff,8.832690218696371e-05,70467/26,12,Erin Mcgreehan,ERIN MCGREEHAN,written,en,"To ask the Minister for Justice, Home Affairs and Migration the number of Gardaí in County Louth; and measures he is taking to increase the number.",the minister for justice home affairs and migration the number of gardaí in county louth and measures he is taking to increase the number 70467 26,"Justice, Home Affairs and Migration",69,71
"13. Deputy Peadar Tóibín asked the Minister for Justice, Home Affairs and Migration the total expenditure incurred by the State on criminal legal aid in respect of persons aged under 18 years in each of the years 2023, 2024, 2025 and to date in 2026; and the estimated amount of that expenditure attributable to juveniles who had previously been convicted of one or more criminal offences. [70303/26]",,Justice,2026-10-07,0.8550946116447449,Legal Aid,Legal Aid,0.8550946116447449,Departmental Legal Services,0.0288749448955059,Departmental Data,0.026332501322031,Departmental Legal Cases,0.0195485912263393,Legal Services Regulation,0.0130652654916048,Courts Service,0.0078049344010651,Other,0.0051405197009444,Departmental Expenditure,0.0039733462035655,Residency Permits,0.0022070524282753,Immigration Status,0.0016813155962154,70303/26,13,Peadar Tóibín,PEADAR TÓIBÍN,written,en,"To ask the Minister for Justice, Home Affairs and Migration the total expenditure incurred by the State on criminal legal aid in respect of persons aged under 18 years in each of the years 2023, 2024, 2025 and to date in 2026; and the estimated amount of that expenditure attributable to juveniles who had previously been convicted of one or more criminal offences.",the minister for justice home affairs and migration the total expenditure incurred by the state on criminal legal aid in respect of persons aged under 18 years in each of the years 2023 2024 2025 and to date in 2026 and the estimated amount of that expenditure attributable to juveniles who had previously been convicted of one or more criminal offences 70303 26,"Justice, Home Affairs and Migration",73,75
"14. Deputy Paul Murphy asked the Minister for Justice, Home Affairs and Migration if he will abolish the proposed extension of the residency requirement by three years for citizenship; and if he will make a statement on the matter. [70618/26]",,Justice,2026-10-07,0.8893185257911682,Citizenship Applications,Citizenship Applications,0.8893185257911682,Immigration Policy,0.0300396997481584,Immigration Status,0.0249832738190889,Naturalisation Applications,0.0122928479686379,Residency Permits,0.0115260239690542,Departmental Policies,0.003902587108314,Citizenship Ceremonies,0.0031825432088226,Departmental Data,0.0022926039528101,Visa Applications,0.0018959972076117,Departmental Schemes,0.0017495894571766,70618/26,14,Paul Murphy,PAUL MURPHY,written,en,"To ask the Minister for Justice, Home Affairs and Migration if he will abolish the proposed extension of the residency requirement by three years for citizenship; and if he will make a statement on the matter.",the minister for justice home affairs and migration if he will abolish the proposed extension of the residency requirement by three years for citizenship and 70618 26,"Justice, Home Affairs and Migration",77,79
"15. Deputy Peter Roche asked the Minister for Justice, Home Affairs and Migration if his Department has assessed the impact of significant population growth in rural areas, including in County Galway, on policing requirements; whether consideration has been given to the adequacy of current Garda numbers assigned to these areas in light of increased population levels and service demands. [70638/26]",,Justice,2026-10-07,0.9133262038230896,An Garda Síochána,An Garda Síochána,0.9133262038230896,Crime Prevention,0.0466973669826984,Departmental Data,0.0078967390581965,Antisocial Behaviour,0.0030518155544996,Road Traffic Offences,0.0020804430823773,Immigration Policy,0.0016032889252528,Departmental Policies,0.0014056826476007,Drug Dealing,0.0011228068033233,Other,0.0008355461759492,Departmental Functions,0.0008177147246897,70638/26,15,Peter Roche,PETER ROCHE,written,en,"To ask the Minister for Justice, Home Affairs and Migration if his Department has assessed the impact of significant population growth in rural areas, including in County Galway, on policing requirements; whether consideration has been given to the adequacy of current Garda numbers assigned to these areas in light of increased population levels and service demands.",the minister for justice home affairs and migration if his department has assessed the impact of significant population growth in rural areas including in county galway on policing requirements whether consideration has been given to the adequacy of current garda numbers assigned to these areas in light of increased population levels and service demands 70638 26,"Justice, Home Affairs and Migration",81,83
"16. Deputy Barry Heneghan asked the Minister for Justice, Home Affairs and Migration if he will provide an update on the operation and expansion of community CCTV schemes; the supports available to local communities and local authorities seeking to establish or expand CCTV in areas experiencing persistent anti-social behaviour and crime; and if barriers to the approval or implementation of such schemes are being addressed. [70693/26]",,Justice,2026-10-07,0.8897120356559753,Closed-Circuit Television Systems,Closed-Circuit Television Systems,0.8897120356559753,An Garda Síochána,0.0203450936824083,National Broadband Plan,0.0079931365326046,Departmental Schemes,0.0061994465067982,Crime Prevention,0.0038292685057967,State Bodies,0.0035943172406405,Broadband Infrastructure,0.0034940217155963,Television Licence Fee,0.0033724184613674,Antisocial Behaviour,0.0023578202817589,Departmental Funding,0.0023072375915944,70693/26,16,Barry Heneghan,BARRY HENEGHAN,written,en,"To ask the Minister for Justice, Home Affairs and Migration if he will provide an update on the operation and expansion of community CCTV schemes; the supports available to local communities and local authorities seeking to establish or expand CCTV in areas experiencing persistent anti-social behaviour and crime; and if barriers to the approval or implementation of such schemes are being addressed.",the minister for justice home affairs and migration if he will provide an update on the operation and expansion of community cctv schemes the supports available to local communities and local authorities seeking to establish or expand cctv in areas experiencing persistent anti-social behaviour and crime and if barriers to the approval or implementation of such schemes are being addressed 70693 26,"Justice, Home Affairs and Migration",85,87
"17. Deputy Gary Gannon asked the Minister for Justice, Home Affairs and Migration the number of persons diverted by An Garda Síochána to health services under the health diversion scheme since its commencement; the number of Garda members who received specific training on the operation of the scheme prior to its commencement and to date; and the number of occasions on which a person eligible for diversion was not referred. [70648/26]",,Justice,2026-10-07,0.856695830821991,An Garda Síochána,An Garda Síochána,0.856695830821991,Departmental Data,0.0882537737488746,Departmental Schemes,0.0134641444310545,Crime Prevention,0.0091212671250104,Health Services,0.0033480611164122,Drug Dealing,0.0018057688139379,Antisocial Behaviour,0.0017142063006758,"Domestic, Sexual and Gender-based Violence",0.0016846873331815,Probation and Welfare Service,0.0015258300118148,Crime Data,0.0014270407846197,70648/26,17,Gary Gannon,GARY GANNON,written,en,"To ask the Minister for Justice, Home Affairs and Migration the number of persons diverted by An Garda Síochána to health services under the health diversion scheme since its commencement; the number of Garda members who received specific training on the operation of the scheme prior to its commencement and to date; and the number of occasions on which a person eligible for diversion was not referred.",the minister for justice home affairs and migration the number of persons diverted by an garda síochána to health services under the health diversion scheme since its commencement the number of garda members who received specific training on the operation of the scheme prior to its commencement and to date and the number of occasions on which a person eligible for diversion was not referred 70648 26,"Justice, Home Affairs and Migration",89,91
"18. Deputy Erin Mcgreehan asked the Minister for Justice, Home Affairs and Migration for an update on the work of Cuan in County Louth. [70469/26]",,Justice,2026-10-07,0.2263664901256561,An Garda Síochána,An Garda Síochána,0.2263664901256561,Crime Prevention,0.1265390366315841,Prison Service,0.0661972612142562,International Protection,0.0449731759727001,Departmental Projects,0.0362393744289875,Departmental Data,0.0319980233907699,Courts Service,0.0309393852949142,Departmental Functions,0.029669789597392,"Domestic, Sexual and Gender-based Violence",0.028967497870326,Antisocial Behaviour,0.0154292182996869,70469/26,18,Erin Mcgreehan,ERIN MCGREEHAN,written,en,"To ask the Minister for Justice, Home Affairs and Migration for an update on the work of Cuan in County Louth.",the minister for justice home affairs and migration for an update on the work of cuan in county louth 70469 26,"Justice, Home Affairs and Migration",93,95
"19. Deputy Colm Burke asked the Minister for Justice, Home Affairs and Migration the status of the Civil Reform Bill 2025; and the expected publication date of the draft Bill. [70316/26]",,Justice,2026-10-07,0.4045697152614593,Legislative Process,Legislative Process,0.4045697152614593,Legislative Measures,0.2808873653411865,Legislative Programme,0.2682212889194488,Proposed Legislation,0.0082270959392189,Legislative Reviews,0.0078108934685587,Departmental Policies,0.0018555347342044,Programme for Government,0.0014407476410269,Immigration Policy,0.0014237376162782,Statutory Instruments,0.0009260899969376,Other,0.0008889345335774,70316/26,19,Colm Burke,COLM BURKE,written,en,"To ask the Minister for Justice, Home Affairs and Migration the status of the Civil Reform Bill 2025; and the expected publication date of the draft Bill.",the minister for justice home affairs and migration the status of the civil reform bill 2025 and the expected publication date of the draft bill 70316 26,"Justice, Home Affairs and Migration",97,99
"20. Deputy Paul Lawless asked the Minister for Justice, Home Affairs and Migration the number of deportation orders overturned by the Minister for persons who had failed in a judicial review they had taken against the International Protection Appeals Tribunal, in each of the past ten years and to date in 2026; and if he will make a statement on the matter. [69998/26]",,Justice,2026-10-07,0.9349704384803772,Deportation Orders,Deportation Orders,0.9349704384803772,Departmental Data,0.016301991418004,Asylum Applications,0.0057049528695642,Asylum Seekers,0.0046026539057493,International Protection,0.0040905028581619,Immigration Policy,0.0035341351758688,Family Reunification,0.0021343727130442,Prison Service,0.0020372231956571,Immigration Status,0.0018707881681621,"Domestic, Sexual and Gender-based Violence",0.0015971647808328,69998/26,20,Paul Lawless,PAUL LAWLESS,written,en,"To ask the Minister for Justice, Home Affairs and Migration the number of deportation orders overturned by the Minister for persons who had failed in a judicial review they had taken against the International Protection Appeals Tribunal, in each of the past ten years and to date in 2026; and if he will make a statement on the matter.",the minister for justice home affairs and migration the number of deportation orders overturned by the minister for persons who had failed in a judicial review they had taken against the international protection appeals tribunal in each of the past ten years and to date in 2026 and 69998 26,"Justice, Home Affairs and Migration",101,103
"21. Deputy Paul Murphy asked the Minister for Justice, Home Affairs and Migration if his Department has conducted a cost-benefit analysis of his proposals to make it harder for people to attain citizenship; and if he will make a statement on the matter. [70622/26]",,Justice,2026-10-07,0.9030360579490662,Citizenship Applications,Citizenship Applications,0.9030360579490662,Immigration Policy,0.0272777397185564,Immigration Status,0.013269979506731,Departmental Policies,0.0115357786417007,Naturalisation Applications,0.008094010874629,Residency Permits,0.0038104173727333,Legislative Measures,0.0030052941292524,Citizenship Ceremonies,0.0026422636583447,Visa Applications,0.0019974776078015,Other,0.0016738494159653,70622/26,21,Paul Murphy,PAUL MURPHY,written,en,"To ask the Minister for Justice, Home Affairs and Migration if his Department has conducted a cost-benefit analysis of his proposals to make it harder for people to attain citizenship; and if he will make a statement on the matter.",the minister for justice home affairs and migration if his department has conducted a cost-benefit analysis of his proposals to make it harder for people to attain citizenship and 70622 26,"Justice, Home Affairs and Migration",105,107
"22. Deputy Louis O'Hara asked the Minister for Justice, Home Affairs and Migration the number of Garda stations in County Galway which operate on a full time basis. [69729/26]",,Justice,2026-10-07,0.9926800727844238,An Garda Síochána,An Garda Síochána,0.9926800727844238,Departmental Data,0.0041861338540911,Crime Prevention,0.0003813588991761,Crime Data,0.0003014884423464,Domestic Violence,0.0001361918402835,Closed-Circuit Television Systems,0.0001274722308153,Antisocial Behaviour,0.0001169916067738,Road Traffic Offences,0.0001167932859971,Probation and Welfare Service,9.003199375001714e-05,Departmental Properties,8.219566370826215e-05,69729/26,22,Louis O'Hara,LOUIS O'HARA,written,en,"To ask the Minister for Justice, Home Affairs and Migration the number of Garda stations in County Galway which operate on a full time basis.",the minister for justice home affairs and migration the number of garda stations in county galway which operate on a full time basis 69729 26,"Justice, Home Affairs and Migration",109,111
"23. Deputy Tom Brabazon asked the Minister for Justice, Home Affairs and Migration whether, further to the provisions of the Children Act 2001, he will consider introducing legislation providing criminal liability for a parent or guardian where it can be established that a wilful or reckless failure to exercise reasonable care or control has contributed to anti-social or criminal behaviour by a child under 18 years. [70484/26]",,Justice,2026-10-07,0.1914302706718444,Legislative Measures,Legislative Measures,0.1914302706718444,Child Protection,0.1024299636483192,Departmental Policies,0.0895100831985473,Legislative Reviews,0.0686956346035003,Other,0.029817521572113,Family Law Cases,0.0248875170946121,Child Abuse,0.0245450194925069,Proposed Legislation,0.0202224124222993,Antisocial Behaviour,0.018220717087388,Childcare Services,0.0171384867280721,70484/26,23,Tom Brabazon,TOM BRABAZON,written,en,"To ask the Minister for Justice, Home Affairs and Migration whether, further to the provisions of the Children Act 2001, he will consider introducing legislation providing criminal liability for a parent or guardian where it can be established that a wilful or reckless failure to exercise reasonable care or control has contributed to anti-social or criminal behaviour by a child under 18 years.",the minister for justice home affairs and migration whether further to the provisions of the children act 2001 he will consider introducing legislation providing criminal liability for a parent or guardian where it can be established that a wilful or reckless failure to exercise reasonable care or control has contributed to anti-social or criminal behaviour by a child under 18 years 70484 26,"Justice, Home Affairs and Migration",113,115
"24. Deputy Malcolm Byrne asked the Minister for Justice, Home Affairs and Migration to outline public information campaigns planned to raise awareness of NIS2, particularly for businesses and organisations impacted. [70356/26]",,Justice,2026-10-07,0.2897417247295379,International Protection,International Protection,0.2897417247295379,Departmental Data,0.070579208433628,Departmental Policies,0.0489275977015495,Immigration Policy,0.0464892834424972,Asylum Seekers,0.0323697589337825,Disability Services,0.0216694362461566,Assisted Decision-Making,0.0207006968557834,Departmental Bodies,0.0203591417521238,Immigration Support Services,0.0203583668917417,"Domestic, Sexual and Gender-based Violence",0.0185850840061903,70356/26,24,Malcolm Byrne,MALCOLM BYRNE,written,en,"To ask the Minister for Justice, Home Affairs and Migration to outline public information campaigns planned to raise awareness of NIS2, particularly for businesses and organisations impacted.",the minister for justice home affairs and migration public information campaigns planned to raise awareness of nis2 particularly for businesses and organisations impacted 70356 26,"Justice, Home Affairs and Migration",117,119
"25. Deputy Joe Neville asked the Minister for Justice, Home Affairs and Migration the measures that have been implemented by An Garda Síochána to de-escalate incidents of young adults video recording themselves driving the wrong way down motorways, as occurred recently. [70571/26]",,Justice,2026-10-07,0.4005759358406067,An Garda Síochána,An Garda Síochána,0.4005759358406067,Road Traffic Offences,0.3622870445251465,Road Safety,0.0505302883684635,Antisocial Behaviour,0.0313443467020988,Crime Prevention,0.0208503659814596,Road Traffic Accidents,0.0159326363354921,Departmental Data,0.0110582448542118,Closed-Circuit Television Systems,0.0083594806492328,Departmental Policies,0.0053437147289514,Traffic Management,0.0047635757364332,70571/26,25,Joe Neville,JOE NEVILLE,written,en,"To ask the Minister for Justice, Home Affairs and Migration the measures that have been implemented by An Garda Síochána to de-escalate incidents of young adults video recording themselves driving the wrong way down motorways, as occurred recently.",the minister for justice home affairs and migration the measures that have been implemented by an garda síochána to de-escalate incidents of young adults video recording themselves driving the wrong way down motorways as occurred recently 70571 26,"Justice, Home Affairs and Migration",121,123
"26. Deputy Paul Mcauliffe asked the Minister for Justice, Home Affairs and Migration if he plans to increase targeted allocations through the Community Safety Fund to certain parts of the country given the increase in gangland criminal activity in certain parts of the country in recent years. [70449/26]",,Justice,2026-10-07,0.2161599397659301,Departmental Funding,Departmental Funding,0.2161599397659301,Crime Prevention,0.1317722052335739,Departmental Schemes,0.0885910466313362,Community Development Projects,0.0877337083220481,Community Welfare Services,0.0425416715443134,An Garda Síochána,0.0411520153284072,Local Community Safety Partnerships,0.0376785285770893,Departmental Data,0.0371733345091342,Departmental Programmes,0.0259729567915201,Youth Services,0.0238418653607368,70449/26,26,Paul Mcauliffe,PAUL MCAULIFFE,written,en,"To ask the Minister for Justice, Home Affairs and Migration if he plans to increase targeted allocations through the Community Safety Fund to certain parts of the country given the increase in gangland criminal activity in certain parts of the country in recent years.",the minister for justice home affairs and migration if he plans to increase targeted allocations through the community safety fund to certain parts of the country given the increase in gangland criminal activity in certain parts of the country in recent years 70449 26,"Justice, Home Affairs and Migration",125,127
"27. Deputy Mark Ward asked the Minister for Justice, Home Affairs and Migration his views on the roll out of high visibility policing; and the impact it is having in the Dublin area. [70552/26]",,Justice,2026-10-07,0.953542411327362,An Garda Síochána,An Garda Síochána,0.953542411327362,Crime Prevention,0.0152199994772672,Antisocial Behaviour,0.0036917375400662,Road Traffic Offences,0.0033128708600997,Departmental Data,0.0021189516410231,Drug Dealing,0.0013584485277533,Crime Data,0.001078805536963,Closed-Circuit Television Systems,0.0010486841201782,Departmental Offices,0.0010342616587877,"Domestic, Sexual and Gender-based Violence",0.0006771148764528,70552/26,27,Mark Ward,MARK WARD,written,en,"To ask the Minister for Justice, Home Affairs and Migration his views on the roll out of high visibility policing; and the impact it is having in the Dublin area.",the minister for justice home affairs and migration his views on the roll out of high visibility policing and the impact it is having in the dublin area 70552 26,"Justice, Home Affairs and Migration",129,131
"28. Deputy Tony Mccormack asked the Minister for Justice, Home Affairs and Migration for an update on the expansion of Youth Diversion Programmes nationally; and the further measures being taken to intervene early with young people at risk of becoming involved in persistent anti-social behaviour and crime. [70450/26]",,Justice,2026-10-07,0.394130527973175,Youth Services,Youth Services,0.394130527973175,Crime Prevention,0.2239493727684021,Antisocial Behaviour,0.0589479357004165,An Garda Síochána,0.0326763540506362,Departmental Strategies,0.0223050769418478,Departmental Policies,0.0198469180613756,Departmental Programmes,0.0123628126457333,"Domestic, Sexual and Gender-based Violence",0.0119556142017245,Departmental Data,0.0116363381966948,Victim Support Services,0.0097181489691138,70450/26,28,Tony Mccormack,TONY MCCORMACK,written,en,"To ask the Minister for Justice, Home Affairs and Migration for an update on the expansion of Youth Diversion Programmes nationally; and the further measures being taken to intervene early with young people at risk of becoming involved in persistent anti-social behaviour and crime.",the minister for justice home affairs and migration for an update on the expansion of youth diversion programmes nationally and the further measures being taken to intervene early with young people at risk of becoming involved in persistent anti-social behaviour and crime 70450 26,"Justice, Home Affairs and Migration",133,135
"29. Deputy Grace Boland asked the Minister for Justice, Home Affairs and Migration the measures being taken to support and expand youth justice and diversion initiatives aimed at preventing young people from becoming involved in criminal activity; the level of funding provided for such initiatives in each of the past three years and planned for 2027; and the metrics used to assess their effectiveness and outcome. [67087/26]",,Justice,2026-10-07,0.489905446767807,Youth Services,Youth Services,0.489905446767807,Crime Prevention,0.1440670043230056,Departmental Policies,0.0347230620682239,Departmental Funding,0.0206044148653745,Departmental Strategies,0.0194173734635114,Departmental Data,0.0183872338384389,Departmental Programmes,0.0165292117744684,Other,0.0141167696565389,Victim Support Services,0.0141145484521985,"Domestic, Sexual and Gender-based Violence",0.0120084006339311,67087/26,29,Grace Boland,GRACE BOLAND,written,en,"To ask the Minister for Justice, Home Affairs and Migration the measures being taken to support and expand youth justice and diversion initiatives aimed at preventing young people from becoming involved in criminal activity; the level of funding provided for such initiatives in each of the past three years and planned for 2027; and the metrics used to assess their effectiveness and outcome.",the minister for justice home affairs and migration the measures being taken to support and expand youth justice and diversion initiatives aimed at preventing young people from becoming involved in criminal activity the level of funding provided for such initiatives in each of the past three years and planned for 2027 and the metrics used to assess their effectiveness and outcome 67087 26,"Justice, Home Affairs and Migration",137,139
"30. Deputy Tony Mccormack asked the Minister for Justice, Home Affairs and Migration his plans to implement the recommendations of the Cost of Business Advisory Forum report that come under the remit of his Department. [70390/26]",,Justice,2026-10-07,0.5875335335731506,Business Supports,Business Supports,0.5875335335731506,Small and Medium Enterprises,0.0410450734198093,State Bodies,0.0301185026764869,Departmental Expenditure,0.0274216774851083,Departmental Policies,0.0221601333469152,Departmental Schemes,0.0220929682254791,Departmental Data,0.0210131742060184,Enterprise Support Services,0.0191503074020147,Energy Prices,0.0187895465642213,Departmental Bodies,0.0145224137231707,70390/26,30,Tony Mccormack,TONY MCCORMACK,written,en,"To ask the Minister for Justice, Home Affairs and Migration his plans to implement the recommendations of the Cost of Business Advisory Forum report that come under the remit of his Department.",the minister for justice home affairs and migration his plans to implement the recommendations of the cost of business advisory forum report that come under the remit of his department 70390 26,"Justice, Home Affairs and Migration",141,143
"31. Deputy Barry Ward asked the Minister for Justice, Home Affairs and Migration the position regarding the review carried out into the prison system with a view to improving prisoner welfare, education programmes and recidivism rates. [69786/26]",,Justice,2026-10-07,0.9489192962646484,Prison Service,Prison Service,0.9489192962646484,Departmental Data,0.0069857938215136,Departmental Reviews,0.0068343430757522,Other,0.0027941910084336,Sentencing Policy,0.0026477733626961,Mental Health Services,0.0024463753215968,"Domestic, Sexual and Gender-based Violence",0.001498106517829,Departmental Reports,0.0013886862434446,Probation and Welfare Service,0.0010472107678651,Departmental Policies,0.0009926869533956,69786/26,31,Barry Ward,BARRY WARD,written,en,"To ask the Minister for Justice, Home Affairs and Migration the position regarding the review carried out into the prison system with a view to improving prisoner welfare, education programmes and recidivism rates.",the minister for justice home affairs and migration the position regarding the review carried out into the prison system with a view to improving prisoner welfare education programmes and recidivism rates 69786 26,"Justice, Home Affairs and Migration",145,147
"32. Deputy Darren O'Rourke asked the Minister for Justice, Home Affairs and Migration the number of Gardaí in County Meath; the number of new recruits, resignations and retirements in 2025 and to date in 2026. [69723/26]",,Justice,2026-10-07,0.972864866256714,An Garda Síochána,An Garda Síochána,0.972864866256714,Departmental Data,0.0237568579614162,Departmental Staff,0.0004547823918983,Crime Prevention,0.000274855265161,Ministerial Staff,0.0002137403062079,Public Sector Staff,0.0002063301653834,Crime Data,0.0001272923691431,Other,9.90556291071698e-05,Road Traffic Offences,9.624149242881684e-05,Probation and Welfare Service,9.42850165301934e-05,69723/26,32,Darren O'Rourke,DARREN O'ROURKE,written,en,"To ask the Minister for Justice, Home Affairs and Migration the number of Gardaí in County Meath; the number of new recruits, resignations and retirements in 2025 and to date in 2026.",the minister for justice home affairs and migration the number of gardaí in county meath the number of new recruits resignations and retirements in 2025 and to date in 2026 69723 26,"Justice, Home Affairs and Migration",149,151
"33. Deputy Matt Carthy asked the Minister for Justice, Home Affairs and Migration if his Department has examined the impact on the administration of justice of the reduction in the number of criminal legal aid certificates granted since 1 July 2026. [70561/26]",,Justice,2026-10-07,0.940881073474884,Legal Aid,Legal Aid,0.940881073474884,Legal Services Regulation,0.0116478567942976,Courts Service,0.0070617510937154,Residency Permits,0.0037357748951762,Departmental Legal Cases,0.0036800322122871,Departmental Legal Services,0.0033492587972432,Immigration Status,0.0027306086849421,Departmental Data,0.0023788085673004,Citizenship Applications,0.00159694312606,Visa Applications,0.0012993714772164,70561/26,33,Matt Carthy,MATT CARTHY,written,en,"To ask the Minister for Justice, Home Affairs and Migration if his Department has examined the impact on the administration of justice of the reduction in the number of criminal legal aid certificates granted since 1 July 2026.",the minister for justice home affairs and migration if his department has examined the impact on the administration of justice of the reduction in the number of criminal legal aid certificates granted since 1 july 2026 70561 26,"Justice, Home Affairs and Migration",153,155
"34. Deputy Albert Dolan asked the Minister for Justice, Home Affairs and Migration the measures being taken to reduce delays and backlogs across the immigration and international protection systems; and the current actions being taken to improve processing times and administrative capacity. [70523/26]",,Justice,2026-10-07,0.8889079093933105,International Protection,International Protection,0.8889079093933105,Immigration Policy,0.0338571034371852,Departmental Data,0.0168566834181547,Asylum Seekers,0.0158162843436002,Immigration Support Services,0.0070287832058966,Asylum Applications,0.0061014788225293,Ukraine War,0.0035233129747211,Immigration Status,0.0034992797300219,Refugee Resettlement Programme,0.0024635870940983,Emergency Accommodation,0.0017285973299294,70523/26,34,Albert Dolan,ALBERT DOLAN,written,en,"To ask the Minister for Justice, Home Affairs and Migration the measures being taken to reduce delays and backlogs across the immigration and international protection systems; and the current actions being taken to improve processing times and administrative capacity.",the minister for justice home affairs and migration the measures being taken to reduce delays and backlogs across the immigration and international protection systems and the current actions being taken to improve processing times and administrative capacity 70523 26,"Justice, Home Affairs and Migration",157,159
"35. Deputy Louis O'Hara asked the Minister for Justice, Home Affairs and Migration the number of new Gardaí that have graduated to date in 2026; and if he will make a statement on the matter. [69728/26]",,Justice,2026-10-07,0.9819980263710022,An Garda Síochána,An Garda Síochána,0.9819980263710022,Departmental Data,0.0153900729492306,Crime Prevention,0.0003353793290443,Departmental Staff,0.000203410279937,Departmental Schemes,0.0001324051700066,Ministerial Staff,0.0001119632288464,Crime Data,8.937953680288047e-05,Road Traffic Offences,8.463591075269505e-05,Other,6.986616062931716e-05,Domestic Violence,6.540773756569251e-05,69728/26,35,Louis O'Hara,LOUIS O'HARA,written,en,"To ask the Minister for Justice, Home Affairs and Migration the number of new Gardaí that have graduated to date in 2026; and if he will make a statement on the matter.",the minister for justice home affairs and migration the number of new gardaí that have graduated to date in 2026 and 69728 26,"Justice, Home Affairs and Migration",161,163
"36. Deputy James Geoghegan asked the Minister for Justice, Home Affairs and Migration if he will provide an update on the new framework for the authorisation and operation of CCTV schemes through Part 5 of the Garda Síochána (Recording Devices) Act 2023. [70145/26]",,Justice,2026-10-07,0.8703596591949463,Closed-Circuit Television Systems,Closed-Circuit Television Systems,0.8703596591949463,An Garda Síochána,0.0584811121225357,National Broadband Plan,0.0046762842684984,Legislative Measures,0.003920211456716,Crime Prevention,0.0029891903977841,Legislative Programme,0.0028974271845072,Departmental Schemes,0.0028525462839752,Antisocial Behaviour,0.0022016675211489,Road Traffic Offences,0.0021514578256756,State Bodies,0.0020452253520488,70145/26,36,James Geoghegan,JAMES GEOGHEGAN,written,en,"To ask the Minister for Justice, Home Affairs and Migration if he will provide an update on the new framework for the authorisation and operation of CCTV schemes through Part 5 of the Garda Síochána (Recording Devices) Act 2023.",the minister for justice home affairs and migration if he will provide an update on the new framework for the authorisation and operation of cctv schemes through part 5 of the garda síochána recording devices act 2023 70145 26,"Justice, Home Affairs and Migration",165,167
"37. Deputy Séamus Mcgrath asked the Minister for Justice, Home Affairs and Migration the status of plans to roll out body-worn cameras for members of An Garda Síochána; and the expected timeline for the full rollout of same. [70509/26]",,Justice,2026-10-07,0.9812848567962646,An Garda Síochána,An Garda Síochána,0.9812848567962646,Closed-Circuit Television Systems,0.0055842888541519,Crime Prevention,0.0033215438015758,Road Traffic Offences,0.0016063000075519,Departmental Data,0.0009515387937426,Crime Data,0.0008628420182503,Antisocial Behaviour,0.0008580186986364,Departmental Policies,0.0002815368352457,Other,0.0002805165131576,"Domestic, Sexual and Gender-based Violence",0.0002587612834759,70509/26,37,Séamus Mcgrath,SÉAMUS MCGRATH,written,en,"To ask the Minister for Justice, Home Affairs and Migration the status of plans to roll out body-worn cameras for members of An Garda Síochána; and the expected timeline for the full rollout of same.",the minister for justice home affairs and migration the status of plans to roll out body-worn cameras for members of an garda síochána and the expected timeline for the full rollout of same 70509 26,"Justice, Home Affairs and Migration",169,171
"38. Deputy Matt Carthy asked the Minister for Justice, Home Affairs and Migration his plans to reform the operation of the in-camera rule in family law proceedings. [70639/26]",,Justice,2026-10-07,0.3237978518009186,Family Law Cases,Family Law Cases,0.3237978518009186,Legislative Measures,0.0821963176131248,Courts Service,0.0626210942864418,Other,0.0484805963933467,Departmental Policies,0.0424644127488136,Probate Applications,0.0294082909822464,Departmental Reviews,0.0265417993068695,Legislative Reviews,0.0258978493511676,Coroners Service,0.0215266905725002,Proposed Legislation,0.0152914086356759,70639/26,38,Matt Carthy,MATT CARTHY,written,en,"To ask the Minister for Justice, Home Affairs and Migration his plans to reform the operation of the in-camera rule in family law proceedings.",the minister for justice home affairs and migration his plans to reform the operation of the in-camera rule in family law proceedings 70639 26,"Justice, Home Affairs and Migration",173,175
"39. Deputy Shane Moynihan asked the Minister for Justice, Home Affairs and Migration the number of Gardaí assigned to the Lucan area. [70565/26]",,Justice,2026-10-07,0.994676947593689,An Garda Síochána,An Garda Síochána,0.994676947593689,Departmental Data,0.0035678546410053,Crime Prevention,0.0002465620054863,Crime Data,0.0001212618153658,Road Traffic Offences,8.55970720294863e-05,Domestic Violence,6.209877756191418e-05,Closed-Circuit Television Systems,5.9184018027735874e-05,Antisocial Behaviour,5.8469966461416334e-05,Departmental Staff,5.498782775248401e-05,Ministerial Staff,4.064152744831517e-05,70565/26,39,Shane Moynihan,SHANE MOYNIHAN,written,en,"To ask the Minister for Justice, Home Affairs and Migration the number of Gardaí assigned to the Lucan area.",the minister for justice home affairs and migration the number of gardaí assigned to the lucan area 70565 26,"Justice, Home Affairs and Migration",177,179
"40. Deputy Edward Timmins asked the Minister for Justice, Home Affairs and Migration the measures that have been taken to reduce the value of contracts with IPAS providers; and the plans for the future of same. [70681/26]",,Justice,2026-10-07,0.9127868413925172,International Protection,International Protection,0.9127868413925172,Departmental Contracts,0.0299404766410589,Asylum Seekers,0.0092236259952187,Departmental Data,0.00661764992401,Refugee Resettlement Programme,0.003924939315766,Immigration Policy,0.0032992712222039,Immigration Support Services,0.002973613096401,Departmental Expenditure,0.0026132334023714,Asylum Applications,0.002526432275772,Direct Provision System,0.0017961860867217,70681/26,40,Edward Timmins,EDWARD TIMMINS,written,en,"To ask the Minister for Justice, Home Affairs and Migration the measures that have been taken to reduce the value of contracts with IPAS providers; and the plans for the future of same.",the minister for justice home affairs and migration the measures that have been taken to reduce the value of contracts with ipas providers and the plans for the future of same 70681 26,"Justice, Home Affairs and Migration",181,183
"41. Deputy Aindrias Moynihan asked the Minister for Justice, Home Affairs and Migration the measures that will be introduced to ensure improved Garda visibility in rural communities across Cork north-west; and if he will make a statement on the matter. [70621/26]",,Justice,2026-10-07,0.9836445450782776,An Garda Síochána,An Garda Síochána,0.9836445450782776,Crime Prevention,0.0067210956476628,Antisocial Behaviour,0.0012733584735542,Departmental Data,0.0006685676053166,Road Traffic Offences,0.0006513057160191,Closed-Circuit Television Systems,0.0004480300704017,Crime Data,0.0003559177566785,"Domestic, Sexual and Gender-based Violence",0.0002819284272845,Departmental Policies,0.0002756214234977,Domestic Violence,0.0002658179146237,70621/26,41,Aindrias Moynihan,AINDRIAS MOYNIHAN,written,en,"To ask the Minister for Justice, Home Affairs and Migration the measures that will be introduced to ensure improved Garda visibility in rural communities across Cork north-west; and if he will make a statement on the matter.",the minister for justice home affairs and migration the measures that will be introduced to ensure improved garda visibility in rural communities across cork north-west and 70621 26,"Justice, Home Affairs and Migration",185,187
"42. Deputy Séamus Mcgrath asked the Minister for Justice, Home Affairs and Migration the number of e-bikes currently in use by members of An Garda Síochána. [70510/26]",,Justice,2026-10-07,0.8314300775527954,An Garda Síochána,An Garda Síochána,0.8314300775527954,Road Traffic Offences,0.0937915965914726,Departmental Data,0.0270005967468023,Electric Vehicles,0.0100027695298194,Closed-Circuit Television Systems,0.0041110794991254,Crime Data,0.0031534119043499,Road Safety,0.0025606856215745,Antisocial Behaviour,0.002261601621285,Departmental Schemes,0.0018425484886392,Crime Prevention,0.0017631436930969,70510/26,42,Séamus Mcgrath,SÉAMUS MCGRATH,written,en,"To ask the Minister for Justice, Home Affairs and Migration the number of e-bikes currently in use by members of An Garda Síochána.",the minister for justice home affairs and migration the number of e-bikes currently in use by members of an garda síochána 70510 26,"Justice, Home Affairs and Migration",189,191
"43. Deputy Paula Butterly asked the Minister for Justice, Home Affairs and Migration if he will provide an update on the progress of sentencing reform legislation contained in the Programme for Government; and if he will make a statement on the matter. [70020/26]",,Justice,2026-10-07,0.2351778298616409,Sentencing Policy,Sentencing Policy,0.2351778298616409,Crime Prevention,0.1515840142965316,Legislative Measures,0.1496758759021759,Legislative Reviews,0.0456167198717594,Courts Service,0.0437906272709369,Prison Service,0.0355762280523777,Legislative Programme,0.0275899209082126,Proposed Legislation,0.0247824918478727,Victim Support Services,0.0188569873571395,Family Law Cases,0.016044121235609,70020/26,43,Paula Butterly,PAULA BUTTERLY,written,en,"To ask the Minister for Justice, Home Affairs and Migration if he will provide an update on the progress of sentencing reform legislation contained in the Programme for Government; and if he will make a statement on the matter.",the minister for justice home affairs and migration if he will provide an update on the progress of sentencing reform legislation contained in the programme for government and 70020 26,"Justice, Home Affairs and Migration",193,195
"44. Deputy James Geoghegan asked the Minister for Justice, Home Affairs and Migration if he will provide an update on the expansion of youth justice and youth diversion measures. [70146/26]",,Justice,2026-10-07,0.3850041031837463,Youth Services,Youth Services,0.3850041031837463,Crime Prevention,0.2182147055864334,An Garda Síochána,0.0240010302513837,Departmental Policies,0.0226470027118921,"Domestic, Sexual and Gender-based Violence",0.018247365951538,Departmental Strategies,0.0172374621033668,Victim Support Services,0.0171820782124996,Programme for Government,0.0154917538166046,Antisocial Behaviour,0.0153332687914371,Departmental Programmes,0.0146807804703712,70146/26,44,James Geoghegan,JAMES GEOGHEGAN,written,en,"To ask the Minister for Justice, Home Affairs and Migration if he will provide an update on the expansion of youth justice and youth diversion measures.",the minister for justice home affairs and migration if he will provide an update on the expansion of youth justice and youth diversion measures 70146 26,"Justice, Home Affairs and Migration",197,199
"45. Deputy Brian Stanley asked the Minister for Justice, Home Affairs and Migration the status of the provision of a new court house in Portlaoise; the stage is it currently at; and the progress made to date. [70384/26]",,Justice,2026-10-07,0.4791217446327209,Court Accommodation,Court Accommodation,0.4791217446327209,Courts Service,0.1181479915976524,Departmental Properties,0.0859124064445495,State Properties,0.0439428128302097,An Garda Síochána,0.0344042293727397,Prison Service,0.0171442367136478,Departmental Projects,0.0148741761222481,International Protection,0.0123639376834034,Other,0.0121284862980246,Crime Prevention,0.0090674236416816,70384/26,45,Brian Stanley,BRIAN STANLEY,written,en,"To ask the Minister for Justice, Home Affairs and Migration the status of the provision of a new court house in Portlaoise; the stage is it currently at; and the progress made to date.",the minister for justice home affairs and migration the status of the provision of a new court house in portlaoise the stage is it currently at and the progress made to date 70384 26,"Justice, Home Affairs and Migration",201,203
"46. Deputy Matt Carthy asked the Minister for Justice, Home Affairs and Migration whether the Government remains committed to implementing the multi-agency competent authority model for the National Referral Mechanism established under the Criminal Law (Sexual Offences and Human Trafficking) Act 2024; and if not, the reasons for that decision. [70640/26]",,Justice,2026-10-07,0.2927716970443725,Human Trafficking,Human Trafficking,0.2927716970443725,Immigration Policy,0.0853430107235908,International Agreements,0.0779866203665733,Private Security Authority,0.0410139970481395,Legislative Measures,0.0404834672808647,Departmental Policies,0.0353380180895328,Departmental Data,0.0344627872109413,"Domestic, Sexual and Gender-based Violence",0.0250154994428157,Other,0.0148154627531766,Anti-Racism Measures,0.0123024377971887,70640/26,46,Matt Carthy,MATT CARTHY,written,en,"To ask the Minister for Justice, Home Affairs and Migration whether the Government remains committed to implementing the multi-agency competent authority model for the National Referral Mechanism established under the Criminal Law (Sexual Offences and Human Trafficking) Act 2024; and if not, the reasons for that decision.",the minister for justice home affairs and migration whether the government remains committed to implementing the multi-agency competent authority model for the national referral mechanism established under the criminal law sexual offences and human trafficking act 2024 the reasons for that decision 70640 26,"Justice, Home Affairs and Migration",205,207
"47. Deputy Gary Gannon asked the Minister for Justice, Home Affairs and Migration if his Department has assessed the potential impact of the proposed changes to citizenship eligibility on Ireland’s ability to attract and retain migrant workers; the evidence base that was used to show that increasing the residence requirement for citizenship from five to eight years will improve integration outcomes; and if he will make a statement on the matter. [70690/26]",,Justice,2026-10-07,0.4474369585514068,Citizenship Applications,Citizenship Applications,0.4474369585514068,Immigration Policy,0.3894965350627899,Immigration Status,0.0424184389412403,Residency Permits,0.0181316677480936,Naturalisation Applications,0.0121647864580154,Visa Applications,0.0105838924646377,Immigration Support Services,0.0069874902255833,Asylum Applications,0.0068576149642467,Departmental Policies,0.0068365042097866,International Protection,0.0058869300410151,70690/26,47,Gary Gannon,GARY GANNON,written,en,"To ask the Minister for Justice, Home Affairs and Migration if his Department has assessed the potential impact of the proposed changes to citizenship eligibility on Ireland’s ability to attract and retain migrant workers; the evidence base that was used to show that increasing the residence requirement for citizenship from five to eight years will improve integration outcomes; and if he will make a statement on the matter.",the minister for justice home affairs and migration if his department has assessed the potential impact of the proposed changes to citizenship eligibility on ireland s ability to attract and retain migrant workers the evidence base that was used to show that increasing the residence requirement for citizenship from five to eight years will improve integration outcomes and 70690 26,"Justice, Home Affairs and Migration",209,211
"48. Deputy Malcolm Byrne asked the Minister for Justice, Home Affairs and Migration the actions taken where foreign State actors are implicated in cyberattacks on Ireland; the way in which attribution is determined; and the approximate number of suspected foreign State-sponsored or foreign State-condoned attacks in recent years. [70358/26]",,Justice,2026-10-07,0.9620095491409302,Cybersecurity Policy,Cybersecurity Policy,0.9620095491409302,Data Protection,0.0107367252930998,Information and Communications Technology,0.0055236131884157,National Security,0.0016900714254006,Artificial Intelligence,0.0014134550001472,Departmental Equipment,0.0013361014425754,Departmental Investigations,0.0011302253697067,Departmental Policies,0.001008516177535,Other,0.0009596454328857,Departmental Communications,0.0008676240686327,70358/26,48,Malcolm Byrne,MALCOLM BYRNE,written,en,"To ask the Minister for Justice, Home Affairs and Migration the actions taken where foreign State actors are implicated in cyberattacks on Ireland; the way in which attribution is determined; and the approximate number of suspected foreign State-sponsored or foreign State-condoned attacks in recent years.",the minister for justice home affairs and migration the actions taken where foreign state actors are implicated in cyberattacks on ireland the way in which attribution is determined and the approximate number of suspected foreign state-sponsored or foreign state-condoned attacks in recent years 70358 26,"Justice, Home Affairs and Migration",213,215
"49. Deputy Colm Burke asked the Minister for Justice, Home Affairs and Migration the current status of plans for a large extension to the existing Cork Prison on the site of the old decommissioned Cork Prison which has been vacant for a number of years. [70268/26]",,Justice,2026-10-07,0.8212633728981018,Prison Service,Prison Service,0.8212633728981018,Departmental Properties,0.040684163570404,Departmental Data,0.0172612201422452,Departmental Expenditure,0.0141275450587272,State Properties,0.0127213457599282,International Protection,0.0076675722375512,Departmental Contracts,0.0072912368923425,Other,0.006211707368493,Departmental Projects,0.0056013786233961,Departmental Funding,0.0044352053664624,70268/26,49,Colm Burke,COLM BURKE,written,en,"To ask the Minister for Justice, Home Affairs and Migration the current status of plans for a large extension to the existing Cork Prison on the site of the old decommissioned Cork Prison which has been vacant for a number of years.",the minister for justice home affairs and migration the current status of plans for a large extension to the existing cork prison on the site of the old decommissioned cork prison which has been vacant for a number of years 70268 26,"Justice, Home Affairs and Migration",217,219
"50. Deputy Roderic O'Gorman asked the Minister for Justice, Home Affairs and Migration his position and the reason a significantly larger number of student visa applications from students in Gaza appear to have been rejected in 2026 than in previous years; and if he is taking steps to address this. [70697/26]",,Justice,2026-10-07,0.56559818983078,Visa Applications,Visa Applications,0.56559818983078,Student Visas,0.1411964446306228,Visa Agreements,0.0521707087755203,Immigration Policy,0.023641163483262,Family Reunification,0.0224652513861656,Departmental Data,0.0174635145813226,Third Level Education,0.0109547786414623,Residency Permits,0.0107059823349118,Asylum Applications,0.0091643119230866,Third Level Admissions,0.0064134141430258,70697/26,50,Roderic O'Gorman,RODERIC O'GORMAN,written,en,"To ask the Minister for Justice, Home Affairs and Migration his position and the reason a significantly larger number of student visa applications from students in Gaza appear to have been rejected in 2026 than in previous years; and if he is taking steps to address this.",the minister for justice home affairs and migration his position and the reason a significantly larger number of student visa applications from students in gaza appear to have been rejected in 2026 than in previous years and if he is taking steps to address this 70697 26,"Justice, Home Affairs and Migration",221,223
"51. Deputy Joe Neville asked the Minister for Justice, Home Affairs and Migration the number of cars that have been reported to the Gardaí as stolen since January 2026; and the number for 2025. [70615/26]",,Justice,2026-10-07,0.6542685627937317,An Garda Síochána,An Garda Síochána,0.6542685627937317,Road Traffic Offences,0.1429862827062606,Departmental Data,0.1367448419332504,Crime Prevention,0.0050494060851633,Drug Dealing,0.0045523927547037,Other,0.0038871895521879,Crime Data,0.003028058912605,Antisocial Behaviour,0.0027323591057211,Road Traffic Accidents,0.0025969815906137,Closed-Circuit Television Systems,0.001759210252203,70615/26,51,Joe Neville,JOE NEVILLE,written,en,"To ask the Minister for Justice, Home Affairs and Migration the number of cars that have been reported to the Gardaí as stolen since January 2026; and the number for 2025.",the minister for justice home affairs and migration the number of cars that have been reported to the gardaí as stolen since january 2026 and the number for 2025 70615 26,"Justice, Home Affairs and Migration",225,227
"52. Deputy James O'Connor asked the Minister for Justice, Home Affairs and Migration for an update on the Garda numbers in County Cork, in particular the Midleton district. [70642/26]",,Justice,2026-10-07,0.995050609111786,An Garda Síochána,An Garda Síochána,0.995050609111786,Departmental Data,0.0028406078927218,Crime Prevention,0.0003255660994909,Road Traffic Offences,0.0001644354779273,Crime Data,0.0001486331602791,Antisocial Behaviour,7.15437054168433e-05,Domestic Violence,5.733084253733978e-05,Closed-Circuit Television Systems,5.27217925991863e-05,International Protection,4.529334182734601e-05,Other,4.5245764340506867e-05,70642/26,52,James O'Connor,JAMES O'CONNOR,written,en,"To ask the Minister for Justice, Home Affairs and Migration for an update on the Garda numbers in County Cork, in particular the Midleton district.",the minister for justice home affairs and migration for an update on the garda numbers in county cork in particular the midleton district 70642 26,"Justice, Home Affairs and Migration",229,231
"53. Deputy Brian Stanley asked the Minister for Justice, Home Affairs and Migration if the Irish Prison Service has the technology to identify and track drones at the Midlands Prison, Portlaoise; if the necessary software has been installed; and if so, if staff trained to use it. [69302/26]",,Justice,2026-10-07,0.974847972393036,Prison Service,Prison Service,0.974847972393036,Departmental Data,0.0046774097718298,Departmental Contracts,0.0017427279381081,Other,0.0016804679762572,Departmental Expenditure,0.0010884210932999,Departmental Staff,0.0009500309824943,Departmental Properties,0.0009331927285529,International Protection,0.0006688492139801,An Garda Síochána,0.0006101343897171,Health Services,0.0005139824352227,69302/26,53,Brian Stanley,BRIAN STANLEY,written,en,"To ask the Minister for Justice, Home Affairs and Migration if the Irish Prison Service has the technology to identify and track drones at the Midlands Prison, Portlaoise; if the necessary software has been installed; and if so, if staff trained to use it.",the minister for justice home affairs and migration if the irish prison service has the technology to identify and track drones at the midlands prison portlaoise if the necessary software has been installed if staff trained to use it 69302 26,"Justice, Home Affairs and Migration",233,235
"54. Deputy Richard Boyd Barrett asked the Minister for Justice, Home Affairs and Migration his plans to ensure that Palestinian students who have their visas rejected will have access to a speedy and effective appeals process that would allow them to take up their university places. [70463/26]",,Justice,2026-10-07,0.8166182637214661,Visa Applications,Visa Applications,0.8166182637214661,Immigration Policy,0.0351382456719875,Visa Agreements,0.0278218798339366,Student Visas,0.0249197445809841,Family Reunification,0.0201974380761384,Asylum Applications,0.012100770138204,Residency Permits,0.0094679743051528,Immigration Status,0.0084056220948696,International Protection,0.007195824291557,Work Permits,0.0063059269450604,70463/26,54,Richard Boyd Barrett,RICHARD BOYD BARRETT,written,en,"To ask the Minister for Justice, Home Affairs and Migration his plans to ensure that Palestinian students who have their visas rejected will have access to a speedy and effective appeals process that would allow them to take up their university places.",the minister for justice home affairs and migration his plans to ensure that palestinian students who have their visas rejected will have access to a speedy and effective appeals process that would allow them to take up their university places 70463 26,"Justice, Home Affairs and Migration",237,239
"55. Deputy Richard O'Donoghue asked the Minister for Justice, Home Affairs and Migration the commitment he will provide to people in urban and rural Ireland that there will be a higher Garda presence for the security of all (details supplied). [70684/26]",,Justice,2026-10-07,0.4967160522937774,An Garda Síochána,An Garda Síochána,0.4967160522937774,Crime Prevention,0.142175480723381,Private Security Authority,0.0540175251662731,International Protection,0.0330009423196315,Departmental Policies,0.0257936082780361,Antisocial Behaviour,0.0246044863015413,Local Community Safety Partnerships,0.0197603367269039,Departmental Data,0.0126797640696167,"Domestic, Sexual and Gender-based Violence",0.0113997142761945,Domestic Violence,0.0088073490187525,70684/26,55,Richard O'Donoghue,RICHARD O'DONOGHUE,written,en,"To ask the Minister for Justice, Home Affairs and Migration the commitment he will provide to people in urban and rural Ireland that there will be a higher Garda presence for the security of all (details supplied).",the minister for justice home affairs and migration the commitment he will provide to people in urban and rural ireland that there will be a higher garda presence for the security of all details supplied 70684 26,"Justice, Home Affairs and Migration",241,243
"56. Deputy Richard Boyd Barrett asked the Minister for Justice, Home Affairs and Migration if he is considering withdrawing proposed legislation that would further restrict people to obtain Irish citizenship. [70462/26]",,Justice,2026-10-07,0.6496560573577881,Citizenship Applications,Citizenship Applications,0.6496560573577881,Legislative Measures,0.1399928480386734,Immigration Policy,0.0766132026910781,Departmental Policies,0.0186662022024393,Immigration Status,0.0108340000733733,Naturalisation Applications,0.0100405495613813,Legislative Programme,0.0082020508125424,Other,0.0077827833592891,Legislative Process,0.0070048491470515,Departmental Data,0.0054805842228233,70462/26,56,Richard Boyd Barrett,RICHARD BOYD BARRETT,written,en,"To ask the Minister for Justice, Home Affairs and Migration if he is considering withdrawing proposed legislation that would further restrict people to obtain Irish citizenship.",the minister for justice home affairs and migration if he is considering withdrawing proposed legislation that would further restrict people to obtain irish citizenship 70462 26,"Justice, Home Affairs and Migration",245,247
"57. Deputy Roderic O'Gorman asked the Minister for Justice, Home Affairs and Migration the steps he is taking to ensure that students from Gaza who have been offered places to study in Irish universities this term are supported to have their visas processed, given the exceptional circumstances they are currently experiencing. [70696/26]",,Justice,2026-10-07,0.802160918712616,Visa Applications,Visa Applications,0.802160918712616,Visa Agreements,0.0391130708158016,Immigration Policy,0.0306836497038602,Student Visas,0.0233807694166898,Family Reunification,0.0129664912819862,Asylum Applications,0.0120877753943204,Work Permits,0.0092375185340642,International Protection,0.0088824275881052,Asylum Seekers,0.0077687138691544,Travel Documents,0.0069568906910717,70696/26,57,Roderic O'Gorman,RODERIC O'GORMAN,written,en,"To ask the Minister for Justice, Home Affairs and Migration the steps he is taking to ensure that students from Gaza who have been offered places to study in Irish universities this term are supported to have their visas processed, given the exceptional circumstances they are currently experiencing.",the minister for justice home affairs and migration the steps he is taking to ensure that students from gaza who have been offered places to study in irish universities this term are supported to have their visas processed given the exceptional circumstances they are currently experiencing 70696 26,"Justice, Home Affairs and Migration",249,251
"58. Deputy Ruairí Ó Murchú asked the Minister for Justice, Home Affairs and Migration the current average processing times for international protection applicants; and the progress being made to reduce the processing times for international protection applicants. [70493/26]",,Justice,2026-10-07,0.9666906595230104,International Protection,International Protection,0.9666906595230104,Asylum Seekers,0.0065328269265592,Departmental Data,0.0043052500113844,Asylum Applications,0.0025192874018102,Emergency Accommodation,0.0024085424374789,Refugee Resettlement Programme,0.0023126548621803,Ukraine War,0.0019459894392639,Direct Provision System,0.0015979331219568,Departmental Contracts,0.0015641701174899,Immigration Support Services,0.0014344707597047,70493/26,58,Ruairí Ó Murchú,RUAIRÍ Ó MURCHÚ,written,en,"To ask the Minister for Justice, Home Affairs and Migration the current average processing times for international protection applicants; and the progress being made to reduce the processing times for international protection applicants.",the minister for justice home affairs and migration the current average processing times for international protection applicants and the progress being made to reduce the processing times for international protection applicants 70493 26,"Justice, Home Affairs and Migration",253,255
"59. Deputy Grace Boland asked the Minister for Justice, Home Affairs and Migration the current capacity of domestic violence refuge and support services; and the measures being taken to meet demand for these services. [67088/26]",,Justice,2026-10-07,0.7799239754676819,Domestic Violence,Domestic Violence,0.7799239754676819,"Domestic, Sexual and Gender-based Violence",0.198643296957016,International Protection,0.0033135544508695,Departmental Data,0.0017730463296175,An Garda Síochána,0.0014989126939326,Asylum Seekers,0.0010345748160034,Departmental Funding,0.0006909460062161,Crime Prevention,0.0006836911779828,Victim Support Services,0.000637981458567,Immigration Support Services,0.000528116885107,67088/26,59,Grace Boland,GRACE BOLAND,written,en,"To ask the Minister for Justice, Home Affairs and Migration the current capacity of domestic violence refuge and support services; and the measures being taken to meet demand for these services.",the minister for justice home affairs and migration the current capacity of domestic violence refuge and support services and the measures being taken to meet demand for these services 67088 26,"Justice, Home Affairs and Migration",257,259
"60. Deputy Shane Moynihan asked the Minister for Justice, Home Affairs and Migration the number of community Gardaí assigned to the Lucan area. [70568/26]",,Justice,2026-10-07,0.9860666394233704,An Garda Síochána,An Garda Síochána,0.9860666394233704,Departmental Data,0.0096308020874857,Crime Prevention,0.0010280406568199,International Protection,0.0002266308583784,Domestic Violence,0.0001838050520746,Antisocial Behaviour,0.0001450418058084,Probation and Welfare Service,0.0001361757167614,Crime Data,0.0001224932348122,Departmental Staff,0.0001182009873446,Departmental Schemes,9.406501339981332e-05,70568/26,60,Shane Moynihan,SHANE MOYNIHAN,written,en,"To ask the Minister for Justice, Home Affairs and Migration the number of community Gardaí assigned to the Lucan area.",the minister for justice home affairs and migration the number of community gardaí assigned to the lucan area 70568 26,"Justice, Home Affairs and Migration",261,263
"61. Deputy Naoise Ó Muirí asked the Minister for Justice, Home Affairs and Migration if he will provide an update on the rollout of e-scooter speed testing kits; and the number of e-scooters confiscated by Gardaí. [70631/26]",,Justice,2026-10-07,0.4957882463932037,Road Traffic Offences,Road Traffic Offences,0.4957882463932037,Electric Vehicles,0.2091869562864303,An Garda Síochána,0.0807223170995712,Road Safety,0.0455567091703414,Departmental Data,0.0363969802856445,Transport Policy,0.013041160069406,Departmental Schemes,0.0080803679302334,Driver Test,0.0062389164231717,Departmental Policies,0.0058712074533104,Taxi Licences,0.0049615954048931,70631/26,61,Naoise Ó Muirí,NAOISE Ó MUIRÍ,written,en,"To ask the Minister for Justice, Home Affairs and Migration if he will provide an update on the rollout of e-scooter speed testing kits; and the number of e-scooters confiscated by Gardaí.",the minister for justice home affairs and migration if he will provide an update on the rollout of e-scooter speed testing kits and the number of e-scooters confiscated by gardaí 70631 26,"Justice, Home Affairs and Migration",265,267
"62. Deputy Seán Kyne asked the Minister for Justice, Home Affairs and Migration the status of the rollout and establishment of community safety partnerships nationwide and, in particular, in Galway city and Galway county; the progress made to date in replacing joint policing committees; and if he is satisfied that community safety partnerships are delivering improved outcomes for community engagement and local safety. [70658/26]",,Justice,2026-10-07,0.3735475540161133,Crime Prevention,Crime Prevention,0.3735475540161133,Local Community Safety Partnerships,0.2581035792827606,An Garda Síochána,0.0377049520611763,Victim Support Services,0.0307915136218071,Antisocial Behaviour,0.0247849877923727,"Domestic, Sexual and Gender-based Violence",0.0152085926383733,Domestic Violence,0.014340341091156,Departmental Policies,0.0136045096442103,Departmental Data,0.0103977620601654,Sentencing Policy,0.0102548757568001,70658/26,62,Seán Kyne,SEÁN KYNE,written,en,"To ask the Minister for Justice, Home Affairs and Migration the status of the rollout and establishment of community safety partnerships nationwide and, in particular, in Galway city and Galway county; the progress made to date in replacing joint policing committees; and if he is satisfied that community safety partnerships are delivering improved outcomes for community engagement and local safety.",the minister for justice home affairs and migration the status of the rollout and establishment of community safety partnerships nationwide and in particular in galway city and galway county the progress made to date in replacing joint policing committees and if he is satisfied that community safety partnerships are delivering improved outcomes for community engagement and local safety 70658 26,"Justice, Home Affairs and Migration",269,271
"63. Deputy Albert Dolan asked the Minister for Justice, Home Affairs and Migration the measures being taken to ensure that Garda divisions serving rural communities have sufficient frontline Garda personnel and resources to provide a visible policing presence; and the steps being taken to address vacancies and recruitment pressures. [70452/26]",,Justice,2026-10-07,0.9880326986312866,An Garda Síochána,An Garda Síochána,0.9880326986312866,Crime Prevention,0.0051509412005543,Antisocial Behaviour,0.0007804157794453,Departmental Data,0.0007516824989579,Road Traffic Offences,0.0003679236979223,Crime Data,0.0002764726232271,Probation and Welfare Service,0.0002594011893961,Drug Dealing,0.0002532225626055,Closed-Circuit Television Systems,0.0002201643656007,Domestic Violence,0.0002126527688233,70452/26,63,Albert Dolan,ALBERT DOLAN,written,en,"To ask the Minister for Justice, Home Affairs and Migration the measures being taken to ensure that Garda divisions serving rural communities have sufficient frontline Garda personnel and resources to provide a visible policing presence; and the steps being taken to address vacancies and recruitment pressures.",the minister for justice home affairs and migration the measures being taken to ensure that garda divisions serving rural communities have sufficient frontline garda personnel and resources to provide a visible policing presence and the steps being taken to address vacancies and recruitment pressures 70452 26,"Justice, Home Affairs and Migration",273,275
"64. Deputy Michael Lowry asked the Minister for Justice, Home Affairs and Migration to confirm in the context of a recent review and report, the future status of Garda Training College Templemore; and if he will make a statement on the matter. [70607/26]",,Justice,2026-10-07,0.993099570274353,An Garda Síochána,An Garda Síochána,0.993099570274353,Departmental Data,0.0015771058388054,Crime Prevention,0.0007004567887634,State Properties,0.0002867698785848,Office of Public Works,0.0002149120555259,Antisocial Behaviour,0.000211779406527,Crime Data,0.0001823642669478,Departmental Reviews,0.0001700833672657,Probation and Welfare Service,0.0001661023707129,Other,0.0001635473163332,70607/26,64,Michael Lowry,MICHAEL LOWRY,written,en,"To ask the Minister for Justice, Home Affairs and Migration to confirm in the context of a recent review and report, the future status of Garda Training College Templemore; and if he will make a statement on the matter.",the minister for justice home affairs and migration to confirm in the context of a recent review and report the future status of garda training college templemore and 70607 26,"Justice, Home Affairs and Migration",277,279
"65. Deputy Darren O'Rourke asked the Minister for Justice, Home Affairs and Migration for an update on his plans for Thornton Hall; and projected timeframe for same. [69725/26]",,Justice,2026-10-07,0.4833200871944427,Departmental Properties,Departmental Properties,0.4833200871944427,International Protection,0.1474692672491073,State Properties,0.1002820506691932,An Garda Síochána,0.0297546852380037,Office of Public Works,0.0281036160886287,Departmental Projects,0.0177200715988874,Court Accommodation,0.01373793464154,Prison Service,0.0108577953651547,Departmental Functions,0.0095012839883565,Departmental Expenditure,0.0086515499278903,69725/26,65,Darren O'Rourke,DARREN O'ROURKE,written,en,"To ask the Minister for Justice, Home Affairs and Migration for an update on his plans for Thornton Hall; and projected timeframe for same.",the minister for justice home affairs and migration for an update on his plans for thornton hall and projected timeframe for same 69725 26,"Justice, Home Affairs and Migration",281,283
"66. Deputy Barry Ward asked the Minister for Justice, Home Affairs and Migration the position regarding any allowances being considered for people legally resident in Ireland and in the process of meeting the requirements for Irish citizenship in the context of imminent changes in citizenship requirements. [69773/26]",,Justice,2026-10-07,0.8545655012130737,Citizenship Applications,Citizenship Applications,0.8545655012130737,Immigration Policy,0.0597368516027927,Immigration Status,0.0243763532489538,Naturalisation Applications,0.0182056836783885,Residency Permits,0.0061116856522858,Citizenship Ceremonies,0.0052574342116713,Departmental Data,0.0049128071404993,Visa Applications,0.0027772334869951,International Protection,0.0022948074620217,Departmental Policies,0.0022403113543987,69773/26,66,Barry Ward,BARRY WARD,written,en,"To ask the Minister for Justice, Home Affairs and Migration the position regarding any allowances being considered for people legally resident in Ireland and in the process of meeting the requirements for Irish citizenship in the context of imminent changes in citizenship requirements.",the minister for justice home affairs and migration the position regarding any allowances being considered for people legally resident in ireland and in the process of meeting the requirements for irish citizenship in the context of imminent changes in citizenship requirements 69773 26,"Justice, Home Affairs and Migration",285,287
"67. Deputy Naoise Ó Cearúil asked the Minister for Justice, Home Affairs and Migration the measures being taken by his Department and An Garda Síochána to prevent and reduce anti-social behaviour in communities; and the initiatives currently in place to address issues such as public disorder, dangerous driving, and the misuse of fireworks. [70465/26]",,Justice,2026-10-07,0.4886522889137268,Antisocial Behaviour,Antisocial Behaviour,0.4886522889137268,An Garda Síochána,0.1503155976533889,Crime Prevention,0.1203848123550415,Departmental Policies,0.0316047184169292,Road Traffic Offences,0.0138706378638744,Departmental Data,0.0135889677330851,Legislative Measures,0.0128933768719434,Departmental Strategies,0.0082638347521424,Other,0.006236245855689,Departmental Schemes,0.0057820137590169,70465/26,67,Naoise Ó Cearúil,NAOISE Ó CEARÚIL,written,en,"To ask the Minister for Justice, Home Affairs and Migration the measures being taken by his Department and An Garda Síochána to prevent and reduce anti-social behaviour in communities; and the initiatives currently in place to address issues such as public disorder, dangerous driving, and the misuse of fireworks.",the minister for justice home affairs and migration the measures being taken by his department and an garda síochána to prevent and reduce anti-social behaviour in communities and the initiatives currently in place to address issues such as public disorder dangerous driving and the misuse of fireworks 70465 26,"Justice, Home Affairs and Migration",289,291
"68. Deputy Paul Lawless asked the Minister for Justice, Home Affairs and Migration the reason he overturned in excess of 500 deportation orders last year; and if he will make a statement on the matter. [69997/26]",,Justice,2026-10-07,0.93599134683609,Deportation Orders,Deportation Orders,0.93599134683609,Departmental Data,0.0187359694391489,Asylum Seekers,0.003754201112315,Asylum Applications,0.0029653150122612,Immigration Policy,0.0023844765964895,Prison Service,0.0023057388607412,Family Reunification,0.0021488980855792,Residency Permits,0.0017412882298231,Immigration Status,0.0016448259120807,International Protection,0.0016308448975905,69997/26,68,Paul Lawless,PAUL LAWLESS,written,en,"To ask the Minister for Justice, Home Affairs and Migration the reason he overturned in excess of 500 deportation orders last year; and if he will make a statement on the matter.",the minister for justice home affairs and migration the reason he overturned in excess of 500 deportation orders last year and 69997 26,"Justice, Home Affairs and Migration",293,295
"69. Deputy Aindrias Moynihan asked the Minister for Justice, Home Affairs and Migration the current position regarding Garda recruitment and retention for County Cork; the measures being taken to ensure adequate policing resources for rural Ireland; and if he will make a statement on the matter. [70616/26]",,Justice,2026-10-07,0.9932366013526917,An Garda Síochána,An Garda Síochána,0.9932366013526917,Departmental Data,0.0023449214641004,Crime Prevention,0.0015162391355261,Probation and Welfare Service,0.000208596829907,Road Traffic Offences,0.000194806329091,Crime Data,0.0001650813646847,Antisocial Behaviour,0.0001564596459502,Departmental Staff,0.0001411657576682,Public Sector Staff,0.0001330172817688,Ministerial Staff,0.000129068197566,70616/26,69,Aindrias Moynihan,AINDRIAS MOYNIHAN,written,en,"To ask the Minister for Justice, Home Affairs and Migration the current position regarding Garda recruitment and retention for County Cork; the measures being taken to ensure adequate policing resources for rural Ireland; and if he will make a statement on the matter.",the minister for justice home affairs and migration the current position regarding garda recruitment and retention for county cork the measures being taken to ensure adequate policing resources for rural ireland and 70616 26,"Justice, Home Affairs and Migration",297,299
"70. Deputy Ruairí Ó Murchú asked the Minister for Justice, Home Affairs and Migration to provide an update on the progress being made to resolve the solicitors' dispute over the introduction of the new Criminal Legal Aid Scheme. [69731/26]",,Justice,2026-10-07,0.893641471862793,Legal Aid,Legal Aid,0.893641471862793,Courts Service,0.0237063188105821,Legal Services Regulation,0.0175194386392831,Family Law Cases,0.0057328972034156,Residency Permits,0.0043433937244117,Immigration Status,0.0040418929420411,Departmental Legal Cases,0.0031854955013841,Legislative Measures,0.003099798457697,Departmental Legal Services,0.0023621425498276,Family Reunification,0.0022473740391433,69731/26,70,Ruairí Ó Murchú,RUAIRÍ Ó MURCHÚ,written,en,"To ask the Minister for Justice, Home Affairs and Migration to provide an update on the progress being made to resolve the solicitors' dispute over the introduction of the new Criminal Legal Aid Scheme.",the minister for justice home affairs and migration to provide an update on the progress being made to resolve the solicitors dispute over the introduction of the new criminal legal aid scheme 69731 26,"Justice, Home Affairs and Migration",301,303
"71. Deputy James O'Connor asked the Minister for Justice, Home Affairs and Migration the funding allocated to An Garda Síochána in Budget 2027; and the priorities for the use of the same. [70632/26]",,Justice,2026-10-07,0.2094412893056869,Budget 2026,Budget 2026,0.2094412893056869,An Garda Síochána,0.1472088098526001,Departmental Budgets,0.095974251627922,Budget 2023,0.0819618552923202,Budget 2024,0.0758135020732879,Budget 2025,0.0631994605064392,Departmental Funding,0.0349638722836971,Departmental Data,0.0270272754132747,Other,0.0163943488150835,Programme for Government,0.0119848428294062,70632/26,71,James O'Connor,JAMES O'CONNOR,written,en,"To ask the Minister for Justice, Home Affairs and Migration the funding allocated to An Garda Síochána in Budget 2027; and the priorities for the use of the same.",the minister for justice home affairs and migration the funding allocated to an garda síochána in budget 2027 and the priorities for the use of the same 70632 26,"Justice, Home Affairs and Migration",305,307
"72. Deputy Thomas Gould asked the Minister for Justice, Home Affairs and Migration if he is aware of work ongoing in the Cork Detention Barracks; the nature of the work; and the amount that has been spent in the past 12-months in the building. [70549/26]",,Justice,2026-10-07,0.8325508832931519,Prison Service,Prison Service,0.8325508832931519,Departmental Data,0.0180977936834096,An Garda Síochána,0.0165766179561615,International Protection,0.0144391357898712,Asylum Seekers,0.0095769464969635,Departmental Properties,0.0068224510177969,Deportation Orders,0.0067157503217458,Departmental Expenditure,0.0064618284814059,Departmental Contracts,0.0045663965865969,Other,0.0045023374259471,70549/26,72,Thomas Gould,THOMAS GOULD,written,en,"To ask the Minister for Justice, Home Affairs and Migration if he is aware of work ongoing in the Cork Detention Barracks; the nature of the work; and the amount that has been spent in the past 12-months in the building.",the minister for justice home affairs and migration if he is aware of work ongoing in the cork detention barracks the nature of the work and the amount that has been spent in the past 12-months in the building 70549 26,"Justice, Home Affairs and Migration",309,311
"73. Deputy Naoise Ó Muirí asked the Minister for Justice, Home Affairs and Migration the categories of harmful and violent material that will be covered by the forthcoming legislation criminalising the possession, production, and distribution of extreme pornography; and to provide an update on the proposed scope of the legislation. [70453/26]",,Justice,2026-10-07,0.5505180954933167,Legislative Measures,Legislative Measures,0.5505180954933167,Legislative Programme,0.0620458163321018,"Domestic, Sexual and Gender-based Violence",0.0549116767942905,Legislative Reviews,0.0472703762352466,Legislative Process,0.0329021699726581,Proposed Legislation,0.0323810875415802,Departmental Policies,0.0297586824744939,Other,0.0266998931765556,Alcohol Sales,0.0127454008907079,Crime Prevention,0.0110688349232077,70453/26,73,Naoise Ó Muirí,NAOISE Ó MUIRÍ,written,en,"To ask the Minister for Justice, Home Affairs and Migration the categories of harmful and violent material that will be covered by the forthcoming legislation criminalising the possession, production, and distribution of extreme pornography; and to provide an update on the proposed scope of the legislation.",the minister for justice home affairs and migration the categories of harmful and violent material that will be covered by the forthcoming legislation criminalising the possession production and distribution of extreme pornography and to provide an update on the proposed scope of the legislation 70453 26,"Justice, Home Affairs and Migration",313,315
"74. Deputy Matt Carthy asked the Minister for Justice, Home Affairs and Migration when he expects to publish the draft National Migration and Integration Strategy; and if it will include consideration of an all-island approach to the management of migration. [70562/26]",,Justice,2026-10-07,0.6820703744888306,Departmental Strategies,Departmental Strategies,0.6820703744888306,Departmental Programmes,0.0879994332790374,Immigration Policy,0.0311718471348285,Departmental Policies,0.0306481961160898,Departmental Data,0.0215479936450719,Departmental Functions,0.0104617290198802,Departmental Priorities,0.0092622069641947,International Protection,0.007624989375472,Other,0.0071279481053352,Departmental Schemes,0.0058567449450492,70562/26,74,Matt Carthy,MATT CARTHY,written,en,"To ask the Minister for Justice, Home Affairs and Migration when he expects to publish the draft National Migration and Integration Strategy; and if it will include consideration of an all-island approach to the management of migration.",the minister for justice home affairs and migration when he expects to publish the draft national migration and integration strategy and if it will include consideration of an all-island approach to the management of migration 70562 26,"Justice, Home Affairs and Migration",317,319
"75. Deputy Mark Ward asked the Minister for Justice, Home Affairs and Migration when there will be a roll out of a new youth justice strategy; and the priorities his Department will focus on. [70646/26]",,Justice,2026-10-07,0.6576609015464783,Departmental Strategies,Departmental Strategies,0.6576609015464783,Departmental Policies,0.092020608484745,Departmental Programmes,0.0426938086748123,Crime Prevention,0.0313565731048584,Programme for Government,0.0176222436130046,Youth Services,0.014315309934318,Departmental Priorities,0.009641439653933,Departmental Reports,0.0073374086059629,Other,0.006809857673943,Departmental Functions,0.0065705277957022,70646/26,75,Mark Ward,MARK WARD,written,en,"To ask the Minister for Justice, Home Affairs and Migration when there will be a roll out of a new youth justice strategy; and the priorities his Department will focus on.",the minister for justice home affairs and migration when there will be a roll out of a new youth justice strategy and the priorities his department will focus on 70646 26,"Justice, Home Affairs and Migration",321,323
"76. Deputy Micheál Carrigy asked the Minister for Justice, Home Affairs and Migration if he will consider options (details supplied) regarding SMEs with under 100 employees, and the crime they face. [69252/26]",,Justice,2026-10-07,0.4915182292461395,Small and Medium Enterprises,Small and Medium Enterprises,0.4915182292461395,Departmental Data,0.1347535401582718,Business Supports,0.0800010561943054,Departmental Schemes,0.0467301122844219,Energy Prices,0.0223604291677474,Enterprise Support Services,0.0152248768135905,Departmental Policies,0.0132732829079031,Work Permits,0.0116650043055415,State Bodies,0.0083546936511993,Departmental Inquiries,0.0073570264503359,69252/26,76,Micheál Carrigy,MICHEÁL CARRIGY,written,en,"To ask the Minister for Justice, Home Affairs and Migration if he will consider options (details supplied) regarding SMEs with under 100 employees, and the crime they face.",the minister for justice home affairs and migration if he will consider options details supplied regarding smes with under 100 employees and the crime they face 69252 26,"Justice, Home Affairs and Migration",325,327
"77. Deputy Thomas Gould asked the Minister for Justice, Home Affairs and Migration if he is aware of multiple incidents of petrol bombing in Cork city in recent months; and the actions he intends to take to tackle this. [70551/26]",,Justice,2026-10-07,0.0908726006746292,An Garda Síochána,An Garda Síochána,0.0908726006746292,National Security,0.056566834449768,Departmental Data,0.0361660905182361,Defence Forces,0.0330411121249198,Emergency Planning,0.0322391241788864,Other,0.0287076327949762,Northern Ireland,0.0249268915504217,Departmental Policies,0.0244417302310466,Antisocial Behaviour,0.0236348696053028,Crime Prevention,0.0192976035177707,70551/26,77,Thomas Gould,THOMAS GOULD,written,en,"To ask the Minister for Justice, Home Affairs and Migration if he is aware of multiple incidents of petrol bombing in Cork city in recent months; and the actions he intends to take to tackle this.",the minister for justice home affairs and migration if he is aware of multiple incidents of petrol bombing in cork city in recent months and the actions he intends to take to tackle this 70551 26,"Justice, Home Affairs and Migration",329,331
"78. Deputy Seán Kyne asked the Minister for Justice, Home Affairs and Migration for an update on Ireland's operation and implementation of the EU Migration and Asylum Pact. [70663/26]",,Justice,2026-10-07,0.7130919694900513,Immigration Policy,Immigration Policy,0.7130919694900513,International Protection,0.0356655493378639,Visa Agreements,0.0291771609336137,Asylum Seekers,0.0282219126820564,Departmental Data,0.0198593586683273,EU Agreements,0.0152336489409208,International Agreements,0.0124787976965308,Visa Applications,0.0096944198012351,Asylum Applications,0.0091776521876454,Ukraine War,0.0091596925631165,70663/26,78,Seán Kyne,SEÁN KYNE,written,en,"To ask the Minister for Justice, Home Affairs and Migration for an update on Ireland's operation and implementation of the EU Migration and Asylum Pact.",the minister for justice home affairs and migration for an update on ireland s operation and implementation of the eu migration and asylum pact 70663 26,"Justice, Home Affairs and Migration",333,335
"79. Deputy William Aird asked the Minister for Justice, Home Affairs and Migration the progress that has been made in securing capital funding for the construction of a new courthouse in Portlaoise; and when funding will be allocated and construction is expected to commence. [69776/26]",,Justice,2026-10-07,0.7091855406761169,Court Accommodation,Court Accommodation,0.7091855406761169,Courts Service,0.0973211452364921,An Garda Síochána,0.022645054385066,Prison Service,0.0142329083755612,State Properties,0.0097775654867291,Crime Prevention,0.0068671130575239,Departmental Properties,0.0066359234042465,Other,0.0064213019795715,Office of Public Works,0.0056215319782495,Court Judgments,0.0045980541035532,69776/26,79,William Aird,WILLIAM AIRD,written,en,"To ask the Minister for Justice, Home Affairs and Migration the progress that has been made in securing capital funding for the construction of a new courthouse in Portlaoise; and when funding will be allocated and construction is expected to commence.",the minister for justice home affairs and migration the progress that has been made in securing capital funding for the construction of a new courthouse in portlaoise and when funding will be allocated and construction is expected to commence 69776 26,"Justice, Home Affairs and Migration",337,339
"80. Deputy Roderic O'Gorman asked the Minister for Foreign Affairs and Trade the number of occasions in 2025 and to-date in 2026 where the Irish Ambassador based in Zagreb has met formally with the Mayor of Dubrovnik, in tabular form. [70821/26]",,Foreign,2026-10-07,0.7207061052322388,Diplomatic Representation,Diplomatic Representation,0.7207061052322388,Official Engagements,0.1291687041521072,Consular Services,0.0312347132712602,Foreign Policy,0.021364351734519,International Relations,0.0201729591935873,Official Travel,0.014783808030188,Departmental Data,0.0135943526402115,Ukraine War,0.0043566185049712,Departmental Staff,0.0040245433337986,Foreign Conflicts,0.0039642727933824,70821/26,80,Roderic O'Gorman,RODERIC O'GORMAN,written,en,"To ask the Minister for Foreign Affairs and Trade the number of occasions in 2025 and to-date in 2026 where the Irish Ambassador based in Zagreb has met formally with the Mayor of Dubrovnik, in tabular form.",the minister for foreign affairs and trade the number of occasions in 2025 and to-date in 2026 where the irish ambassador based in zagreb has met formally with the mayor of dubrovnik in tabular form 70821 26,Foreign Affairs and Trade,347,349
"81. Deputy Marie Sherlock asked the Minister for Foreign Affairs and Trade to clarify the procedures in place within the Passport service for an adult seeking to renew a passport where the application process requires the applicant to provide their mother’s maiden name, but where that information is unavailable, unknown or not applicable due to the applicant’s adoption or legal family circumstances; to clarify the procedure that applies where the applicant’s family circumstances do not correspond with the parental information required by the application process; and whether an alternative identity process is available. [70722/26]",,Foreign,2026-10-07,0.9966411590576172,Passport Services,Passport Services,0.9966411590576172,Foreign Birth Registration,0.0008285390213131,Departmental Data,0.0002019315870711,Medical Cards,0.0001878239418147,Departmental Correspondence,0.0001083266251953,Consular Services,9.186568058794364e-05,Social Welfare Benefits,7.701827416894957e-05,Visa Applications,7.124003604985774e-05,Covid-19 Pandemic,6.608455441892147e-05,Citizenship Applications,5.911348853260279e-05,70722/26,81,Marie Sherlock,MARIE SHERLOCK,written,en,"To ask the Minister for Foreign Affairs and Trade to clarify the procedures in place within the Passport service for an adult seeking to renew a passport where the application process requires the applicant to provide their mother’s maiden name, but where that information is unavailable, unknown or not applicable due to the applicant’s adoption or legal family circumstances; to clarify the procedure that applies where the applicant’s family circumstances do not correspond with the parental information required by the application process; and whether an alternative identity process is available.",the minister for foreign affairs and trade to clarify the procedures in place within the passport service for an adult seeking to renew a passport where the application process requires the applicant to provide their mother s maiden name but where that information is unavailable unknown or not applicable due to the applicant s adoption or legal family circumstances to clarify the procedure that applies where the applicant s family circumstances do not correspond with the parental information required by the application process and whether an alternative identity process is available 70722 26,Foreign Affairs and Trade,351,353
"82. Deputy Ken O'Flynn asked the Minister for Foreign Affairs and Trade the number of official residences for heads of mission owned and rented by the State abroad; the annual rent, maintenance and staffing costs of each in 2025, including household staff such as cooks, drivers and domestic staff; the date of the most recent value for money review of these arrangements, in tabular form; and if she will make a statement on the matter. [70928/26]",,Foreign,2026-10-07,0.2719440758228302,Diplomatic Representation,Diplomatic Representation,0.2719440758228302,Official Travel,0.1453495770692825,Departmental Staff,0.1360876262187957,Ministerial Staff,0.0959836989641189,Official Engagements,0.0718065202236175,Ministerial Responsibilities,0.0528686493635177,Departmental Data,0.0341987423598766,Consular Services,0.0218264013528823,Departmental Expenditure,0.0165544245392084,Departmental Properties,0.0152931865304708,70928/26,82,Ken O'Flynn,KEN O'FLYNN,written,en,"To ask the Minister for Foreign Affairs and Trade the number of official residences for heads of mission owned and rented by the State abroad; the annual rent, maintenance and staffing costs of each in 2025, including household staff such as cooks, drivers and domestic staff; the date of the most recent value for money review of these arrangements, in tabular form; and if she will make a statement on the matter.",the minister for foreign affairs and trade the number of official residences for heads of mission owned and rented by the state abroad the annual rent maintenance and staffing costs of each in 2025 including household staff such as cooks drivers and domestic staff the date of the most recent value for money review of these arrangements in tabular form and 70928 26,Foreign Affairs and Trade,355,357
"83. Deputy Ken O'Flynn asked the Minister for Foreign Affairs and Trade the total amount paid in allowances to officials serving abroad in each of the years 2023, 2024 and 2025 and to date in 2026, broken down by allowance type and by mission; the number of officials in receipt of each allowance type, in tabular form; and if the Minister will make a statement on the matter. [70927/26]",,Foreign,2026-10-07,0.8337398171424866,Departmental Staff,Departmental Staff,0.8337398171424866,Diplomatic Representation,0.0606940798461437,Ministerial Staff,0.0306032821536064,Departmental Data,0.0206598583608865,Consular Services,0.008536965586245,Departmental Expenditure,0.0082408105954527,Civil Service,0.0069014732725918,Public Sector Staff,0.0044598896056413,Departmental Contracts,0.00176425895188,Other,0.0012814983492717,70927/26,83,Ken O'Flynn,KEN O'FLYNN,written,en,"To ask the Minister for Foreign Affairs and Trade the total amount paid in allowances to officials serving abroad in each of the years 2023, 2024 and 2025 and to date in 2026, broken down by allowance type and by mission; the number of officials in receipt of each allowance type, in tabular form; and if the Minister will make a statement on the matter.",the minister for foreign affairs and trade the total amount paid in allowances to officials serving abroad in each of the years 2023 2024 and 2025 and to date in 2026 broken down by allowance type and by mission the number of officials in receipt of each allowance type in tabular form and if the minister will make a statement on the matter 70927 26,Foreign Affairs and Trade,359,361
"84. Deputy Ken O'Flynn asked the Minister for Foreign Affairs and Trade the civil service grade of each serving head of mission abroad; the salary scale currently applying to that grade; and the total remuneration paid to each head of mission in 2025 including all allowances such as local post allowance, cost of living allowance, rent allowance, education allowance and representation allowance, in tabular form by mission; and if she will make a statement on the matter. [70926/26]",,Foreign,2026-10-07,0.708257257938385,Departmental Staff,Departmental Staff,0.708257257938385,Civil Service,0.1269513219594955,Ministerial Staff,0.0314007364213466,Diplomatic Representation,0.0224094428122043,Ministerial Responsibilities,0.0129827884957194,Public Sector Staff,0.0112592885270714,Departmental Data,0.0077106673270463,Departmental Functions,0.0060767172835767,Departmental Appointments,0.00411659758538,Consular Services,0.0040396288968622,70926/26,84,Ken O'Flynn,KEN O'FLYNN,written,en,"To ask the Minister for Foreign Affairs and Trade the civil service grade of each serving head of mission abroad; the salary scale currently applying to that grade; and the total remuneration paid to each head of mission in 2025 including all allowances such as local post allowance, cost of living allowance, rent allowance, education allowance and representation allowance, in tabular form by mission; and if she will make a statement on the matter.",the minister for foreign affairs and trade the civil service grade of each serving head of mission abroad the salary scale currently applying to that grade and the total remuneration paid to each head of mission in 2025 including all allowances such as local post allowance cost of living allowance rent allowance education allowance and representation allowance in tabular form by mission and 70926 26,Foreign Affairs and Trade,363,365
"85. Deputy Ciarán Ahern asked the Minister for Foreign Affairs and Trade the documentation the Passport Service will accept as evidence of use of a new name from an applicant (details supplied); whether a statutory declaration may be accepted where an applicant does not hold a second document more than two years old; the alternative documentation that will be accepted from young applicants who do not have utility bills, financial statements or similar documents in their own name; and whether there is a mechanism by which the Passport Service can consider individual circumstances. [70892/26]",,Foreign,2026-10-07,0.9970552921295166,Passport Services,Passport Services,0.9970552921295166,Foreign Birth Registration,0.0008795810281299,Departmental Data,0.0001627704623388,Consular Services,0.0001124091795645,Departmental Correspondence,0.00010611552716,Medical Cards,6.558919994859025e-05,Social Welfare Benefits,5.924609286012128e-05,Covid-19 Pandemic,5.803892418043688e-05,Departmental Communications,4.8626337957102805e-05,Housing Provision,4.446265666047111e-05,70892/26,85,Ciarán Ahern,CIARÁN AHERN,written,en,"To ask the Minister for Foreign Affairs and Trade the documentation the Passport Service will accept as evidence of use of a new name from an applicant (details supplied); whether a statutory declaration may be accepted where an applicant does not hold a second document more than two years old; the alternative documentation that will be accepted from young applicants who do not have utility bills, financial statements or similar documents in their own name; and whether there is a mechanism by which the Passport Service can consider individual circumstances.",the minister for foreign affairs and trade the documentation the passport service will accept as evidence of use of a new name from an applicant details supplied whether a statutory declaration may be accepted where an applicant does not hold a second document more than two years old the alternative documentation that will be accepted from young applicants who do not have utility bills financial statements or similar documents in their own name and whether there is a mechanism by which the passport service can consider individual circumstances 70892 26,Foreign Affairs and Trade,367,369
86. Deputy Ciarán Ahern asked the Minister for Foreign Affairs and Trade if she will provide an update on a foreign birth registration in respect of a person (details supplied); if she will confirm that her Department has received all of the required documents for the application; if there is any documentation that remains outstanding in respect of the application; the indicative timeline for processing ;and if she will endeavour to expedite same. [70891/26],,Foreign,2026-10-07,0.985590159893036,Foreign Birth Registration,Foreign Birth Registration,0.985590159893036,Passport Services,0.0033872311469167,Citizenship Applications,0.0014942792477086,Birth Certificates,0.0010817241854965,Departmental Data,0.0009795256191864,Other,0.000815428677015,Consular Services,0.0006228737765923,Departmental Inquiries,0.0003736677754204,Departmental Policies,0.0003097059961874,Social Welfare Benefits,0.0001702154550002,70891/26,86,Ciarán Ahern,CIARÁN AHERN,written,en,To ask the Minister for Foreign Affairs and Trade if she will provide an update on a foreign birth registration in respect of a person (details supplied); if she will confirm that her Department has received all of the required documents for the application; if there is any documentation that remains outstanding in respect of the application; the indicative timeline for processing ;and if she will endeavour to expedite same.,the minister for foreign affairs and trade if she will provide an update on a foreign birth registration in respect of a person details supplied if she will confirm that her department has received all of the required documents for the application if there is any documentation that remains outstanding in respect of the application the indicative timeline for processing and if she will endeavour to expedite same 70891 26,Foreign Affairs and Trade,371,373
"87. Deputy Ken O'Flynn asked the Minister for Foreign Affairs and Trade the total cost to the State of each Irish embassy, consulate and permanent mission abroad in each of the years 2023, 2024 and 2025 and to date in 2026, broken down by salary costs, allowances, rent and property costs, official residence costs, and other running costs, in tabular form; and if she will make a statement on the matter. [70924/26]",,Foreign,2026-10-07,0.6633099317550659,Diplomatic Representation,Diplomatic Representation,0.6633099317550659,Consular Services,0.1623387932777404,Departmental Staff,0.0844257101416587,Departmental Data,0.0253399144858121,Departmental Expenditure,0.0202556401491165,Ministerial Staff,0.0079527720808982,Passport Services,0.0029964812565594,Departmental Contracts,0.002630942966789,Official Travel,0.0022445230279117,Ukraine War,0.0021027449984103,70924/26,87,Ken O'Flynn,KEN O'FLYNN,written,en,"To ask the Minister for Foreign Affairs and Trade the total cost to the State of each Irish embassy, consulate and permanent mission abroad in each of the years 2023, 2024 and 2025 and to date in 2026, broken down by salary costs, allowances, rent and property costs, official residence costs, and other running costs, in tabular form; and if she will make a statement on the matter.",the minister for foreign affairs and trade the total cost to the state of each irish embassy consulate and permanent mission abroad in each of the years 2023 2024 and 2025 and to date in 2026 broken down by salary costs allowances rent and property costs official residence costs and other running costs in tabular form and 70924 26,Foreign Affairs and Trade,375,377
"88. Deputy Roderic O'Gorman asked the Minister for Defence the advertisement budget allocation for the Permanent Defence Forces in 2025 and 2026, in tabular form. [70823/26]",,Defence,2026-10-07,0.9601154923439026,Defence Forces,Defence Forces,0.9601154923439026,Departmental Data,0.0094968024641275,Departmental Expenditure,0.0080269780009984,Departmental Budgets,0.0039848792366683,Departmental Funding,0.002326002344489,Local Authorities,0.0016084727831184,Social Welfare Payments,0.0010875845327973,Departmental Schemes,0.0007538371719419,Social Welfare Benefits,0.0006421076832339,Departmental Policies,0.0005613695830106,70823/26,88,Roderic O'Gorman,RODERIC O'GORMAN,written,en,"To ask the Minister for Defence the advertisement budget allocation for the Permanent Defence Forces in 2025 and 2026, in tabular form.",the minister for defence the advertisement budget allocation for the permanent defence forces in 2025 and 2026 in tabular form 70823 26,Defence,382,384
"89. Deputy Duncan Smith asked the Minister for Defence the steps that have been taken since the publication of the National Maritime Security Strategy to explore the opportunity for Ireland to host or partner in a regional cable monitoring hub for the EU in the north Atlantic; whether engagement has commenced with the European Commission or with prospective partner states; whether the Government is preparing, or intends to prepare, a proposal under the Digital Europe Programme call for Regional Cable Hubs (CYBER-11-REGCABH); and which unit or official within her Department holds responsibility for this work. [70876/26]",,Defence,2026-10-07,0.4934284389019012,National Security,National Security,0.4934284389019012,Departmental Strategies,0.0856869965791702,Departmental Policies,0.0492763146758079,Naval Service,0.03801791369915,Cybersecurity Policy,0.0310296714305877,Other,0.0232657082378864,Maritime Jurisdiction,0.0206175819039344,Telecommunications Infrastructure,0.0182338897138834,Military Neutrality,0.0176413878798484,Defence Forces,0.0142672462388873,70876/26,89,Duncan Smith,DUNCAN SMITH,written,en,"To ask the Minister for Defence the steps that have been taken since the publication of the National Maritime Security Strategy to explore the opportunity for Ireland to host or partner in a regional cable monitoring hub for the EU in the north Atlantic; whether engagement has commenced with the European Commission or with prospective partner states; whether the Government is preparing, or intends to prepare, a proposal under the Digital Europe Programme call for Regional Cable Hubs (CYBER-11-REGCABH); and which unit or official within her Department holds responsibility for this work.",the minister for defence the steps that have been taken since the publication of the national maritime security strategy to explore the opportunity for ireland to host or partner in a regional cable monitoring hub for the eu in the north atlantic whether engagement has commenced with the european commission or with prospective partner states whether the government is preparing or intends to prepare a proposal under the digital europe programme call for regional cable hubs cyber-11-regcabh and which unit or official within her department holds responsibility for this work 70876 26,Defence,386,388
"90. Deputy Aidan Farrelly asked the Minister for Defence further to Parliamentary Question No. 68586/26, if she will provide the totality of the budget allocated to the campaign. [70992/26]",,Defence,2026-10-07,0.2109489738941192,Departmental Budgets,Departmental Budgets,0.2109489738941192,Defence Forces,0.1646476984024047,Budget 2026,0.0976627022027969,Budget 2025,0.0905715897679328,Departmental Funding,0.0902538076043129,Departmental Expenditure,0.0724809914827346,Budget 2023,0.0585280060768127,Budget 2024,0.0339764691889286,Departmental Data,0.0130392089486122,Other,0.0064128404483199,70992/26,90,Aidan Farrelly,AIDAN FARRELLY,written,en,"To ask the Minister for Defence further to Parliamentary Question No. 68586/26, if she will provide the totality of the budget allocated to the campaign.",the minister for defence further to parliamentary question no 68586 26 if she will provide the totality of the budget allocated to the campaign 70992 26,Defence,390,392
91. Deputy Claire Kerrane asked the Minister for Defence her views on the Defence Forces pension and the cut to it for recipients when they move onto the State Pension (Contributory) where their service in the Defence Forces is no longer recognised in full (details supplied). [70845/26],,Defence,2026-10-07,0.8750861287117004,Defence Forces,Defence Forces,0.8750861287117004,Pension Provisions,0.0435574948787689,State Pensions,0.0125759085640311,Public Sector Pensions,0.0110677499324083,Social Welfare Payments,0.0051945080049335,Social Welfare Benefits,0.0042360569350421,Departmental Policies,0.0036804855335503,Departmental Data,0.0021272299345582,Social Welfare Eligibility,0.0020364949014037,Departmental Schemes,0.0017598863923922,70845/26,91,Claire Kerrane,CLAIRE KERRANE,written,en,To ask the Minister for Defence her views on the Defence Forces pension and the cut to it for recipients when they move onto the State Pension (Contributory) where their service in the Defence Forces is no longer recognised in full (details supplied).,the minister for defence her views on the defence forces pension and the cut to it for recipients when they move onto the state pension contributory where their service in the defence forces is no longer recognised in full details supplied 70845 26,Defence,394,396
92. Deputy Thomas Gould asked the Minister for Transport to provide details of the rules regarding naming train stations after people. [70779/26],,Transport,2026-10-07,0.9243013858795166,Rail Network,Rail Network,0.9243013858795166,Public Transport,0.043753795325756,Transport Policy,0.003335858695209,Park-and-Ride Facilities,0.0019670026376843,Transport Infrastructure Ireland,0.0016487238463014,National Transport Authority,0.0016466432716697,Bus Services,0.0013400642201304,Traffic Management,0.0010833340929821,Other,0.001074130879715,Departmental Policies,0.0010175268398597,70779/26,92,Thomas Gould,THOMAS GOULD,written,en,To ask the Minister for Transport to provide details of the rules regarding naming train stations after people.,the minister for transport of the rules regarding naming train stations after people 70779 26,Transport,401,403
93. Deputy Eoghan Kenny asked the Minister for Transport for an update on the consideration being given for bus routes (details supplied). [70716/26],,Transport,2026-10-07,0.977169930934906,Bus Services,Bus Services,0.977169930934906,Public Transport,0.0111226132139563,Bus Éireann,0.0022388843353837,Dublin Bus,0.0016318425768986,National Transport Authority,0.0009906733175739,Transport Policy,0.0006271951715461,Departmental Data,0.0003681239904835,Driver Test,0.0003021329757757,Transport Infrastructure Ireland,0.0002683763741515,Rail Network,0.0002611817035358,70716/26,93,Eoghan Kenny,EOGHAN KENNY,written,en,To ask the Minister for Transport for an update on the consideration being given for bus routes (details supplied).,the minister for transport for an update on the consideration being given for bus routes details supplied 70716 26,Transport,405,407
"94. Deputy Richard Boyd Barrett asked the Minister for Transport whether he will grant the NTA the €30million budget they need to be able to roll out local bus services in towns without a service, given that in Carlow town the local bus service does not serve two prominent schools; and to add the additional routes to the town where there already is a service. [70820/26]",,Transport,2026-10-07,0.9370014667510986,Bus Services,Bus Services,0.9370014667510986,Public Transport,0.039677258580923,National Transport Authority,0.0041418382897973,Bus Éireann,0.004027887713164,Dublin Bus,0.0024931172374635,Transport Policy,0.0017234027618542,Transport Costs,0.00103541824501,Transport Infrastructure Ireland,0.0006840427522547,School Transport,0.0005706353113055,Rail Network,0.000469000719022,70820/26,94,Richard Boyd Barrett,RICHARD BOYD BARRETT,written,en,"To ask the Minister for Transport whether he will grant the NTA the €30million budget they need to be able to roll out local bus services in towns without a service, given that in Carlow town the local bus service does not serve two prominent schools; and to add the additional routes to the town where there already is a service.",the minister for transport whether he will grant the nta the 30million budget they need to be able to roll out local bus services in towns without a service given that in carlow town the local bus service does not serve two prominent schools and to add the additional routes to the town where there already is a service 70820 26,Transport,409,411
95. Deputy Roderic O'Gorman asked the Minister for Transport if all platforms in each DART station will have the necessary infrastructure works carried out to ensure that all new DART carriages will fully cover the gap between train carriages and the platform prior to the new DART carriages coming on stream. [70816/26],,Transport,2026-10-07,0.9243011474609376,Rail Network,Rail Network,0.9243011474609376,Public Transport,0.0612347051501274,Bus Services,0.0024965307675302,Transport Policy,0.0018423867877572,National Transport Authority,0.0011046970030292,Transport Costs,0.0009437531698495,Transport Infrastructure Ireland,0.000903662003111,Park-and-Ride Facilities,0.0005938688409514,Road Projects,0.0003574585425667,Traffic Management,0.0003144099900964,70816/26,95,Roderic O'Gorman,RODERIC O'GORMAN,written,en,To ask the Minister for Transport if all platforms in each DART station will have the necessary infrastructure works carried out to ensure that all new DART carriages will fully cover the gap between train carriages and the platform prior to the new DART carriages coming on stream.,the minister for transport if all platforms in each dart station will have the necessary infrastructure works carried out to ensure that all new dart carriages will fully cover the gap between train carriages and the platform prior to the new dart carriages coming on stream 70816 26,Transport,413,415
96. Deputy Roderic O'Gorman asked the Minister for Transport the number of new and enhanced bus services introduced through the Connecting Ireland Rural Mobility Plan each year from 2022 to 2025 and to date in 2026. [70827/26],,Transport,2026-10-07,0.475651353597641,Bus Services,Bus Services,0.475651353597641,Public Transport,0.4702774882316589,Transport Policy,0.0183065719902515,Transport Costs,0.0095362169668078,National Transport Authority,0.0059649036265909,Bus Éireann,0.0056165461428463,Dublin Bus,0.0034215277992188,Departmental Data,0.0013714162632822,Rail Network,0.0013432076666504,Transport Infrastructure Ireland,0.0009571238770149,70827/26,96,Roderic O'Gorman,RODERIC O'GORMAN,written,en,To ask the Minister for Transport the number of new and enhanced bus services introduced through the Connecting Ireland Rural Mobility Plan each year from 2022 to 2025 and to date in 2026.,the minister for transport the number of new and enhanced bus services introduced through the connecting ireland rural mobility plan each year from 2022 to 2025 and to date in 2026 70827 26,Transport,417,419
"97. Deputy Barry Ward asked the Minister for Transport if he acknowledges that in order to reach the 58 per cent of electric vehicles of rental fleets target by 2030, that the amount of fast charging power that must be made available to car rental companies at Dublin Airport is 18.75 megawatts. [70726/26]",,Transport,2026-10-07,0.988172709941864,Electric Vehicles,Electric Vehicles,0.988172709941864,Public Transport,0.0018300698138773,Transport Policy,0.0011129874037578,Departmental Schemes,0.0009047189960256,Taxi Licences,0.0008639700827188,Transport Costs,0.0006272856262512,Departmental Data,0.0005868897424079,Taxi Regulations,0.0005536246462725,Bus Services,0.0002860026434063,Departmental Expenditure,0.000229657132877,70726/26,97,Barry Ward,BARRY WARD,written,en,"To ask the Minister for Transport if he acknowledges that in order to reach the 58 per cent of electric vehicles of rental fleets target by 2030, that the amount of fast charging power that must be made available to car rental companies at Dublin Airport is 18.75 megawatts.",the minister for transport if he acknowledges that in order to reach the 58 per cent of electric vehicles of rental fleets target by 2030 that the amount of fast charging power that must be made available to car rental companies at dublin airport is 18 75 megawatts 70726 26,Transport,421,423
"98. Deputy Barry Ward asked the Minister for Transport If he will make a statement on the Dublin Airport's plan to have two megawatts of power available for car rental recharging by 2030, and if he recognizes that only represents a total, or an estimated 22 per cent of electric vehicles in rental fleets. [70724/26]",,Transport,2026-10-07,0.4819404780864715,Electric Vehicles,Electric Vehicles,0.4819404780864715,Transport Policy,0.0935134068131446,Public Transport,0.0696576759219169,Airport Policy,0.0592973455786705,Taxi Regulations,0.0313134640455246,Transport Costs,0.022003112360835,Rail Network,0.0183989237993955,Aviation Industry,0.018062287941575,Park-and-Ride Facilities,0.0173210054636001,Dublin Airport Authority,0.0152109880000352,70724/26,98,Barry Ward,BARRY WARD,written,en,"To ask the Minister for Transport If he will make a statement on the Dublin Airport's plan to have two megawatts of power available for car rental recharging by 2030, and if he recognizes that only represents a total, or an estimated 22 per cent of electric vehicles in rental fleets.",the minister for transport if he will make a statement on the dublin airport s plan to have two megawatts of power available for car rental recharging by 2030 and if he recognizes that only represents a total or an estimated 22 per cent of electric vehicles in rental fleets 70724 26,Transport,425,427
99. Deputy Barry Ward asked the Minister for Transport if he feels that the stated target of 58 per cent of vehicles for rent in Ireland will be electric vehicles by 2030 is achievable. [70727/26],,Transport,2026-10-07,0.987244188785553,Electric Vehicles,Electric Vehicles,0.987244188785553,Public Transport,0.0019368041539564,Departmental Schemes,0.0016360841691493,Transport Policy,0.0014917757362127,Taxi Licences,0.0006280583329498,Transport Costs,0.0005820323131047,Taxi Regulations,0.0004663306463044,Departmental Data,0.0004588780284393,Grant Payments,0.0003732499317266,Bus Services,0.0003518652520142,70727/26,99,Barry Ward,BARRY WARD,written,en,To ask the Minister for Transport if he feels that the stated target of 58 per cent of vehicles for rent in Ireland will be electric vehicles by 2030 is achievable.,the minister for transport if he feels that the stated target of 58 per cent of vehicles for rent in ireland will be electric vehicles by 2030 is achievable 70727 26,Transport,429,431
100. Deputy Barry Ward asked the Minister for Transport the engagement has he had with the car rental council in relation to the provision of adequate recharging facilities to ensure that there is a greater proportion of electric vehicles in the car rental fleet in Ireland. [70731/26],,Transport,2026-10-07,0.9685457944869996,Electric Vehicles,Electric Vehicles,0.9685457944869996,Public Transport,0.0047220955602824,Transport Policy,0.0031990811694413,Taxi Regulations,0.0023174001835286,Transport Costs,0.0021384193096309,Taxi Licences,0.002041055355221,Departmental Schemes,0.0019014825811609,Fuel Prices,0.0006920046289451,Bus Services,0.0006530174869112,National Transport Authority,0.0005734031437896,70731/26,100,Barry Ward,BARRY WARD,written,en,To ask the Minister for Transport the engagement has he had with the car rental council in relation to the provision of adequate recharging facilities to ensure that there is a greater proportion of electric vehicles in the car rental fleet in Ireland.,the minister for transport the engagement has he had with the car rental council the provision of adequate recharging facilities to ensure that there is a greater proportion of electric vehicles in the car rental fleet in ireland 70731 26,Transport,433,435
101. Deputy Barry Ward asked the Minister for Transport the interaction has he had with Dublin airport authority in relation to its plan for the provision of electric vehicle charging capacity for current vehicles. [70732/26],,Transport,2026-10-07,0.9119478464126588,Electric Vehicles,Electric Vehicles,0.9119478464126588,Public Transport,0.0196407437324523,Transport Policy,0.0103942062705755,Taxi Regulations,0.0086575765162706,Taxi Licences,0.0077814869582653,Transport Costs,0.0053052781149744,Parking Provision,0.0022706140298396,Park-and-Ride Facilities,0.0021907179616391,Airport Policy,0.0018994166748598,Rail Network,0.0018315858906134,70732/26,101,Barry Ward,BARRY WARD,written,en,To ask the Minister for Transport the interaction has he had with Dublin airport authority in relation to its plan for the provision of electric vehicle charging capacity for current vehicles.,the minister for transport the interaction has he had with dublin airport authority its plan for the provision of electric vehicle charging capacity for current vehicles 70732 26,Transport,437,439
"102. Deputy Barry Ward asked the Minister for Transport if he acknowledges that the proportion of car rentals that start in Dublin airport is over 80 per cent and that accordingly, in order to increase the number of electric vehicles available for rent at Dublin airport, there must be a corresponding investment in the car charging infrastructure at Dublin airport. [70733/26]",,Transport,2026-10-07,0.8373301029205322,Electric Vehicles,Electric Vehicles,0.8373301029205322,Taxi Licences,0.0242836289107799,Taxi Regulations,0.0224168729037046,Public Transport,0.0208426844328641,Transport Policy,0.016354501247406,Transport Costs,0.0091742845252156,Airport Policy,0.005242224317044,Departmental Data,0.0047375969588756,Park-and-Ride Facilities,0.0036759064532816,Parking Provision,0.0033122969325631,70733/26,102,Barry Ward,BARRY WARD,written,en,"To ask the Minister for Transport if he acknowledges that the proportion of car rentals that start in Dublin airport is over 80 per cent and that accordingly, in order to increase the number of electric vehicles available for rent at Dublin airport, there must be a corresponding investment in the car charging infrastructure at Dublin airport.",the minister for transport if he acknowledges that the proportion of car rentals that start in dublin airport is over 80 per cent and that accordingly in order to increase the number of electric vehicles available for rent at dublin airport there must be a corresponding investment in the car charging infrastructure at dublin airport 70733 26,Transport,441,443
103. Deputy Barry Ward asked the Minister for Transport if the European Union’s clean corporate vehicle proposal to set binding national targets for the number of electric vehicles in corporate fleets from 2030 is achievable; and if he believes that Ireland will be in the position to achieve the target set out in the European Union’s clean corporate vehicle proposal. [70729/26],,Transport,2026-10-07,0.973120927810669,Electric Vehicles,Electric Vehicles,0.973120927810669,Transport Policy,0.0046489466913044,Departmental Schemes,0.0023950827307999,Public Transport,0.0013805462513118,Departmental Data,0.0010017548920586,Renewable Energy Generation,0.000930676353164,Energy Prices,0.0009296526550315,Departmental Policies,0.0009157051099464,Departmental Transport,0.0006502629257738,Vehicle Registration Tax,0.0006184677476994,70729/26,103,Barry Ward,BARRY WARD,written,en,To ask the Minister for Transport if the European Union’s clean corporate vehicle proposal to set binding national targets for the number of electric vehicles in corporate fleets from 2030 is achievable; and if he believes that Ireland will be in the position to achieve the target set out in the European Union’s clean corporate vehicle proposal.,the minister for transport if the european union s clean corporate vehicle proposal to set binding national targets for the number of electric vehicles in corporate fleets from 2030 is achievable and if he believes that ireland will be in the position to achieve the target set out in the european union s clean corporate vehicle proposal 70729 26,Transport,445,447
"104. Deputy Barry Ward asked the Minister for Transport if he has considered, in light of the legislation, to increase the passenger cap at Dublin airport; the steps he has taken to ensure that the airport infrastructure will keep pace in terms of the provision of car charging for rental vehicles; the provision of space for rental vehicles; and the provision of parking for persons traveling from a distance to take flights from Dublin airport. [70734/26]",,Transport,2026-10-07,0.4044433832168579,Airport Policy,Airport Policy,0.4044433832168579,Aviation Industry,0.2164923995733261,Dublin Airport Authority,0.0990949645638465,Air Services,0.0907862186431884,Airport Security,0.0319477841258049,Regional Airports,0.0213383808732032,Transport Policy,0.0199235677719116,Ports Policy,0.0095424726605415,Air Safety,0.0088168149814009,Taxi Regulations,0.0087412120774388,70734/26,104,Barry Ward,BARRY WARD,written,en,"To ask the Minister for Transport if he has considered, in light of the legislation, to increase the passenger cap at Dublin airport; the steps he has taken to ensure that the airport infrastructure will keep pace in terms of the provision of car charging for rental vehicles; the provision of space for rental vehicles; and the provision of parking for persons traveling from a distance to take flights from Dublin airport.",the minister for transport if he has considered in light of the legislation to increase the passenger cap at dublin airport the steps he has taken to ensure that the airport infrastructure will keep pace in terms of the provision of car charging for rental vehicles the provision of space for rental vehicles and the provision of parking for persons traveling from a distance to take flights from dublin airport 70734 26,Transport,449,451
"105. Deputy Albert Dolan asked the Minister for Transport if consideration is being given to extending the fare arrangements available under the young adult card scheme to holders of child Leap cards, particularly on participating commercial bus services; and if his attention has been drawn to increasing demand from parents for such an extension. [70835/26]",,Transport,2026-10-07,0.6720263361930847,Public Transport,Public Transport,0.6720263361930847,Transport Costs,0.1368779838085174,Bus Services,0.1229006275534629,Transport Policy,0.0077712978236377,Bus Éireann,0.0066982237622141,National Transport Authority,0.0056338091380894,Taxi Regulations,0.0051763881929218,Dublin Bus,0.0050624967552721,Departmental Schemes,0.0047368914820253,Transport Infrastructure Ireland,0.0016874908469617,70835/26,105,Albert Dolan,ALBERT DOLAN,written,en,"To ask the Minister for Transport if consideration is being given to extending the fare arrangements available under the young adult card scheme to holders of child Leap cards, particularly on participating commercial bus services; and if his attention has been drawn to increasing demand from parents for such an extension.",the minister for transport if consideration is being given to extending the fare arrangements available under the young adult card scheme to holders of child leap cards particularly on participating commercial bus services and if his attention has been drawn to increasing demand from parents for such an extension 70835 26,Transport,453,455
106. Deputy Cathal Crowe asked the Minister for Transport if he will consider introducing a financial support scheme to alleviate the current fuel cost burden on taxi drivers. [70931/26],,Transport,2026-10-07,0.3584655523300171,Taxi Regulations,Taxi Regulations,0.3584655523300171,Public Transport,0.1197157502174377,Taxi Licences,0.1017584204673767,Departmental Schemes,0.0707750096917152,Transport Policy,0.0656605511903762,Transport Costs,0.0610682405531406,Electric Vehicles,0.0307708550244569,Fuel Prices,0.0233115497976541,Grant Payments,0.0139161795377731,Bus Services,0.0088439835235476,70931/26,106,Cathal Crowe,CATHAL CROWE,written,en,To ask the Minister for Transport if he will consider introducing a financial support scheme to alleviate the current fuel cost burden on taxi drivers.,the minister for transport if he will consider introducing a financial support scheme to alleviate the current fuel cost burden on taxi drivers 70931 26,Transport,457,459
107. Deputy Sorca Clarke asked the Minister for Transport if Clara train station has been included in the Iarnród Éireann National Carpark Strategy report which is currently being reviewed with the NTA; and when it is hoped this report will be published. [70859/26],,Transport,2026-10-07,0.8914217948913574,Rail Network,Rail Network,0.8914217948913574,Public Transport,0.0629989504814148,Transport Policy,0.0074204257689416,Park-and-Ride Facilities,0.0028059382457286,Bus Services,0.0022876472212374,Transport Costs,0.0016575786285102,National Transport Authority,0.0016004190547391,Transport Infrastructure Ireland,0.0015967662911862,Other,0.0015323583502322,Departmental Reviews,0.0012955368729308,70859/26,107,Sorca Clarke,SORCA CLARKE,written,en,To ask the Minister for Transport if Clara train station has been included in the Iarnród Éireann National Carpark Strategy report which is currently being reviewed with the NTA; and when it is hoped this report will be published.,the minister for transport if clara train station has been included in the iarnród éireann national carpark strategy report which is currently being reviewed with the nta and when it is hoped this report will be published 70859 26,Transport,461,463
108. Deputy Sorca Clarke asked the Minister for Transport if Tullamore train station has been included in the Iarnród Éireann National Carpark Strategy report which is currently being reviewed with the NTA; and when it is hoped this report will be published. [70860/26],,Transport,2026-10-07,0.8902766108512878,Rail Network,Rail Network,0.8902766108512878,Public Transport,0.0694813951849937,Transport Policy,0.0068288324400782,Park-and-Ride Facilities,0.0029028737917542,Bus Services,0.0026029145810753,National Transport Authority,0.0016318445559591,Transport Costs,0.0015993937849998,Transport Infrastructure Ireland,0.0015007407637313,Other,0.0011120840208604,Traffic Management,0.0009905432816594,70860/26,108,Sorca Clarke,SORCA CLARKE,written,en,To ask the Minister for Transport if Tullamore train station has been included in the Iarnród Éireann National Carpark Strategy report which is currently being reviewed with the NTA; and when it is hoped this report will be published.,the minister for transport if tullamore train station has been included in the iarnród éireann national carpark strategy report which is currently being reviewed with the nta and when it is hoped this report will be published 70860 26,Transport,465,467
109. Deputy Cathal Crowe asked the Minister for Transport if he will provide an update on the status of the 5 per cent pension increase first agreed in mid-2025 for retired public transport workers under the CIÉ 1951 Pension Scheme; and the reasons retired Bus Éireann employees have yet to receive this adjustment which was scheduled to commence in August 2026. [70935/26],,Transport,2026-10-07,0.4998791515827179,Public Sector Pensions,Public Sector Pensions,0.4998791515827179,Pension Provisions,0.1839521527290344,Public Transport,0.1118976697325706,Córas Iompair Éireann,0.0445869080722332,National Transport Authority,0.0204223301261663,Bus Services,0.0194583106786012,Transport Policy,0.0156160285696387,Transport Costs,0.0124654741957783,Transport Infrastructure Ireland,0.0068229790776968,School Transport,0.006192211061716,70935/26,109,Cathal Crowe,CATHAL CROWE,written,en,To ask the Minister for Transport if he will provide an update on the status of the 5 per cent pension increase first agreed in mid-2025 for retired public transport workers under the CIÉ 1951 Pension Scheme; and the reasons retired Bus Éireann employees have yet to receive this adjustment which was scheduled to commence in August 2026.,the minister for transport if he will provide an update on the status of the 5 per cent pension increase first agreed in mid-2025 for retired public transport workers under the cié 1951 pension scheme and the reasons retired bus éireann employees have yet to receive this adjustment which was scheduled to commence in august 2026 70935 26,Transport,469,471
110. Deputy Michael Healy-rae asked the Minister for Transport to confirm receipt of outstanding information received for the RTSS scheme (details supplied). [70982/26],,Transport,2026-10-07,0.1947113424539566,Departmental Schemes,Departmental Schemes,0.1947113424539566,Public Transport,0.1203366965055465,National Transport Authority,0.0690590515732765,Transport Policy,0.0683932825922966,Taxi Regulations,0.0599655322730541,Taxi Licences,0.0506320782005786,Bus Services,0.0357017442584037,Road Safety,0.0333116613328456,Driver Licences,0.0219086203724145,Active Travel,0.018607122823596,70982/26,110,Michael Healy-rae,MICHAEL HEALY-RAE,written,en,To ask the Minister for Transport to confirm receipt of outstanding information received for the RTSS scheme (details supplied).,the minister for transport to confirm receipt of outstanding information received for the rtss scheme details supplied 70982 26,Transport,473,475
111. Deputy Réada Cronin asked the Minister for Transport to confirm the future plans for the 120A bus which serves Edenderry to UCD; whether plans are in place for an alteration of the route in the future; and if he will make a statement on the matter. [70995/26],,Transport,2026-10-07,0.9844247102737428,Bus Services,Bus Services,0.9844247102737428,Public Transport,0.0072086160071194,Dublin Bus,0.0023257217835634,Bus Éireann,0.0019430780084803,National Transport Authority,0.0003622616932261,Transport Policy,0.0003117308660876,Rail Network,0.000304596760543,Departmental Data,0.0002782469382509,Transport Costs,0.0001626185403438,School Transport,0.0001314390683546,70995/26,111,Réada Cronin,RÉADA CRONIN,written,en,To ask the Minister for Transport to confirm the future plans for the 120A bus which serves Edenderry to UCD; whether plans are in place for an alteration of the route in the future; and if he will make a statement on the matter.,the minister for transport to confirm the future plans for the 120a bus which serves edenderry to ucd whether plans are in place for an alteration of the route in the future and 70995 26,Transport,477,479
"112. Deputy Réada Cronin asked the Minister for Transport his plans to increase public transport infrastructure over the next five years in north Kildare, given the increasing population; and if he will make a statement on the matter. [70996/26]",,Transport,2026-10-07,0.928131937980652,Public Transport,Public Transport,0.928131937980652,Transport Policy,0.0248315371572971,Transport Costs,0.017102800309658,Bus Services,0.0084072286263108,Rail Network,0.0055383956059813,National Transport Authority,0.0053758975118398,Transport Infrastructure Ireland,0.0018381796544417,School Transport,0.0007193611818365,Bus Éireann,0.0007021176861599,Departmental Data,0.0006421224097721,70996/26,112,Réada Cronin,RÉADA CRONIN,written,en,"To ask the Minister for Transport his plans to increase public transport infrastructure over the next five years in north Kildare, given the increasing population; and if he will make a statement on the matter.",the minister for transport his plans to increase public transport infrastructure over the next five years in north kildare given the increasing population and 70996 26,Transport,481,483
"113. Deputy David Cullinane asked the Minister for Transport the number of vehicles awaiting an NCT appointment at each National Car Testing Service centre in County Waterford at the end of each month from January 2024 to the latest available month; and the average and longest wait, in tabular form. [70889/26]",,Transport,2026-10-07,0.9857701063156128,National Car Test,National Car Test,0.9857701063156128,Driver Test,0.0032885947730392,Road Safety Authority,0.0014220107113942,Driver Licences,0.0006471564411185,Departmental Data,0.0005946070887148,Haulage Industry,0.0005604648031294,Vehicle Registration Tax,0.000512400525622,Horse Racing Industry,0.0004313878307584,Road Safety,0.0003472949611023,Other,0.0002761456416919,70889/26,113,David Cullinane,DAVID CULLINANE,written,en,"To ask the Minister for Transport the number of vehicles awaiting an NCT appointment at each National Car Testing Service centre in County Waterford at the end of each month from January 2024 to the latest available month; and the average and longest wait, in tabular form.",the minister for transport the number of vehicles awaiting an nct appointment at each national car testing service centre in county waterford at the end of each month from january 2024 to the latest available month and the average and longest wait in tabular form 70889 26,Transport,485,487
"114. Deputy David Cullinane asked the Minister for Transport the number of applications awaiting a driving test at each driving-test centre in County Waterford at the end of each month from January 2024 to the latest available month; and the average wait at each centre, in tabular form. [70888/26]",,Transport,2026-10-07,0.9928913116455078,Driver Test,Driver Test,0.9928913116455078,Road Safety Authority,0.0022397385910153,Driver Licences,0.0009529174421913,Departmental Data,0.0007387980003841,National Car Test,0.0002304491499671,Road Safety,0.000226438671234,Departmental Staff,0.0001577919902047,Health Services Staff,0.0001259104028576,Health Services,0.0001221863058162,Departmental Schemes,0.000117630654131,70888/26,114,David Cullinane,DAVID CULLINANE,written,en,"To ask the Minister for Transport the number of applications awaiting a driving test at each driving-test centre in County Waterford at the end of each month from January 2024 to the latest available month; and the average wait at each centre, in tabular form.",the minister for transport the number of applications awaiting a driving test at each driving-test centre in county waterford at the end of each month from january 2024 to the latest available month and the average wait at each centre in tabular form 70888 26,Transport,489,491
"115. Deputy Barry Heneghan asked the Minister for Transport to clarify the minimum weekly lecture or class hours required for a student Leap card, given differing information published by TFI. [70855/26]",,Transport,2026-10-07,0.7248257994651794,Public Transport,Public Transport,0.7248257994651794,Transport Costs,0.2055876702070236,Transport Policy,0.0157528948038816,Bus Services,0.0111762322485446,National Transport Authority,0.004176459275186,Taxi Regulations,0.0040280814282596,School Transport,0.003360949922353,Rail Network,0.0024900899734348,Transport Infrastructure Ireland,0.0019933355506509,Taxi Licences,0.001920084352605,70855/26,115,Barry Heneghan,BARRY HENEGHAN,written,en,"To ask the Minister for Transport to clarify the minimum weekly lecture or class hours required for a student Leap card, given differing information published by TFI.",the minister for transport to clarify the minimum weekly lecture or class hours required for a student leap card given differing information published by tfi 70855 26,Transport,493,495
"116. Deputy Barry Heneghan asked the Minister for Transport whether the student Leap card criteria will be reviewed for persons aged 26 and over, particularly those returning to education while working and those undertaking recognised blended or online courses. [70854/26]",,Transport,2026-10-07,0.6429182291030884,Public Transport,Public Transport,0.6429182291030884,Transport Costs,0.2553748190402984,Transport Policy,0.0266917627304792,Taxi Regulations,0.007939264178276,School Transport,0.005754146259278,National Transport Authority,0.0046024671755731,Bus Services,0.0045828502625226,Departmental Schemes,0.003124691080302,Rail Network,0.0029539256356656,Taxi Licences,0.0028641817625612,70854/26,116,Barry Heneghan,BARRY HENEGHAN,written,en,"To ask the Minister for Transport whether the student Leap card criteria will be reviewed for persons aged 26 and over, particularly those returning to education while working and those undertaking recognised blended or online courses.",the minister for transport whether the student leap card criteria will be reviewed for persons aged 26 and over particularly those returning to education while working and those undertaking recognised blended or online courses 70854 26,Transport,497,499
117. Deputy Barry Heneghan asked the Minister for Transport whether students of organisations (details supplied) are being refused student Leap cards even where they meet the eligibility criteria published by TFI. [70853/26],,Transport,2026-10-07,0.5035855770111084,Public Transport,Public Transport,0.5035855770111084,Transport Costs,0.3326470851898193,Transport Policy,0.0263203307986259,Taxi Regulations,0.0167314186692237,School Transport,0.0086319297552108,Taxi Licences,0.007608531974256,National Transport Authority,0.0072359503246843,Bus Services,0.0060293893329799,Transport Infrastructure Ireland,0.0042883423157036,Departmental Schemes,0.0041135414503514,70853/26,117,Barry Heneghan,BARRY HENEGHAN,written,en,To ask the Minister for Transport whether students of organisations (details supplied) are being refused student Leap cards even where they meet the eligibility criteria published by TFI.,the minister for transport whether students of organisations details supplied are being refused student leap cards even where they meet the eligibility criteria published by tfi 70853 26,Transport,501,503
118. Deputy Barry Heneghan asked the Minister for Transport the reason students of organisations (details supplied) are no longer eligible for the student Leap card; when this change was made; and whether the bodies concerned were consulted [70852/26],,Transport,2026-10-07,0.6398081183433533,Public Transport,Public Transport,0.6398081183433533,Transport Costs,0.2582156658172607,Transport Policy,0.0186148211359977,Taxi Regulations,0.0087351500988006,School Transport,0.0074512404389679,Bus Services,0.0060978732071816,National Transport Authority,0.0050289705395698,Departmental Schemes,0.0031937074381858,Taxi Licences,0.0027610794641077,Transport Infrastructure Ireland,0.0026306270156055,70852/26,118,Barry Heneghan,BARRY HENEGHAN,written,en,To ask the Minister for Transport the reason students of organisations (details supplied) are no longer eligible for the student Leap card; when this change was made; and whether the bodies concerned were consulted,the minister for transport the reason students of organisations details supplied are no longer eligible for the student leap card when this change was made and whether the bodies concerned were consulted 70852 26,Transport,505,507
"119. Deputy Catherine Callaghan asked the Minister for Transport whether students resident in the State who attend recognised third-level institutions in Northern Ireland are eligible for a student or young adult TFI Leap card; if not, the rationale for excluding such students, given that students resident in Northern Ireland attending third-level institutions in the State may avail of the scheme; and whether he considers this approach equitable. [70846/26]",,Transport,2026-10-07,0.5471112728118896,Public Transport,Public Transport,0.5471112728118896,Transport Costs,0.2574570178985595,Taxi Regulations,0.0330413095653057,Transport Policy,0.0301596764475107,Taxi Licences,0.0167939662933349,Departmental Schemes,0.0088685676455497,National Transport Authority,0.0063900956884026,Transport Infrastructure Ireland,0.0061172279529273,School Transport,0.0047873365692794,Bus Services,0.0047836513258516,70846/26,119,Catherine Callaghan,CATHERINE CALLAGHAN,written,en,"To ask the Minister for Transport whether students resident in the State who attend recognised third-level institutions in Northern Ireland are eligible for a student or young adult TFI Leap card; if not, the rationale for excluding such students, given that students resident in Northern Ireland attending third-level institutions in the State may avail of the scheme; and whether he considers this approach equitable.",the minister for transport whether students resident in the state who attend recognised third-level institutions in northern ireland are eligible for a student or young adult tfi leap card if not the rationale for excluding such students given that students resident in northern ireland attending third-level institutions in the state may avail of the scheme and whether he considers this approach equitable 70846 26,Transport,509,511
120. Deputy Emer Currie asked the Minister for Transport further to Parliamentary Question No. 67137/26 of 22 September 2026 to confirm whether a further public consultation will take place. [70858/26],,Transport,2026-10-07,0.1137753576040268,Public Transport,Public Transport,0.1137753576040268,Bus Services,0.078852079808712,Transport Policy,0.0683187395334243,Departmental Correspondence,0.0646457225084304,Departmental Consultations,0.0434252433478832,National Transport Authority,0.0406142957508564,Departmental Inquiries,0.0290873162448406,Departmental Reviews,0.0280663762241601,Departmental Reports,0.0280163567513227,Transport Infrastructure Ireland,0.0277954544872045,70858/26,120,Emer Currie,EMER CURRIE,written,en,To ask the Minister for Transport further to Parliamentary Question No. 67137/26 of 22 September 2026 to confirm whether a further public consultation will take place.,the minister for transport further to parliamentary question no 67137 26 of 22 september 2026 to confirm whether a further public consultation will take place 70858 26,Transport,513,515
121. Deputy Albert Dolan asked the Tánaiste and Minister for Finance whether he intends to review the current Capital Acquisitions Tax rules which provide for differing tax-free thresholds depending on the relationship between a beneficiary and the disponer; the policy rationale for retaining these distinctions; the estimated Exchequer cost of equalising the applicable thresholds; and whether options for reform are being examined as part of the preparations for Budget 2027. [70784/26],,Finance,2026-10-07,0.8827800750732422,Tax Code,Tax Code,0.8827800750732422,Tax Exemptions,0.041949089616537,Tax Data,0.0240906961262226,Tax Collection,0.0095469579100608,Tax Reliefs,0.0082131344825029,Tax Rebates,0.0036648239474743,Tax Credits,0.0031201413366943,Fiscal Policy,0.0024946588091552,Universal Social Charge,0.0020980704575777,Tax Yield,0.0019109271233901,70784/26,121,Albert Dolan,ALBERT DOLAN,written,en,To ask the Tánaiste and Minister for Finance whether he intends to review the current Capital Acquisitions Tax rules which provide for differing tax-free thresholds depending on the relationship between a beneficiary and the disponer; the policy rationale for retaining these distinctions; the estimated Exchequer cost of equalising the applicable thresholds; and whether options for reform are being examined as part of the preparations for Budget 2027.,and minister for finance whether he intends to review the current capital acquisitions tax rules which provide for differing tax-free thresholds depending on the relationship between a beneficiary and the disponer the policy rationale for retaining these distinctions the estimated exchequer cost of equalising the applicable thresholds and whether options for reform are being examined as part of the preparations for budget 2027 70784 26,Finance,520,522
122. Deputy Michael Cahill asked the Tánaiste and Minister for Finance if consideration is being given to the introduction of an organisations (details supplied) proposed on-trade sustainability scheme in Budget 2027; and if he will make a statement on the matter. [70811/26],,Finance,2026-10-07,0.2654280662536621,Budget 2026,Budget 2026,0.2654280662536621,Budget 2023,0.129387229681015,Budget 2024,0.1025566384196281,Budget 2025,0.058632593601942,Departmental Budgets,0.0354522578418254,Fiscal Policy,0.034826498478651,Budget Process,0.0269168000668287,Banking Sector,0.0245798025280237,Tax Code,0.0216404795646667,Cost of Living Issues,0.0213329214602708,70811/26,122,Michael Cahill,MICHAEL CAHILL,written,en,To ask the Tánaiste and Minister for Finance if consideration is being given to the introduction of an organisations (details supplied) proposed on-trade sustainability scheme in Budget 2027; and if he will make a statement on the matter.,and minister for finance if consideration is being given to the introduction of an organisations details supplied proposed on-trade sustainability scheme in budget 2027 and 70811 26,Finance,524,526
"123. Deputy Jennifer Whitmore asked the Tánaiste and Minister for Finance if he has examined the impact of historic COVID-19-related mortgage arrears on a person’s ability to secure a mortgage, where those arrears have since been cleared and the person has demonstrated financial stability; and if he will make a statement on the matter. [71003/26]",,Finance,2026-10-07,0.0742313265800476,Banking Sector,Banking Sector,0.0742313265800476,Mortgage Interest Rates,0.0654873177409172,Other,0.0632036104798317,Financial Services,0.0598779544234275,Tax Reliefs,0.0287841688841581,Departmental Inquiries,0.0285135973244905,Departmental Policies,0.0276261866092681,Housing Schemes,0.0240607410669326,Housing Policy,0.0228592921048402,Tax Code,0.0208493024110794,71003/26,123,Jennifer Whitmore,JENNIFER WHITMORE,written,en,"To ask the Tánaiste and Minister for Finance if he has examined the impact of historic COVID-19-related mortgage arrears on a person’s ability to secure a mortgage, where those arrears have since been cleared and the person has demonstrated financial stability; and if he will make a statement on the matter.",and minister for finance if he has examined the impact of historic covid-19-related mortgage arrears on a person s ability to secure a mortgage where those arrears have since been cleared and the person has demonstrated financial stability and 71003 26,Finance,528,530
124. Deputy Seán Ó Fearghaíl asked the Tánaiste and Minister for Finance If it is proposed to expedite the signing of a Double Taxation Agreement between the Government of Ireland and the Government of Barbados. [70890/26],,Finance,2026-10-07,0.486223965883255,Tax Code,Tax Code,0.486223965883255,Tax Data,0.0577592775225639,Other,0.0400962308049202,Tax Collection,0.0400688387453556,Fiscal Policy,0.0347817838191986,Customs and Excise,0.0344346575438976,Tax Yield,0.0197826661169528,Revenue Commissioners,0.0105632338672876,Departmental Policies,0.010025487281382,Middle East,0.0094531122595071,70890/26,124,Seán Ó Fearghaíl,SEÁN Ó FEARGHAÍL,written,en,To ask the Tánaiste and Minister for Finance If it is proposed to expedite the signing of a Double Taxation Agreement between the Government of Ireland and the Government of Barbados.,and minister for finance if it is proposed to expedite the signing of a double taxation agreement between the government of ireland and the government of barbados 70890 26,Finance,532,534
125. Deputy Paul Lawless asked the Tánaiste and Minister for Finance the estimated annual cost to the Exchequer of reducing the VAT rate on agricultural diesel from 13.5% to 9%; and if he will make a statement on the matter. [70775/26],,Finance,2026-10-07,0.3366834223270416,Tax Data,Tax Data,0.3366834223270416,Tax Code,0.3255005478858948,Tax Yield,0.2111596316099167,Tax Collection,0.0387094914913177,Tax Rebates,0.0133862057700753,Departmental Data,0.009902280755341,Tax Exemptions,0.0096645755693316,Tax Reliefs,0.0046189916320145,Customs and Excise,0.0043487171642482,Tax Credits,0.0042961393482983,70775/26,125,Paul Lawless,PAUL LAWLESS,written,en,To ask the Tánaiste and Minister for Finance the estimated annual cost to the Exchequer of reducing the VAT rate on agricultural diesel from 13.5% to 9%; and if he will make a statement on the matter.,and minister for finance the estimated annual cost to the exchequer of reducing the vat rate on agricultural diesel from 13 5 to 9 and 70775 26,Finance,536,538
"126. Deputy Pádraig Rice asked the Minister for Public Expenditure, Infrastructure, Public Service Reform and Digitalisation the number of ongoing appeals from members of the An Post superannuation scheme; the average time it takes to process an appeal; the number of appeals ongoing for more than six months and more than one year; and the reason for the delay in issuing determinations. [71016/26]",,Public Expenditure,2026-10-07,0.5813502073287964,Public Sector Pensions,Public Sector Pensions,0.5813502073287964,Pension Provisions,0.2193936258554458,Public Sector Staff,0.0562412478029727,Public Sector Pay,0.0353312566876411,State Pensions,0.006892510689795,Departmental Schemes,0.0068354103714227,Pensions Reform,0.0067526130005717,Departmental Data,0.0064438246190547,Civil Service,0.0055974507704377,State Bodies,0.0055941794998943,71016/26,126,Pádraig Rice,PÁDRAIG RICE,written,en,"To ask the Minister for Public Expenditure, Infrastructure, Public Service Reform and Digitalisation the number of ongoing appeals from members of the An Post superannuation scheme; the average time it takes to process an appeal; the number of appeals ongoing for more than six months and more than one year; and the reason for the delay in issuing determinations.",the minister for public expenditure infrastructure public service reform and digitalisation the number of ongoing appeals from members of the an post superannuation scheme the average time it takes to process an appeal the number of appeals ongoing for more than six months and more than one year and the reason for the delay in issuing determinations 71016 26,"Public Expenditure, Infrastructure, Public Service Reform and Digitalisation",543,545
"127. Deputy Ruth Coppinger asked the Minister for Enterprise, Tourism and Employment if he will consider a review of legislation to ensure there is a statutory right to a minimum bereavement leave. [70748/26]",,Enterprise,2026-10-07,0.5292744636535645,Legislative Measures,Legislative Measures,0.5292744636535645,Employment Rights,0.1853219121694564,Legislative Reviews,0.0340413302183151,Legislative Process,0.0259360820055007,Legislative Programme,0.0205144099891185,Other,0.0194982532411813,Departmental Policies,0.0135773066431283,Proposed Legislation,0.0134382657706737,Consumer Protection,0.0085160648450255,EU Directives,0.0074164434336125,70748/26,127,Ruth Coppinger,RUTH COPPINGER,written,en,"To ask the Minister for Enterprise, Tourism and Employment if he will consider a review of legislation to ensure there is a statutory right to a minimum bereavement leave.",the minister for enterprise tourism and employment if he will consider a review of legislation to ensure there is a statutory right to a minimum bereavement leave 70748 26,"Enterprise, Tourism and Employment",550,552
"128. Deputy Barry Ward asked the Minister for Enterprise, Tourism and Employment his views on the union-led campaign (details supplied) in relation to pay and working conditions for retail employees; and if he has engaged with the union in relation to these requests. [70934/26]",,Enterprise,2026-10-07,0.2666018009185791,Employment Rights,Employment Rights,0.2666018009185791,Industrial Relations,0.2058315426111221,Industrial Disputes,0.0768134295940399,National Minimum Wage,0.0612415559589862,Wage-setting Mechanisms,0.0338218212127685,Workplace Relations Commission,0.031671404838562,Living Wage,0.0303051359951496,Public Sector Pay,0.0169568080455064,Consumer Protection,0.0119635360315442,Job Losses,0.0115669341757893,70934/26,128,Barry Ward,BARRY WARD,written,en,"To ask the Minister for Enterprise, Tourism and Employment his views on the union-led campaign (details supplied) in relation to pay and working conditions for retail employees; and if he has engaged with the union in relation to these requests.",the minister for enterprise tourism and employment his views on the union-led campaign details supplied pay and working conditions for retail employees and if he has engaged with the union these requests 70934 26,"Enterprise, Tourism and Employment",554,556
"129. Deputy Seán Ó Fearghaíl asked the Minister for Enterprise, Tourism and Employment If he will address the concerns raised in correspondence (details supplied) regarding the cumulative impact of minimum wage increases, employer PRSI increases, pension auto-enrolment and statutory sick pay obligations on the viability of small independent retailers; and if he will consider measures to support the retail sector in Budget 2027, including targeted employer PRSI reliefs and a review of planned labour cost increases. [70874/26]",,Enterprise,2026-10-07,0.2483971416950225,National Minimum Wage,National Minimum Wage,0.2483971416950225,Employment Rights,0.1604353040456771,Living Wage,0.0733875930309295,Industrial Relations,0.0682700052857399,Wage-setting Mechanisms,0.0331886410713195,Industrial Disputes,0.0274196304380893,Business Regulation,0.01547537650913,Small and Medium Enterprises,0.0149395829066634,Enterprise Policy,0.0137003064155578,Social Insurance,0.0125255668535828,70874/26,129,Seán Ó Fearghaíl,SEÁN Ó FEARGHAÍL,written,en,"To ask the Minister for Enterprise, Tourism and Employment If he will address the concerns raised in correspondence (details supplied) regarding the cumulative impact of minimum wage increases, employer PRSI increases, pension auto-enrolment and statutory sick pay obligations on the viability of small independent retailers; and if he will consider measures to support the retail sector in Budget 2027, including targeted employer PRSI reliefs and a review of planned labour cost increases.",the minister for enterprise tourism and employment if he will address the concerns raised in correspondence details supplied regarding the cumulative impact of minimum wage increases employer prsi increases pension auto-enrolment and statutory sick pay obligations on the viability of small independent retailers and if he will consider measures to support the retail sector in budget 2027 including targeted employer prsi reliefs and a review of planned labour cost increases 70874 26,"Enterprise, Tourism and Employment",558,560
"130. Deputy Michael Cahill asked the Minister for Enterprise, Tourism and Employment to address the minimum working hours for retail workers (details supplied); and if he will make a statement on the matter. [71039/26]",,Enterprise,2026-10-07,0.5035642981529236,Employment Rights,Employment Rights,0.5035642981529236,Work Permits,0.0880321040749549,Job Losses,0.0418314151465892,Redundancy Payments,0.0255943909287452,Job Creation,0.0252739749848842,Business Supports,0.023779809474945,Labour Market,0.022294932976365,Flexible Work Practices,0.0218921899795532,Workplace Relations Commission,0.020920556038618,Industrial Relations,0.0180218890309333,71039/26,130,Michael Cahill,MICHAEL CAHILL,written,en,"To ask the Minister for Enterprise, Tourism and Employment to address the minimum working hours for retail workers (details supplied); and if he will make a statement on the matter.",the minister for enterprise tourism and employment to address the minimum working hours for retail workers details supplied and 71039 26,"Enterprise, Tourism and Employment",562,564
131. Deputy Séamus Mcgrath asked the Minister for Education and Youth to provide an update on the building project for a school (details supplied). [70772/26],,Education,2026-10-07,0.9815938472747804,Schools Building Projects,Schools Building Projects,0.9815938472747804,School Accommodation,0.0089840609580278,Schools Refurbishment,0.0031616040505468,School Facilities,0.0010076209437102,Site Acquisitions,0.0008984707528725,Departmental Data,0.0004449390398804,Departmental Projects,0.0003882265882566,School Funding,0.0002707887906581,Departmental Funding,0.0001925885298987,Special Educational Needs,0.0001891548308776,70772/26,131,Séamus Mcgrath,SÉAMUS MCGRATH,written,en,To ask the Minister for Education and Youth to provide an update on the building project for a school (details supplied).,the minister for education and youth to provide an update on the building project for a school details supplied 70772 26,Education and Youth,569,571
132. Deputy Shónagh Ní Raghallaigh asked the Minister for Education and Youth if she will provide an update on a UBU Youth Project (details supplied). [70763/26],,Education,2026-10-07,0.7091420292854309,Youth Services,Youth Services,0.7091420292854309,Youth Work Supports,0.0373044088482856,Education and Training Boards,0.0212034899741411,Departmental Funding,0.0198039934039115,Education Policy,0.0127053670585155,Education and Training Provision,0.0112464763224124,Departmental Bodies,0.0109824007377028,Departmental Data,0.0100088203325867,Education Welfare Service,0.0071897278539836,Child and Family Agency,0.0060677248984575,70763/26,132,Shónagh Ní Raghallaigh,SHÓNAGH NÍ RAGHALLAIGH,written,en,To ask the Minister for Education and Youth if she will provide an update on a UBU Youth Project (details supplied).,the minister for education and youth if she will provide an update on a ubu youth project details supplied 70763 26,Education and Youth,573,575
133. Deputy Shónagh Ní Raghallaigh asked the Minister for Education and Youth the main grounds for refusal of the home tuition scheme applications. [70788/26],,Education,2026-10-07,0.3839091360569,Home Schooling,Home Schooling,0.3839091360569,Education Schemes,0.1646657884120941,Departmental Schemes,0.1001084148883819,Grant Payments,0.0366375483572483,School Transport,0.0331411510705947,Special Educational Needs,0.0258245468139648,Third Level Fees,0.0199676267802715,Education Policy,0.018978726118803,Education Costs,0.0163225810974836,School Costs,0.0155155844986438,70788/26,133,Shónagh Ní Raghallaigh,SHÓNAGH NÍ RAGHALLAIGH,written,en,To ask the Minister for Education and Youth the main grounds for refusal of the home tuition scheme applications.,the minister for education and youth the main grounds for refusal of the home tuition scheme applications 70788 26,Education and Youth,577,579
"134. Deputy Shónagh Ní Raghallaigh asked the Minister for Education and Youth the number of home tuition applicants, by category of application. [70787/26]",,Education,2026-10-07,0.5309062004089355,Home Schooling,Home Schooling,0.5309062004089355,Departmental Data,0.1034519374370575,Education Schemes,0.0700257271528244,Special Educational Needs,0.0468949638307094,School Transport,0.044178020209074,Departmental Schemes,0.0147990901023149,School Admissions,0.0125173982232809,Education Costs,0.0113724116235971,School Costs,0.0113336937502026,Grant Payments,0.0091304965317249,70787/26,134,Shónagh Ní Raghallaigh,SHÓNAGH NÍ RAGHALLAIGH,written,en,"To ask the Minister for Education and Youth the number of home tuition applicants, by category of application.",the minister for education and youth the number of home tuition applicants by category of application 70787 26,Education and Youth,581,583
135. Deputy Shónagh Ní Raghallaigh asked the Minister for Education and Youth if she is aware of cohorts of children who may effectively be on a reduced timetable but are not captured by the official data. [70786/26],,Education,2026-10-07,0.3720662593841553,Departmental Data,Departmental Data,0.3720662593841553,Special Educational Needs,0.1015055775642395,Education Policy,0.0898465663194656,School Enrolments,0.0626991540193557,School Staff,0.0532349236309528,School Transport,0.0263049751520156,National Educational Psychological Service,0.0259713027626276,School Curriculum,0.023491071537137,National Council for Special Education,0.0210013147443532,Education Schemes,0.0195523928850889,70786/26,135,Shónagh Ní Raghallaigh,SHÓNAGH NÍ RAGHALLAIGH,written,en,To ask the Minister for Education and Youth if she is aware of cohorts of children who may effectively be on a reduced timetable but are not captured by the official data.,the minister for education and youth if she is aware of cohorts of children who may effectively be on a reduced timetable but are not captured by the official data 70786 26,Education and Youth,585,587
136. Deputy Shónagh Ní Raghallaigh asked the Minister for Education and Youth if her Department will conduct an audit of community special schools in light of the recent reports of substandard facilities and service. [70751/26],,Education,2026-10-07,0.952998161315918,Special Educational Needs,Special Educational Needs,0.952998161315918,National Council for Special Education,0.0094771608710289,School Admissions,0.004182506352663,Departmental Data,0.0038543329574167,Education Policy,0.0029559114482253,School Enrolments,0.0026028263382613,School Facilities,0.0019216001965105,School Accommodation,0.001605334226042,Education Schemes,0.0014462986728176,School Staff,0.001173204742372,70751/26,136,Shónagh Ní Raghallaigh,SHÓNAGH NÍ RAGHALLAIGH,written,en,To ask the Minister for Education and Youth if her Department will conduct an audit of community special schools in light of the recent reports of substandard facilities and service.,the minister for education and youth if her department will conduct an audit of community special schools in light of the recent reports of substandard facilities and service 70751 26,Education and Youth,589,591
"137. Deputy Darren O'Rourke asked the Minister for Education and Youth further to Parliamentary Question No. 66820/26, when the review of the more qualitative aspects of UBU is planned to commence in 2026 given the limited time left in the year; and the person or body that will undertake this review. [70805/26]",,Education,2026-10-07,0.1707363724708557,Education and Training Boards,Education and Training Boards,0.1707363724708557,Youth Services,0.1657417565584182,Education Policy,0.0755229666829109,Education and Training Provision,0.0466548576951026,Education Welfare Service,0.0400376766920089,National Educational Psychological Service,0.0238095689564943,Further and Higher Education,0.0233948100358247,Departmental Data,0.0231928341090679,Educational Disadvantage,0.0231075268238782,Departmental Reviews,0.0196785386651754,70805/26,137,Darren O'Rourke,DARREN O'ROURKE,written,en,"To ask the Minister for Education and Youth further to Parliamentary Question No. 66820/26, when the review of the more qualitative aspects of UBU is planned to commence in 2026 given the limited time left in the year; and the person or body that will undertake this review.",the minister for education and youth further to parliamentary question no 66820 26 when the review of the more qualitative aspects of ubu is planned to commence in 2026 given the limited time left in the year and the person or body that will undertake this review 70805 26,Education and Youth,593,595
"138. Deputy Darren O'Rourke asked the Minister for Education and Youth further to Parliamentary Question No. 66820/26, if the comprehensive scoping exercise of the UBU scheme’s operating processes has been completed; and if the review will be published. [70804/26]",,Education,2026-10-07,0.2563380300998688,Youth Services,Youth Services,0.2563380300998688,Education and Training Boards,0.0879593268036842,Education Policy,0.0616045221686363,Education and Training Provision,0.0320169478654861,Education Schemes,0.0254963338375091,Education Welfare Service,0.0252163968980312,Youth Work Supports,0.0225624460726976,Educational Disadvantage,0.0168897360563278,Residential Institutions,0.0138009628280997,Departmental Data,0.013513489626348,70804/26,138,Darren O'Rourke,DARREN O'ROURKE,written,en,"To ask the Minister for Education and Youth further to Parliamentary Question No. 66820/26, if the comprehensive scoping exercise of the UBU scheme’s operating processes has been completed; and if the review will be published.",the minister for education and youth further to parliamentary question no 66820 26 if the comprehensive scoping exercise of the ubu scheme s operating processes has been completed and if the review will be published 70804 26,Education and Youth,597,599
"139. Deputy Darren O'Rourke asked the Minister for Education and Youth further to Parliamentary Question No. 66822/26, if she will provide a timeline for the establishment of the Workforce Advisory Group; and the timeline that exists for the Strategy to be developed. [70802/26]",,Education,2026-10-07,0.1589079648256302,Departmental Bodies,Departmental Bodies,0.1589079648256302,Education and Training Boards,0.1248659342527389,Education Policy,0.0948119387030601,Departmental Policies,0.053972415626049,Youth Services,0.0358590073883533,Departmental Strategies,0.0339689888060092,Education and Training Provision,0.0330267548561096,Departmental Data,0.0275978073477745,School Staff,0.0270921140909194,Special Educational Needs,0.0257298499345779,70802/26,139,Darren O'Rourke,DARREN O'ROURKE,written,en,"To ask the Minister for Education and Youth further to Parliamentary Question No. 66822/26, if she will provide a timeline for the establishment of the Workforce Advisory Group; and the timeline that exists for the Strategy to be developed.",the minister for education and youth further to parliamentary question no 66822 26 if she will provide a timeline for the establishment of the workforce advisory group and the timeline that exists for the strategy to be developed 70802 26,Education and Youth,601,603
140. Deputy Seán Kyne asked the Minister for Education and Youth for an update on the progress of a schools additional special classroom accommodation (details supplied). [70815/26],,Education,2026-10-07,0.7359572649002075,School Accommodation,School Accommodation,0.7359572649002075,Schools Building Projects,0.1251572668552398,Special Educational Needs,0.0687564387917518,School Facilities,0.0481345802545547,Schools Refurbishment,0.0052730436436831,Departmental Data,0.0016921674832701,School Funding,0.0013366736238822,School Staff,0.0011412929743528,School Admissions,0.0011215112172067,School Transport,0.0008914646459743,70815/26,140,Seán Kyne,SEÁN KYNE,written,en,To ask the Minister for Education and Youth for an update on the progress of a schools additional special classroom accommodation (details supplied).,the minister for education and youth for an update on the progress of a schools additional special classroom accommodation details supplied 70815 26,Education and Youth,605,607
141. Deputy Jen Cummins asked the Minister for Education and Youth her plans to address the teacher shortage in a school (details supplied). [70735/26],,Education,2026-10-07,0.9796385765075684,School Staff,School Staff,0.9796385765075684,Teacher Training,0.006072558928281,Teaching Qualifications,0.0038185324519872,Special Educational Needs,0.0025103380903601,Teaching Council of Ireland,0.0009079364826902,Pupil-Teacher Ratio,0.0008159735007211,Departmental Data,0.0004856579180341,School Funding,0.0004360387683846,Public Sector Pay,0.0004135553026571,Education Policy,0.0003491822862997,70735/26,141,Jen Cummins,JEN CUMMINS,written,en,To ask the Minister for Education and Youth her plans to address the teacher shortage in a school (details supplied).,the minister for education and youth her plans to address the teacher shortage in a school details supplied 70735 26,Education and Youth,609,611
142. Deputy Shónagh Ní Raghallaigh asked the Minister for Education and Youth for an update in relation to progress on a new school building (details supplied). [70743/26],,Education,2026-10-07,0.9700565934181212,Schools Building Projects,Schools Building Projects,0.9700565934181212,School Accommodation,0.0169876627624034,Schools Refurbishment,0.0046974141150712,Site Acquisitions,0.0022404841147363,School Facilities,0.0013762421440333,Departmental Data,0.000423591962317,Departmental Projects,0.0004148237348999,School Funding,0.0002520688576623,Special Educational Needs,0.0002456611546222,School Enrolments,0.0001622509153094,70743/26,142,Shónagh Ní Raghallaigh,SHÓNAGH NÍ RAGHALLAIGH,written,en,To ask the Minister for Education and Youth for an update in relation to progress on a new school building (details supplied).,the minister for education and youth for an update progress on a new school building details supplied 70743 26,Education and Youth,613,615
143. Deputy Shónagh Ní Raghallaigh asked the Minister for Education and Youth the ways that the ETS and CDNT services are designed to work alongside one another in a complimentary fashion. [70741/26],,Education,2026-10-07,0.7086442112922668,Special Educational Needs,Special Educational Needs,0.7086442112922668,School Staff,0.0821547135710716,Education Policy,0.0405773185193538,Educational Disadvantage,0.0252213887870311,Education Schemes,0.0206998884677886,National Council for Special Education,0.0103803183883428,Education and Training Provision,0.0093339905142784,Disadvantaged Status,0.0074787233024835,Departmental Policies,0.0074352440424263,National Educational Psychological Service,0.0072167464531958,70741/26,143,Shónagh Ní Raghallaigh,SHÓNAGH NÍ RAGHALLAIGH,written,en,To ask the Minister for Education and Youth the ways that the ETS and CDNT services are designed to work alongside one another in a complimentary fashion.,the minister for education and youth the ways that the ets and cdnt services are designed to work alongside one another in a complimentary fashion 70741 26,Education and Youth,617,619
144. Deputy David Cullinane asked the Minister for Education and Youth the corrective action that has followed the Inspectorate’s June 2026 review of special class admission policies; the way in which compliance with Circular 0039/2025 and subsequent admissions guidance is monitored; and the action that is taken where a school retains criteria that unfairly restrict access for eligible children. [70841/26],,Education,2026-10-07,0.8288609385490417,Special Educational Needs,Special Educational Needs,0.8288609385490417,School Admissions,0.0548722594976425,National Council for Special Education,0.0540187619626522,School Enrolments,0.011910269036889,Education Policy,0.0047615682706236,Departmental Data,0.0043251924216747,State Examinations,0.0036795232445001,School Staff,0.002543319016695,Education Schemes,0.0024457168765366,Departmental Policies,0.0018865973688662,70841/26,144,David Cullinane,DAVID CULLINANE,written,en,To ask the Minister for Education and Youth the corrective action that has followed the Inspectorate’s June 2026 review of special class admission policies; the way in which compliance with Circular 0039/2025 and subsequent admissions guidance is monitored; and the action that is taken where a school retains criteria that unfairly restrict access for eligible children.,the minister for education and youth the corrective action that has followed the inspectorate s june 2026 review of special class admission policies the way in which compliance with circular 0039 2025 and subsequent admissions guidance is monitored and the action that is taken where a school retains criteria that unfairly restrict access for eligible children 70841 26,Education and Youth,621,623
"145. Deputy David Cullinane asked the Minister for Education and Youth whether post-primary special class admission policies may prioritise feeder-school applicants, pupils previously enrolled in primary special classes, siblings or children of staff over eligible pupils already attending the school; the safeguards for existing pupils seeking a special class placement; and whether she has reviewed these arrangements. [70840/26]",,Education,2026-10-07,0.8477657437324524,Special Educational Needs,Special Educational Needs,0.8477657437324524,School Admissions,0.0690073445439338,National Council for Special Education,0.0342384614050388,School Enrolments,0.0172866787761449,Departmental Data,0.003649249440059,Education Policy,0.0034823240712285,State Examinations,0.0025100435595959,Education Schemes,0.0020941870752722,School Staff,0.0014572202926501,School Transport,0.001203506020829,70840/26,145,David Cullinane,DAVID CULLINANE,written,en,"To ask the Minister for Education and Youth whether post-primary special class admission policies may prioritise feeder-school applicants, pupils previously enrolled in primary special classes, siblings or children of staff over eligible pupils already attending the school; the safeguards for existing pupils seeking a special class placement; and whether she has reviewed these arrangements.",the minister for education and youth whether post-primary special class admission policies may prioritise feeder-school applicants pupils previously enrolled in primary special classes siblings or children of staff over eligible pupils already attending the school the safeguards for existing pupils seeking a special class placement and whether she has reviewed these arrangements 70840 26,Education and Youth,625,627
"146. Deputy Jennifer Whitmore asked the Minister for Education and Youth the projected demand for special educational class places in County Wicklow for the 2027/28 school year, the additional places currently in development; and if she will make a statement on the matter. [70834/26]",,Education,2026-10-07,0.9789617657661438,Special Educational Needs,Special Educational Needs,0.9789617657661438,National Council for Special Education,0.004827314056456,School Admissions,0.004708687774837,School Enrolments,0.0029755849391222,Departmental Data,0.001386787625961,School Staff,0.0011226425413042,School Accommodation,0.0008961115963757,Education Schemes,0.0006592579884454,Education Policy,0.0004723847378045,School Facilities,0.0003419519925955,70834/26,146,Jennifer Whitmore,JENNIFER WHITMORE,written,en,"To ask the Minister for Education and Youth the projected demand for special educational class places in County Wicklow for the 2027/28 school year, the additional places currently in development; and if she will make a statement on the matter.",the minister for education and youth the projected demand for special educational class places in county wicklow for the 2027 28 school year the additional places currently in development and 70834 26,Education and Youth,629,631
147. Deputy Seán Kyne asked the Minister for Education and Youth if the Minister of State with special responsibility for Special Education and Inclusion is aware of the application from a school (details supplied) for an exceptional SNA review due to the severe level of need in the school. [70812/26],,Education,2026-10-07,0.9491671323776244,Special Educational Needs,Special Educational Needs,0.9491671323776244,National Council for Special Education,0.0223923549056053,School Staff,0.0116641651839017,School Admissions,0.002586172427982,School Enrolments,0.0012684287503361,National Educational Psychological Service,0.0011593282688409,Departmental Data,0.0011137609835714,Teaching Qualifications,0.0010238313116133,Education Policy,0.0007401308394037,Disabilities Assessments,0.000610594288446,70812/26,147,Seán Kyne,SEÁN KYNE,written,en,To ask the Minister for Education and Youth if the Minister of State with special responsibility for Special Education and Inclusion is aware of the application from a school (details supplied) for an exceptional SNA review due to the severe level of need in the school.,the minister for education and youth if the minister of state with special responsibility for special education and inclusion is aware of the application from a school details supplied for an exceptional sna review due to the severe level of need in the school 70812 26,Education and Youth,633,635
"148. Deputy Darren O'Rourke asked the Minister for Education and Youth the way in which her Department intends to ensure that the NDP allocation for Youth Affairs to 2030 is rolled out in a way that ensures that youth spaces and places are provided, upgraded or expanded; and if she is confident that the funding scheme will be delivered in a way that is accessible to youth organisations in terms of the application process and deadlines to apply and spend the funds. [70801/26]",,Education,2026-10-07,0.5794602036476135,Youth Services,Youth Services,0.5794602036476135,Departmental Funding,0.0628469586372375,Youth Work Supports,0.0529876425862312,Education Policy,0.0290547888725996,Departmental Programmes,0.0259560961276292,Departmental Budgets,0.0133793959394097,Irish Language,0.0120449932292103,Budget 2026,0.0101078636944293,Community Development Projects,0.0095144361257553,Programme for Government,0.0094242794439196,70801/26,148,Darren O'Rourke,DARREN O'ROURKE,written,en,"To ask the Minister for Education and Youth the way in which her Department intends to ensure that the NDP allocation for Youth Affairs to 2030 is rolled out in a way that ensures that youth spaces and places are provided, upgraded or expanded; and if she is confident that the funding scheme will be delivered in a way that is accessible to youth organisations in terms of the application process and deadlines to apply and spend the funds.",the minister for education and youth the way in which her department intends to ensure that the ndp allocation for youth affairs to 2030 is rolled out in a way that ensures that youth spaces and places are provided upgraded or expanded and if she is confident that the funding scheme will be delivered in a way that is accessible to youth organisations in terms of the application process and deadlines to apply and spend the funds 70801 26,Education and Youth,637,639
149. Deputy Darren O'Rourke asked the Minister for Education and Youth if she can provide an update on the allocation of the €4 million capital allocation for Youth Affairs for her Department for 2026; if she can provide a timeline for the process including when the calls were issued and deadlines for applying; the number of applications made; and if the full allocation will be used. [70800/26],,Education,2026-10-07,0.4778634011745453,Youth Services,Youth Services,0.4778634011745453,Departmental Funding,0.3009657561779022,Youth Work Supports,0.0338410213589668,Departmental Budgets,0.0227194838225841,Departmental Programmes,0.0108967283740639,Departmental Expenditure,0.0102527141571044,Departmental Data,0.0096580050885677,Budget 2026,0.0087267030030488,School Funding,0.0078903129324316,Education Policy,0.0064062108285725,70800/26,149,Darren O'Rourke,DARREN O'ROURKE,written,en,To ask the Minister for Education and Youth if she can provide an update on the allocation of the €4 million capital allocation for Youth Affairs for her Department for 2026; if she can provide a timeline for the process including when the calls were issued and deadlines for applying; the number of applications made; and if the full allocation will be used.,the minister for education and youth if she can provide an update on the allocation of the 4 million capital allocation for youth affairs for her department for 2026 if she can provide a timeline for the process including when the calls were issued and deadlines for applying the number of applications made and if the full allocation will be used 70800 26,Education and Youth,641,643
"150. Deputy David Cullinane asked the Minister for Education and Youth the pathway in place for children with rare genetic syndromes and intellectual disabilities to access appropriate specialist educational placements based on their assessed needs, including where they do not have an autism diagnosis; and whether she will review provision, eligibility criteria and training for schools, NEPS and the NCSE. [70842/26]",,Education,2026-10-07,0.9266758561134338,Special Educational Needs,Special Educational Needs,0.9266758561134338,National Council for Special Education,0.0317531786859035,Disabilities Assessments,0.0053391344845294,National Educational Psychological Service,0.0040525067597627,School Admissions,0.003553407266736,Disability Services,0.0030384398996829,Education Policy,0.0024485716130584,School Staff,0.0023330610711127,Departmental Data,0.0022408773656934,Education Schemes,0.0018826543819159,70842/26,150,David Cullinane,DAVID CULLINANE,written,en,"To ask the Minister for Education and Youth the pathway in place for children with rare genetic syndromes and intellectual disabilities to access appropriate specialist educational placements based on their assessed needs, including where they do not have an autism diagnosis; and whether she will review provision, eligibility criteria and training for schools, NEPS and the NCSE.",the minister for education and youth the pathway in place for children with rare genetic syndromes and intellectual disabilities to access appropriate specialist educational placements based on their assessed needs including where they do not have an autism diagnosis and whether she will review provision eligibility criteria and training for schools neps and the ncse 70842 26,Education and Youth,645,647
151. Deputy David Cullinane asked the Minister for Education and Youth the intervention that is required where a student remains on a reduced timetable while awaiting a recommended special class placement; the way compliance with reduced school day guidelines is monitored; and the ways her Department ensures that a shortage of suitable placements does not result in prolonged loss of teaching time. [70844/26],,Education,2026-10-07,0.969375729560852,Special Educational Needs,Special Educational Needs,0.969375729560852,National Council for Special Education,0.0102826813235878,School Admissions,0.005891325417906,School Staff,0.0043160119093954,School Enrolments,0.0013265168527141,Education Policy,0.001295038848184,Education Schemes,0.000731069187168,Teaching Qualifications,0.0005200043087825,Teacher Training,0.0004923402448184,School Accommodation,0.0004189080791547,70844/26,151,David Cullinane,DAVID CULLINANE,written,en,To ask the Minister for Education and Youth the intervention that is required where a student remains on a reduced timetable while awaiting a recommended special class placement; the way compliance with reduced school day guidelines is monitored; and the ways her Department ensures that a shortage of suitable placements does not result in prolonged loss of teaching time.,the minister for education and youth the intervention that is required where a student remains on a reduced timetable while awaiting a recommended special class placement the way compliance with reduced school day guidelines is monitored and the ways her department ensures that a shortage of suitable placements does not result in prolonged loss of teaching time 70844 26,Education and Youth,649,651
152. Deputy Aindrias Moynihan asked the Minister for Education and Youth when a school transport ticket (details supplied) will issue for an eligible student; and if she will make a statement on the matter. [70863/26],,Education,2026-10-07,0.99858558177948,School Transport,School Transport,0.99858558177948,Public Transport,0.0003230265283491,Bus Services,0.0001341039896942,Special Educational Needs,9.346952720079572e-05,Departmental Data,6.753527122782543e-05,Transport Costs,6.465960905188695e-05,School Accommodation,3.685128103825264e-05,School Enrolments,3.573254434741102e-05,School Facilities,3.332456617499702e-05,Bus Éireann,3.32936251652427e-05,70863/26,152,Aindrias Moynihan,AINDRIAS MOYNIHAN,written,en,To ask the Minister for Education and Youth when a school transport ticket (details supplied) will issue for an eligible student; and if she will make a statement on the matter.,the minister for education and youth when a school transport ticket details supplied will issue for an eligible student and 70863 26,Education and Youth,653,655
153. Deputy Duncan Smith asked the Minister for Education and Youth if consideration could be given to the special circumstances surrounding a school transport issue (details supplied). [70865/26],,Education,2026-10-07,0.9989325404167176,School Transport,School Transport,0.9989325404167176,Public Transport,0.0001245572057086,Special Educational Needs,0.0001216255550389,Bus Services,6.707750435452908e-05,Road Safety,4.7984962293412536e-05,School Facilities,3.925112105207518e-05,School Accommodation,3.574911897885613e-05,Departmental Data,3.412067235331051e-05,Transport Policy,2.5358578568557277e-05,School Staff,2.4578423108323477e-05,70865/26,153,Duncan Smith,DUNCAN SMITH,written,en,To ask the Minister for Education and Youth if consideration could be given to the special circumstances surrounding a school transport issue (details supplied).,the minister for education and youth if consideration could be given to the special circumstances surrounding a school transport issue details supplied 70865 26,Education and Youth,657,659
154. Deputy Cian O'Callaghan asked the Minister for Education and Youth if consideration has been given to the development of a HIQA type section of the inspectorate in her Department. [70943/26],,Education,2026-10-07,0.0356056205928325,Departmental Reviews,Departmental Reviews,0.0356056205928325,Education Welfare Service,0.0286129210144281,Departmental Policies,0.0266979523003101,School Discipline,0.0252711120992898,Commissions of Investigation,0.0249182730913162,Special Educational Needs,0.0233911778777837,Departmental Data,0.0233042296022176,Education Policy,0.0227778535336256,School Staff,0.0223969500511884,Child Abuse,0.0200461167842149,70943/26,154,Cian O'Callaghan,CIAN O'CALLAGHAN,written,en,To ask the Minister for Education and Youth if consideration has been given to the development of a HIQA type section of the inspectorate in her Department.,the minister for education and youth if consideration has been given to the development of a hiqa type section of the inspectorate in her department 70943 26,Education and Youth,661,663
155. Deputy Shónagh Ní Raghallaigh asked the Minister for Education and Youth whether her Department has undertaken any analysis of the suitability of mathematics provision within the Leaving Certificate Applied programme for students who subsequently pursue apprenticeships; and whether engagement has taken place with apprenticeship providers regarding mathematical competency requirements. [70898/26],,Education,2026-10-07,0.5681992173194885,School Curriculum,School Curriculum,0.5681992173194885,State Examinations,0.1725314259529113,Education Policy,0.0910273417830467,Teacher Training,0.0435085520148277,Special Educational Needs,0.0152861895039677,Teaching Qualifications,0.0152251562103629,Education Schemes,0.0109954960644245,Apprenticeship Programmes,0.008806187659502,Education and Training Provision,0.008755792863667,Departmental Policies,0.0059435907751321,70898/26,155,Shónagh Ní Raghallaigh,SHÓNAGH NÍ RAGHALLAIGH,written,en,To ask the Minister for Education and Youth whether her Department has undertaken any analysis of the suitability of mathematics provision within the Leaving Certificate Applied programme for students who subsequently pursue apprenticeships; and whether engagement has taken place with apprenticeship providers regarding mathematical competency requirements.,the minister for education and youth whether her department has undertaken any analysis of the suitability of mathematics provision within the leaving certificate applied programme for students who subsequently pursue apprenticeships and whether engagement has taken place with apprenticeship providers regarding mathematical competency requirements 70898 26,Education and Youth,665,667
"156. Deputy Ken O'Flynn asked the Minister for Education and Youth whether, in light of the Department's promotion of physical activity through the Active School Flag and ‘Run Around the EU’ Challenge, she will commit to instructing schools to discontinue formal school uniforms and adopt comfortable, practical and cost-effective alternatives, including tracksuits or suitable leisurewear, which facilitate physical activity and reduce costs for families; and if she will make a statement on the matter. [70893/26]",,Education,2026-10-07,0.1314891278743744,School Curriculum,School Curriculum,0.1314891278743744,Education Policy,0.1122573465108871,School Facilities,0.0848914682865142,Departmental Policies,0.0803219452500343,School Uniforms,0.070889376103878,School Equipment,0.0313283689320087,Education Schemes,0.0244697704911232,Other,0.023423945531249,School Funding,0.0223624482750892,Departmental Data,0.0173453297466039,70893/26,156,Ken O'Flynn,KEN O'FLYNN,written,en,"To ask the Minister for Education and Youth whether, in light of the Department's promotion of physical activity through the Active School Flag and ‘Run Around the EU’ Challenge, she will commit to instructing schools to discontinue formal school uniforms and adopt comfortable, practical and cost-effective alternatives, including tracksuits or suitable leisurewear, which facilitate physical activity and reduce costs for families; and if she will make a statement on the matter.",the minister for education and youth whether in light of the department s promotion of physical activity through the active school flag and run around the eu challenge she will commit to instructing schools to discontinue formal school uniforms and adopt comfortable practical and cost-effective alternatives including tracksuits or suitable leisurewear which facilitate physical activity and reduce costs for families and 70893 26,Education and Youth,669,671
"157. Deputy Jennifer Whitmore asked the Minister for Education and Youth the supports available to young people aged 16 and over seeking a post primary school place, given that the educational welfare service does not support those aged 16 and over; and if she will make a statement on the matter. [70961/26]",,Education,2026-10-07,0.548299252986908,School Admissions,School Admissions,0.548299252986908,School Enrolments,0.2129170000553131,Education Policy,0.0863022431731224,Education Schemes,0.0198336821049451,Special Educational Needs,0.0165886431932449,School Accommodation,0.0082172332331538,School Patronage,0.0080998754128813,Departmental Data,0.0077709988690912,School Funding,0.0071600410155951,Education Welfare Service,0.0063506942242383,70961/26,157,Jennifer Whitmore,JENNIFER WHITMORE,written,en,"To ask the Minister for Education and Youth the supports available to young people aged 16 and over seeking a post primary school place, given that the educational welfare service does not support those aged 16 and over; and if she will make a statement on the matter.",the minister for education and youth the supports available to young people aged 16 and over seeking a post primary school place given that the educational welfare service does not support those aged 16 and over and 70961 26,Education and Youth,673,675
"158. Deputy Cian O'Callaghan asked the Minister for Education and Youth to outline the work she is doing to provide full time behavioural therapists for a school (details supplied); and if work is being undertaken to provide multi-disciplinary teams, comprised of an occupational therapist, speech and language therapist, and psychologist for these schools. [70940/26]",,Education,2026-10-07,0.6892346143722534,School Staff,School Staff,0.6892346143722534,Special Educational Needs,0.250853955745697,Departmental Data,0.0108786523342132,National Educational Psychological Service,0.010085379704833,Health Services Staff,0.0071907034143805,Disability Services,0.0038880191277712,Education Policy,0.0027804328128695,Teacher Training,0.0025632872711867,Departmental Staff,0.0019414991838857,Teaching Qualifications,0.0016831624088808,70940/26,158,Cian O'Callaghan,CIAN O'CALLAGHAN,written,en,"To ask the Minister for Education and Youth to outline the work she is doing to provide full time behavioural therapists for a school (details supplied); and if work is being undertaken to provide multi-disciplinary teams, comprised of an occupational therapist, speech and language therapist, and psychologist for these schools.",the minister for education and youth the work she is doing to provide full time behavioural therapists for a school details supplied and if work is being undertaken to provide multi-disciplinary teams comprised of an occupational therapist speech and language therapist and psychologist for these schools 70940 26,Education and Youth,677,679
159. Deputy Cian O'Callaghan asked the Minister for Education and Youth to outline the work being undertaken to standardise all policies and procedures across all special schools. [70944/26],,Education,2026-10-07,0.9219160079956056,Special Educational Needs,Special Educational Needs,0.9219160079956056,National Council for Special Education,0.0149225182831287,Education Policy,0.0128657864406704,Departmental Policies,0.0116299781948328,School Curriculum,0.0065985745750367,School Staff,0.0033557387068867,Education Schemes,0.0030617585871368,School Admissions,0.0015575918368995,Departmental Data,0.0014568227343261,Teacher Training,0.0011853032046929,70944/26,159,Cian O'Callaghan,CIAN O'CALLAGHAN,written,en,To ask the Minister for Education and Youth to outline the work being undertaken to standardise all policies and procedures across all special schools.,the minister for education and youth the work being undertaken to standardise all policies and procedures across all special schools 70944 26,Education and Youth,681,683
"160. Deputy Cian O'Callaghan asked the Minister for Education and Youth further to Parliamentary Question No. 68932/26, to confirm if this recruitment campaign will seek to recruit teachers trained internationally in special education. [70954/26]",,Education,2026-10-07,0.7612971067428589,Special Educational Needs,Special Educational Needs,0.7612971067428589,School Staff,0.1554449051618576,Teaching Qualifications,0.0168555509299039,National Council for Special Education,0.0160383004695177,Teacher Training,0.0156741794198751,National Educational Psychological Service,0.005779490340501,Education Policy,0.0041150404140353,Education and Training Provision,0.0019208994926884,Departmental Data,0.0018608241807669,Departmental Staff,0.0016720654675737,70954/26,160,Cian O'Callaghan,CIAN O'CALLAGHAN,written,en,"To ask the Minister for Education and Youth further to Parliamentary Question No. 68932/26, to confirm if this recruitment campaign will seek to recruit teachers trained internationally in special education.",the minister for education and youth further to parliamentary question no 68932 26 to confirm if this recruitment campaign will seek to recruit teachers trained internationally in special education 70954 26,Education and Youth,685,687
161. Deputy Cian O'Callaghan asked the Minister for Education and Youth if she will ensure that a full complement of staff will be in place when a special school opens; and the steps her Department have taken to make it easier for special schools to employ teachers and SNAs. [70979/26],,Education,2026-10-07,0.8973263502120972,Special Educational Needs,Special Educational Needs,0.8973263502120972,School Staff,0.084182858467102,National Council for Special Education,0.0040859249420464,Education Policy,0.0012956610880792,Departmental Data,0.0009712653700262,Teacher Training,0.0009629591368138,National Educational Psychological Service,0.0007946478435769,Teaching Qualifications,0.0007349550724029,School Enrolments,0.000593239266891,Departmental Policies,0.000564573041629,70979/26,161,Cian O'Callaghan,CIAN O'CALLAGHAN,written,en,To ask the Minister for Education and Youth if she will ensure that a full complement of staff will be in place when a special school opens; and the steps her Department have taken to make it easier for special schools to employ teachers and SNAs.,the minister for education and youth if she will ensure that a full complement of staff will be in place when a special school opens and the steps her department have taken to make it easier for special schools to employ teachers and snas 70979 26,Education and Youth,689,691
162. Deputy Cian O'Callaghan asked the Minister for Education and Youth the expected timeline to sign off and roll out the new Code of Behaviour guidelines for special schools. [70977/26],,Education,2026-10-07,0.6808216571807861,Special Educational Needs,Special Educational Needs,0.6808216571807861,Education Policy,0.0412897393107414,National Council for Special Education,0.035015944391489,School Curriculum,0.0292663797736167,Departmental Policies,0.0245122443884611,Education Schemes,0.0105515262112021,School Discipline,0.0080058639869093,Departmental Data,0.0069173364900052,Bullying in Educational Institutions,0.0062085357494652,Departmental Reviews,0.0056266891770064,70977/26,162,Cian O'Callaghan,CIAN O'CALLAGHAN,written,en,To ask the Minister for Education and Youth the expected timeline to sign off and roll out the new Code of Behaviour guidelines for special schools.,the minister for education and youth the expected timeline to sign off and roll out the new code of behaviour guidelines for special schools 70977 26,Education and Youth,693,695
"163. Deputy Danny Healy-rae asked the Minister for Culture, Communications and Sport for an update on payments for persons (details supplied); and if he will make a statement on the matter. [70753/26]",,Culture,2026-10-07,0.2576973140239715,Sports Funding,Sports Funding,0.2576973140239715,Departmental Schemes,0.0522047542035579,Departmental Expenditure,0.0479976646602153,Artists' Remuneration,0.0445131249725818,Covid-19 Pandemic Supports,0.0371910445392131,Broadcasting Sector,0.0370658189058303,Sports Facilities,0.0366745553910732,Departmental Funding,0.0311924926936626,Departmental Data,0.0232281237840652,Sports Organisations,0.023061828687787,70753/26,163,Danny Healy-rae,DANNY HEALY-RAE,written,en,"To ask the Minister for Culture, Communications and Sport for an update on payments for persons (details supplied); and if he will make a statement on the matter.",the minister for culture communications and sport for an update on payments for persons details supplied and 70753 26,"Culture, Communications and Sport",700,702
"164. Deputy Danny Healy-rae asked the Minister for Culture, Communications and Sport for an update on payments (details supplied); and if he will make a statement on the matter. [70752/26]",,Culture,2026-10-07,0.7539884448051453,Sports Funding,Sports Funding,0.7539884448051453,Sports Facilities,0.0447459183633327,Sports Organisations,0.0235727205872535,Departmental Funding,0.0218265280127525,Departmental Expenditure,0.0188394803553819,Sport and Recreational Development,0.0171775575727224,Broadcasting Sector,0.0093030808493494,Departmental Schemes,0.0075306678190827,Covid-19 Pandemic Supports,0.0069768782705068,Sports Events,0.0060179070569574,70752/26,164,Danny Healy-rae,DANNY HEALY-RAE,written,en,"To ask the Minister for Culture, Communications and Sport for an update on payments (details supplied); and if he will make a statement on the matter.",the minister for culture communications and sport for an update on payments details supplied and 70752 26,"Culture, Communications and Sport",704,706
"165. Deputy Sinéad Gibney asked the Minister for Culture, Communications and Sport whether his Department has met the end of September 2026 deadline to inform applicants for the basic income for the arts scheme regarding the outcome of their application. [70790/26]",,Culture,2026-10-07,0.557385265827179,Artists' Remuneration,Artists' Remuneration,0.557385265827179,Arts Policy,0.2070206403732299,Departmental Schemes,0.1068971455097198,Arts Funding,0.0573455169796943,Arts Council,0.0070553156547248,Culture Policy,0.0058974083513021,Departmental Funding,0.0054271658882498,Environmental Schemes,0.0033344961702823,Departmental Data,0.0025835738051682,Tourism Funding,0.0019633520860224,70790/26,165,Sinéad Gibney,SINÉAD GIBNEY,written,en,"To ask the Minister for Culture, Communications and Sport whether his Department has met the end of September 2026 deadline to inform applicants for the basic income for the arts scheme regarding the outcome of their application.",the minister for culture communications and sport whether his department has met the end of september 2026 deadline to inform applicants for the basic income for the arts scheme regarding the outcome of their application 70790 26,"Culture, Communications and Sport",708,710
"166. Deputy Jennifer Whitmore asked the Minister for Culture, Communications and Sport when applicants to the basic income for the arts scheme will be notified of the outcome; when payments to successful applicants will commence; and if he will make a statement on the matter. [70817/26]",,Culture,2026-10-07,0.5309135913848877,Artists' Remuneration,Artists' Remuneration,0.5309135913848877,Arts Policy,0.2096357643604278,Departmental Schemes,0.1247076094150543,Arts Funding,0.0630350708961486,Departmental Funding,0.0068150302395224,Arts Council,0.006794380955398,Culture Policy,0.0059492453001439,Environmental Schemes,0.0035801054909825,Tourism Funding,0.0026780515909194,Departmental Data,0.0024871912319213,70817/26,166,Jennifer Whitmore,JENNIFER WHITMORE,written,en,"To ask the Minister for Culture, Communications and Sport when applicants to the basic income for the arts scheme will be notified of the outcome; when payments to successful applicants will commence; and if he will make a statement on the matter.",the minister for culture communications and sport when applicants to the basic income for the arts scheme will be notified of the outcome when payments to successful applicants will commence and 70817 26,"Culture, Communications and Sport",712,714
"167. Deputy Joe Cooney asked the Minister for Culture, Communications and Sport the position regarding the basic income for the arts scheme; when successful applicants can expect to be notified of the outcome of the selection process; and a timeline for when payments are expected to be paid. [70730/26]",,Culture,2026-10-07,0.5066176652908325,Artists' Remuneration,Artists' Remuneration,0.5066176652908325,Arts Policy,0.2433756589889526,Departmental Schemes,0.0955290272831916,Arts Funding,0.0789977312088012,Arts Council,0.0097965216264128,Culture Policy,0.0081133842468261,Departmental Funding,0.007595979142934,Environmental Schemes,0.0027485389728099,Tourism Funding,0.0026811105199158,Departmental Expenditure,0.002316957572475,70730/26,167,Joe Cooney,JOE COONEY,written,en,"To ask the Minister for Culture, Communications and Sport the position regarding the basic income for the arts scheme; when successful applicants can expect to be notified of the outcome of the selection process; and a timeline for when payments are expected to be paid.",the minister for culture communications and sport the position regarding the basic income for the arts scheme when successful applicants can expect to be notified of the outcome of the selection process and a timeline for when payments are expected to be paid 70730 26,"Culture, Communications and Sport",716,718
"168. Deputy Joanna Byrne asked the Minister for Culture, Communications and Sport his view on a recent media report which suggested that the recommendations of a consultancy report commissioned by the Department to inform the implementation of the Gigabit Infrastructure Act could add almost €400 million to the cost of building new homes over the next five years; if he supports these recommendations; if he recognises the need to ensure that any future measures do not impact on the affordability of house building in Ireland; and if he is committed to implementing measures which comply with the objectives of the Gigabit Infrastructure Act. [70797/26]",,Culture,2026-10-07,0.1694723069667816,Legislative Measures,Legislative Measures,0.1694723069667816,Housing Policy,0.0451219417154789,Energy Policy,0.040506437420845,Telecommunications Infrastructure,0.0360898450016975,Departmental Policies,0.0338223576545715,Legislative Programme,0.0277140121906995,Departmental Strategies,0.0270288083702325,Legislative Process,0.0235694255679845,Broadband Infrastructure,0.0228763725608587,Departmental Priorities,0.0207634977996349,70797/26,168,Joanna Byrne,JOANNA BYRNE,written,en,"To ask the Minister for Culture, Communications and Sport his view on a recent media report which suggested that the recommendations of a consultancy report commissioned by the Department to inform the implementation of the Gigabit Infrastructure Act could add almost €400 million to the cost of building new homes over the next five years; if he supports these recommendations; if he recognises the need to ensure that any future measures do not impact on the affordability of house building in Ireland; and if he is committed to implementing measures which comply with the objectives of the Gigabit Infrastructure Act.",the minister for culture communications and sport his view on a recent media report which suggested that the recommendations of a consultancy report commissioned by the department to inform the implementation of the gigabit infrastructure act could add almost 400 million to the cost of building new homes over the next five years if he supports these recommendations if he recognises the need to ensure that any future measures do not impact on the affordability of house building in ireland and if he is committed to implementing measures which comply with the objectives of the gigabit infrastructure act 70797 26,"Culture, Communications and Sport",720,722
"169. Deputy Thomas Gould asked the Minister for Culture, Communications and Sport the number of local authorities that have not continued the Night Time Economy Advisor pilot. [70902/26]",,Culture,2026-10-07,0.8953931331634521,Local Authorities,Local Authorities,0.8953931331634521,Departmental Data,0.042613323777914,Departmental Schemes,0.0065150181762874,Public Sector Staff,0.0060826428234577,Housing Schemes,0.0041523058898746,Departmental Expenditure,0.004079814068973,State Bodies,0.0040021417662501,Departmental Funding,0.0034227790310978,Housing Provision,0.0024988590739667,Departmental Bodies,0.0023166064638644,70902/26,169,Thomas Gould,THOMAS GOULD,written,en,"To ask the Minister for Culture, Communications and Sport the number of local authorities that have not continued the Night Time Economy Advisor pilot.",the minister for culture communications and sport the number of local authorities that have not continued the night time economy advisor pilot 70902 26,"Culture, Communications and Sport",724,726
"170. Deputy Réada Cronin asked the Minister for Culture, Communications and Sport when applicants can expect to be notified of the outcome of the selection process on the new basic income for arts scheme; when the first payments are expected to reach successful candidates; and if he will make a statement on the matter. [70994/26]",,Culture,2026-10-07,0.523206353187561,Artists' Remuneration,Artists' Remuneration,0.523206353187561,Arts Policy,0.2439262270927429,Arts Funding,0.0796009302139282,Departmental Schemes,0.0571330375969409,Arts Council,0.0174674335867166,Culture Policy,0.0123797999694943,Departmental Funding,0.0062834778800606,Film Industry,0.0029618965927511,Tourism Funding,0.0025655049830675,Broadcasting Sector,0.00246781273745,70994/26,170,Réada Cronin,RÉADA CRONIN,written,en,"To ask the Minister for Culture, Communications and Sport when applicants can expect to be notified of the outcome of the selection process on the new basic income for arts scheme; when the first payments are expected to reach successful candidates; and if he will make a statement on the matter.",the minister for culture communications and sport when applicants can expect to be notified of the outcome of the selection process on the new basic income for arts scheme when the first payments are expected to reach successful candidates and 70994 26,"Culture, Communications and Sport",728,730
"171. Deputy Roderic O'Gorman asked the Minister for Culture, Communications and Sport if he will consider steps to lessen the burden on independent radio due to recent increases in regulatory charges for radio compared to other media and will he make provision for this in Budget 2027. [71007/26]",,Culture,2026-10-07,0.6442643404006958,Broadcasting Sector,Broadcasting Sector,0.6442643404006958,Media Sector,0.0576600134372711,Television Licence Fee,0.0476174689829349,Raidió Teilifís Éireann,0.0196679811924695,Departmental Funding,0.017019985243678,Telecommunications Infrastructure,0.0103939780965447,Other,0.0087562557309865,Culture Policy,0.008656958118081,Sports Events,0.0083387112244963,Irish Language,0.0073566767387092,71007/26,171,Roderic O'Gorman,RODERIC O'GORMAN,written,en,"To ask the Minister for Culture, Communications and Sport if he will consider steps to lessen the burden on independent radio due to recent increases in regulatory charges for radio compared to other media and will he make provision for this in Budget 2027.",the minister for culture communications and sport if he will consider steps to lessen the burden on independent radio due to recent increases in regulatory charges for radio compared to other media and will he make provision for this in budget 2027 71007 26,"Culture, Communications and Sport",732,734
"172. Deputy Roderic O'Gorman asked the Minister for Culture, Communications and Sport if, in Budget 2027, he will provide accessible and simple funding for public service content on independent radio, which would not involve disproportionate bureaucracy or a requirement to produce content that does not fit current radio schedules. [71009/26]",,Culture,2026-10-07,0.3139304220676422,Broadcasting Sector,Broadcasting Sector,0.3139304220676422,Departmental Funding,0.2673572599887848,Media Sector,0.0821622610092163,Departmental Expenditure,0.0222237166017293,Budget 2026,0.0201601590961217,Other,0.02005210891366,Sports Funding,0.014543205499649,Arts Funding,0.0137030500918626,Television Licence Fee,0.0120604615658521,Departmental Data,0.0110144820064306,71009/26,172,Roderic O'Gorman,RODERIC O'GORMAN,written,en,"To ask the Minister for Culture, Communications and Sport if, in Budget 2027, he will provide accessible and simple funding for public service content on independent radio, which would not involve disproportionate bureaucracy or a requirement to produce content that does not fit current radio schedules.",the minister for culture communications and sport if in budget 2027 he will provide accessible and simple funding for public service content on independent radio which would not involve disproportionate bureaucracy or a requirement to produce content that does not fit current radio schedules 71009 26,"Culture, Communications and Sport",736,738
"173. Deputy Joanna Byrne asked the Minister for Culture, Communications and Sport his views on a recent media report which suggested a Department of Culture, Communications and Sport proposal on telecoms broadband infrastructure for new homes could add almost €400 million to the cost of building these new homes over the next five years; if he has concerns about the risk of these additional costs impacting the affordability of new homes; if he has engaged with the Minister for Culture, Communications and Sport on this proposal; and the measures he has undertaken to ensure that these costs do not materialise. [70783/26]",,Culture,2026-10-07,0.545616865158081,Broadband Infrastructure,Broadband Infrastructure,0.545616865158081,National Broadband Plan,0.2697997987270355,Telecommunications Infrastructure,0.1021312400698661,Telecommunications Services,0.0366877429187297,Departmental Communications,0.0022280439734458,Energy Policy,0.0017532395431771,Departmental Data,0.0017184444004669,Departmental Policies,0.0016050257254391,Energy Infrastructure,0.0015946477651596,Broadcasting Sector,0.0014895878266543,70783/26,173,Joanna Byrne,JOANNA BYRNE,written,en,"To ask the Minister for Culture, Communications and Sport his views on a recent media report which suggested a Department of Culture, Communications and Sport proposal on telecoms broadband infrastructure for new homes could add almost €400 million to the cost of building these new homes over the next five years; if he has concerns about the risk of these additional costs impacting the affordability of new homes; if he has engaged with the Minister for Culture, Communications and Sport on this proposal; and the measures he has undertaken to ensure that these costs do not materialise.",the minister for culture communications and sport his views on a recent media report which suggested a department of culture communications and sport proposal on telecoms broadband infrastructure for new homes could add almost 400 million to the cost of building these new homes over the next five years if he has concerns about the risk of these additional costs impacting the affordability of new homes if he has engaged with the minister for culture communications and sport on this proposal and the measures he has undertaken to ensure that these costs do not materialise 70783 26,"Culture, Communications and Sport",740,742
"174. Deputy James Geoghegan asked the Minister for Housing, Local Government and Heritage to review correspondence from a person (details supplied) [70771/26]",,Housing,2026-10-07,0.3471579253673553,Departmental Correspondence,Departmental Correspondence,0.3471579253673553,Housing Schemes,0.0754929706454277,Housing Provision,0.060223314911127,Housing Policy,0.0446168147027492,Departmental Inquiries,0.0407760478556156,Local Authorities,0.0385094583034515,Planning Issues,0.0242253504693508,Defective Building Materials,0.0231597032397985,Departmental Data,0.0227293819189071,Rental Sector,0.0161638148128986,70771/26,174,James Geoghegan,JAMES GEOGHEGAN,written,en,"To ask the Minister for Housing, Local Government and Heritage to review correspondence from a person (details supplied)",the minister for housing local government and heritage to review correspondence from a person details supplied 70771 26,"Housing, Local Government and Heritage",747,749
"175. Deputy David Maxwell asked the Minister for Housing, Local Government and Heritage for an update on the implementation of the Memorandum of Understanding between the NPWS and a national organisation (details supplied); to outline the meeting structures are in place to monitor progress; and when the next meeting is due to take place. [70714/26]",,Housing,2026-10-07,0.4151248037815094,National Parks and Wildlife Service,National Parks and Wildlife Service,0.4151248037815094,Wildlife Protection,0.1216918602585792,Wildlife Regulations,0.1195813491940498,Hare Coursing,0.0419287979602813,Special Areas of Conservation,0.0276829190552234,Invasive Species Policy,0.0251343883574008,Wildlife Conservation,0.0240139216184616,National Parks,0.0237913709133863,Animal Culls,0.0196912717074155,Turf Cutting,0.0196869056671857,70714/26,175,David Maxwell,DAVID MAXWELL,written,en,"To ask the Minister for Housing, Local Government and Heritage for an update on the implementation of the Memorandum of Understanding between the NPWS and a national organisation (details supplied); to outline the meeting structures are in place to monitor progress; and when the next meeting is due to take place.",the minister for housing local government and heritage for an update on the implementation of the memorandum of understanding between the npws and a national organisation details supplied the meeting structures are in place to monitor progress and when the next meeting is due to take place 70714 26,"Housing, Local Government and Heritage",751,753
"176. Deputy Ciarán Ahern asked the Minister for Housing, Local Government and Heritage when updated guidance will be provided to local authorities on the provision of allotments and community gardens. [70810/26]",,Housing,2026-10-07,0.3781279325485229,Local Authorities,Local Authorities,0.3781279325485229,Local Government Reform,0.0595839172601699,Housing Policy,0.0345858335494995,Electoral Process,0.0287160482257604,Planning Issues,0.0222176983952522,Land Issues,0.0210421457886695,Housing Provision,0.0193166509270668,Traveller Accommodation,0.0154829863458871,Commercial Rates,0.0148700540885329,Other,0.0134051209315657,70810/26,176,Ciarán Ahern,CIARÁN AHERN,written,en,"To ask the Minister for Housing, Local Government and Heritage when updated guidance will be provided to local authorities on the provision of allotments and community gardens.",the minister for housing local government and heritage when updated guidance will be provided to local authorities on the provision of allotments and community gardens 70810 26,"Housing, Local Government and Heritage",755,757
"177. Deputy Conor D. Mcguinness asked the Minister for Housing, Local Government and Heritage whether a households (details supplied) income after incapacitated tax credit is applied, is considered assessable income for social housing under the Housing Means Policy 2026. [70740/26]",,Housing,2026-10-07,0.5262377262115479,Housing Policy,Housing Policy,0.5262377262115479,Housing Schemes,0.1879952102899551,Rental Sector,0.0755532085895538,Housing Provision,0.053444005548954,Tax Credits,0.043042991310358,Tax Code,0.0207193959504365,Tax Reliefs,0.0136256264522671,Local Authorities,0.0065466798841953,Tax Data,0.0063155330717563,Departmental Data,0.0041689197532832,70740/26,177,Conor D. Mcguinness,CONOR D. MCGUINNESS,written,en,"To ask the Minister for Housing, Local Government and Heritage whether a households (details supplied) income after incapacitated tax credit is applied, is considered assessable income for social housing under the Housing Means Policy 2026.",the minister for housing local government and heritage whether a households details supplied income after incapacitated tax credit is applied is considered assessable income for social housing under the housing means policy 2026 70740 26,"Housing, Local Government and Heritage",759,761
"178. Deputy Richard Boyd Barrett asked the Minister for Housing, Local Government and Heritage the number of referrals for housing first since its inception received by each local authority in the country, in tabular form; the number that were translated into housing allocations following referral; the number of local authorities that have ceased accepting housing first referrals; and the reasons for cessation. [70864/26]",,Housing,2026-10-07,0.6730213165283203,Housing Provision,Housing Provision,0.6730213165283203,Departmental Data,0.1072986349463462,Housing Policy,0.0937853157520294,Housing Schemes,0.0512422956526279,Local Authorities,0.0409463346004486,Approved Housing Bodies,0.0084620350971817,Rental Sector,0.0037969283293932,Homeless Accommodation,0.0024148477241396,Vacant Properties,0.0014580822316929,Land Development Agency,0.0009876408148556,70864/26,178,Richard Boyd Barrett,RICHARD BOYD BARRETT,written,en,"To ask the Minister for Housing, Local Government and Heritage the number of referrals for housing first since its inception received by each local authority in the country, in tabular form; the number that were translated into housing allocations following referral; the number of local authorities that have ceased accepting housing first referrals; and the reasons for cessation.",the minister for housing local government and heritage the number of referrals for housing first since its inception received by each local authority in the country in tabular form the number that were translated into housing allocations following referral the number of local authorities that have ceased accepting housing first referrals and the reasons for cessation 70864 26,"Housing, Local Government and Heritage",763,765
"179. Deputy Thomas Gould asked the Minister for Housing, Local Government and Heritage whether he is aware that local authorities are no longer continuing roles funded on pilot basis due to funding uncertainty. [70903/26]",,Housing,2026-10-07,0.9452917575836182,Local Authorities,Local Authorities,0.9452917575836182,Departmental Funding,0.0113472547382116,Housing Schemes,0.0081374309957027,Housing Provision,0.0045512407086789,Vacant Properties,0.0023531150072813,Departmental Schemes,0.002244922099635,Housing Policy,0.0022400279995054,Public Sector Staff,0.0016456459416076,Local Government Reform,0.0016032339772209,Departmental Data,0.001469888491556,70903/26,179,Thomas Gould,THOMAS GOULD,written,en,"To ask the Minister for Housing, Local Government and Heritage whether he is aware that local authorities are no longer continuing roles funded on pilot basis due to funding uncertainty.",the minister for housing local government and heritage whether he is aware that local authorities are no longer continuing roles funded on pilot basis due to funding uncertainty 70903 26,"Housing, Local Government and Heritage",767,769
"180. Deputy Louis O'Hara asked the Minister for Housing, Local Government and Heritage whether a successor compensation scheme will be set up for successful applicants to the cessation of turf cutting compensation scheme and whose payments have now ceased (details supplied); to provide an update on the measures his Department is considering to succeed the cessation of turf cutting compensation scheme; if a replacement support is being considered; if so, the details of such support or supports; and if he will make a statement on the matter. [70857/26]",,Housing,2026-10-07,0.6171345710754395,Turf Cutting,Turf Cutting,0.6171345710754395,Departmental Schemes,0.0426460094749927,Agriculture Schemes,0.0420465059578418,Wastewater Treatment,0.0327359549701213,Land Issues,0.0138520328328013,Septic Tanks,0.0128028346225619,Local Authorities,0.0099282339215278,Hedge Cutting,0.0096939010545611,Departmental Funding,0.0085960309952497,Forestry Sector,0.0081169484183192,70857/26,180,Louis O'Hara,LOUIS O'HARA,written,en,"To ask the Minister for Housing, Local Government and Heritage whether a successor compensation scheme will be set up for successful applicants to the cessation of turf cutting compensation scheme and whose payments have now ceased (details supplied); to provide an update on the measures his Department is considering to succeed the cessation of turf cutting compensation scheme; if a replacement support is being considered; if so, the details of such support or supports; and if he will make a statement on the matter.",the minister for housing local government and heritage whether a successor compensation scheme will be set up for successful applicants to the cessation of turf cutting compensation scheme and whose payments have now ceased details supplied to provide an update on the measures his department is considering to succeed the cessation of turf cutting compensation scheme if a replacement support is being considered if so the details of such support or supports and 70857 26,"Housing, Local Government and Heritage",771,773
181. Deputy Ken O'Flynn asked the Minister for Social Protection the measures planned in Budget 2027 to extend help with home heating costs to low paid working households who do not qualify for the fuel allowance; and if he will make a statement on the matter. [70769/26],,Social,2026-10-07,0.3114886581897735,Social Welfare Benefits,Social Welfare Benefits,0.3114886581897735,Social Welfare Eligibility,0.1989531368017196,Social Welfare Payments,0.1607054024934768,Social Welfare Code,0.091902807354927,Social Welfare Schemes,0.0571290515363216,Fuel Poverty,0.0349385701119899,Social Welfare Rates,0.0326944291591644,Cost of Living Issues,0.0133702112361788,Budget 2025,0.0122123686596751,Budget 2026,0.00888258125633,70769/26,181,Ken O'Flynn,KEN O'FLYNN,written,en,To ask the Minister for Social Protection the measures planned in Budget 2027 to extend help with home heating costs to low paid working households who do not qualify for the fuel allowance; and if he will make a statement on the matter.,the minister for social protection the measures planned in budget 2027 to extend help with home heating costs to low paid working households who do not qualify for the fuel allowance and 70769 26,Social Protection,778,780
182. Deputy Michael Healy-rae asked the Minister for Social Protection when a decision will be made on an application for occupational injury benefit which was applied in April 2026. [70750/26],,Social,2026-10-07,0.6904129981994629,Social Welfare Benefits,Social Welfare Benefits,0.6904129981994629,Social Welfare Eligibility,0.1568349152803421,Social Welfare Payments,0.0755961239337921,Social Welfare Appeals,0.0283518992364406,Social Welfare Schemes,0.0218584947288036,Social Welfare Code,0.0088333878666162,Departmental Data,0.0030524476896971,Disability Services,0.0021559803280979,Social Welfare Application Forms,0.0011154337553307,Departmental Schemes,0.0010499660857021,70750/26,182,Michael Healy-rae,MICHAEL HEALY-RAE,written,en,To ask the Minister for Social Protection when a decision will be made on an application for occupational injury benefit which was applied in April 2026.,the minister for social protection when a decision will be made on an application for occupational injury benefit which was applied in april 2026 70750 26,Social Protection,782,784
"183. Deputy Roderic O'Gorman asked the Minister for Social Protection the estimated cost in 2027 if the income disregard for carer's allowance increased to €1,300 for a single person and €2,600 for a couple. [70819/26]",,Social,2026-10-07,0.2936259806156158,Social Welfare Rates,Social Welfare Rates,0.2936259806156158,Social Welfare Benefits,0.2656037509441376,Social Welfare Payments,0.2414528280496597,Social Welfare Schemes,0.0563362836837768,Social Welfare Code,0.0437891036272048,Social Welfare Eligibility,0.0253418013453483,Departmental Data,0.0160687137395143,Departmental Budgets,0.0101824551820755,Cost of Living Issues,0.0045395265333354,Budget 2023,0.0029067683499306,70819/26,183,Roderic O'Gorman,RODERIC O'GORMAN,written,en,"To ask the Minister for Social Protection the estimated cost in 2027 if the income disregard for carer's allowance increased to €1,300 for a single person and €2,600 for a couple.",the minister for social protection the estimated cost in 2027 if the income disregard for carer s allowance increased to 1 300 for a single person and 2 600 for a couple 70819 26,Social Protection,786,788
184. Deputy Paul Mcauliffe asked the Minister for Social Protection to provide an update on the disability allowance appeal of a person (details supplied). [70832/26],,Social,2026-10-07,0.8945890665054321,Social Welfare Appeals,Social Welfare Appeals,0.8945890665054321,Social Welfare Benefits,0.0389941297471523,Social Welfare Payments,0.0210605412721633,Social Welfare Eligibility,0.0101281320676207,Social Welfare Schemes,0.006154351402074,Disability Services,0.0059901988133788,Departmental Data,0.0029107758309692,Social Welfare Code,0.0021695022005587,Departmental Inquiries,0.0008727178210392,Departmental Reviews,0.0007136710919439,70832/26,184,Paul Mcauliffe,PAUL MCAULIFFE,written,en,To ask the Minister for Social Protection to provide an update on the disability allowance appeal of a person (details supplied).,the minister for social protection to provide an update on the disability allowance appeal of a person details supplied 70832 26,Social Protection,790,792
"185. Deputy Pa Daly asked the Minister for Social Protection further to Parliamentary Question No. 66442/26, regarding a school (details supplied), the further practical assistance can be provided where the school has been unable to secure a suitable School Meals provider despite contacting local and national providers; and whether an alternative arrangement can be facilitated where the local meals on wheels provider has already confirmed it cannot provide the service. [70877/26]",,Social,2026-10-07,0.9909504652023317,School Meals Programme,School Meals Programme,0.9909504652023317,Social Welfare Schemes,0.0010808702791109,Social Welfare Benefits,0.0007192193879745,Departmental Data,0.0007004099315963,Departmental Schemes,0.0005685322685167,School Facilities,0.000489889527671,Social Welfare Eligibility,0.000466112192953,Special Educational Needs,0.0003524846106301,Social Welfare Payments,0.0003197854093741,School Funding,0.0002660782192833,70877/26,185,Pa Daly,PA DALY,written,en,"To ask the Minister for Social Protection further to Parliamentary Question No. 66442/26, regarding a school (details supplied), the further practical assistance can be provided where the school has been unable to secure a suitable School Meals provider despite contacting local and national providers; and whether an alternative arrangement can be facilitated where the local meals on wheels provider has already confirmed it cannot provide the service.",the minister for social protection further to parliamentary question no 66442 26 regarding a school details supplied the further practical assistance can be provided where the school has been unable to secure a suitable school meals provider despite contacting local and national providers and whether an alternative arrangement can be facilitated where the local meals on wheels provider has already confirmed it cannot provide the service 70877 26,Social Protection,794,796
"186. Deputy Claire Kerrane asked the Minister for Social Protection in order to better support people in receipt of jobseeker's payments trying hard to gain employment, if he would consider seeking the ringfencing of a portion of public sector jobs for those who are unemployed to assist them in returning to work; and if he will consider this proposal and engage with his colleague on same. [70843/26]",,Social,2026-10-07,0.296082854270935,Social Welfare Benefits,Social Welfare Benefits,0.296082854270935,Social Welfare Code,0.1739034950733184,Social Welfare Payments,0.1723780333995819,Social Welfare Eligibility,0.1370072215795517,Social Welfare Schemes,0.0446669571101665,Social Welfare Rates,0.0318532846868038,Employment Support Services,0.030408976599574,Employment Schemes,0.0267764795571565,Community Employment Schemes,0.0106481444090604,Cost of Living Issues,0.007156919222325,70843/26,186,Claire Kerrane,CLAIRE KERRANE,written,en,"To ask the Minister for Social Protection in order to better support people in receipt of jobseeker's payments trying hard to gain employment, if he would consider seeking the ringfencing of a portion of public sector jobs for those who are unemployed to assist them in returning to work; and if he will consider this proposal and engage with his colleague on same.",the minister for social protection in order to better support people in receipt of jobseeker s payments trying hard to gain employment if he would consider seeking the ringfencing of a portion of public sector jobs for those who are unemployed to assist them in returning to work and if he will consider this proposal and engage with his colleague on same 70843 26,Social Protection,798,800
"187. Deputy John Paul O'Shea asked the Minister for Justice, Home Affairs and Migration the current processing times for visa applications by spouses and dependent children seeking to join family members legally resident in Ireland; and the measures being taken to reduce waiting times and improve communication with applicants. [70698/26]",,Justice,2026-10-07,0.9424134492874146,Visa Applications,Visa Applications,0.9424134492874146,Family Reunification,0.0208821967244148,Visa Agreements,0.0104923825711011,Residency Permits,0.0050831269472837,Immigration Policy,0.0044404626823961,Student Visas,0.0034351099748164,Immigration Status,0.003090834012255,Asylum Applications,0.0012395631056278,Departmental Data,0.0010498902993276,Citizenship Applications,0.0006675402983091,70698/26,187,John Paul O'Shea,JOHN PAUL O'SHEA,written,en,"To ask the Minister for Justice, Home Affairs and Migration the current processing times for visa applications by spouses and dependent children seeking to join family members legally resident in Ireland; and the measures being taken to reduce waiting times and improve communication with applicants.",the minister for justice home affairs and migration the current processing times for visa applications by spouses and dependent children seeking to join family members legally resident in ireland and the measures being taken to reduce waiting times and improve communication with applicants 70698 26,"Justice, Home Affairs and Migration",805,807
"188. Deputy Aisling Dempsey asked the Minister for Justice, Home Affairs and Migration if he will consider, under upcoming legislation regarding citizenship, to allow those in familial care roles receiving carer’s benefit/allowance to be deemed economically self sufficient. [70791/26]",,Justice,2026-10-07,0.2418054938316345,Legislative Measures,Legislative Measures,0.2418054938316345,Social Welfare Eligibility,0.0837511271238327,Departmental Policies,0.0825272500514984,Social Welfare Benefits,0.0749039947986602,Social Welfare Code,0.0734274163842201,Immigration Policy,0.0401202589273452,Maternity Leave,0.0369197726249694,Departmental Schemes,0.0301287584006786,Social Welfare Schemes,0.0234547611325979,Social Welfare Payments,0.018239377066493,70791/26,188,Aisling Dempsey,AISLING DEMPSEY,written,en,"To ask the Minister for Justice, Home Affairs and Migration if he will consider, under upcoming legislation regarding citizenship, to allow those in familial care roles receiving carer’s benefit/allowance to be deemed economically self sufficient.",the minister for justice home affairs and migration if he will consider under upcoming legislation regarding citizenship to allow those in familial care roles receiving carer s benefit allowance to be deemed economically self sufficient 70791 26,"Justice, Home Affairs and Migration",809,811
"189. Deputy Pádraig O'Sullivan asked the Minister for Justice, Home Affairs and Migration if he will review the six-month employment requirement under the temporary protection transition scheme for applicants who experienced involuntary redundancy but quickly secured alternative employment; and if exceptions or a case-by-case assessment process will be considered for such individuals who otherwise meet the residency, accommodation and income criteria. [70717/26]",,Justice,2026-10-07,0.4308592081069946,International Protection,International Protection,0.4308592081069946,Immigration Policy,0.1127683371305465,Work Permits,0.0710946023464202,Immigration Status,0.0599856451153755,Residency Permits,0.0440851859748363,Departmental Schemes,0.0414517968893051,Asylum Seekers,0.0270141717046499,Departmental Data,0.0160849653184413,Departmental Staff,0.0150828622281551,Immigration Support Services,0.0118226651102304,70717/26,189,Pádraig O'Sullivan,PÁDRAIG O'SULLIVAN,written,en,"To ask the Minister for Justice, Home Affairs and Migration if he will review the six-month employment requirement under the temporary protection transition scheme for applicants who experienced involuntary redundancy but quickly secured alternative employment; and if exceptions or a case-by-case assessment process will be considered for such individuals who otherwise meet the residency, accommodation and income criteria.",the minister for justice home affairs and migration if he will review the six-month employment requirement under the temporary protection transition scheme for applicants who experienced involuntary redundancy but quickly secured alternative employment and if exceptions or a case-by-case assessment process will be considered for such individuals who otherwise meet the residency accommodation and income criteria 70717 26,"Justice, Home Affairs and Migration",813,815
"190. Deputy Roderic O'Gorman asked the Minister for Justice, Home Affairs and Migration the number of applications for naturalisation received by his Department in each month of 2026. [70826/26]",,Justice,2026-10-07,0.8820899724960327,Naturalisation Applications,Naturalisation Applications,0.8820899724960327,Citizenship Applications,0.0623988807201385,Immigration Status,0.0138205112889409,Citizenship Ceremonies,0.0074233035556972,Departmental Data,0.0066297119483351,Residency Permits,0.0032176901586353,Departmental Staff,0.0027916426770389,Immigration Policy,0.0025011263787746,International Protection,0.0015252713346853,Visa Applications,0.0011178578715771,70826/26,190,Roderic O'Gorman,RODERIC O'GORMAN,written,en,"To ask the Minister for Justice, Home Affairs and Migration the number of applications for naturalisation received by his Department in each month of 2026.",the minister for justice home affairs and migration the number of applications for naturalisation received by his department in each month of 2026 70826 26,"Justice, Home Affairs and Migration",817,819
"191. Deputy Roderic O'Gorman asked the Minister for Justice, Home Affairs and Migration the number of fixed charge notices issued through the speed camera on the N25 at Glenmore each month between May 2025 and September 2026. [70825/26]",,Justice,2026-10-07,0.6079412698745728,Road Traffic Offences,Road Traffic Offences,0.6079412698745728,Road Safety,0.1364895850419998,Departmental Data,0.0768785029649734,Road Traffic Accidents,0.0371391698718071,An Garda Síochána,0.0159792769700288,Electric Vehicles,0.0098472731187939,Traffic Management,0.0080593610182404,Parking Provision,0.0070137763395905,Driver Licences,0.0067154103890061,Transport Policy,0.0052463421598076,70825/26,191,Roderic O'Gorman,RODERIC O'GORMAN,written,en,"To ask the Minister for Justice, Home Affairs and Migration the number of fixed charge notices issued through the speed camera on the N25 at Glenmore each month between May 2025 and September 2026.",the minister for justice home affairs and migration the number of fixed charge notices issued through the speed camera on the n25 at glenmore each month between may 2025 and september 2026 70825 26,"Justice, Home Affairs and Migration",821,823
"192. Deputy Roderic O'Gorman asked the Minister for Justice, Home Affairs and Migration the number of fixed charge notices issued through the speed camera on the N80 at Graiguenaspiddoge each month between May 2025 and September 2026. [70824/26]",,Justice,2026-10-07,0.5781018137931824,Road Traffic Offences,Road Traffic Offences,0.5781018137931824,Road Safety,0.1237105503678321,Departmental Data,0.0976936146616935,Road Traffic Accidents,0.03940000385046,An Garda Síochána,0.0130697982385754,Electric Vehicles,0.0118996771052479,Traffic Management,0.0093828383833169,Parking Provision,0.0073248748667538,Driver Licences,0.0068709873594343,Transport Policy,0.0065897945314645,70824/26,192,Roderic O'Gorman,RODERIC O'GORMAN,written,en,"To ask the Minister for Justice, Home Affairs and Migration the number of fixed charge notices issued through the speed camera on the N80 at Graiguenaspiddoge each month between May 2025 and September 2026.",the minister for justice home affairs and migration the number of fixed charge notices issued through the speed camera on the n80 at graiguenaspiddoge each month between may 2025 and september 2026 70824 26,"Justice, Home Affairs and Migration",825,827
"193. Deputy John Brady asked the Minister for Justice, Home Affairs and Migration to provide an update on the total amount expended on security arrangements for the recent visit of the President of the United States; including costs of overtime payments and accommodation; and if he will make a statement on the matter. [70721/26]",,Justice,2026-10-07,0.1717355996370315,Diplomatic Representation,Diplomatic Representation,0.1717355996370315,International Protection,0.1592526286840438,Departmental Expenditure,0.1230614334344863,Departmental Data,0.1000045463442802,Official Travel,0.0561915151774883,Official Engagements,0.0405065529048442,Ukraine War,0.0261615291237831,Consular Services,0.0192108526825904,Foreign Policy,0.0153194991871714,Emergency Accommodation,0.0149141252040863,70721/26,193,John Brady,JOHN BRADY,written,en,"To ask the Minister for Justice, Home Affairs and Migration to provide an update on the total amount expended on security arrangements for the recent visit of the President of the United States; including costs of overtime payments and accommodation; and if he will make a statement on the matter.",the minister for justice home affairs and migration to provide an update on the total amount expended on security arrangements for the recent visit of the president of the united states including costs of overtime payments and accommodation and 70721 26,"Justice, Home Affairs and Migration",829,831
"194. Deputy Ken O'Flynn asked the Minister for Justice, Home Affairs and Migration if students in college (details supplied) that renew their immigration permission on Stamp 2A, following the college's removal from the interim list of eligible programmes, will be permitted to return to Stamp 2 in the event that the college's listing is restored on appeal; and if he will make a statement on the matter. [70744/26]",,Justice,2026-10-07,0.3998794853687286,Immigration Policy,Immigration Policy,0.3998794853687286,Visa Applications,0.2067591995000839,Immigration Status,0.1204874292016029,Residency Permits,0.1113597005605697,Family Reunification,0.028627136722207,Visa Agreements,0.0235204566270113,Student Visas,0.0208581201732158,Asylum Applications,0.0117613151669502,International Protection,0.0099396985024213,Citizenship Applications,0.0083941109478473,70744/26,194,Ken O'Flynn,KEN O'FLYNN,written,en,"To ask the Minister for Justice, Home Affairs and Migration if students in college (details supplied) that renew their immigration permission on Stamp 2A, following the college's removal from the interim list of eligible programmes, will be permitted to return to Stamp 2 in the event that the college's listing is restored on appeal; and if he will make a statement on the matter.",the minister for justice home affairs and migration if students in college details supplied that renew their immigration permission on stamp 2a following the college s removal from the interim list of eligible programmes will be permitted to return to stamp 2 in the event that the college s listing is restored on appeal and 70744 26,"Justice, Home Affairs and Migration",833,835
"195. Deputy Ivana Bacik asked the Minister for Justice, Home Affairs and Migration if he will clarify how the income requirement under the temporary protection transition scheme will be assessed for recent graduates who have moved into full-time employment on a salary above €29,432 after a period of full-time study; whether the ""average gross earnings"" test is calculated over the six months before 30 September 2026 or annualised; and if he will make a statement on the matter. [70736/26]",,Justice,2026-10-07,0.484572172164917,International Protection,International Protection,0.484572172164917,Departmental Schemes,0.2377501428127288,Immigration Policy,0.1115301176905632,Immigration Status,0.0250779706984758,Departmental Data,0.0187043473124504,Residency Permits,0.013640034943819,Immigration Support Services,0.0086703402921557,Asylum Seekers,0.0078926505520939,Family Reunification,0.00764418579638,Visa Applications,0.0067850830964744,70736/26,195,Ivana Bacik,IVANA BACIK,written,en,"To ask the Minister for Justice, Home Affairs and Migration if he will clarify how the income requirement under the temporary protection transition scheme will be assessed for recent graduates who have moved into full-time employment on a salary above €29,432 after a period of full-time study; whether the ""average gross earnings"" test is calculated over the six months before 30 September 2026 or annualised; and if he will make a statement on the matter.",the minister for justice home affairs and migration if he will clarify how the income requirement under the temporary protection transition scheme will be assessed for recent graduates who have moved into full-time employment on a salary above 29 432 after a period of full-time study whether the average gross earnings test is calculated over the six months before 30 september 2026 or annualised and 70736 26,"Justice, Home Affairs and Migration",837,839
"196. Deputy Colm Burke asked the Minister for Justice, Home Affairs and Migration if progress has been made in relation to long stay (D) join family visa applications (details supplied), in view that it is now over 19 months since the applications were submitted and the average processing timeline for application types such as this in the New Delhi visa office is 6-12 months. [70739/26]",,Justice,2026-10-07,0.4849433898925781,Visa Applications,Visa Applications,0.4849433898925781,Family Reunification,0.4439341127872467,Residency Permits,0.0144027229398489,Immigration Status,0.0116782439872622,Visa Agreements,0.0066266707144677,Immigration Policy,0.0064130299724638,International Protection,0.005458238068968,Departmental Data,0.0032273200340569,Asylum Applications,0.0029953636694699,Departmental Schemes,0.0022246635053306,70739/26,196,Colm Burke,COLM BURKE,written,en,"To ask the Minister for Justice, Home Affairs and Migration if progress has been made in relation to long stay (D) join family visa applications (details supplied), in view that it is now over 19 months since the applications were submitted and the average processing timeline for application types such as this in the New Delhi visa office is 6-12 months.",the minister for justice home affairs and migration if progress has been made long stay d join family visa applications details supplied in view that it is now over 19 months since the applications were submitted and the average processing timeline for application types such as this in the new delhi visa office is 6-12 months 70739 26,"Justice, Home Affairs and Migration",841,843
"197. Deputy Ken O'Flynn asked the Minister for Justice, Home Affairs and Migration the number of non-EEA students enrolled at a college (details supplied) at the time of its removal from the Interim List of Eligible Programmes; the number of those students with renewal applications pending; and if he will make a statement on the matter. [70742/26]",,Justice,2026-10-07,0.3299832046031952,Departmental Data,Departmental Data,0.3299832046031952,Immigration Policy,0.144664317369461,International Protection,0.0540747717022895,Departmental Schemes,0.0472885742783546,Residency Permits,0.0444333143532276,Immigration Status,0.0417615622282028,Family Reunification,0.0286806281656026,Visa Applications,0.0241820830851793,Student Visas,0.0223799832165241,Asylum Applications,0.0212168265134096,70742/26,197,Ken O'Flynn,KEN O'FLYNN,written,en,"To ask the Minister for Justice, Home Affairs and Migration the number of non-EEA students enrolled at a college (details supplied) at the time of its removal from the Interim List of Eligible Programmes; the number of those students with renewal applications pending; and if he will make a statement on the matter.",the minister for justice home affairs and migration the number of non-eea students enrolled at a college details supplied at the time of its removal from the interim list of eligible programmes the number of those students with renewal applications pending and 70742 26,"Justice, Home Affairs and Migration",845,847
"198. Deputy Jennifer Whitmore asked the Minister for Justice, Home Affairs and Migration whether transitional arrangements will be considered for EU citizens and Stamp 4 EUFAM holders in respect of the proposed changes to residence requirements and other eligibility criteria for Irish citizenship; and if he will make a statement on the matter. [70837/26]",,Justice,2026-10-07,0.7522380948066711,Citizenship Applications,Citizenship Applications,0.7522380948066711,Immigration Policy,0.1356027275323867,Immigration Status,0.028039751574397,Naturalisation Applications,0.0147583503276109,Residency Permits,0.0092460047453641,Departmental Data,0.0067601623013615,Visa Applications,0.0057741943746805,Citizenship Ceremonies,0.0051955855451524,Departmental Policies,0.0044207712635397,Other,0.0034644801635295,70837/26,198,Jennifer Whitmore,JENNIFER WHITMORE,written,en,"To ask the Minister for Justice, Home Affairs and Migration whether transitional arrangements will be considered for EU citizens and Stamp 4 EUFAM holders in respect of the proposed changes to residence requirements and other eligibility criteria for Irish citizenship; and if he will make a statement on the matter.",the minister for justice home affairs and migration whether transitional arrangements will be considered for eu citizens and stamp 4 eufam holders in respect of the proposed changes to residence requirements and other eligibility criteria for irish citizenship and 70837 26,"Justice, Home Affairs and Migration",849,851
"199. Deputy Roderic O'Gorman asked the Minister for Justice, Home Affairs and Migration further to Parliamentary Question No. 2470 on 7 September 2026, if he has received the necessary information from Garda Authorities to answer this PQ. [70813/26]",,Justice,2026-10-07,0.9226111769676208,An Garda Síochána,An Garda Síochána,0.9226111769676208,Departmental Data,0.0095457201823592,Crime Prevention,0.0031818004790693,Road Traffic Offences,0.0029214776586741,International Protection,0.0027569611556828,Crime Data,0.0025540189817547,Antisocial Behaviour,0.0020526954904198,Departmental Inquiries,0.0016569476574659,Private Security Authority,0.0015713605098426,Domestic Violence,0.00154077145271,70813/26,199,Roderic O'Gorman,RODERIC O'GORMAN,written,en,"To ask the Minister for Justice, Home Affairs and Migration further to Parliamentary Question No. 2470 on 7 September 2026, if he has received the necessary information from Garda Authorities to answer this PQ.",the minister for justice home affairs and migration further to parliamentary question no 2470 on 7 september 2026 if he has received the necessary information from garda authorities to answer this pq 70813 26,"Justice, Home Affairs and Migration",853,855
"200. Deputy Ken O'Flynn asked the Minister for Justice, Home Affairs and Migration if the learner protection arrangements required of colleges (details supplied) as a condition of its listing on the Interim List of Eligible Programmes have been activated for affected students; the engagement his Department has had with QQI on refunds or placement for those students; and if he will make a statement on the matter. [70746/26]",,Justice,2026-10-07,0.1475313603878021,Departmental Schemes,Departmental Schemes,0.1475313603878021,Departmental Data,0.1018341183662414,Immigration Policy,0.0737224966287612,International Protection,0.0476490333676338,Departmental Policies,0.046615295112133,Residency Permits,0.04315996915102,Education Schemes,0.0388972759246826,"Domestic, Sexual and Gender-based Violence",0.0330963917076587,Special Educational Needs,0.0276580303907394,Departmental Programmes,0.0257851481437683,70746/26,200,Ken O'Flynn,KEN O'FLYNN,written,en,"To ask the Minister for Justice, Home Affairs and Migration if the learner protection arrangements required of colleges (details supplied) as a condition of its listing on the Interim List of Eligible Programmes have been activated for affected students; the engagement his Department has had with QQI on refunds or placement for those students; and if he will make a statement on the matter.",the minister for justice home affairs and migration if the learner protection arrangements required of colleges details supplied as a condition of its listing on the interim list of eligible programmes have been activated for affected students the engagement his department has had with qqi on refunds or placement for those students and 70746 26,"Justice, Home Affairs and Migration",857,859
"201. Deputy Ken O'Flynn asked the Minister for Justice, Home Affairs and Migration if he will provide a transition period for students affected by the removal of a college (details supplied) from the Interim List of Eligible Programmes, to allow them time to secure enrolment with a listed provider before their renewal applications are decided, in view of the loss of work permission and the impact on students who rent in Cork city; and if he will make a statement on the matter. [70745/26]",,Justice,2026-10-07,0.1946511417627334,Visa Applications,Visa Applications,0.1946511417627334,Immigration Policy,0.1507524251937866,Residency Permits,0.1022909954190254,Family Reunification,0.0874048396944999,Immigration Status,0.0484941527247428,School Enrolments,0.0331945866346359,School Admissions,0.0306757986545562,Departmental Data,0.0280360598117113,Departmental Policies,0.0260872244834899,Visa Agreements,0.0205374658107757,70745/26,201,Ken O'Flynn,KEN O'FLYNN,written,en,"To ask the Minister for Justice, Home Affairs and Migration if he will provide a transition period for students affected by the removal of a college (details supplied) from the Interim List of Eligible Programmes, to allow them time to secure enrolment with a listed provider before their renewal applications are decided, in view of the loss of work permission and the impact on students who rent in Cork city; and if he will make a statement on the matter.",the minister for justice home affairs and migration if he will provide a transition period for students affected by the removal of a college details supplied from the interim list of eligible programmes to allow them time to secure enrolment with a listed provider before their renewal applications are decided in view of the loss of work permission and the impact on students who rent in cork city and 70745 26,"Justice, Home Affairs and Migration",861,863
"202. Deputy Thomas Gould asked the Minister for Justice, Home Affairs and Migration whether he is aware that Cork City Council are struggling to afford the Coroner's Service, the funding he has provided for the service in the last 12 months; and whether he will consider directly funding the service. [70901/26]",,Justice,2026-10-07,0.76933354139328,Coroners Service,Coroners Service,0.76933354139328,Other,0.0200772676616907,Departmental Data,0.0152966538444161,Prison Service,0.0138504151254892,Courts Service,0.0136083690449595,Departmental Reviews,0.0093138646334409,Deportation Orders,0.008420874364674,Health Services,0.0075534195639193,Family Reunification,0.0052037592977285,Probate Applications,0.005191899370402,70901/26,202,Thomas Gould,THOMAS GOULD,written,en,"To ask the Minister for Justice, Home Affairs and Migration whether he is aware that Cork City Council are struggling to afford the Coroner's Service, the funding he has provided for the service in the last 12 months; and whether he will consider directly funding the service.",the minister for justice home affairs and migration whether he is aware that cork city council are struggling to afford the coroner s service the funding he has provided for the service in the last 12 months and whether he will consider directly funding the service 70901 26,"Justice, Home Affairs and Migration",865,867
"203. Deputy Ken O'Flynn asked the Minister for Justice, Home Affairs and Migration the number of persons committed to prison in 2025, broken down by nationality group; the number of those committals in each nationality group that related solely to immigration matters rather than criminal offences; and if the Minister will make a statement on the matter. [70966/26]",,Justice,2026-10-07,0.9521774649620056,Prison Service,Prison Service,0.9521774649620056,Departmental Data,0.0340500101447105,Other,0.0016439297469332,Sentencing Policy,0.0009444341994822,Irish Prisoners Abroad,0.0005025945720262,Deportation Orders,0.0004881403292529,Probation and Welfare Service,0.0004443447105586,Health Services,0.0004174895293544,Mental Health Services,0.0004084350657649,An Garda Síochána,0.0003872770466841,70966/26,203,Ken O'Flynn,KEN O'FLYNN,written,en,"To ask the Minister for Justice, Home Affairs and Migration the number of persons committed to prison in 2025, broken down by nationality group; the number of those committals in each nationality group that related solely to immigration matters rather than criminal offences; and if the Minister will make a statement on the matter.",the minister for justice home affairs and migration the number of persons committed to prison in 2025 broken down by nationality group the number of those committals in each nationality group that related solely to immigration matters rather than criminal offences and if the minister will make a statement on the matter 70966 26,"Justice, Home Affairs and Migration",869,871
"204. Deputy Ken O'Flynn asked the Minister for Justice, Home Affairs and Migration whether the Irish Prison Service records the country of birth of persons committed to prison; if so, the number of persons committed in 2025 broken down by country of birth; if not, the reason this information is not recorded and whether there are plans to begin recording it; and if the Minister will make a statement on the matter. [70967/26]",,Justice,2026-10-07,0.9404535889625548,Prison Service,Prison Service,0.9404535889625548,Departmental Data,0.01140808314085,Other,0.0065961661748588,Irish Prisoners Abroad,0.0030278784688562,Deportation Orders,0.0021176538430154,Coroners Service,0.001438028179109,Sentencing Policy,0.0012414525263011,Departmental Staff,0.0010850362014025,Health Services,0.0010004088981077,Departmental Reviews,0.0008631449309177,70967/26,204,Ken O'Flynn,KEN O'FLYNN,written,en,"To ask the Minister for Justice, Home Affairs and Migration whether the Irish Prison Service records the country of birth of persons committed to prison; if so, the number of persons committed in 2025 broken down by country of birth; if not, the reason this information is not recorded and whether there are plans to begin recording it; and if the Minister will make a statement on the matter.",the minister for justice home affairs and migration whether the irish prison service records the country of birth of persons committed to prison if so the number of persons committed in 2025 broken down by country of birth if not the reason this information is not recorded and whether there are plans to begin recording it and if the minister will make a statement on the matter 70967 26,"Justice, Home Affairs and Migration",873,875
"205. Deputy Ken O'Flynn asked the Minister for Justice, Home Affairs and Migration the number of persons committed to prison in 2025, broken down by Irish and non-Irish nationality, by remand and sentenced status, and by offence category, in tabular form; and if the Minister will make a statement on the matter. [70968/26]",,Justice,2026-10-07,0.9682923555374146,Prison Service,Prison Service,0.9682923555374146,Departmental Data,0.0212418772280216,Other,0.0010877405293285,Sentencing Policy,0.0005073043284937,Irish Prisoners Abroad,0.0004439509357325,Deportation Orders,0.0004021122294943,Mental Health Services,0.0003538742894306,Probation and Welfare Service,0.0003446760529186,Health Services,0.0003275637282058,Departmental Staff,0.0003190710267517,70968/26,205,Ken O'Flynn,KEN O'FLYNN,written,en,"To ask the Minister for Justice, Home Affairs and Migration the number of persons committed to prison in 2025, broken down by Irish and non-Irish nationality, by remand and sentenced status, and by offence category, in tabular form; and if the Minister will make a statement on the matter.",the minister for justice home affairs and migration the number of persons committed to prison in 2025 broken down by irish and non-irish nationality by remand and sentenced status and by offence category in tabular form and if the minister will make a statement on the matter 70968 26,"Justice, Home Affairs and Migration",877,879
"206. Deputy Ken O'Flynn asked the Minister for Justice, Home Affairs and Migration the number of committals to prison and the number of persons committed to prison in each of the years 2023, 2024 and 2025, in tabular form, noting that the Irish Prison Service annual reports for 2024 and 2025 present different headline measures; the average daily number in custody in each of those years; the reason for any change between years in the number of committals or persons committed, in circumstances where the number in custody has risen; and if he will make a statement on the matter. [70969/26]",,Justice,2026-10-07,0.9703245162963868,Prison Service,Prison Service,0.9703245162963868,Departmental Data,0.0186984203755855,Other,0.0016175637720152,Sentencing Policy,0.0006267291028052,Mental Health Services,0.0004886504029855,Health Services,0.0004049590206705,Departmental Expenditure,0.0003531054535415,Probation and Welfare Service,0.0003039010916836,"Domestic, Sexual and Gender-based Violence",0.0002834647893905,Departmental Staff,0.000264197558863,70969/26,206,Ken O'Flynn,KEN O'FLYNN,written,en,"To ask the Minister for Justice, Home Affairs and Migration the number of committals to prison and the number of persons committed to prison in each of the years 2023, 2024 and 2025, in tabular form, noting that the Irish Prison Service annual reports for 2024 and 2025 present different headline measures; the average daily number in custody in each of those years; the reason for any change between years in the number of committals or persons committed, in circumstances where the number in custody has risen; and if he will make a statement on the matter.",the minister for justice home affairs and migration the number of committals to prison and the number of persons committed to prison in each of the years 2023 2024 and 2025 in tabular form noting that the irish prison service annual reports for 2024 and 2025 present different headline measures the average daily number in custody in each of those years the reason for any change between years in the number of committals or persons committed in circumstances where the number in custody has risen and 70969 26,"Justice, Home Affairs and Migration",881,883
"207. Deputy Ken O'Flynn asked the Minister for Justice, Home Affairs and Migration the total amount paid for interpretation and translation services by his Department and each body under its aegis in 2024, 2025 and 2026 to date, broken down by body, including the Courts Service, An Garda Síochána, the Irish Prison Service and the International Protection Office, and by purpose, including criminal proceedings and international protection processing, in tabular form; and if he will make a statement on the matter. [70970/26]",,Justice,2026-10-07,0.6734381914138794,Departmental Expenditure,Departmental Expenditure,0.6734381914138794,Departmental Data,0.1378734707832336,Departmental Contracts,0.0923153162002563,International Protection,0.0267086289823055,Departmental Funding,0.0068726302124559,Departmental Staff,0.0061226906254887,Public Procurement Contracts,0.0054576485417783,State Bodies,0.0052735963836312,Departmental Legal Services,0.0049857790581882,Departmental Budgets,0.0031047197990119,70970/26,207,Ken O'Flynn,KEN O'FLYNN,written,en,"To ask the Minister for Justice, Home Affairs and Migration the total amount paid for interpretation and translation services by his Department and each body under its aegis in 2024, 2025 and 2026 to date, broken down by body, including the Courts Service, An Garda Síochána, the Irish Prison Service and the International Protection Office, and by purpose, including criminal proceedings and international protection processing, in tabular form; and if he will make a statement on the matter.",the minister for justice home affairs and migration the total amount paid for interpretation and translation services by his department and each body under its aegis in 2024 2025 and 2026 to date broken down by body including the courts service an garda síochána the irish prison service and the international protection office and by purpose including criminal proceedings and international protection processing in tabular form and 70970 26,"Justice, Home Affairs and Migration",885,887
"208. Deputy Ken O'Flynn asked the Minister for Justice, Home Affairs and Migration the number of companies contracted to provide interpretation and translation services to his Department and the bodies under its aegis; the value of each contract; whether each contract was awarded through competitive tender; the measures in place to ensure value for money; and if he will make a statement on the matter. [70971/26]",,Justice,2026-10-07,0.9956966638565063,Departmental Contracts,Departmental Contracts,0.9956966638565063,Departmental Expenditure,0.0011040223762392,Departmental Data,0.0005204523913562,Public Procurement Contracts,0.0004963924293406,Departmental Consultations,0.0004492133448366,International Protection,0.0001574170601088,Departmental Properties,9.305666026193649e-05,Departmental Staff,8.362557127838954e-05,Departmental Funding,7.972252933541313e-05,Departmental Correspondence,5.928946120548062e-05,70971/26,208,Ken O'Flynn,KEN O'FLYNN,written,en,"To ask the Minister for Justice, Home Affairs and Migration the number of companies contracted to provide interpretation and translation services to his Department and the bodies under its aegis; the value of each contract; whether each contract was awarded through competitive tender; the measures in place to ensure value for money; and if he will make a statement on the matter.",the minister for justice home affairs and migration the number of companies contracted to provide interpretation and translation services to his department and the bodies under its aegis the value of each contract whether each contract was awarded through competitive tender the measures in place to ensure value for money and 70971 26,"Justice, Home Affairs and Migration",889,891
"209. Deputy Ken O'Flynn asked the Minister for Justice, Home Affairs and Migration the number of non-Irish nationals released from prison in 2025, who were the subject of a deportation order at the time of release; the number of those persons who were removed from the State; the number who were not removed and the reasons; and if he will make a statement on the matter. [70972/26]",,Justice,2026-10-07,0.8447229862213135,Deportation Orders,Deportation Orders,0.8447229862213135,Departmental Data,0.0711054429411888,Prison Service,0.0235367100685834,Asylum Seekers,0.0075031220912933,Asylum Applications,0.0068664816208183,Departmental Staff,0.0035993300843983,Immigration Policy,0.0029239123687148,International Protection,0.0022932088468223,Family Reunification,0.0019819901790469,Immigration Status,0.0019009639509022,70972/26,209,Ken O'Flynn,KEN O'FLYNN,written,en,"To ask the Minister for Justice, Home Affairs and Migration the number of non-Irish nationals released from prison in 2025, who were the subject of a deportation order at the time of release; the number of those persons who were removed from the State; the number who were not removed and the reasons; and if he will make a statement on the matter.",the minister for justice home affairs and migration the number of non-irish nationals released from prison in 2025 who were the subject of a deportation order at the time of release the number of those persons who were removed from the state the number who were not removed and the reasons and 70972 26,"Justice, Home Affairs and Migration",893,895
"210. Deputy Matt Carthy asked the Minister for Justice, Home Affairs and Migration the procedures that are currently in place for informing victims and their families when a person convicted of a serious offence is subject to deportation. [70983/26]",,Justice,2026-10-07,0.9275435209274292,Deportation Orders,Deportation Orders,0.9275435209274292,Departmental Data,0.0102394353598356,Immigration Policy,0.0080936904996633,Asylum Seekers,0.0046695582568645,Asylum Applications,0.0037934901192784,An Garda Síochána,0.0029256190173327,Immigration Status,0.0028170750010758,Residency Permits,0.0025220373645424,Family Reunification,0.0024093261454254,International Protection,0.002250439254567,70983/26,210,Matt Carthy,MATT CARTHY,written,en,"To ask the Minister for Justice, Home Affairs and Migration the procedures that are currently in place for informing victims and their families when a person convicted of a serious offence is subject to deportation.",the minister for justice home affairs and migration the procedures that are currently in place for informing victims and their families when a person convicted of a serious offence is subject to deportation 70983 26,"Justice, Home Affairs and Migration",897,899
"211. Deputy Matt Carthy asked the Minister for Justice, Home Affairs and Migration the information to which victims and their families are entitled to receive regarding the deportation process of a person convicted of a serious offence, including confirmation that the person has actually left the State and the restrictions placed on their return. [70984/26]",,Justice,2026-10-07,0.9423331022262572,Deportation Orders,Deportation Orders,0.9423331022262572,Departmental Data,0.0101699540391564,Immigration Policy,0.0055450652725994,Asylum Applications,0.0043083224445581,Asylum Seekers,0.0040328442119061,Family Reunification,0.0026244781911373,Immigration Status,0.0021425096783787,Residency Permits,0.0018771304748952,International Protection,0.0017211149679496,Prison Service,0.0017056232318282,70984/26,211,Matt Carthy,MATT CARTHY,written,en,"To ask the Minister for Justice, Home Affairs and Migration the information to which victims and their families are entitled to receive regarding the deportation process of a person convicted of a serious offence, including confirmation that the person has actually left the State and the restrictions placed on their return.",the minister for justice home affairs and migration the information to which victims and their families are entitled to receive regarding the deportation process of a person convicted of a serious offence including confirmation that the person has actually left the state and the restrictions placed on their return 70984 26,"Justice, Home Affairs and Migration",901,903
"212. Deputy Matt Carthy asked the Minister for Justice, Home Affairs and Migration whether he intends to introduce or revise procedures relating to the provision of information to victims and their families regarding the deportation of perpetrators convicted of serious offences. [70985/26]",,Justice,2026-10-07,0.9203590750694276,Deportation Orders,Deportation Orders,0.9203590750694276,Immigration Policy,0.0106960926204919,Departmental Data,0.0079581681638956,Asylum Seekers,0.0047695240937173,Asylum Applications,0.003886489663273,Immigration Status,0.003183129010722,International Protection,0.0031433228868991,Family Reunification,0.0023244493640959,"Domestic, Sexual and Gender-based Violence",0.001910564256832,Immigration Support Services,0.0018861170392483,70985/26,212,Matt Carthy,MATT CARTHY,written,en,"To ask the Minister for Justice, Home Affairs and Migration whether he intends to introduce or revise procedures relating to the provision of information to victims and their families regarding the deportation of perpetrators convicted of serious offences.",the minister for justice home affairs and migration whether he intends to introduce or revise procedures relating to the provision of information to victims and their families regarding the deportation of perpetrators convicted of serious offences 70985 26,"Justice, Home Affairs and Migration",905,907
"213. Deputy Matt Carthy asked the Minister for Justice, Home Affairs and Migration the procedures in place to ensure that the safety, welfare and best interests of children affected by the deportation of a person convicted of a serious criminal offence are considered throughout the deportation process (details supplied); and whether guardians or other relevant family members are notified of deportation arrangements where safety or welfare concerns arise. [70988/26]",,Justice,2026-10-07,0.9298856258392334,Deportation Orders,Deportation Orders,0.9298856258392334,Departmental Data,0.011592524126172,Immigration Policy,0.0063836849294602,Asylum Applications,0.0052653248421847,Asylum Seekers,0.0047665652818977,Family Reunification,0.0031921484041959,Immigration Status,0.0026896111667156,International Protection,0.0025221058167517,Residency Permits,0.0023067023139446,Visa Applications,0.0019896291196346,70988/26,213,Matt Carthy,MATT CARTHY,written,en,"To ask the Minister for Justice, Home Affairs and Migration the procedures in place to ensure that the safety, welfare and best interests of children affected by the deportation of a person convicted of a serious criminal offence are considered throughout the deportation process (details supplied); and whether guardians or other relevant family members are notified of deportation arrangements where safety or welfare concerns arise.",the minister for justice home affairs and migration the procedures in place to ensure that the safety welfare and best interests of children affected by the deportation of a person convicted of a serious criminal offence are considered throughout the deportation process details supplied and whether guardians or other relevant family members are notified of deportation arrangements where safety or welfare concerns arise 70988 26,"Justice, Home Affairs and Migration",909,911
"214. Deputy Richard Boyd Barrett asked the Minister for Justice, Home Affairs and Migration If he will review a case of two students from Gaza (details supplied); the reason their visa was refused; and if, following review, his Department will reverse the decision and allow them to come here to study, as they have a host ready to provide accommodation. [71036/26]",,Justice,2026-10-07,0.8843504786491394,Visa Applications,Visa Applications,0.8843504786491394,Family Reunification,0.0235349275171756,Visa Agreements,0.0177990067750215,International Protection,0.0097540570423007,Immigration Policy,0.0093910368159413,Residency Permits,0.0081318737939,Student Visas,0.0076607102528214,Asylum Applications,0.006479435134679,Immigration Status,0.0060795154422521,Asylum Seekers,0.0049978736788034,71036/26,214,Richard Boyd Barrett,RICHARD BOYD BARRETT,written,en,"To ask the Minister for Justice, Home Affairs and Migration If he will review a case of two students from Gaza (details supplied); the reason their visa was refused; and if, following review, his Department will reverse the decision and allow them to come here to study, as they have a host ready to provide accommodation.",the minister for justice home affairs and migration if he will review a case of two students from gaza details supplied the reason their visa was refused and if following review his department will reverse the decision and allow them to come here to study as they have a host ready to provide accommodation 71036 26,"Justice, Home Affairs and Migration",913,915
"215. Deputy Ken O'Flynn asked the Minister for Justice, Home Affairs and Migration the average annual cost of providing a prison space in 2025; the total number of prisoner days served during 2025 by non Irish nationals in custody, regardless of the year of committal, broken down by remand and sentenced status; where prisoner day data is not available, the average daily number of non Irish nationals in custody in 2025 by remand and sentenced status; the estimated total cost to the State of holding non Irish nationals in custody in 2025; and if he will make a statement on the matter. [70923/26]",,Justice,2026-10-07,0.9701531529426576,Prison Service,Prison Service,0.9701531529426576,Departmental Data,0.0219592358916997,Departmental Expenditure,0.0009540343889966,Other,0.000662377977278,Departmental Staff,0.0003216051554773,Asylum Seekers,0.000304497196339,Mental Health Services,0.0002845565322786,International Protection,0.0002835450286511,Health Services,0.0002483002026565,Departmental Contracts,0.0002283838985022,70923/26,215,Ken O'Flynn,KEN O'FLYNN,written,en,"To ask the Minister for Justice, Home Affairs and Migration the average annual cost of providing a prison space in 2025; the total number of prisoner days served during 2025 by non Irish nationals in custody, regardless of the year of committal, broken down by remand and sentenced status; where prisoner day data is not available, the average daily number of non Irish nationals in custody in 2025 by remand and sentenced status; the estimated total cost to the State of holding non Irish nationals in custody in 2025; and if he will make a statement on the matter.",the minister for justice home affairs and migration the average annual cost of providing a prison space in 2025 the total number of prisoner days served during 2025 by non irish nationals in custody regardless of the year of committal broken down by remand and sentenced status where prisoner day data is not available the average daily number of non irish nationals in custody in 2025 by remand and sentenced status the estimated total cost to the state of holding non irish nationals in custody in 2025 and 70923 26,"Justice, Home Affairs and Migration",917,919
"216. Deputy Paul Lawless asked the Minister for Agriculture, Food and the Marine the number of applicants approved under the fuel income support scheme; the total amount paid to date under the scheme; the amount of the original allocation that remains unspent; and if he will make a statement on the matter. [70774/26]",,Agriculture,2026-10-07,0.7683492302894592,Agriculture Schemes,Agriculture Schemes,0.7683492302894592,Departmental Schemes,0.1007822304964065,Agriculture Supports,0.0317556373775005,Organic Farming,0.0175134688615798,Grant Payments,0.0168060846626758,Agriculture Industry,0.0125764273107051,Departmental Data,0.0085483342409133,Environmental Schemes,0.0041472599841654,Forestry Sector,0.0029433069285005,Common Agricultural Policy,0.0024115303531289,70774/26,216,Paul Lawless,PAUL LAWLESS,written,en,"To ask the Minister for Agriculture, Food and the Marine the number of applicants approved under the fuel income support scheme; the total amount paid to date under the scheme; the amount of the original allocation that remains unspent; and if he will make a statement on the matter.",the minister for agriculture food and the marine the number of applicants approved under the fuel income support scheme the total amount paid to date under the scheme the amount of the original allocation that remains unspent and 70774 26,"Agriculture, Food and the Marine",924,926
"217. Deputy Paul Lawless asked the Minister for Agriculture, Food and the Marine if he has made a submission to the Minister for Finance or the Government seeking the retention of the Agricultural Diesel Rebate at its current rate of 12 cent per litre beyond 1 October 2026; and if he will make a statement on the matter. [70773/26]",,Agriculture,2026-10-07,0.1459051519632339,Agriculture Schemes,Agriculture Schemes,0.1459051519632339,Agriculture Supports,0.0890266150236129,Fuel Prices,0.0652665123343467,Departmental Schemes,0.0640115290880203,Agriculture Industry,0.0528620481491088,Tax Code,0.0373793728649616,Tax Rebates,0.030281376093626,Electric Vehicles,0.0302794557064771,Organic Farming,0.0244469624012708,Common Agricultural Policy,0.0240549705922603,70773/26,217,Paul Lawless,PAUL LAWLESS,written,en,"To ask the Minister for Agriculture, Food and the Marine if he has made a submission to the Minister for Finance or the Government seeking the retention of the Agricultural Diesel Rebate at its current rate of 12 cent per litre beyond 1 October 2026; and if he will make a statement on the matter.",the minister for agriculture food and the marine if he has made a submission to the minister for finance or the government seeking the retention of the agricultural diesel rebate at its current rate of 12 cent per litre beyond 1 october 2026 and 70773 26,"Agriculture, Food and the Marine",928,930
"218. Deputy Fionntán Ó Súilleabháin asked the Minister for Agriculture, Food and the Marine if adequate funding will be put in place in order that farmers can invest in rooftop solar, since the ranking and selection outcomes impacted solar applications under the targeted agricultural modernisation scheme (TAMS) in late 2025, the approval rate announced for eligible solar applications has fallen to just 10%. [70789/26]",,Agriculture,2026-10-07,0.7112882733345032,Agriculture Schemes,Agriculture Schemes,0.7112882733345032,Agriculture Supports,0.0723999589681625,Renewable Energy Generation,0.0536573268473148,Departmental Schemes,0.0371420457959175,Grant Payments,0.0177537985146045,Agriculture Industry,0.0150610525161027,Departmental Data,0.0125073892995715,Departmental Funding,0.0114069171249866,Solar Energy Guidelines,0.0091692572459578,Departmental Expenditure,0.0046029165387153,70789/26,218,Fionntán Ó Súilleabháin,FIONNTÁN Ó SÚILLEABHÁIN,written,en,"To ask the Minister for Agriculture, Food and the Marine if adequate funding will be put in place in order that farmers can invest in rooftop solar, since the ranking and selection outcomes impacted solar applications under the targeted agricultural modernisation scheme (TAMS) in late 2025, the approval rate announced for eligible solar applications has fallen to just 10%.",the minister for agriculture food and the marine if adequate funding will be put in place in order that farmers can invest in rooftop solar since the ranking and selection outcomes impacted solar applications under the targeted agricultural modernisation scheme tams in late 2025 the approval rate announced for eligible solar applications has fallen to just 10 70789 26,"Agriculture, Food and the Marine",932,934
"219. Deputy Barry Ward asked the Minister for Agriculture, Food and the Marine if he is satisfied that the conditions necessary to empower Ireland to ban the importation of bees other than the native Irish honey bee have been met, for example that the threat to the native Irish honey bee has been established by report dated December 2024, submitted to his department, and that the importation of non-native bees directly threatens the health of the native Irish honey bee. [70713/26]",,Agriculture,2026-10-07,0.1195467635989189,Wildlife Protection,Wildlife Protection,0.1195467635989189,Animal Diseases,0.1044331490993499,Agriculture Industry,0.0987017378211021,Animal Welfare,0.06372682005167,Wildlife Conservation,0.0631050467491149,Wildlife Regulations,0.050002247095108,Horticulture Sector,0.0423832722008228,Hare Coursing,0.0356691665947437,Invasive Species Policy,0.035642385482788,Animal Culls,0.0332595109939575,70713/26,219,Barry Ward,BARRY WARD,written,en,"To ask the Minister for Agriculture, Food and the Marine if he is satisfied that the conditions necessary to empower Ireland to ban the importation of bees other than the native Irish honey bee have been met, for example that the threat to the native Irish honey bee has been established by report dated December 2024, submitted to his department, and that the importation of non-native bees directly threatens the health of the native Irish honey bee.",the minister for agriculture food and the marine if he is satisfied that the conditions necessary to empower ireland to ban the importation of bees other than the native irish honey bee have been met for example that the threat to the native irish honey bee has been established by report dated december 2024 submitted to his department and that the importation of non-native bees directly threatens the health of the native irish honey bee 70713 26,"Agriculture, Food and the Marine",936,938
"220. Deputy Barry Ward asked the Minister for Agriculture, Food and the Marine if it is lawful for Ireland to ban the importation of bees other than the native Irish honey bee; and if he will make a statement on the matter. [70709/26]",,Agriculture,2026-10-07,0.1315752565860748,Wildlife Protection,Wildlife Protection,0.1315752565860748,Invasive Species Policy,0.0869235694408416,Wildlife Conservation,0.0656192675232887,Wildlife Regulations,0.0637783408164978,Agriculture Industry,0.0617316029965877,Animal Welfare,0.0580902770161628,Horticulture Sector,0.0529445856809616,Animal Diseases,0.0440433248877525,Hare Coursing,0.034503947943449,Animal Culls,0.0265896171331405,70709/26,220,Barry Ward,BARRY WARD,written,en,"To ask the Minister for Agriculture, Food and the Marine if it is lawful for Ireland to ban the importation of bees other than the native Irish honey bee; and if he will make a statement on the matter.",the minister for agriculture food and the marine if it is lawful for ireland to ban the importation of bees other than the native irish honey bee and 70709 26,"Agriculture, Food and the Marine",940,942
"221. Deputy Barry Ward asked the Minister for Agriculture, Food and the Marine whether or not the native Irish honey bee is under threat; and if he will make a statement on the matter: [70707/26]",,Agriculture,2026-10-07,0.2159866690635681,Wildlife Protection,Wildlife Protection,0.2159866690635681,Wildlife Regulations,0.1361180990934372,Wildlife Conservation,0.1092858165502548,Invasive Species Policy,0.0938976183533668,Hare Coursing,0.0494478084146976,Animal Culls,0.0390586219727993,Animal Welfare,0.0298795886337757,Forestry Sector,0.0271097142249345,Animal Diseases,0.0229273866862058,Departmental Data,0.0191711317747831,70707/26,221,Barry Ward,BARRY WARD,written,en,"To ask the Minister for Agriculture, Food and the Marine whether or not the native Irish honey bee is under threat; and if he will make a statement on the matter:",the minister for agriculture food and the marine whether or not the native irish honey bee is under threat and 70707 26,"Agriculture, Food and the Marine",944,946
"222. Deputy John Paul O'Shea asked the Minister for Agriculture, Food and the Marine the measures he is taking to protect the viability of dairy, beef and sheep farms in Cork in light of high production costs; and the additional supports he plans to introduce for family farms as part of Budget 2027. [70703/26]",,Agriculture,2026-10-07,0.4158917069435119,Agriculture Industry,Agriculture Industry,0.4158917069435119,Agriculture Supports,0.2590157687664032,Agriculture Schemes,0.0708269253373146,Tillage Sector,0.0275486968457698,Farm Costs,0.0267838798463344,Common Agricultural Policy,0.0229376163333654,Food Industry,0.0160883367061615,Farm Safety,0.0154541069641709,Beef Sector,0.0149419261142611,Organic Farming,0.0102616427466273,70703/26,222,John Paul O'Shea,JOHN PAUL O'SHEA,written,en,"To ask the Minister for Agriculture, Food and the Marine the measures he is taking to protect the viability of dairy, beef and sheep farms in Cork in light of high production costs; and the additional supports he plans to introduce for family farms as part of Budget 2027.",the minister for agriculture food and the marine the measures he is taking to protect the viability of dairy beef and sheep farms in cork in light of high production costs and the additional supports he plans to introduce for family farms as part of budget 2027 70703 26,"Agriculture, Food and the Marine",948,950
"223. Deputy John Paul O'Shea asked the Minister for Agriculture, Food and the Marine the additional funding he will provide under the farm safety scheme for farmers in Cork to upgrade livestock handling facilities and farmyards; and the way in which he will ensure smaller family farms can access these supports. [70702/26]",,Agriculture,2026-10-07,0.3281526565551758,Agriculture Schemes,Agriculture Schemes,0.3281526565551758,Agriculture Supports,0.3125427067279815,Agriculture Industry,0.0568645186722278,Farm Safety,0.0543385930359363,Departmental Schemes,0.0268844943493604,Common Agricultural Policy,0.0221933629363775,Organic Farming,0.0118798678740859,Tillage Sector,0.0095460964366793,Departmental Funding,0.0091976597905159,Animal Diseases,0.0084798578172922,70702/26,223,John Paul O'Shea,JOHN PAUL O'SHEA,written,en,"To ask the Minister for Agriculture, Food and the Marine the additional funding he will provide under the farm safety scheme for farmers in Cork to upgrade livestock handling facilities and farmyards; and the way in which he will ensure smaller family farms can access these supports.",the minister for agriculture food and the marine the additional funding he will provide under the farm safety scheme for farmers in cork to upgrade livestock handling facilities and farmyards and the way in which he will ensure smaller family farms can access these supports 70702 26,"Agriculture, Food and the Marine",952,954
"224. Deputy Roderic O'Gorman asked the Minister for Agriculture, Food and the Marine to outline a list of capital works projects under the remit of his Department that received EU Funding in 2025 and to-date in 2026; and the amount of EU funding received per project in both years, in tabular form. [70822/26]",,Agriculture,2026-10-07,0.7377750277519226,EU Funding,EU Funding,0.7377750277519226,Capital Expenditure Programme,0.0738281086087226,Departmental Funding,0.0272834040224552,National Development Plan,0.0234010368585586,Departmental Projects,0.0139508284628391,Departmental Budgets,0.0135986488312482,Departmental Expenditure,0.011723936535418,Brexit Supports,0.0087516289204359,Other,0.0063710180111229,Departmental Data,0.0062907612882554,70822/26,224,Roderic O'Gorman,RODERIC O'GORMAN,written,en,"To ask the Minister for Agriculture, Food and the Marine to outline a list of capital works projects under the remit of his Department that received EU Funding in 2025 and to-date in 2026; and the amount of EU funding received per project in both years, in tabular form.",the minister for agriculture food and the marine a list of capital works projects under the remit of his department that received eu funding in 2025 and to-date in 2026 and the amount of eu funding received per project in both years in tabular form 70822 26,"Agriculture, Food and the Marine",956,958
"225. Deputy Pearse Doherty asked the Minister for Agriculture, Food and the Marine the reason a compliance notice issued requiring a consignment to be re-dispatched to a third country after a container was inspected at Dublin Port, released and delivered to its owner home in County Donegal, when a phytosanitary certificate e16 was submitted to Revenue as part of a Transfer of Residence application. [70830/26]",,Agriculture,2026-10-07,0.1120611354708671,Agriculture Schemes,Agriculture Schemes,0.1120611354708671,Other,0.0787025690078735,Agriculture Industry,0.05723837018013,Forestry Sector,0.0499359741806983,Fishing Industry,0.0453236252069473,Departmental Data,0.0419402122497558,Horse Racing Industry,0.0194753296673297,Departmental Inquiries,0.017078535631299,Departmental Policies,0.0163706820458173,Land Issues,0.0159112643450498,70830/26,225,Pearse Doherty,PEARSE DOHERTY,written,en,"To ask the Minister for Agriculture, Food and the Marine the reason a compliance notice issued requiring a consignment to be re-dispatched to a third country after a container was inspected at Dublin Port, released and delivered to its owner home in County Donegal, when a phytosanitary certificate e16 was submitted to Revenue as part of a Transfer of Residence application.",the minister for agriculture food and the marine the reason a compliance notice issued requiring a consignment to be re-dispatched to a third country after a container was inspected at dublin port released and delivered to its owner home in county donegal when a phytosanitary certificate e16 was submitted to revenue as part of a transfer of residence application 70830 26,"Agriculture, Food and the Marine",960,962
"226. Deputy Aindrias Moynihan asked the Minister for Agriculture, Food and the Marine to outline his engagements with the distillery industry in the establishment of a clear farm to bottle providence model for Irish Whiskey, ensuring a clear link between Irish land, Irish farmers and Irish grain; and if he will make a statement on the matter. [70925/26]",,Agriculture,2026-10-07,0.2042790949344635,Food Industry,Food Industry,0.2042790949344635,Agriculture Industry,0.1761475801467895,Horticulture Sector,0.0345779620110988,Food Safety,0.0314178727567195,Other,0.024615254253149,Beef Sector,0.0203264877200126,Nitrates Usage,0.019145468249917,Agriculture Supports,0.0180235356092453,Organic Farming,0.0175911337137222,Food Labelling,0.0163613520562648,70925/26,226,Aindrias Moynihan,AINDRIAS MOYNIHAN,written,en,"To ask the Minister for Agriculture, Food and the Marine to outline his engagements with the distillery industry in the establishment of a clear farm to bottle providence model for Irish Whiskey, ensuring a clear link between Irish land, Irish farmers and Irish grain; and if he will make a statement on the matter.",the minister for agriculture food and the marine his engagements with the distillery industry in the establishment of a clear farm to bottle providence model for irish whiskey ensuring a clear link between irish land irish farmers and irish grain and 70925 26,"Agriculture, Food and the Marine",964,966
"227. Deputy Shónagh Ní Raghallaigh asked the Minister for Children, Disability and Equality if she will comment on the ongoing lack of services being provided through the South Kildare West Wicklow CDNT, particularly the continued absence of speech and language therapy and occupational therapy supports for children with identified needs. [70778/26]",,Children,2026-10-07,0.9784336686134338,Disability Services,Disability Services,0.9784336686134338,Childcare Services,0.0044907145202159,Health Services,0.0035334655549377,Disabilities Assessments,0.0029128969181329,Departmental Data,0.0012705059489235,Disability Diagnoses,0.0012294687330722,Early Childhood Care and Education,0.0009055839036591,Special Educational Needs,0.0007838999154046,Care Services,0.0007579075172543,Health Services Staff,0.0005887697334401,70778/26,227,Shónagh Ní Raghallaigh,SHÓNAGH NÍ RAGHALLAIGH,written,en,"To ask the Minister for Children, Disability and Equality if she will comment on the ongoing lack of services being provided through the South Kildare West Wicklow CDNT, particularly the continued absence of speech and language therapy and occupational therapy supports for children with identified needs.",the minister for children disability and equality if she will comment on the ongoing lack of services being provided through the south kildare west wicklow cdnt particularly the continued absence of speech and language therapy and occupational therapy supports for children with identified needs 70778 26,"Children, Disability and Equality",971,973
"228. Deputy Pa Daly asked the Minister for Children, Disability and Equality if as part of the ongoing evaluation of the national childcare scheme, consideration will be given to amending the under-attendance rules to allow working parents greater flexibility to collect children early, bring them in later, or facilitate extracurricular activities and family time, without risking a reduction in their NCS subsidy where their underlying childcare requirement has not changed. [70776/26]",,Children,2026-10-07,0.8173699975013733,Childcare Services,Childcare Services,0.8173699975013733,Early Childhood Care and Education,0.1386135667562484,Departmental Schemes,0.0165586825460195,Departmental Programmes,0.001841923338361,Departmental Policies,0.0015124684432521,Departmental Funding,0.0014469698071479,Departmental Data,0.0010740103898569,Child Protection,0.0010728752240538,Other,0.0010330263758078,Childcare Qualifications,0.0009381024283356,70776/26,228,Pa Daly,PA DALY,written,en,"To ask the Minister for Children, Disability and Equality if as part of the ongoing evaluation of the national childcare scheme, consideration will be given to amending the under-attendance rules to allow working parents greater flexibility to collect children early, bring them in later, or facilitate extracurricular activities and family time, without risking a reduction in their NCS subsidy where their underlying childcare requirement has not changed.",the minister for children disability and equality if as part of the ongoing evaluation of the national childcare scheme consideration will be given to amending the under-attendance rules to allow working parents greater flexibility to collect children early bring them in later or facilitate extracurricular activities and family time without risking a reduction in their ncs subsidy where their underlying childcare requirement has not changed 70776 26,"Children, Disability and Equality",975,977
"229. Deputy Claire Kerrane asked the Minister for Children, Disability and Equality in relation to the new State-led announcement and specifically in an area (details supplied) what is being purchased for these projects; the persons or bodies these buildings are being bought from; and if there is private provider involvement. [70785/26]",,Children,2026-10-07,0.228645920753479,International Protection,International Protection,0.228645920753479,Departmental Properties,0.0877649560570716,State Properties,0.0575377382338047,Departmental Projects,0.0554885193705558,Emergency Accommodation,0.0469575077295303,Departmental Data,0.0417951755225658,Departmental Funding,0.0320421867072582,State Bodies,0.029517600312829,Housing Provision,0.0223982855677604,Disability Services,0.0208774376660585,70785/26,229,Claire Kerrane,CLAIRE KERRANE,written,en,"To ask the Minister for Children, Disability and Equality in relation to the new State-led announcement and specifically in an area (details supplied) what is being purchased for these projects; the persons or bodies these buildings are being bought from; and if there is private provider involvement.",the minister for children disability and equality the new state-led announcement and specifically in an area details supplied what is being purchased for these projects the persons or bodies these buildings are being bought from and if there is private provider involvement 70785 26,"Children, Disability and Equality",979,981
"230. Deputy Catherine Callaghan asked the Minister for Children, Disability and Equality whether she is aware that families who require flexible, occasional or shift-work childcare arrangements can be unable to avail of national childcare scheme subsidies where afterschool childcare places are booked on an intermittent rather than regular basis; whether her Department has examined the impact of this on working families; and whether any changes are planned to the national childcare scheme to ensure that families with non-standard working patterns can access childcare subsidies on an equitable basis. [70839/26]",,Children,2026-10-07,0.9016402959823608,Childcare Services,Childcare Services,0.9016402959823608,Early Childhood Care and Education,0.0726947113871574,Departmental Schemes,0.0061485613696277,Departmental Funding,0.0013435212895274,Departmental Policies,0.0010324465110898,Childcare Qualifications,0.000909547205083,Departmental Programmes,0.0008372615557163,Children in Care,0.0006251960294321,Departmental Data,0.0005728843389078,After-School Support Services,0.0005303733632899,70839/26,230,Catherine Callaghan,CATHERINE CALLAGHAN,written,en,"To ask the Minister for Children, Disability and Equality whether she is aware that families who require flexible, occasional or shift-work childcare arrangements can be unable to avail of national childcare scheme subsidies where afterschool childcare places are booked on an intermittent rather than regular basis; whether her Department has examined the impact of this on working families; and whether any changes are planned to the national childcare scheme to ensure that families with non-standard working patterns can access childcare subsidies on an equitable basis.",the minister for children disability and equality whether she is aware that families who require flexible occasional or shift-work childcare arrangements can be unable to avail of national childcare scheme subsidies where afterschool childcare places are booked on an intermittent rather than regular basis whether her department has examined the impact of this on working families and whether any changes are planned to the national childcare scheme to ensure that families with non-standard working patterns can access childcare subsidies on an equitable basis 70839 26,"Children, Disability and Equality",983,985
"231. Deputy Matt Carthy asked the Minister for Children, Disability and Equality the steps she is taking to eliminate funding discrepancies and regional inequalities for personal assistant service users; if she will address a specific case in county Cavan (details supplied) where a disabled individual is being denied a service transfer to the Donegal center for independent living solely because the HSE refuses to match the standard, higher hourly funding rate already paid to DCIL for other leaders in the same county; and the immediate actions she will take to ensure funding equity and service continuity in this case. [70720/26]",,Children,2026-10-07,0.97683584690094,Disability Services,Disability Services,0.97683584690094,Health Services,0.005934789776802,Care Services,0.0044872355647385,Departmental Funding,0.0017303661443293,Health Service Executive,0.0008589193457737,Childcare Services,0.0008350977441295,Community Care,0.0005200686864554,Health Services Staff,0.0004773809341713,Departmental Policies,0.0004662485152948,Departmental Schemes,0.0004275482206139,70720/26,231,Matt Carthy,MATT CARTHY,written,en,"To ask the Minister for Children, Disability and Equality the steps she is taking to eliminate funding discrepancies and regional inequalities for personal assistant service users; if she will address a specific case in county Cavan (details supplied) where a disabled individual is being denied a service transfer to the Donegal center for independent living solely because the HSE refuses to match the standard, higher hourly funding rate already paid to DCIL for other leaders in the same county; and the immediate actions she will take to ensure funding equity and service continuity in this case.",the minister for children disability and equality the steps she is taking to eliminate funding discrepancies and regional inequalities for personal assistant service users if she will address a specific case in county cavan details supplied where a disabled individual is being denied a service transfer to the donegal center for independent living solely because the hse refuses to match the standard higher hourly funding rate already paid to dcil for other leaders in the same county and the immediate actions she will take to ensure funding equity and service continuity in this case 70720 26,"Children, Disability and Equality",987,989
"232. Deputy Liam Quaide asked the Minister for Children, Disability and Equality the number of adults currently living in residential disability placements located more than 50 kilometers from their family home, more than 100 kilometers from their family home; and the figures by HSE health region and provider type. [70878/26]",,Children,2026-10-07,0.945818305015564,Disability Services,Disability Services,0.945818305015564,Departmental Data,0.0305176135152578,Disabilities Assessments,0.0071084508672356,Disability Diagnoses,0.0023819252382963,Health Services,0.0022606828715652,Care Services,0.001598275383003,Health Service Executive,0.0010650972835719,Health Services Staff,0.0006945813656784,Social Welfare Benefits,0.0006439560675062,Health Services Waiting Lists,0.0004763091856148,70878/26,232,Liam Quaide,LIAM QUAIDE,written,en,"To ask the Minister for Children, Disability and Equality the number of adults currently living in residential disability placements located more than 50 kilometers from their family home, more than 100 kilometers from their family home; and the figures by HSE health region and provider type.",the minister for children disability and equality the number of adults currently living in residential disability placements located more than 50 kilometers from their family home more than 100 kilometers from their family home and the figures by hse health region and provider type 70878 26,"Children, Disability and Equality",991,993
"233. Deputy Emer Currie asked the Minister for Children, Disability and Equality the number of applications made for the €25 million building blocks extension scheme; the number of successful applications; the number rejected; and if she will make a statement on the matter. [70870/26]",,Children,2026-10-07,0.5425204634666443,Childcare Services,Childcare Services,0.5425204634666443,Departmental Schemes,0.1985487937927246,Early Childhood Care and Education,0.1760981380939483,Departmental Data,0.0130602801218628,Departmental Funding,0.0093812951818108,Departmental Programmes,0.006695669144392,Child and Family Agency,0.0035456723999232,Housing Schemes,0.0029407455585896,Children in Care,0.0028754670638591,Disability Services,0.002863127272576,70870/26,233,Emer Currie,EMER CURRIE,written,en,"To ask the Minister for Children, Disability and Equality the number of applications made for the €25 million building blocks extension scheme; the number of successful applications; the number rejected; and if she will make a statement on the matter.",the minister for children disability and equality the number of applications made for the 25 million building blocks extension scheme the number of successful applications the number rejected and 70870 26,"Children, Disability and Equality",995,997
"234. Deputy Emer Currie asked the Minister for Children, Disability and Equality the total amount of projects that have drawn down funding from the €25 million building blocks extension scheme; the total amount of funding that has been drawn down, in tabular form; and if she will make a statement on the matter. [70871/26]",,Children,2026-10-07,0.6107173562049866,Childcare Services,Childcare Services,0.6107173562049866,Early Childhood Care and Education,0.2010964900255203,Departmental Funding,0.0650587603449821,Departmental Schemes,0.0379611253738403,Departmental Data,0.0180667303502559,Departmental Budgets,0.0084253549575805,Departmental Programmes,0.0075975432991981,Disability Services,0.00582328857854,Children in Care,0.0044182492420077,Departmental Expenditure,0.0043058902956545,70871/26,234,Emer Currie,EMER CURRIE,written,en,"To ask the Minister for Children, Disability and Equality the total amount of projects that have drawn down funding from the €25 million building blocks extension scheme; the total amount of funding that has been drawn down, in tabular form; and if she will make a statement on the matter.",the minister for children disability and equality the total amount of projects that have drawn down funding from the 25 million building blocks extension scheme the total amount of funding that has been drawn down in tabular form and 70871 26,"Children, Disability and Equality",999,1001
"235. Deputy Shay Brennan asked the Minister for Children, Disability and Equality to outline the administrative and statutory basis for the current national childcare scheme eight-week attendance threshold rule; if her Department will issue updated guidance to childcare providers to allow greater flexibility for working families who retain and pay for full-time places but use them flexibly; and if she will make a statement on the matter. [70905/26]",,Children,2026-10-07,0.883780837059021,Childcare Services,Childcare Services,0.883780837059021,Early Childhood Care and Education,0.086552195250988,Departmental Schemes,0.0094121415168046,Departmental Data,0.0014639261644333,Departmental Policies,0.0011118327965959,Departmental Programmes,0.0009200214408338,Childcare Qualifications,0.0008891248726285,Departmental Funding,0.0008600279688835,Other,0.0006315238424576,Special Educational Needs,0.0004743487515952,70905/26,235,Shay Brennan,SHAY BRENNAN,written,en,"To ask the Minister for Children, Disability and Equality to outline the administrative and statutory basis for the current national childcare scheme eight-week attendance threshold rule; if her Department will issue updated guidance to childcare providers to allow greater flexibility for working families who retain and pay for full-time places but use them flexibly; and if she will make a statement on the matter.",the minister for children disability and equality the administrative and statutory basis for the current national childcare scheme eight-week attendance threshold rule if her department will issue updated guidance to childcare providers to allow greater flexibility for working families who retain and pay for full-time places but use them flexibly and 70905 26,"Children, Disability and Equality",1003,1005
"236. Deputy Shay Brennan asked the Minister for Children, Disability and Equality to review the operation of the national childcare scheme attendance and under-attendance rules for school-age and after-school care; if she is aware that parents who contract and pay for full-time after-school places are receiving warnings regarding the loss or reduction of their €2.14/hour subsidy when children participate in standard childhood activities such as extracurricular sports, music, or early collections; and if she will consider amending the scheme so that subsidies reflect contracted and paid-for hours while maintaining necessary safeguards against abandoned places. [70904/26]",,Children,2026-10-07,0.7892430424690247,Childcare Services,Childcare Services,0.7892430424690247,Early Childhood Care and Education,0.161610409617424,Departmental Schemes,0.01387270539999,After-School Support Services,0.0048283175565302,Children in Care,0.0024689403362572,Departmental Funding,0.0016138941282406,Education Schemes,0.0014633015962317,Departmental Policies,0.0012132093543186,Departmental Programmes,0.0011736069573089,Departmental Data,0.0011591332731768,70904/26,236,Shay Brennan,SHAY BRENNAN,written,en,"To ask the Minister for Children, Disability and Equality to review the operation of the national childcare scheme attendance and under-attendance rules for school-age and after-school care; if she is aware that parents who contract and pay for full-time after-school places are receiving warnings regarding the loss or reduction of their €2.14/hour subsidy when children participate in standard childhood activities such as extracurricular sports, music, or early collections; and if she will consider amending the scheme so that subsidies reflect contracted and paid-for hours while maintaining necessary safeguards against abandoned places.",the minister for children disability and equality to review the operation of the national childcare scheme attendance and under-attendance rules for school-age and after-school care if she is aware that parents who contract and pay for full-time after-school places are receiving warnings regarding the loss or reduction of their 2 14 hour subsidy when children participate in standard childhood activities such as extracurricular sports music or early collections and if she will consider amending the scheme so that subsidies reflect contracted and paid-for hours while maintaining necessary safeguards against abandoned places 70904 26,"Children, Disability and Equality",1007,1009
"237. Deputy Eoin Ó Broin asked the Minister for Children, Disability and Equality if the home support policy with the eligibility and prioritisation criteria promised in the Action Plan for Disability Services 2024–2026 has been published; and if age-based exclusions are consistent with the policy. [70894/26]",,Children,2026-10-07,0.8779284358024597,Disability Services,Disability Services,0.8779284358024597,Departmental Policies,0.0387086905539035,Health Services,0.0157896429300308,Departmental Schemes,0.0059130014851689,Care Services,0.0051166736520826,Home Care Packages,0.0045746047981083,Home Help Service,0.0044300761073827,Departmental Reviews,0.0043081599287688,Healthcare Policy,0.0042684250511229,Medical Aids and Appliances,0.003014522138983,70894/26,237,Eoin Ó Broin,EOIN Ó BROIN,written,en,"To ask the Minister for Children, Disability and Equality if the home support policy with the eligibility and prioritisation criteria promised in the Action Plan for Disability Services 2024–2026 has been published; and if age-based exclusions are consistent with the policy.",the minister for children disability and equality if the home support policy with the eligibility and prioritisation criteria promised in the action plan for disability services 2024 2026 has been published and if age-based exclusions are consistent with the policy 70894 26,"Children, Disability and Equality",1011,1013
"238. Deputy Shay Brennan asked the Minister for Children, Disability and Equality to clarify the specific legal statute and statutory basis referenced by the HSE in recent correspondence regarding the legal obligations of parents of children or adults with a disability, as distinct from the legal obligations applicable to other parents; the way in which the State interprets these legal duties to differ in law; and if she will make a statement on the matter. [70936/26]",,Children,2026-10-07,0.2399273812770843,Departmental Legal Cases,Departmental Legal Cases,0.2399273812770843,Departmental Policies,0.1056947335600853,Disability Services,0.0925754383206367,Equality Issues,0.0576414689421653,Rights of People with Disabilities,0.046447217464447,Health Service Executive,0.03182864934206,Departmental Reviews,0.0282640606164932,Departmental Data,0.0263453014194965,Other,0.0243920516222715,Legislative Measures,0.0228699725121259,70936/26,238,Shay Brennan,SHAY BRENNAN,written,en,"To ask the Minister for Children, Disability and Equality to clarify the specific legal statute and statutory basis referenced by the HSE in recent correspondence regarding the legal obligations of parents of children or adults with a disability, as distinct from the legal obligations applicable to other parents; the way in which the State interprets these legal duties to differ in law; and if she will make a statement on the matter.",the minister for children disability and equality to clarify the specific legal statute and statutory basis referenced by the hse in recent correspondence regarding the legal obligations of parents of children or adults with a disability as distinct from the legal obligations applicable to other parents the way in which the state interprets these legal duties to differ in law and 70936 26,"Children, Disability and Equality",1015,1017
"239. Deputy Shay Brennan asked the Minister for Children, Disability and Equality the measures being taken in the preparation of Budget 2027 to ensure that funding allocated for disability services includes specific, ring-fenced financial support exclusively designated for adults with an intellectual disability (ID); the way in which these allocations will be protected from absorption into general sector operational deficits; and if she will make a statement on the matter. [70937/26]",,Children,2026-10-07,0.9172919988632202,Disability Services,Disability Services,0.9172919988632202,Departmental Funding,0.0129592586308717,Departmental Budgets,0.0110577913001179,Budget 2026,0.0079673519358038,Health Services,0.0060821739025413,Budget 2023,0.0056476001627743,Budget 2025,0.0049913460388779,Departmental Data,0.0039532366208732,Departmental Policies,0.0026677781715989,Budget 2024,0.0023637481499463,70937/26,239,Shay Brennan,SHAY BRENNAN,written,en,"To ask the Minister for Children, Disability and Equality the measures being taken in the preparation of Budget 2027 to ensure that funding allocated for disability services includes specific, ring-fenced financial support exclusively designated for adults with an intellectual disability (ID); the way in which these allocations will be protected from absorption into general sector operational deficits; and if she will make a statement on the matter.",the minister for children disability and equality the measures being taken in the preparation of budget 2027 to ensure that funding allocated for disability services includes specific ring-fenced financial support exclusively designated for adults with an intellectual disability id the way in which these allocations will be protected from absorption into general sector operational deficits and 70937 26,"Children, Disability and Equality",1019,1021
"240. Deputy George Lawlor asked the Minister for Children, Disability and Equality the number of children referred to Wexford CDNT; the number of children that are on the waitlist to access this service; and the number of children currently receiving therapies, in tabular form. [70950/26]",,Children,2026-10-07,0.9165105819702148,Disability Services,Disability Services,0.9165105819702148,Disabilities Assessments,0.0310903694480657,Departmental Data,0.0252868738025426,Childcare Services,0.0053494162857532,Disability Diagnoses,0.004661536309868,Health Services Waiting Lists,0.0039736162871122,Health Services,0.0025898339226841,Early Childhood Care and Education,0.0011555990204215,Special Educational Needs,0.0006611871067434,Mental Health Services,0.0006539422902278,70950/26,240,George Lawlor,GEORGE LAWLOR,written,en,"To ask the Minister for Children, Disability and Equality the number of children referred to Wexford CDNT; the number of children that are on the waitlist to access this service; and the number of children currently receiving therapies, in tabular form.",the minister for children disability and equality the number of children referred to wexford cdnt the number of children that are on the waitlist to access this service and the number of children currently receiving therapies in tabular form 70950 26,"Children, Disability and Equality",1023,1025
"241. Deputy Ruth Coppinger asked the Minister for Children, Disability and Equality to provide the most up to date waiting times for the CDNT teams in the Dublin 15 and Dublin 7 areas. [70770/26]",,Children,2026-10-07,0.9085498452186584,Disability Services,Disability Services,0.9085498452186584,Departmental Data,0.031248040497303,Health Services Waiting Lists,0.0187193807214498,Disabilities Assessments,0.0157150197774171,Childcare Services,0.0062662651762366,Health Services,0.0027416786178946,Disability Diagnoses,0.0016995447222143,Mental Health Services,0.0016135514015331,Health Services Staff,0.0011994435917586,Early Childhood Care and Education,0.0010428850073367,70770/26,241,Ruth Coppinger,RUTH COPPINGER,written,en,"To ask the Minister for Children, Disability and Equality to provide the most up to date waiting times for the CDNT teams in the Dublin 15 and Dublin 7 areas.",the minister for children disability and equality to provide the most up to date waiting times for the cdnt teams in the dublin 15 and dublin 7 areas 70770 26,"Children, Disability and Equality",1027,1029
"242. Deputy Shay Brennan asked the Minister for Children, Disability and Equality the position regarding the non-publication of a report (details supplied) into public disability services commissioned by or on behalf of the HSE; the rationale for withholding its release from public and parliamentary scrutiny; the nature of her Department's oversight role regarding this decision; when the report will be published in full; and if she will make a statement on the matter. [70938/26]",,Children,2026-10-07,0.6202800869941711,Departmental Reports,Departmental Reports,0.6202800869941711,Disability Services,0.1232179999351501,Departmental Reviews,0.0569515265524387,Departmental Consultations,0.0226377267390489,Health Service Executive,0.0216174013912677,Health Services,0.0199914090335369,Departmental Policies,0.0101412804797291,Healthcare Policy,0.0094198659062385,Departmental Data,0.0085876816883683,Departmental Communications,0.0082612996920943,70938/26,242,Shay Brennan,SHAY BRENNAN,written,en,"To ask the Minister for Children, Disability and Equality the position regarding the non-publication of a report (details supplied) into public disability services commissioned by or on behalf of the HSE; the rationale for withholding its release from public and parliamentary scrutiny; the nature of her Department's oversight role regarding this decision; when the report will be published in full; and if she will make a statement on the matter.",the minister for children disability and equality the position regarding the non-publication of a report details supplied into public disability services commissioned by or on behalf of the hse the rationale for withholding its release from public and parliamentary scrutiny the nature of her department s oversight role regarding this decision when the report will be published in full and 70938 26,"Children, Disability and Equality",1031,1033
243. Deputy Peadar Tóibín asked the Minister for Health if she is aware of concerns that some people living with Friedreich’s ataxia may face significant delays in accessing skyclarys (omaveloxolone) despite its reimbursement from 1 October 2026 due to capacity constraints at the combined ataxia clinic at Tallaght University Hospital; the estimated timeframe within which all eligible patients will have commenced treatment; if additional resources will be provided to support treatment initiation and monitoring; the current waiting time for a Friedreich’s ataxia clinic appointment; and the measures being taken to address same. [70694/26],,Health,2026-10-07,0.8934290409088135,Medicinal Products,Medicinal Products,0.8934290409088135,Health Services,0.0373445115983486,Healthcare Policy,0.0115569457411766,Disease Management,0.0078300330787897,Cancer Services,0.0062124826945364,Medical Aids and Appliances,0.0043903579935431,Health Strategies,0.0033739723730832,Hospital Waiting Lists,0.0030834104400128,National Treatment Purchase Fund,0.00294925365597,Departmental Data,0.0027716073673218,70694/26,243,Peadar Tóibín,PEADAR TÓIBÍN,written,en,To ask the Minister for Health if she is aware of concerns that some people living with Friedreich’s ataxia may face significant delays in accessing skyclarys (omaveloxolone) despite its reimbursement from 1 October 2026 due to capacity constraints at the combined ataxia clinic at Tallaght University Hospital; the estimated timeframe within which all eligible patients will have commenced treatment; if additional resources will be provided to support treatment initiation and monitoring; the current waiting time for a Friedreich’s ataxia clinic appointment; and the measures being taken to address same.,the minister for health if she is aware of concerns that some people living with friedreich s ataxia may face significant delays in accessing skyclarys omaveloxolone despite its reimbursement from 1 october 2026 due to capacity constraints at the combined ataxia clinic at tallaght university hospital the estimated timeframe within which all eligible patients will have commenced treatment if additional resources will be provided to support treatment initiation and monitoring the current waiting time for a friedreich s ataxia clinic appointment and the measures being taken to address same 70694 26,Health,1038,1040
"244. Deputy Ken O'Flynn asked the Minister for Health the steps being taken to address the gap in pay, mileage and conditions between home support workers directly employed by the HSE and those employed by approved private providers delivering HSE funded hours; whether any provision will be made in Budget 2027 for this purpose; and if she will make a statement on the matter. [70767/26]",,Health,2026-10-07,0.638968825340271,Health Services Staff,Health Services Staff,0.638968825340271,Home Help Service,0.1888947635889053,Public Sector Pay,0.0364322215318679,Home Care Packages,0.0177181642502546,Care Services,0.0163444504141807,Health Services,0.0107868518680334,Health Service Executive,0.0072258827276527,Covid-19 Pandemic Supports,0.0060325991362333,Disability Services,0.0054955054074525,Departmental Data,0.0046896780841052,70767/26,244,Ken O'Flynn,KEN O'FLYNN,written,en,"To ask the Minister for Health the steps being taken to address the gap in pay, mileage and conditions between home support workers directly employed by the HSE and those employed by approved private providers delivering HSE funded hours; whether any provision will be made in Budget 2027 for this purpose; and if she will make a statement on the matter.",the minister for health the steps being taken to address the gap in pay mileage and conditions between home support workers directly employed by the hse and those employed by approved private providers delivering hse funded hours whether any provision will be made in budget 2027 for this purpose and 70767 26,Health,1042,1044
245. Deputy Ken O'Flynn asked the Minister for Health whether the HSE home support tender or service arrangements with approved private providers include any minimum requirement for mileage reimbursement for workers using their own vehicles between clients; whether the HSE has examined the mileage rates actually paid by approved providers; and if she will make a statement on the matter. [70766/26],,Health,2026-10-07,0.5555868744850159,Home Help Service,Home Help Service,0.5555868744850159,Home Care Packages,0.2953736186027527,Care Services,0.0236165151000022,Health Services Staff,0.0183130763471126,Health Services,0.0136168003082275,Health Service Executive,0.0100080724805593,Departmental Schemes,0.0076477024704217,Covid-19 Pandemic Supports,0.0074312593787908,Public Sector Pay,0.0035156169906258,Departmental Data,0.0027132148388773,70766/26,245,Ken O'Flynn,KEN O'FLYNN,written,en,To ask the Minister for Health whether the HSE home support tender or service arrangements with approved private providers include any minimum requirement for mileage reimbursement for workers using their own vehicles between clients; whether the HSE has examined the mileage rates actually paid by approved providers; and if she will make a statement on the matter.,the minister for health whether the hse home support tender or service arrangements with approved private providers include any minimum requirement for mileage reimbursement for workers using their own vehicles between clients whether the hse has examined the mileage rates actually paid by approved providers and 70766 26,Health,1046,1048
246. Deputy Ken O'Flynn asked the Minister for Health the hourly rate paid by the HSE to approved private home support providers in the Cork North Central area and nationally in 2025 and to date in 2026; the proportion of that rate the HSE expects to be passed on to front line home support workers in pay; and if she will make a statement on the matter. [70765/26],,Health,2026-10-07,0.6235920190811157,Home Help Service,Home Help Service,0.6235920190811157,Home Care Packages,0.2591006755828857,Care Services,0.0427915453910827,Health Services Staff,0.0166713502258062,Health Services,0.0107022589072585,Departmental Data,0.0096561852842569,Health Service Executive,0.0059234625659883,Departmental Schemes,0.0032507183495908,Disability Services,0.0030883853323757,Care of the Elderly,0.0021734384354203,70765/26,246,Ken O'Flynn,KEN O'FLYNN,written,en,To ask the Minister for Health the hourly rate paid by the HSE to approved private home support providers in the Cork North Central area and nationally in 2025 and to date in 2026; the proportion of that rate the HSE expects to be passed on to front line home support workers in pay; and if she will make a statement on the matter.,the minister for health the hourly rate paid by the hse to approved private home support providers in the cork north central area and nationally in 2025 and to date in 2026 the proportion of that rate the hse expects to be passed on to front line home support workers in pay and 70765 26,Health,1050,1052
"247. Deputy Ken O'Flynn asked the Minister for Health the number of doctors recruited from outside the EU currently working in each hospital in the HSE South West region, in tabular form; and if she will make a statement on the matter. [70764/26]",,Health,2026-10-07,0.617680549621582,Health Services Staff,Health Services Staff,0.617680549621582,Hospital Staff,0.3527255952358246,Departmental Data,0.0104544889181852,Health Service Executive,0.0055305985733866,Departmental Staff,0.0045207841321825,Health Services,0.0018001070711761,General Practitioner Services,0.0006348771275952,Hospital Services,0.0005259763565845,Nursing Education,0.0005073851207271,Nursing and Midwifery Board of Ireland,0.0004707241896539,70764/26,247,Ken O'Flynn,KEN O'FLYNN,written,en,"To ask the Minister for Health the number of doctors recruited from outside the EU currently working in each hospital in the HSE South West region, in tabular form; and if she will make a statement on the matter.",the minister for health the number of doctors recruited from outside the eu currently working in each hospital in the hse south west region in tabular form and 70764 26,Health,1054,1056
"248. Deputy Ken O'Flynn asked the Minister for Health whether the HSE South West has, since the findings of the internal audit of non-EU doctor recruitment were reported, verified that all doctors recruited from outside the EU and currently working at Cork University Hospital, the Mercy University Hospital, the South Infirmary Victoria University Hospital and Mallow General Hospital hold Garda vetting, overseas police clearance and evidence of English language competence; if not, the reason; and if she will make a statement on the matter. [70762/26]",,Health,2026-10-07,0.5036125183105469,Health Services Staff,Health Services Staff,0.5036125183105469,Health Service Executive,0.1872079819440841,Hospital Staff,0.1433684229850769,Departmental Data,0.026476239785552,Health Services,0.0161990970373153,Departmental Staff,0.0128174517303705,Medical Qualifications,0.0086183091625571,Nursing and Midwifery Board of Ireland,0.0084798643365502,General Practitioner Services,0.0054483702406287,Nursing Education,0.0053490004502236,70762/26,248,Ken O'Flynn,KEN O'FLYNN,written,en,"To ask the Minister for Health whether the HSE South West has, since the findings of the internal audit of non-EU doctor recruitment were reported, verified that all doctors recruited from outside the EU and currently working at Cork University Hospital, the Mercy University Hospital, the South Infirmary Victoria University Hospital and Mallow General Hospital hold Garda vetting, overseas police clearance and evidence of English language competence; if not, the reason; and if she will make a statement on the matter.",the minister for health whether the hse south west has since the findings of the internal audit of non-eu doctor recruitment were reported verified that all doctors recruited from outside the eu and currently working at cork university hospital the mercy university hospital the south infirmary victoria university hospital and mallow general hospital hold garda vetting overseas police clearance and evidence of english language competence if not the reason and 70762 26,Health,1058,1060
249. Deputy Ken O'Flynn asked the Minister for Health the specific national HSE body or committee responsible for determining the scope of the internal audit of non-EU doctor recruitment; whether that body has considered extending the audit to further regions; the date on which any such decision is expected; and if she will make a statement on the matter. [70761/26],,Health,2026-10-07,0.6602815985679626,Health Services Staff,Health Services Staff,0.6602815985679626,Health Service Executive,0.1941242814064026,Hospital Staff,0.0213858634233474,Health Services,0.020927483215928,Departmental Data,0.0172809660434722,Healthcare Policy,0.0102703729644417,Medical Qualifications,0.0099225835874676,General Practitioner Services,0.0096914656460285,Nursing and Midwifery Board of Ireland,0.0061460579745471,Nursing Education,0.0049522155895829,70761/26,249,Ken O'Flynn,KEN O'FLYNN,written,en,To ask the Minister for Health the specific national HSE body or committee responsible for determining the scope of the internal audit of non-EU doctor recruitment; whether that body has considered extending the audit to further regions; the date on which any such decision is expected; and if she will make a statement on the matter.,the minister for health the specific national hse body or committee responsible for determining the scope of the internal audit of non-eu doctor recruitment whether that body has considered extending the audit to further regions the date on which any such decision is expected and 70761 26,Health,1062,1064
250. Deputy Ken O'Flynn asked the Minister for Health the hospitals and HSE regions included in the sample examined by the recent HSE internal audit of non-EU doctor recruitment; whether any hospital in the HSE South West region was included; and if she will make a statement on the matter. [70760/26],,Health,2026-10-07,0.5305290818214417,Health Services Staff,Health Services Staff,0.5305290818214417,Hospital Staff,0.3383790850639343,Health Service Executive,0.0476341433823108,Departmental Data,0.0331589467823505,Health Services,0.0058276471681892,General Practitioner Services,0.0050509963184595,Nursing Education,0.0037589804269373,Departmental Staff,0.0035936096683144,Medical Qualifications,0.0033430303446948,Hospital Services,0.0031791392248123,70760/26,250,Ken O'Flynn,KEN O'FLYNN,written,en,To ask the Minister for Health the hospitals and HSE regions included in the sample examined by the recent HSE internal audit of non-EU doctor recruitment; whether any hospital in the HSE South West region was included; and if she will make a statement on the matter.,the minister for health the hospitals and hse regions included in the sample examined by the recent hse internal audit of non-eu doctor recruitment whether any hospital in the hse south west region was included and 70760 26,Health,1066,1068
"251. Deputy Ken O'Flynn asked the Minister for Health if she will reconcile the HSE's stated reason for changes to the domino scheme at Cork University Maternity Hospital, namely a shortage of midwifery staff, with any withdrawal or alteration of job offers made to newly qualified midwives at the hospital in 2026; and if she will make a statement on the matter. [70757/26]",,Health,2026-10-07,0.7430145740509033,Hospital Staff,Hospital Staff,0.7430145740509033,Health Services Staff,0.1599238961935043,Hospital Services,0.0168260503560304,Health Service Executive,0.0125155886635184,Health Services,0.0102065075188875,Healthcare Policy,0.0064247506670653,Covid-19 Pandemic,0.0042555639520287,Cancer Services,0.0035786312073469,Hospital Equipment,0.0024180884938687,Nursing Education,0.0021945545449852,70757/26,251,Ken O'Flynn,KEN O'FLYNN,written,en,"To ask the Minister for Health if she will reconcile the HSE's stated reason for changes to the domino scheme at Cork University Maternity Hospital, namely a shortage of midwifery staff, with any withdrawal or alteration of job offers made to newly qualified midwives at the hospital in 2026; and if she will make a statement on the matter.",the minister for health if she will reconcile the hse s stated reason for changes to the domino scheme at cork university maternity hospital namely a shortage of midwifery staff with any withdrawal or alteration of job offers made to newly qualified midwives at the hospital in 2026 and 70757 26,Health,1070,1072
"252. Deputy Ken O'Flynn asked the Minister for Health whether the commitment to offer permanent contracts to all nursing and midwifery graduates remains in place for 2026 graduates in HSE South West; the number of 2026 nursing and midwifery graduates in HSE South West who have been offered permanent posts, posts on the staff bank, or no post, respectively; and if she will make a statement on the matter. [70756/26]",,Health,2026-10-07,0.715745210647583,Health Services Staff,Health Services Staff,0.715745210647583,Hospital Staff,0.0815978571772575,Nursing Education,0.0518026389181613,Nursing and Midwifery Board of Ireland,0.0297001451253891,Medical Qualifications,0.0226222351193428,Health Service Executive,0.0205932166427373,Departmental Data,0.0173292458057403,Health Services,0.0076293125748634,Qualifications Recognition,0.0053858673200011,Medical Research and Training,0.0048042270354926,70756/26,252,Ken O'Flynn,KEN O'FLYNN,written,en,"To ask the Minister for Health whether the commitment to offer permanent contracts to all nursing and midwifery graduates remains in place for 2026 graduates in HSE South West; the number of 2026 nursing and midwifery graduates in HSE South West who have been offered permanent posts, posts on the staff bank, or no post, respectively; and if she will make a statement on the matter.",the minister for health whether the commitment to offer permanent contracts to all nursing and midwifery graduates remains in place for 2026 graduates in hse south west the number of 2026 nursing and midwifery graduates in hse south west who have been offered permanent posts posts on the staff bank or no post respectively and 70756 26,Health,1074,1076
"253. Deputy Ken O'Flynn asked the Minister for Health the number of midwifery graduates from University College Cork who were offered posts at Cork University Maternity Hospital in 2026; the number of those offers subsequently withdrawn, rescinded or altered; the number converted to staff bank or non permanent arrangements; the reasons for any such changes; and if she will make a statement on the matter. [70755/26]",,Health,2026-10-07,0.6727325916290283,Hospital Staff,Hospital Staff,0.6727325916290283,Health Services Staff,0.2098486125469207,Hospital Services,0.0193412471562623,Departmental Data,0.0179641023278236,Health Services,0.0132740791887044,Nursing and Midwifery Board of Ireland,0.0063129188492894,Nursing Education,0.0045711989514529,Health Service Executive,0.0039939782582223,Medical Qualifications,0.0038981700781732,Cancer Services,0.0037787060718983,70755/26,253,Ken O'Flynn,KEN O'FLYNN,written,en,"To ask the Minister for Health the number of midwifery graduates from University College Cork who were offered posts at Cork University Maternity Hospital in 2026; the number of those offers subsequently withdrawn, rescinded or altered; the number converted to staff bank or non permanent arrangements; the reasons for any such changes; and if she will make a statement on the matter.",the minister for health the number of midwifery graduates from university college cork who were offered posts at cork university maternity hospital in 2026 the number of those offers subsequently withdrawn rescinded or altered the number converted to staff bank or non permanent arrangements the reasons for any such changes and 70755 26,Health,1078,1080
"254. Deputy Pearse Doherty asked the Minister for Health the number of people waiting on a gynaecological laparoscopy at Letterkenny University Hospital; and the length of time they have been waiting, by categories, in tabular form. [70754/26]",,Health,2026-10-07,0.9668409824371338,Hospital Waiting Lists,Hospital Waiting Lists,0.9668409824371338,Health Services Waiting Lists,0.0168450903147459,Hospital Appointments Status,0.0029752794653177,Health Services,0.0028386334888637,Hospital Services,0.0024398532696068,Departmental Data,0.0017626920016482,Hospital Procedures,0.0012062350288033,Hospital Admissions,0.0006338892853818,Cancer Services,0.0005638185539282,National Treatment Purchase Fund,0.0004617029044311,70754/26,254,Pearse Doherty,PEARSE DOHERTY,written,en,"To ask the Minister for Health the number of people waiting on a gynaecological laparoscopy at Letterkenny University Hospital; and the length of time they have been waiting, by categories, in tabular form.",the minister for health the number of people waiting on a gynaecological laparoscopy at letterkenny university hospital and the length of time they have been waiting by categories in tabular form 70754 26,Health,1082,1084
"255. Deputy Ruth Coppinger asked the Minister for Health if she will ensure that all workers employed in the health service, including those who work for agencies, have access to the same bereavement leave rights. [70749/26]",,Health,2026-10-07,0.7763264775276184,Health Services Staff,Health Services Staff,0.7763264775276184,Health Services,0.0364011339843273,Covid-19 Pandemic Supports,0.0258918888866901,Health Service Executive,0.0137676130980253,Healthcare Policy,0.011700015515089,Employment Rights,0.0112842321395874,General Practitioner Services,0.0099988719448447,Covid-19 Pandemic,0.0098544070497155,Departmental Data,0.0092430673539638,Industrial Relations,0.0069509856402873,70749/26,255,Ruth Coppinger,RUTH COPPINGER,written,en,"To ask the Minister for Health if she will ensure that all workers employed in the health service, including those who work for agencies, have access to the same bereavement leave rights.",the minister for health if she will ensure that all workers employed in the health service including those who work for agencies have access to the same bereavement leave rights 70749 26,Health,1086,1088
256. Deputy Marie Sherlock asked the Minister for Health the number of individuals who had an extraction under the dental treatment services scheme in 2025. [70718/26],,Health,2026-10-07,0.9772018194198608,Dental Services,Dental Services,0.9772018194198608,Departmental Data,0.0072557586245238,Health Services,0.0038141414988785,Departmental Schemes,0.0015580861363559,Medical Cards,0.0010402700863778,Cancer Services,0.0010048004332929,Health Services Waiting Lists,0.0007824532222002,Health Services Staff,0.0004450633132364,Departmental Inquiries,0.0004272577061783,Other,0.0004042342770844,70718/26,256,Marie Sherlock,MARIE SHERLOCK,written,en,To ask the Minister for Health the number of individuals who had an extraction under the dental treatment services scheme in 2025.,the minister for health the number of individuals who had an extraction under the dental treatment services scheme in 2025 70718 26,Health,1090,1092
257. Deputy Jen Cummins asked the Minister for Health the reason 75 newly qualified nurses from University College Galway were informed that they would not be getting jobs in Galway University Hospital after being offered posts two weeks ago. [70715/26],,Health,2026-10-07,0.8685480952262878,Hospital Staff,Hospital Staff,0.8685480952262878,Health Services Staff,0.1066371127963066,Hospital Services,0.0029979671817272,Nursing Education,0.0021265938412398,Medical Qualifications,0.0019819871522486,Health Services,0.0012234253808856,Departmental Staff,0.0011940582189708,Health Service Executive,0.0010123833781108,Departmental Data,0.0009143078350462,Nursing and Midwifery Board of Ireland,0.0008503913995809,70715/26,257,Jen Cummins,JEN CUMMINS,written,en,To ask the Minister for Health the reason 75 newly qualified nurses from University College Galway were informed that they would not be getting jobs in Galway University Hospital after being offered posts two weeks ago.,the minister for health the reason 75 newly qualified nurses from university college galway were informed that they would not be getting jobs in galway university hospital after being offered posts two weeks ago 70715 26,Health,1094,1096
258. Deputy Ruairí Ó Murchú asked the Minister for Health if the Government has considered the workforce implications of graduates from EU medical schools who wish to work in Ireland not being able to participate in the Irish matching process because their final-year centile ranking was not available by the HSE deadline. [70712/26],,Health,2026-10-07,0.423126757144928,Health Services Staff,Health Services Staff,0.423126757144928,Nursing Education,0.098573125898838,Medical Qualifications,0.0640428066253662,Health Service Executive,0.063005156815052,Health Services,0.0296872053295373,Qualifications Recognition,0.02873045951128,Healthcare Policy,0.0221659950911998,Departmental Data,0.0193413998931646,Covid-19 Pandemic,0.019101295620203,Medical Research and Training,0.0155824879184365,70712/26,258,Ruairí Ó Murchú,RUAIRÍ Ó MURCHÚ,written,en,To ask the Minister for Health if the Government has considered the workforce implications of graduates from EU medical schools who wish to work in Ireland not being able to participate in the Irish matching process because their final-year centile ranking was not available by the HSE deadline.,the minister for health if the government has considered the workforce implications of graduates from eu medical schools who wish to work in ireland not being able to participate in the irish matching process because their final-year centile ranking was not available by the hse deadline 70712 26,Health,1098,1100
259. Deputy Ruairí Ó Murchú asked the Minister for Health if a supplementary or reserve matching process could be established for otherwise eligible graduates from EU medical schools who wish to work in Ireland whose centile becomes available after the normal deadline. [70711/26],,Health,2026-10-07,0.2912823855876922,Health Services Staff,Health Services Staff,0.2912823855876922,Nursing Education,0.1393974870443344,Qualifications Recognition,0.0817380249500274,Medical Qualifications,0.0500487945973873,Departmental Data,0.0287391915917396,Health Services,0.0243859365582466,Covid-19 Pandemic Supports,0.016545582562685,Primary Medical Certificates,0.016373036429286,Departmental Schemes,0.0146967796608805,Departmental Policies,0.0130045181140303,70711/26,259,Ruairí Ó Murchú,RUAIRÍ Ó MURCHÚ,written,en,To ask the Minister for Health if a supplementary or reserve matching process could be established for otherwise eligible graduates from EU medical schools who wish to work in Ireland whose centile becomes available after the normal deadline.,the minister for health if a supplementary or reserve matching process could be established for otherwise eligible graduates from eu medical schools who wish to work in ireland whose centile becomes available after the normal deadline 70711 26,Health,1102,1104
260. Deputy Ruairí Ó Murchú asked the Minister for Health if a later centile submission date could be used for EU medical school graduates whose academic calendar does not allow the final ranking to be available by the standard Irish deadline. [70710/26],,Health,2026-10-07,0.2425123453140258,Departmental Data,Departmental Data,0.2425123453140258,Health Services,0.0602212250232696,Nursing Education,0.0458477661013603,Health Services Staff,0.0424932725727558,Healthcare Policy,0.0417644381523132,Health Service Executive,0.0397863611578941,Medical Qualifications,0.0360958650708198,Other,0.033971332013607,Departmental Reviews,0.0309879351407289,Qualifications Recognition,0.0271969139575958,70710/26,260,Ruairí Ó Murchú,RUAIRÍ Ó MURCHÚ,written,en,To ask the Minister for Health if a later centile submission date could be used for EU medical school graduates whose academic calendar does not allow the final ranking to be available by the standard Irish deadline.,the minister for health if a later centile submission date could be used for eu medical school graduates whose academic calendar does not allow the final ranking to be available by the standard irish deadline 70710 26,Health,1106,1108
261. Deputy Ruairí Ó Murchú asked the Minister for Health if the Department has considered allowing final-year students from EU medical schools with later examination calendars to apply provisionally and submit their final centile once their examinations are completed. [70708/26],,Health,2026-10-07,0.080937385559082,Healthcare Policy,Healthcare Policy,0.080937385559082,Departmental Data,0.0747666284441948,Health Services,0.0584022663533687,Nursing Education,0.0566591061651706,Medical Qualifications,0.0513607785105705,Health Service Executive,0.0447250492870807,Qualifications Recognition,0.0414716303348541,Medical Research and Training,0.037791471928358,State Examinations,0.0360737740993499,Other,0.0302901454269886,70708/26,261,Ruairí Ó Murchú,RUAIRÍ Ó MURCHÚ,written,en,To ask the Minister for Health if the Department has considered allowing final-year students from EU medical schools with later examination calendars to apply provisionally and submit their final centile once their examinations are completed.,the minister for health if the department has considered allowing final-year students from eu medical schools with later examination calendars to apply provisionally and submit their final centile once their examinations are completed 70708 26,Health,1110,1112
"262. Deputy Ruairí Ó Murchú asked the Minister for Health to clarify if the requirement for the final centile ranking for Irish citizens graduates from medical schools in the EU must be available by that deadline, a statutory/regulatory requirement or an administrative requirement of the HSE matching system. [70706/26]",,Health,2026-10-07,0.1263865530490875,Health Service Executive,Health Service Executive,0.1263865530490875,Health Services Staff,0.0898043811321258,Departmental Data,0.0767080336809158,Nursing Education,0.071683257818222,Medical Qualifications,0.0691800713539123,Healthcare Policy,0.0535747222602367,Health Services,0.0429983586072921,Nursing and Midwifery Board of Ireland,0.0302907396107912,Qualifications Recognition,0.0225589517503976,Other,0.0225240308791399,70706/26,262,Ruairí Ó Murchú,RUAIRÍ Ó MURCHÚ,written,en,"To ask the Minister for Health to clarify if the requirement for the final centile ranking for Irish citizens graduates from medical schools in the EU must be available by that deadline, a statutory/regulatory requirement or an administrative requirement of the HSE matching system.",the minister for health to clarify if the requirement for the final centile ranking for irish citizens graduates from medical schools in the eu must be available by that deadline a statutory regulatory requirement or an administrative requirement of the hse matching system 70706 26,Health,1114,1116
263. Deputy Ruairí Ó Murchú asked the Minister for Health the number Irish citizens graduates from medical schools in the EU have been unable to participate in the Irish intern matching process because their final-year centile ranking was not available by the HSE deadline. [70705/26],,Health,2026-10-07,0.3351633548736572,Health Services Staff,Health Services Staff,0.3351633548736572,Departmental Data,0.3008793890476227,Nursing Education,0.0501702241599559,Health Services,0.0401431247591972,Medical Qualifications,0.034319769591093,Qualifications Recognition,0.0257731955498456,Health Service Executive,0.0195120181888341,Nursing and Midwifery Board of Ireland,0.0114251021295785,Primary Care Services,0.0084982402622699,Third Level Admissions,0.0070860018022358,70705/26,263,Ruairí Ó Murchú,RUAIRÍ Ó MURCHÚ,written,en,To ask the Minister for Health the number Irish citizens graduates from medical schools in the EU have been unable to participate in the Irish intern matching process because their final-year centile ranking was not available by the HSE deadline.,the minister for health the number irish citizens graduates from medical schools in the eu have been unable to participate in the irish intern matching process because their final-year centile ranking was not available by the hse deadline 70705 26,Health,1118,1120
264. Deputy Ruairí Ó Murchú asked the Minister for Health the number of Irish citizens who graduate annually from medical schools in the EU and subsequently seek Irish internship posts. [70704/26],,Health,2026-10-07,0.4062767326831817,Health Services Staff,Health Services Staff,0.4062767326831817,Departmental Data,0.1343152672052383,Nursing Education,0.0638223513960838,Medical Qualifications,0.0597035475075244,Health Services,0.0420181304216384,Nursing and Midwifery Board of Ireland,0.0356997624039649,Hospital Staff,0.0238760896027088,Health Service Executive,0.019255856052041,Qualifications Recognition,0.0162058994174003,Medical Research and Training,0.0119795044884085,70704/26,264,Ruairí Ó Murchú,RUAIRÍ Ó MURCHÚ,written,en,To ask the Minister for Health the number of Irish citizens who graduate annually from medical schools in the EU and subsequently seek Irish internship posts.,the minister for health the number of irish citizens who graduate annually from medical schools in the eu and subsequently seek irish internship posts 70704 26,Health,1122,1124
"265. Deputy David Cullinane asked the Minister for Health following the relevant NCPE recommendation, the number and dates of substantive commercial engagements between the HSE and the manufacturer in respect of Skyclarys; whether the HSE sought an improved commercial offer or made or invited any counterproposal; whether and the HSE management became directly involved in the reimbursement or commercial process; the chronology of the process through to the reimbursement decision; and the objective factors which informed the HSE's approach and final decision, without requiring disclosure of commercially confidential net pricing, in tabular form. [70809/26]",,Health,2026-10-07,0.7847405672073364,Health Service Executive,Health Service Executive,0.7847405672073364,Health Services,0.0509078614413738,Medicinal Products,0.0254592262208461,Departmental Data,0.0146214514970779,Healthcare Policy,0.0137552395462989,Medical Aids and Appliances,0.0111010847613215,Departmental Inquiries,0.0050787599757313,Covid-19 Pandemic,0.0040798243135213,Pharmacy Services,0.0040603489615023,Departmental Expenditure,0.003002363955602,70809/26,265,David Cullinane,DAVID CULLINANE,written,en,"To ask the Minister for Health following the relevant NCPE recommendation, the number and dates of substantive commercial engagements between the HSE and the manufacturer in respect of Skyclarys; whether the HSE sought an improved commercial offer or made or invited any counterproposal; whether and the HSE management became directly involved in the reimbursement or commercial process; the chronology of the process through to the reimbursement decision; and the objective factors which informed the HSE's approach and final decision, without requiring disclosure of commercially confidential net pricing, in tabular form.",the minister for health following the relevant ncpe recommendation the number and dates of substantive commercial engagements between the hse and the manufacturer in respect of skyclarys whether the hse sought an improved commercial offer or made or invited any counterproposal whether and the hse management became directly involved in the reimbursement or commercial process the chronology of the process through to the reimbursement decision and the objective factors which informed the hse s approach and final decision without requiring disclosure of commercially confidential net pricing in tabular form 70809 26,Health,1126,1128
"266. Deputy David Cullinane asked the Minister for Health following the relevant NCPE recommendation, the number and dates of substantive commercial engagements between the HSE and the manufacturer of a medication (details supplied);if the HSE sought an improved commercial offer or made or invited any counterproposal; if and when senior HSE management became directly involved in the reimbursement or commercial process; the chronology of the process through to the reimbursement decision; and the objective factors which informed the HSE's approach and final decision, without requiring disclosure of commercially confidential net pricing, in tabular form. [70808/26]",,Health,2026-10-07,0.8668344020843506,Medicinal Products,Medicinal Products,0.8668344020843506,Health Service Executive,0.0438702888786792,Health Services,0.0186911299824714,Pharmacy Services,0.0171510372310876,Healthcare Policy,0.0085337786003947,Medical Aids and Appliances,0.00848632119596,Departmental Data,0.004062445834279,Departmental Schemes,0.0023262668401002,Cancer Services,0.0013848836533725,Prescriptions Charges,0.0012568748788908,70808/26,266,David Cullinane,DAVID CULLINANE,written,en,"To ask the Minister for Health following the relevant NCPE recommendation, the number and dates of substantive commercial engagements between the HSE and the manufacturer of a medication (details supplied);if the HSE sought an improved commercial offer or made or invited any counterproposal; if and when senior HSE management became directly involved in the reimbursement or commercial process; the chronology of the process through to the reimbursement decision; and the objective factors which informed the HSE's approach and final decision, without requiring disclosure of commercially confidential net pricing, in tabular form.",the minister for health following the relevant ncpe recommendation the number and dates of substantive commercial engagements between the hse and the manufacturer of a medication details supplied if the hse sought an improved commercial offer or made or invited any counterproposal if and when senior hse management became directly involved in the reimbursement or commercial process the chronology of the process through to the reimbursement decision and the objective factors which informed the hse s approach and final decision without requiring disclosure of commercially confidential net pricing in tabular form 70808 26,Health,1130,1132
"267. Deputy David Cullinane asked the Minister for Health following the relevant NCPE recommendation, the number and dates of substantive commercial engagements between the HSE and the manufacturer of a medication (details supplied); whether the HSE sought an improved commercial offer or made or invited any counterproposal; whether and when senior HSE management became directly involved in the reimbursement or commercial process; the current status of the process; and the objective factors which have informed the HSE's approach and decisions to date, without requiring disclosure of commercially confidential net pricing, in tabular form. [70807/26]",,Health,2026-10-07,0.8208296895027161,Medicinal Products,Medicinal Products,0.8208296895027161,Health Service Executive,0.0619649067521095,Pharmacy Services,0.0244251489639282,Health Services,0.0221963971853256,Healthcare Policy,0.0113994721323251,Medical Aids and Appliances,0.0098678190261125,Departmental Data,0.0058117792941629,Departmental Schemes,0.0023834074381738,Cancer Services,0.0018011573702096,Departmental Inquiries,0.0016439669998362,70807/26,267,David Cullinane,DAVID CULLINANE,written,en,"To ask the Minister for Health following the relevant NCPE recommendation, the number and dates of substantive commercial engagements between the HSE and the manufacturer of a medication (details supplied); whether the HSE sought an improved commercial offer or made or invited any counterproposal; whether and when senior HSE management became directly involved in the reimbursement or commercial process; the current status of the process; and the objective factors which have informed the HSE's approach and decisions to date, without requiring disclosure of commercially confidential net pricing, in tabular form.",the minister for health following the relevant ncpe recommendation the number and dates of substantive commercial engagements between the hse and the manufacturer of a medication details supplied whether the hse sought an improved commercial offer or made or invited any counterproposal whether and when senior hse management became directly involved in the reimbursement or commercial process the current status of the process and the objective factors which have informed the hse s approach and decisions to date without requiring disclosure of commercially confidential net pricing in tabular form 70807 26,Health,1134,1136
"268. Deputy David Cullinane asked the Minister for Health the differences in the reimbursement and commercial engagement processes followed in respect of medications (details supplied) following the relevant NCPE recommendations; the objective factors which account for the differing level and pace of commercial engagement and the different reimbursement outcomes in each case, including considerations relating to clinical need, cost effectiveness, budget impact, alternative treatments and any other relevant factors; and if she will make a statement on the matter. [70806/26]",,Health,2026-10-07,0.9720611572265624,Medicinal Products,Medicinal Products,0.9720611572265624,Health Services,0.0055051739327609,Pharmacy Services,0.0045193056575953,Departmental Data,0.0030314789619296,Healthcare Policy,0.0022085516247898,Departmental Schemes,0.0019430980319157,Prescriptions Charges,0.0011085998266935,Health Service Executive,0.0006211370346136,Cancer Services,0.0005819856887683,Medical Aids and Appliances,0.0005228301743045,70806/26,268,David Cullinane,DAVID CULLINANE,written,en,"To ask the Minister for Health the differences in the reimbursement and commercial engagement processes followed in respect of medications (details supplied) following the relevant NCPE recommendations; the objective factors which account for the differing level and pace of commercial engagement and the different reimbursement outcomes in each case, including considerations relating to clinical need, cost effectiveness, budget impact, alternative treatments and any other relevant factors; and if she will make a statement on the matter.",the minister for health the differences in the reimbursement and commercial engagement processes followed in respect of medications details supplied following the relevant ncpe recommendations the objective factors which account for the differing level and pace of commercial engagement and the different reimbursement outcomes in each case including considerations relating to clinical need cost effectiveness budget impact alternative treatments and any other relevant factors and 70806 26,Health,1138,1140
"269. Deputy Roderic O'Gorman asked the Minister for Health the number of WTE administrative staff by grade posts filled within accident and emergency department of Connolly Hospital, Blanchardstown as of 30 September 2026, in tabular form. [70818/26]",,Health,2026-10-07,0.8872921466827393,Hospital Staff,Hospital Staff,0.8872921466827393,Health Services Staff,0.0800707563757896,Departmental Data,0.0112585946917533,Emergency Departments,0.00465993816033,Departmental Staff,0.003431016113609,Hospital Services,0.0030780767556279,Health Service Executive,0.0011858257930725,Hospital Admissions,0.0011725191725417,Health Services,0.0010413574054837,Hospital Facilities,0.0006639527273364,70818/26,269,Roderic O'Gorman,RODERIC O'GORMAN,written,en,"To ask the Minister for Health the number of WTE administrative staff by grade posts filled within accident and emergency department of Connolly Hospital, Blanchardstown as of 30 September 2026, in tabular form.",the minister for health the number of wte administrative staff by grade posts filled within accident and emergency department of connolly hospital blanchardstown as of 30 september 2026 in tabular form 70818 26,Health,1142,1144
270. Deputy Niamh Smyth asked the Minister for Health the reason a person (details supplied) was given a care home support plan and no carer has been allocated. [70833/26],,Health,2026-10-07,0.7420778870582581,Home Care Packages,Home Care Packages,0.7420778870582581,Care Services,0.1114125549793243,Home Help Service,0.0988759845495224,Care of the Elderly,0.0151598211377859,Health Services,0.0072607421316206,Nursing Homes,0.0020261022727936,Health Services Waiting Lists,0.00186970946379,Disability Services,0.0018433150835335,Departmental Schemes,0.0016423704801127,Primary Care Services,0.0015778577653691,70833/26,270,Niamh Smyth,NIAMH SMYTH,written,en,To ask the Minister for Health the reason a person (details supplied) was given a care home support plan and no carer has been allocated.,the minister for health the reason a person details supplied was given a care home support plan and no carer has been allocated 70833 26,Health,1146,1148
271. Deputy Roderic O'Gorman asked the Minister for Health the current capacity in the national forensic mental health service; the current number of persons admitted to the services; the current number waiting for placement; and the services offered to them while waiting for admission. [70828/26],,Health,2026-10-07,0.957504391670227,Mental Health Services,Mental Health Services,0.957504391670227,Mental Health Policy,0.0121228313073515,Health Services,0.0060452660545706,Health Services Staff,0.0044350260868668,Mental Health Commission,0.0023379605263471,Departmental Data,0.0020669000223279,Health Services Waiting Lists,0.0014312963467091,Health Service Executive,0.0012931517558172,Eating Disorders,0.0006819687550887,Hospital Services,0.0005678901216015,70828/26,271,Roderic O'Gorman,RODERIC O'GORMAN,written,en,To ask the Minister for Health the current capacity in the national forensic mental health service; the current number of persons admitted to the services; the current number waiting for placement; and the services offered to them while waiting for admission.,the minister for health the current capacity in the national forensic mental health service the current number of persons admitted to the services the current number waiting for placement and the services offered to them while waiting for admission 70828 26,Health,1150,1152
"272. Deputy David Cullinane asked the Minister for Health the number of GPs providing GMS services in County Waterford, by local area and per 10,000 population, at end September 2022 to 2026 in tabular form; and the number of GMS panels open and closed to new patients. [70887/26]",,Health,2026-10-07,0.9768052101135254,General Practitioner Services,General Practitioner Services,0.9768052101135254,Departmental Data,0.0057807457633316,Primary Care Services,0.0034527217503637,Health Services Staff,0.0019507926190271,Health Services,0.0018970493692904,Medical Cards,0.0014939974062144,Primary Care Centres,0.0005198214785195,Healthcare Policy,0.0004826690128538,Mental Health Services,0.0003952578408643,Health Service Executive,0.000272096338449,70887/26,272,David Cullinane,DAVID CULLINANE,written,en,"To ask the Minister for Health the number of GPs providing GMS services in County Waterford, by local area and per 10,000 population, at end September 2022 to 2026 in tabular form; and the number of GMS panels open and closed to new patients.",the minister for health the number of gps providing gms services in county waterford by local area and per 10 000 population at end september 2022 to 2026 in tabular form and the number of gms panels open and closed to new patients 70887 26,Health,1154,1156
"273. Deputy David Cullinane asked the Minister for Health the number of requests received from persons resident in County Waterford for assistance with assignment to a GP or dentist, from medical card holders, GP visit card holders and persons without such qualification, for the year to date and the equivalent period in 2025, in tabular form. [70886/26]",,Health,2026-10-07,0.7436321973800659,General Practitioner Services,General Practitioner Services,0.7436321973800659,Departmental Data,0.0951858535408973,Health Services Staff,0.0729492455720901,Health Services,0.0181733947247266,Medical Cards,0.0123938508331775,Primary Care Services,0.0104573937132954,Dental Services,0.0061769681051373,Mental Health Services,0.0032624565064907,Healthcare Policy,0.0022463649511337,Hospital Staff,0.0020269467495381,70886/26,273,David Cullinane,DAVID CULLINANE,written,en,"To ask the Minister for Health the number of requests received from persons resident in County Waterford for assistance with assignment to a GP or dentist, from medical card holders, GP visit card holders and persons without such qualification, for the year to date and the equivalent period in 2025, in tabular form.",the minister for health the number of requests received from persons resident in county waterford for assistance with assignment to a gp or dentist from medical card holders gp visit card holders and persons without such qualification for the year to date and the equivalent period in 2025 in tabular form 70886 26,Health,1158,1160
"274. Deputy Duncan Smith asked the Minister for Health the mental health treatment services available for individuals in Dublin Fingal east when they turn 18, and are discharged from the child and adolescence mental health service. [70719/26]",,Health,2026-10-07,0.9745296239852904,Mental Health Services,Mental Health Services,0.9745296239852904,Mental Health Policy,0.0114453909918665,Health Services,0.0034099619369953,Departmental Data,0.00106457748916,Mental Health Commission,0.0010203864658251,Health Services Staff,0.0010009396355599,Health Services Waiting Lists,0.0008157429983839,Eating Disorders,0.0004421833436936,Health Service Executive,0.0003621623036451,Primary Care Services,0.0003422170411795,70719/26,274,Duncan Smith,DUNCAN SMITH,written,en,"To ask the Minister for Health the mental health treatment services available for individuals in Dublin Fingal east when they turn 18, and are discharged from the child and adolescence mental health service.",the minister for health the mental health treatment services available for individuals in dublin fingal east when they turn 18 and are discharged from the child and adolescence mental health service 70719 26,Health,1162,1164
"275. Deputy Seán Ó Fearghaíl asked the Minister for Health If she will examine the case of a 67-year-old pensioner (details supplied) and former full-time family carer whose sole income is a State pension (contributory) and who is subject to a contribution arising from a nursing home support scheme assessment, leaving him with a very limited weekly income; and if she will consider whether a review, discretion or relief mechanism is available in cases of exceptional hardship. [70723/26]",,Health,2026-10-07,0.4140080511569977,Nursing Homes,Nursing Homes,0.4140080511569977,Pension Provisions,0.0824272483587265,Health Services,0.051159456372261,Care Services,0.0481394492089748,Health Service Executive,0.0429293699562549,Departmental Schemes,0.0417535193264484,Health Services Staff,0.0345987640321254,Medical Cards,0.0338739491999149,Public Sector Pensions,0.0235525909811258,Healthcare Policy,0.0219312459230422,70723/26,275,Seán Ó Fearghaíl,SEÁN Ó FEARGHAÍL,written,en,"To ask the Minister for Health If she will examine the case of a 67-year-old pensioner (details supplied) and former full-time family carer whose sole income is a State pension (contributory) and who is subject to a contribution arising from a nursing home support scheme assessment, leaving him with a very limited weekly income; and if she will consider whether a review, discretion or relief mechanism is available in cases of exceptional hardship.",the minister for health if she will examine the case of a 67-year-old pensioner details supplied and former full-time family carer whose sole income is a state pension contributory and who is subject to a contribution arising from a nursing home support scheme assessment leaving him with a very limited weekly income and if she will consider whether a review discretion or relief mechanism is available in cases of exceptional hardship 70723 26,Health,1166,1168
"276. Deputy Richard O'Donoghue asked the Minister for Health If she will consider a temporary review and retention of the higher motor travel mileage rate bands for HSE and contracted home support health care assistants, particularly those covering extensive rural areas, in light of ongoing high fuel and vehicle maintenance costs; and if she acknowledges that high-mileage community staff quickly exceed lower-rate thresholds, threatening staff retention and continuity of care for vulnerable elderly clients, due to the escalating costs. [70728/26]",,Health,2026-10-07,0.3010575771331787,Health Services Staff,Health Services Staff,0.3010575771331787,Home Help Service,0.280885249376297,Home Care Packages,0.145721286535263,Care Services,0.0658482164144516,Health Service Executive,0.0438497699797153,Health Services,0.0393663868308067,Primary Care Services,0.0279478039592504,Care of the Elderly,0.0131343165412545,Disability Services,0.009038277901709,Departmental Data,0.0089593883603811,70728/26,276,Richard O'Donoghue,RICHARD O'DONOGHUE,written,en,"To ask the Minister for Health If she will consider a temporary review and retention of the higher motor travel mileage rate bands for HSE and contracted home support health care assistants, particularly those covering extensive rural areas, in light of ongoing high fuel and vehicle maintenance costs; and if she acknowledges that high-mileage community staff quickly exceed lower-rate thresholds, threatening staff retention and continuity of care for vulnerable elderly clients, due to the escalating costs.",the minister for health if she will consider a temporary review and retention of the higher motor travel mileage rate bands for hse and contracted home support health care assistants particularly those covering extensive rural areas in light of ongoing high fuel and vehicle maintenance costs and if she acknowledges that high-mileage community staff quickly exceed lower-rate thresholds threatening staff retention and continuity of care for vulnerable elderly clients due to the escalating costs 70728 26,Health,1170,1172
277. Deputy Michael Healy-rae asked the Minister for Health if health insurance companies are allowed to change their plans and/or benefits after a person has signed up with them. [70737/26],,Health,2026-10-07,0.4637743830680847,Insurance Coverage,Insurance Coverage,0.4637743830680847,Insurance Industry,0.4272021055221557,Health Services,0.0226424224674701,Hospital Charges,0.0075427191331982,Medical Cards,0.0074037183076143,Health Service Executive,0.0058051575906574,Departmental Data,0.0053807641379535,Other,0.0035425655078142,Healthcare Policy,0.003263222053647,Departmental Schemes,0.0026482588145881,70737/26,277,Michael Healy-rae,MICHAEL HEALY-RAE,written,en,To ask the Minister for Health if health insurance companies are allowed to change their plans and/or benefits after a person has signed up with them.,the minister for health if health insurance companies are allowed to change their plans and or benefits after a person has signed up with them 70737 26,Health,1174,1176
"278. Deputy David Cullinane asked the Minister for Health the number of children scheduled for school dental screening in County Waterford; the number actually screened; the percentage of the eligible cohort screened, and the school year or class cohort currently being called for screening in Waterford City, Dungarvan and West Waterford and each other local dental area, for the 2024/2025 and 2025/2026 school years and to date in the 2026/2027 school year; and the number of WTE dentists, dental nurses and dental hygienists allocated, filled and vacant in each area, in tabular form. [70885/26]",,Health,2026-10-07,0.9413983821868896,Dental Services,Dental Services,0.9413983821868896,Departmental Data,0.0293493438512086,Health Services,0.0094695901498198,Health Services Waiting Lists,0.0047837635502219,Medical Cards,0.0025074167642742,Health Services Staff,0.0016948742559179,Cancer Services,0.0014497290831059,Disability Services,0.0007018528413027,Primary Care Services,0.0005610479274764,Hospital Waiting Lists,0.000411012180848,70885/26,278,David Cullinane,DAVID CULLINANE,written,en,"To ask the Minister for Health the number of children scheduled for school dental screening in County Waterford; the number actually screened; the percentage of the eligible cohort screened, and the school year or class cohort currently being called for screening in Waterford City, Dungarvan and West Waterford and each other local dental area, for the 2024/2025 and 2025/2026 school years and to date in the 2026/2027 school year; and the number of WTE dentists, dental nurses and dental hygienists allocated, filled and vacant in each area, in tabular form.",the minister for health the number of children scheduled for school dental screening in county waterford the number actually screened the percentage of the eligible cohort screened and the school year or class cohort currently being called for screening in waterford city dungarvan and west waterford and each other local dental area for the 2024 2025 and 2025 2026 school years and to date in the 2026 2027 school year and the number of wte dentists dental nurses and dental hygienists allocated filled and vacant in each area in tabular form 70885 26,Health,1178,1180
"279. Deputy David Cullinane asked the Minister for Health the number of patients resident in County Waterford waiting for an orthodontic assessment or treatment at end of September 2026, by local dental area and waiting time band; and the average and longest waiting time, in tabular form. [70884/26]",,Health,2026-10-07,0.9596770405769348,Dental Services,Dental Services,0.9596770405769348,Health Services Waiting Lists,0.0142431203275918,Health Services,0.0061372127383947,Hospital Waiting Lists,0.0055306581780314,Departmental Data,0.0034919548779726,Hospital Appointments Status,0.0013309858040884,Medical Cards,0.0013177380897104,Health Services Staff,0.0010029355762526,Hospital Services,0.0006599570042453,Cancer Services,0.0006008028285577,70884/26,279,David Cullinane,DAVID CULLINANE,written,en,"To ask the Minister for Health the number of patients resident in County Waterford waiting for an orthodontic assessment or treatment at end of September 2026, by local dental area and waiting time band; and the average and longest waiting time, in tabular form.",the minister for health the number of patients resident in county waterford waiting for an orthodontic assessment or treatment at end of september 2026 by local dental area and waiting time band and the average and longest waiting time in tabular form 70884 26,Health,1182,1184
"280. Deputy David Cullinane asked the Minister for Health the number of adults and children in County Waterford awaiting assessment or treatment through HSE primary care dental services at the end of September 2026, by local dental area, patient category, treatment type and waiting time band; and the average and longest waiting time in each area, in tabular form. [70883/26]",,Health,2026-10-07,0.9654749035835266,Dental Services,Dental Services,0.9654749035835266,Departmental Data,0.0101508004590868,Health Services Waiting Lists,0.0058981133624911,Health Services,0.0040783016011118,Medical Cards,0.0029579994734376,Primary Care Services,0.0012969464296475,Health Services Staff,0.0009740294190123,Disability Services,0.0006774448556825,Community Care,0.0006300085806287,Hospital Waiting Lists,0.0004929092247039,70883/26,280,David Cullinane,DAVID CULLINANE,written,en,"To ask the Minister for Health the number of adults and children in County Waterford awaiting assessment or treatment through HSE primary care dental services at the end of September 2026, by local dental area, patient category, treatment type and waiting time band; and the average and longest waiting time in each area, in tabular form.",the minister for health the number of adults and children in county waterford awaiting assessment or treatment through hse primary care dental services at the end of september 2026 by local dental area patient category treatment type and waiting time band and the average and longest waiting time in each area in tabular form 70883 26,Health,1186,1188
"281. Deputy David Cullinane asked the Minister for Health the number of people resident in County Waterford waiting for MRI, CT, ultrasound, endoscopy and colonoscopy, and other centrally reported diagnostic tests, at the end of September 2026; and the average, median and longest waiting time, in tabular form. [70882/26]",,Health,2026-10-07,0.6899222135543823,Hospital Waiting Lists,Hospital Waiting Lists,0.6899222135543823,Health Services Waiting Lists,0.2595446407794952,Health Services,0.0194385219365358,Departmental Data,0.0118055520579218,Hospital Appointments Status,0.0047545172274112,Hospital Services,0.00189148215577,Hospital Procedures,0.0015168542740866,National Treatment Purchase Fund,0.0009240921353921,Mental Health Services,0.0008521249983459,Primary Care Services,0.0008475264767184,70882/26,281,David Cullinane,DAVID CULLINANE,written,en,"To ask the Minister for Health the number of people resident in County Waterford waiting for MRI, CT, ultrasound, endoscopy and colonoscopy, and other centrally reported diagnostic tests, at the end of September 2026; and the average, median and longest waiting time, in tabular form.",the minister for health the number of people resident in county waterford waiting for mri ct ultrasound endoscopy and colonoscopy and other centrally reported diagnostic tests at the end of september 2026 and the average median and longest waiting time in tabular form 70882 26,Health,1190,1192
"282. Deputy David Cullinane asked the Minister for Health the number of people resident in County Waterford on CAMHS waiting lists at the end of September 2026, by team and waiting time bands; and the average, median and longest waiting time, in tabular form. [70881/26]",,Health,2026-10-07,0.8895896673202515,Mental Health Services,Mental Health Services,0.8895896673202515,Health Services Waiting Lists,0.0674550756812095,Departmental Data,0.0174219254404306,Hospital Waiting Lists,0.0056727514602243,Health Services,0.0043667224235832,Mental Health Policy,0.0024087382480502,Health Services Staff,0.0017283383058384,Disability Services,0.0010372576070949,Primary Care Services,0.0005915981018915,Health Service Executive,0.0004834823484998,70881/26,282,David Cullinane,DAVID CULLINANE,written,en,"To ask the Minister for Health the number of people resident in County Waterford on CAMHS waiting lists at the end of September 2026, by team and waiting time bands; and the average, median and longest waiting time, in tabular form.",the minister for health the number of people resident in county waterford on camhs waiting lists at the end of september 2026 by team and waiting time bands and the average median and longest waiting time in tabular form 70881 26,Health,1194,1196
"283. Deputy David Cullinane asked the Minister for Health the number of people resident in County Waterford approved for home support but awaiting commencement; the number receiving less than their approved allocation; the total number of approved hours not being delivered per week; and the average, median and longest waiting time, at the end of September 2026, in tabular form. [70880/26]",,Health,2026-10-07,0.5461418628692627,Home Help Service,Home Help Service,0.5461418628692627,Home Care Packages,0.3880100846290588,Departmental Data,0.0129150729626417,Health Services Waiting Lists,0.0076333289034664,Care Services,0.0067661935463547,Health Services,0.0058524562045931,Departmental Schemes,0.0052315685898065,Primary Care Services,0.0024253418669104,Mental Health Services,0.0020161070860922,Disability Services,0.0015507168136537,70880/26,283,David Cullinane,DAVID CULLINANE,written,en,"To ask the Minister for Health the number of people resident in County Waterford approved for home support but awaiting commencement; the number receiving less than their approved allocation; the total number of approved hours not being delivered per week; and the average, median and longest waiting time, at the end of September 2026, in tabular form.",the minister for health the number of people resident in county waterford approved for home support but awaiting commencement the number receiving less than their approved allocation the total number of approved hours not being delivered per week and the average median and longest waiting time at the end of september 2026 in tabular form 70880 26,Health,1198,1200
"284. Deputy David Cullinane asked the Minister for Health the ambulance response performance for high-acuity emergency incidents occurring in County Waterford for the year to date by clinical status category; the incident volume, median response time, 90th percentile response time and longest response time; and the number and percentage of incidents with a response time exceeding 30, 60 and 120 minutes, in tabular form. [70879/26]",,Health,2026-10-07,0.9785117506980896,Ambulance Service,Ambulance Service,0.9785117506980896,Emergency Services,0.0065499832853674,Emergency Departments,0.0051516434177756,Departmental Data,0.0015394435031339,Hospital Services,0.0013621153775602,Health Services,0.0007212406489998,Hospital Admissions,0.0006388350739143,Social Welfare Benefits,0.0002340891369385,Hospital Staff,0.0002163775498047,Disability Services,0.0001953119935933,70879/26,284,David Cullinane,DAVID CULLINANE,written,en,"To ask the Minister for Health the ambulance response performance for high-acuity emergency incidents occurring in County Waterford for the year to date by clinical status category; the incident volume, median response time, 90th percentile response time and longest response time; and the number and percentage of incidents with a response time exceeding 30, 60 and 120 minutes, in tabular form.",the minister for health the ambulance response performance for high-acuity emergency incidents occurring in county waterford for the year to date by clinical status category the incident volume median response time 90th percentile response time and longest response time and the number and percentage of incidents with a response time exceeding 30 60 and 120 minutes in tabular form 70879 26,Health,1202,1204
"285. Deputy Ken O'Flynn asked the Minister for Health the number of consultants on the public-only consultant contract 2023 by hospital group; and the number of those currently rostered for Saturday and weekday evening work, in tabular form. [70922/26]",,Health,2026-10-07,0.8331965804100037,Hospital Staff,Hospital Staff,0.8331965804100037,Health Services Staff,0.1156304329633712,Departmental Data,0.0194029454141855,Hospital Services,0.0056767235510051,Departmental Staff,0.0044126943685114,Health Services,0.0039851875044405,Departmental Contracts,0.0026724927593022,Departmental Consultations,0.0018477756530046,Health Service Executive,0.0015740692615509,Departmental Expenditure,0.000933248840738,70922/26,285,Ken O'Flynn,KEN O'FLYNN,written,en,"To ask the Minister for Health the number of consultants on the public-only consultant contract 2023 by hospital group; and the number of those currently rostered for Saturday and weekday evening work, in tabular form.",the minister for health the number of consultants on the public-only consultant contract 2023 by hospital group and the number of those currently rostered for saturday and weekday evening work in tabular form 70922 26,Health,1206,1208
"286. Deputy Ken O'Flynn asked the Minister for Health further to Parliamentary Question No. 64871/26, the timeline for completion of the suite of metrics and reporting framework for the public-only consultant contract; the specific metrics under consideration; whether emergency department trolley numbers and patient flow will be included; and the reason no such framework was in place when the contract took effect in March 2023. [70921/26]",,Health,2026-10-07,0.599797248840332,Hospital Staff,Hospital Staff,0.599797248840332,Health Services Staff,0.0590790584683418,Hospital Services,0.0472376719117164,Departmental Data,0.0464233234524726,Emergency Departments,0.0350051894783973,Departmental Contracts,0.0237157884985208,Health Services,0.0152940694242715,Ambulance Service,0.0136105101555585,Hospital Admissions,0.0098927384242415,Departmental Consultations,0.0092218508943915,70921/26,286,Ken O'Flynn,KEN O'FLYNN,written,en,"To ask the Minister for Health further to Parliamentary Question No. 64871/26, the timeline for completion of the suite of metrics and reporting framework for the public-only consultant contract; the specific metrics under consideration; whether emergency department trolley numbers and patient flow will be included; and the reason no such framework was in place when the contract took effect in March 2023.",the minister for health further to parliamentary question no 64871 26 the timeline for completion of the suite of metrics and reporting framework for the public-only consultant contract the specific metrics under consideration whether emergency department trolley numbers and patient flow will be included and the reason no such framework was in place when the contract took effect in march 2023 70921 26,Health,1210,1212
"287. Deputy Ken O'Flynn asked the Minister for Health further to Parliamentary Question No. 64870/26, the date on which the HSE National Performance Action Group on the public-only consultant contract was established; its membership, chair and terms of reference; the number of times it has met; and if any report, minutes or recommendations it has produced will be published. [70920/26]",,Health,2026-10-07,0.4260146617889404,Health Service Executive,Health Service Executive,0.4260146617889404,Health Services Staff,0.3723522126674652,Hospital Staff,0.0604242533445358,Health Services,0.0270849633961915,Departmental Data,0.0096907094120979,Departmental Reports,0.0089456355199217,Departmental Bodies,0.0057265064679086,Healthcare Policy,0.0051512001082301,Mental Health Services,0.004915087018162,Departmental Staff,0.0041623413562774,70920/26,287,Ken O'Flynn,KEN O'FLYNN,written,en,"To ask the Minister for Health further to Parliamentary Question No. 64870/26, the date on which the HSE National Performance Action Group on the public-only consultant contract was established; its membership, chair and terms of reference; the number of times it has met; and if any report, minutes or recommendations it has produced will be published.",the minister for health further to parliamentary question no 64870 26 the date on which the hse national performance action group on the public-only consultant contract was established its membership chair and terms of reference the number of times it has met and if any report minutes or recommendations it has produced will be published 70920 26,Health,1214,1216
"288. Deputy Ken O'Flynn asked the Minister for Health further to Parliamentary Question No. 64871/26, the number of patients recorded on trolleys in each of the years from 2019 to 2025 and to date in 2026, as recorded by the HSE TrolleyGAR system, by hospital; and if she will make a statement on the matter. [70919/26]",,Health,2026-10-07,0.2449491173028946,Hospital Overcrowding,Hospital Overcrowding,0.2449491173028946,Hospital Charges,0.1219483762979507,Hospital Admissions,0.081805020570755,Health Service Executive,0.0457437448203563,Hospital Services,0.0454605855047702,Hospital Facilities,0.0336605496704578,Hospital Transfers,0.0332262217998504,Emergency Departments,0.0231849029660224,Departmental Data,0.0202301256358623,Patient Safety,0.0171185620129108,70919/26,288,Ken O'Flynn,KEN O'FLYNN,written,en,"To ask the Minister for Health further to Parliamentary Question No. 64871/26, the number of patients recorded on trolleys in each of the years from 2019 to 2025 and to date in 2026, as recorded by the HSE TrolleyGAR system, by hospital; and if she will make a statement on the matter.",the minister for health further to parliamentary question no 64871 26 the number of patients recorded on trolleys in each of the years from 2019 to 2025 and to date in 2026 as recorded by the hse trolleygar system by hospital and 70919 26,Health,1218,1220
289. Deputy Ken O'Flynn asked the Minister for Health the reasons speech and language therapy and physiotherapy waiting times in Cork North and East are substantially longer than in Cork South and West; and the specific measures and staffing planned to address the disparity. [70918/26],,Health,2026-10-07,0.6707767248153687,Health Services Waiting Lists,Health Services Waiting Lists,0.6707767248153687,Disability Services,0.1265119761228561,Health Services,0.1140606701374054,Primary Care Services,0.0150409284979105,Departmental Data,0.0144656645134091,Health Services Staff,0.0116082895547151,Hospital Waiting Lists,0.0097138164564967,Mental Health Services,0.0092132026329636,Dental Services,0.0030190176330506,Care Services,0.0025451339315623,70918/26,289,Ken O'Flynn,KEN O'FLYNN,written,en,To ask the Minister for Health the reasons speech and language therapy and physiotherapy waiting times in Cork North and East are substantially longer than in Cork South and West; and the specific measures and staffing planned to address the disparity.,the minister for health the reasons speech and language therapy and physiotherapy waiting times in cork north and east are substantially longer than in cork south and west and the specific measures and staffing planned to address the disparity 70918 26,Health,1222,1224
"290. Deputy Ken O'Flynn asked the Minister for Health the number of whole time equivalent public health nurses employed in each community healthcare area in HSE South West at end 2024, end 2025, and the latest date available; and the number of approved posts at each date. [70917/26]",,Health,2026-10-07,0.953686773777008,Health Services Staff,Health Services Staff,0.953686773777008,Health Service Executive,0.0166602227836847,Departmental Data,0.0135798137634992,Hospital Staff,0.0040476564317941,Health Services,0.0031646299175918,Departmental Staff,0.0021377080120146,Primary Care Services,0.0010358758736401,Mental Health Services,0.0005982712609693,Disability Services,0.0004173120541963,Nursing Education,0.0004050841671414,70917/26,290,Ken O'Flynn,KEN O'FLYNN,written,en,"To ask the Minister for Health the number of whole time equivalent public health nurses employed in each community healthcare area in HSE South West at end 2024, end 2025, and the latest date available; and the number of approved posts at each date.",the minister for health the number of whole time equivalent public health nurses employed in each community healthcare area in hse south west at end 2024 end 2025 and the latest date available and the number of approved posts at each date 70917 26,Health,1226,1228
"291. Deputy Ken O'Flynn asked the Minister for Health further to Parliamentary Question No. 66151/26, to provide the public health nursing referral and waiting list data for each health region as at end August 2026, which was referenced in the reply but not included in the appendix. [70916/26]",,Health,2026-10-07,0.4523869752883911,Health Services Waiting Lists,Health Services Waiting Lists,0.4523869752883911,Health Services,0.1987691074609756,Hospital Waiting Lists,0.1465339064598083,Departmental Data,0.114602044224739,National Treatment Purchase Fund,0.0114860478788614,Mental Health Services,0.0101048974320292,Disability Services,0.0073771942406892,Health Service Executive,0.0057566184550523,Nursing Homes,0.0041758851148188,Disease Management,0.0037345569580793,70916/26,291,Ken O'Flynn,KEN O'FLYNN,written,en,"To ask the Minister for Health further to Parliamentary Question No. 66151/26, to provide the public health nursing referral and waiting list data for each health region as at end August 2026, which was referenced in the reply but not included in the appendix.",the minister for health further to parliamentary question no 66151 26 to provide the public health nursing referral and waiting list data for each health region as at end august 2026 which was referenced in the reply but not included in the appendix 70916 26,Health,1230,1232
292. Deputy Ken O'Flynn asked the Minister for Health the measures in place to reduce the number of persons waiting more than 18 months for initial speech and language therapy in Cork North and East; and the timeframe for clearing that cohort. [70915/26],,Health,2026-10-07,0.4111629128456116,Health Services Waiting Lists,Health Services Waiting Lists,0.4111629128456116,Disability Services,0.3139029145240783,Health Services,0.1943421512842178,Departmental Data,0.0212664660066366,Disabilities Assessments,0.0173671897500753,Primary Care Services,0.0078159449622035,Mental Health Services,0.0033378391526639,Hospital Waiting Lists,0.003253090661019,Health Services Staff,0.0029443562962114,Care Services,0.0025476494338363,70915/26,292,Ken O'Flynn,KEN O'FLYNN,written,en,To ask the Minister for Health the measures in place to reduce the number of persons waiting more than 18 months for initial speech and language therapy in Cork North and East; and the timeframe for clearing that cohort.,the minister for health the measures in place to reduce the number of persons waiting more than 18 months for initial speech and language therapy in cork north and east and the timeframe for clearing that cohort 70915 26,Health,1234,1236
293. Deputy Naoise Ó Cearúil asked the Minister for Health whether consideration is being given to increasing the level of dedicated funding available for women's health research beyond the €1 million allocated in each of 2026 and 2027; and whether any review of future funding requirements is planned. [70798/26],,Health,2026-10-07,0.3330417573451996,Departmental Funding,Departmental Funding,0.3330417573451996,Healthcare Policy,0.1026039645075798,Health Services,0.0890237018465995,Health Strategies,0.0707657262682914,Research and Development,0.0572731010615825,Research Funding,0.0499444380402565,Departmental Reports,0.0199280995875597,Medical Research and Training,0.0118107879534363,Disease Management,0.0114924348890781,Departmental Reviews,0.0110063487663865,70798/26,293,Naoise Ó Cearúil,NAOISE Ó CEARÚIL,written,en,To ask the Minister for Health whether consideration is being given to increasing the level of dedicated funding available for women's health research beyond the €1 million allocated in each of 2026 and 2027; and whether any review of future funding requirements is planned.,the minister for health whether consideration is being given to increasing the level of dedicated funding available for women s health research beyond the 1 million allocated in each of 2026 and 2027 and whether any review of future funding requirements is planned 70798 26,Health,1238,1240
"294. Deputy Ken O'Flynn asked the Minister for Health further to Parliamentary Question No. 66151/26, the approved pay budget for public health nursing in the HSE South West region for 2025 and 2026; and the number of public health nurses employed in Cork North and East at the end of each of those years. [70914/26]",,Health,2026-10-07,0.9281656742095948,Health Services Staff,Health Services Staff,0.9281656742095948,Health Service Executive,0.0232221446931362,Departmental Data,0.0209634192287921,Health Services,0.0039705676026642,Hospital Staff,0.003293766407296,Nursing Education,0.0032668313942849,Public Sector Pay,0.0020990381017327,Covid-19 Pandemic Supports,0.0019005930516868,Covid-19 Pandemic,0.0008950921474024,Primary Care Services,0.0006776094669476,70914/26,294,Ken O'Flynn,KEN O'FLYNN,written,en,"To ask the Minister for Health further to Parliamentary Question No. 66151/26, the approved pay budget for public health nursing in the HSE South West region for 2025 and 2026; and the number of public health nurses employed in Cork North and East at the end of each of those years.",the minister for health further to parliamentary question no 66151 26 the approved pay budget for public health nursing in the hse south west region for 2025 and 2026 and the number of public health nurses employed in cork north and east at the end of each of those years 70914 26,Health,1242,1244
"295. Deputy Ken O'Flynn asked the Minister for Health the reasons for the disparity in speech and language therapy waiting times between Cork North and East and Cork South and West, including the number of speech and language therapists in whole time equivalent terms in each area at the end of August 2026; and if she will make a statement on the matter. [70913/26]",,Health,2026-10-07,0.7308877110481262,Health Services Waiting Lists,Health Services Waiting Lists,0.7308877110481262,Disability Services,0.0968085899949073,Health Services,0.0539156720042228,Departmental Data,0.0519547872245311,Mental Health Services,0.0156033830717206,Hospital Waiting Lists,0.0123376650735735,Primary Care Services,0.0076741618104279,Health Services Staff,0.0068331575021147,Disabilities Assessments,0.0038431382272392,Psychological Assessments,0.0015150251565501,70913/26,295,Ken O'Flynn,KEN O'FLYNN,written,en,"To ask the Minister for Health the reasons for the disparity in speech and language therapy waiting times between Cork North and East and Cork South and West, including the number of speech and language therapists in whole time equivalent terms in each area at the end of August 2026; and if she will make a statement on the matter.",the minister for health the reasons for the disparity in speech and language therapy waiting times between cork north and east and cork south and west including the number of speech and language therapists in whole time equivalent terms in each area at the end of august 2026 and 70913 26,Health,1246,1248
296. Deputy Pa Daly asked the Minister for Health the contingency arrangements that are available where a child with complex medical needs has been allocated HSE-funded home nursing hours but the contracted provider is unable to deliver those hours; and if an alternative provider or other arrangement can be put in place in the case of a child (details supplied) who has experienced a substantial ongoing shortfall in their allocated nursing care. [70930/26],,Health,2026-10-07,0.3954667747020721,Nursing Homes,Nursing Homes,0.3954667747020721,Care Services,0.2444518208503723,Health Services,0.112981341779232,Home Care Packages,0.1038715094327926,Home Help Service,0.0323256738483905,Care of the Elderly,0.0229534208774566,Health Service Executive,0.0161790456622838,Disability Services,0.011084564961493,Healthcare Policy,0.0081586819142103,Departmental Data,0.0071066399104893,70930/26,296,Pa Daly,PA DALY,written,en,To ask the Minister for Health the contingency arrangements that are available where a child with complex medical needs has been allocated HSE-funded home nursing hours but the contracted provider is unable to deliver those hours; and if an alternative provider or other arrangement can be put in place in the case of a child (details supplied) who has experienced a substantial ongoing shortfall in their allocated nursing care.,the minister for health the contingency arrangements that are available where a child with complex medical needs has been allocated hse-funded home nursing hours but the contracted provider is unable to deliver those hours and if an alternative provider or other arrangement can be put in place in the case of a child details supplied who has experienced a substantial ongoing shortfall in their allocated nursing care 70930 26,Health,1250,1252
297. Deputy Mairéad Farrell asked the Minister for Health the action the HSE and HPRA are taking on the current supply shortage of budesonide orodispersible tablets in the State. [70849/26],,Health,2026-10-07,0.9731593132019044,Medicinal Products,Medicinal Products,0.9731593132019044,Health Services,0.0082688443362712,Health Service Executive,0.0026025164406746,Healthcare Policy,0.0024242985527962,Pharmacy Services,0.0023952755145728,Medical Aids and Appliances,0.0020554065704345,Departmental Data,0.000831420533359,Cancer Services,0.0006946956855244,Covid-19 Pandemic,0.0006136090378277,Prescriptions Charges,0.0005667027435265,70849/26,297,Mairéad Farrell,MAIRÉAD FARRELL,written,en,To ask the Minister for Health the action the HSE and HPRA are taking on the current supply shortage of budesonide orodispersible tablets in the State.,the minister for health the action the hse and hpra are taking on the current supply shortage of budesonide orodispersible tablets in the state 70849 26,Health,1254,1256
298. Deputy Mairéad Farrell asked the Minister for Health the status of the HSE's assessment of dupilumab for eosinophilic oesophagitis; and the expected date of a decision. [70850/26],,Health,2026-10-07,0.7806118726730347,Medicinal Products,Medicinal Products,0.7806118726730347,Health Service Executive,0.1044750213623046,Health Services,0.0365835502743721,Healthcare Policy,0.0205108299851417,Pharmacy Services,0.00686108879745,Covid-19 Pandemic,0.0035205911844968,Health Services Staff,0.0034354145172983,Cancer Services,0.0030928950291126,Departmental Data,0.0030549876391887,Medical Aids and Appliances,0.0023968173190951,70850/26,298,Mairéad Farrell,MAIRÉAD FARRELL,written,en,To ask the Minister for Health the status of the HSE's assessment of dupilumab for eosinophilic oesophagitis; and the expected date of a decision.,the minister for health the status of the hse s assessment of dupilumab for eosinophilic oesophagitis and the expected date of a decision 70850 26,Health,1258,1260
299. Deputy Claire Kerrane asked the Minister for Health the reason a critical post (details supplied) remains unfilled four years after it was vacated despite long waiting lists and levels of need within the immediate community the service serves; the efforts made to fill this post since; and to provide immediate funding to fill this post immediately and make every effort to do so urgently. [70847/26],,Health,2026-10-07,0.8181476593017578,Health Services Staff,Health Services Staff,0.8181476593017578,Disability Services,0.0587582662701606,Health Services,0.0394090376794338,Departmental Staff,0.020074788480997,Mental Health Services,0.0183314811438322,Departmental Data,0.0114516569301486,Hospital Staff,0.0059690987691283,Health Services Waiting Lists,0.0058192564174532,Health Service Executive,0.003604371799156,Primary Care Services,0.0022979513742029,70847/26,299,Claire Kerrane,CLAIRE KERRANE,written,en,To ask the Minister for Health the reason a critical post (details supplied) remains unfilled four years after it was vacated despite long waiting lists and levels of need within the immediate community the service serves; the efforts made to fill this post since; and to provide immediate funding to fill this post immediately and make every effort to do so urgently.,the minister for health the reason a critical post details supplied remains unfilled four years after it was vacated despite long waiting lists and levels of need within the immediate community the service serves the efforts made to fill this post since and to provide immediate funding to fill this post immediately and make every effort to do so urgently 70847 26,Health,1262,1264
300. Deputy Carol Nolan asked the Minister for Health whether internal audits have examined qualification fraud risks in HSE recruitment since 2020. [70868/26],,Health,2026-10-07,0.5273205637931824,Health Service Executive,Health Service Executive,0.5273205637931824,Health Services Staff,0.3524914979934692,Medical Qualifications,0.010926853865385,Health Services,0.0077135753817856,Nursing Education,0.0067233946174383,Departmental Data,0.0061909668147563,Hospital Staff,0.0059006712399423,Nursing and Midwifery Board of Ireland,0.0042592440731823,Public Sector Pay,0.0035521755926311,Healthcare Policy,0.002985487692058,70868/26,300,Carol Nolan,CAROL NOLAN,written,en,To ask the Minister for Health whether internal audits have examined qualification fraud risks in HSE recruitment since 2020.,the minister for health whether internal audits have examined qualification fraud risks in hse recruitment since 2020 70868 26,Health,1266,1268
"301. Deputy Carol Nolan asked the Minister for Health the number of recruitment applications rejected due to false, altered or unverifiable academic qualifications in each year since 2020. [70869/26]",,Health,2026-10-07,0.4934645891189575,Health Services Staff,Health Services Staff,0.4934645891189575,Medical Qualifications,0.1077694147825241,Nursing Education,0.1007875129580497,Qualifications Recognition,0.0408981926739215,Departmental Data,0.0347329638898372,Hospital Staff,0.021298810839653,Education and Training Provision,0.0166771635413169,Health Service Executive,0.0156016442924737,Nursing and Midwifery Board of Ireland,0.0145542798563838,Third Level Admissions,0.0110069746151566,70869/26,301,Carol Nolan,CAROL NOLAN,written,en,"To ask the Minister for Health the number of recruitment applications rejected due to false, altered or unverifiable academic qualifications in each year since 2020.",the minister for health the number of recruitment applications rejected due to false altered or unverifiable academic qualifications in each year since 2020 70869 26,Health,1270,1272
"302. Deputy David Cullinane asked the Minister for Health the number of hospital-initiated scheduled care cancellations by month the year to date, by hospital, appointment or procedure type and reason, in tabular form. [70873/26]",,Health,2026-10-07,0.4455974400043487,Hospital Procedures,Hospital Procedures,0.4455974400043487,Hospital Services,0.2645213901996612,Hospital Admissions,0.073346309363842,Hospital Appointments Status,0.0733438283205032,Departmental Data,0.0635604709386825,Hospital Waiting Lists,0.0279737114906311,Health Services,0.0112157445400953,Hospital Transfers,0.0057436130009591,Hospital Overcrowding,0.0037097707390785,Hospital Staff,0.0034104068763554,70873/26,302,David Cullinane,DAVID CULLINANE,written,en,"To ask the Minister for Health the number of hospital-initiated scheduled care cancellations by month the year to date, by hospital, appointment or procedure type and reason, in tabular form.",the minister for health the number of hospital-initiated scheduled care cancellations by month the year to date by hospital appointment or procedure type and reason in tabular form 70873 26,Health,1274,1276
"303. Deputy David Cullinane asked the Minister for Health the compliance rate with each key performance indicator for cancer diagnosis and treatment, nationally and by designated cancer centre, for year to date by treatment modality, in tabular form; the number of patients treated; the number and percentage treated within and outside the relevant target timeframe; and the median and longest wait timeframes. [70872/26]",,Health,2026-10-07,0.8715820908546448,Cancer Services,Cancer Services,0.8715820908546448,Health Services,0.0491184294223785,Departmental Data,0.0261711440980434,Hospital Services,0.0162378326058387,Health Strategies,0.0053057493641972,Healthcare Policy,0.0034850602969527,Hospital Procedures,0.0031612387392669,National Treatment Purchase Fund,0.0021628439426422,Hospital Facilities,0.0018122245091944,Health Screening Programmes,0.0012765892315655,70872/26,303,David Cullinane,DAVID CULLINANE,written,en,"To ask the Minister for Health the compliance rate with each key performance indicator for cancer diagnosis and treatment, nationally and by designated cancer centre, for year to date by treatment modality, in tabular form; the number of patients treated; the number and percentage treated within and outside the relevant target timeframe; and the median and longest wait timeframes.",the minister for health the compliance rate with each key performance indicator for cancer diagnosis and treatment nationally and by designated cancer centre for year to date by treatment modality in tabular form the number of patients treated the number and percentage treated within and outside the relevant target timeframe and the median and longest wait timeframes 70872 26,Health,1278,1280
304. Deputy Réada Cronin asked the Minister for Health whether an expansion of theatre capacity is planned at Naas general hospital; and if she will make a statement on the matter. [70956/26],,Health,2026-10-07,0.8302622437477112,Hospital Facilities,Hospital Facilities,0.8302622437477112,Hospital Services,0.082512080669403,Healthcare Infrastructure Provision,0.0537589006125927,Health Services,0.0064222826622426,Hospital Equipment,0.0040630372241139,Emergency Departments,0.0032817109022289,National Children's Hospital,0.0028494575526565,Hospital Overcrowding,0.0026743195485323,Hospital Admissions,0.0017442486714571,Community Care,0.0010617671068757,70956/26,304,Réada Cronin,RÉADA CRONIN,written,en,To ask the Minister for Health whether an expansion of theatre capacity is planned at Naas general hospital; and if she will make a statement on the matter.,the minister for health whether an expansion of theatre capacity is planned at naas general hospital and 70956 26,Health,1282,1284
305. Deputy Réada Cronin asked the Minister for Health the status of all approved capital projects at Naas general hospital; the current stage of each project; the estimated cost; the expected completion date; and if she will make a statement on the matter. [70955/26],,Health,2026-10-07,0.5066820383071899,Healthcare Infrastructure Provision,Healthcare Infrastructure Provision,0.5066820383071899,Hospital Facilities,0.3320862054824829,National Children's Hospital,0.0547283664345741,Hospital Services,0.048547837883234,Health Services,0.0083552878350019,National Maternity Hospital,0.0058379871770739,Departmental Projects,0.0040530022233724,Capital Expenditure Programme,0.0031012368854135,Primary Care Centres,0.0030516078695654,Departmental Data,0.0028423815965652,70955/26,305,Réada Cronin,RÉADA CRONIN,written,en,To ask the Minister for Health the status of all approved capital projects at Naas general hospital; the current stage of each project; the estimated cost; the expected completion date; and if she will make a statement on the matter.,the minister for health the status of all approved capital projects at naas general hospital the current stage of each project the estimated cost the expected completion date and 70955 26,Health,1286,1288
306. Deputy Réada Cronin asked the Minister for Health the current waiting times for gynaecology outpatient appointments and procedures at Naas general hospital; the measures being taken to improve access to care; and if she will make a statement on the matter. [70957/26],,Health,2026-10-07,0.9733040928840636,Hospital Waiting Lists,Hospital Waiting Lists,0.9733040928840636,Health Services Waiting Lists,0.0111874043941497,Hospital Services,0.0033700303174555,Hospital Appointments Status,0.0029128573369234,Hospital Procedures,0.001775407930836,Health Services,0.001724301604554,Hospital Admissions,0.0008698996971361,Departmental Data,0.0007924524252302,National Treatment Purchase Fund,0.0006598522886633,Cancer Services,0.0003695684717968,70957/26,306,Réada Cronin,RÉADA CRONIN,written,en,To ask the Minister for Health the current waiting times for gynaecology outpatient appointments and procedures at Naas general hospital; the measures being taken to improve access to care; and if she will make a statement on the matter.,the minister for health the current waiting times for gynaecology outpatient appointments and procedures at naas general hospital the measures being taken to improve access to care and 70957 26,Health,1290,1292
"307. Deputy Ken O'Flynn asked the Minister for Health further to Parliamentary Question No. 64875/26, whether her Department or the HSE has carried out an assessment of the impact of reduced international recruitment on nursing and midwifery vacancy rates and on compliance with the framework for safe nurse staffing and skill mix; if not, the reason; the current nursing and midwifery vacancy rate in each HSE health region; and if she will make a statement on the matter. [70906/26]",,Health,2026-10-07,0.8524600267410278,Health Services Staff,Health Services Staff,0.8524600267410278,Hospital Staff,0.0603547133505344,Health Service Executive,0.0304633602499961,Departmental Data,0.0129877440631389,Health Services,0.0074917427264153,Nursing and Midwifery Board of Ireland,0.0061698458157479,Nursing Education,0.0044088852591812,Covid-19 Pandemic,0.0032198957633227,Departmental Staff,0.0025859687011688,Medical Qualifications,0.0024172849953174,70906/26,307,Ken O'Flynn,KEN O'FLYNN,written,en,"To ask the Minister for Health further to Parliamentary Question No. 64875/26, whether her Department or the HSE has carried out an assessment of the impact of reduced international recruitment on nursing and midwifery vacancy rates and on compliance with the framework for safe nurse staffing and skill mix; if not, the reason; the current nursing and midwifery vacancy rate in each HSE health region; and if she will make a statement on the matter.",the minister for health further to parliamentary question no 64875 26 whether her department or the hse has carried out an assessment of the impact of reduced international recruitment on nursing and midwifery vacancy rates and on compliance with the framework for safe nurse staffing and skill mix if not the reason the current nursing and midwifery vacancy rate in each hse health region and 70906 26,Health,1294,1296
"308. Deputy Ken O'Flynn asked the Minister for Health further to Parliamentary Question No. 64875/26, of the increase of 2,214 nursing and midwifery WTEs from December 2024 to July 2026 cited in the reply, the number who trained in Ireland and the number who trained abroad; and if a statement will be made on the matter. [70907/26]",,Health,2026-10-07,0.6947445869445801,Health Services Staff,Health Services Staff,0.6947445869445801,Hospital Staff,0.0798112228512764,Departmental Data,0.0433832891285419,Health Services,0.0362388677895069,Nursing and Midwifery Board of Ireland,0.0345734916627407,Medical Qualifications,0.0183212254196405,Health Service Executive,0.0136972516775131,Nursing Education,0.0131947845220565,Healthcare Policy,0.0096160219982266,Medical Research and Training,0.0035987813025712,70907/26,308,Ken O'Flynn,KEN O'FLYNN,written,en,"To ask the Minister for Health further to Parliamentary Question No. 64875/26, of the increase of 2,214 nursing and midwifery WTEs from December 2024 to July 2026 cited in the reply, the number who trained in Ireland and the number who trained abroad; and if a statement will be made on the matter.",the minister for health further to parliamentary question no 64875 26 of the increase of 2 214 nursing and midwifery wtes from december 2024 to july 2026 cited in the reply the number who trained in ireland and the number who trained abroad and if a statement will be made on the matter 70907 26,Health,1298,1300
"309. Deputy Ken O'Flynn asked the Minister for Health further to Parliamentary Question No. 64877/26, the number of graduates of Irish nursing and midwifery degree programmes who took up employment with the HSE in each of the years 2023, 2024 and 2025; the projected number for each of the years 2026, 2027 and 2028; how these figures compare with the estimated 1,748 new nurses and midwives the HSE has stated are needed each year to maintain existing numbers; and if a statement will be made on the matter. [70908/26]",,Health,2026-10-07,0.8221096396446228,Health Services Staff,Health Services Staff,0.8221096396446228,Health Service Executive,0.0453773140907287,Hospital Staff,0.0327886156737804,Nursing Education,0.020109936594963,Departmental Data,0.0172002185136079,Medical Qualifications,0.0144340870901942,Nursing and Midwifery Board of Ireland,0.0099005838856101,Health Services,0.0067814798094332,Medical Research and Training,0.0021499323192983,Qualifications Recognition,0.0019616237841546,70908/26,309,Ken O'Flynn,KEN O'FLYNN,written,en,"To ask the Minister for Health further to Parliamentary Question No. 64877/26, the number of graduates of Irish nursing and midwifery degree programmes who took up employment with the HSE in each of the years 2023, 2024 and 2025; the projected number for each of the years 2026, 2027 and 2028; how these figures compare with the estimated 1,748 new nurses and midwives the HSE has stated are needed each year to maintain existing numbers; and if a statement will be made on the matter.",the minister for health further to parliamentary question no 64877 26 the number of graduates of irish nursing and midwifery degree programmes who took up employment with the hse in each of the years 2023 2024 and 2025 the projected number for each of the years 2026 2027 and 2028 how these figures compare with the estimated 1 748 new nurses and midwives the hse has stated are needed each year to maintain existing numbers and if a statement will be made on the matter 70908 26,Health,1302,1304
"310. Deputy Ken O'Flynn asked the Minister for Health further to Parliamentary Question No. 64877/26, the year in which the first graduates from the 268 additional nursing and midwifery places announced by the Minister for Further and Higher Education, Research, Innovation and Science are expected to enter the workforce; the number of those additional places expected to produce graduates in 2027 and 2028 respectively; and if a statement will be made on the matter. [70909/26]",,Health,2026-10-07,0.5967963337898254,Health Services Staff,Health Services Staff,0.5967963337898254,Nursing Education,0.0920840874314308,Hospital Staff,0.0629635825753212,Medical Qualifications,0.0458822734653949,Departmental Data,0.0391676761209964,Nursing and Midwifery Board of Ireland,0.0339078791439533,Health Services,0.0136085730046033,Qualifications Recognition,0.0129735982045531,Third Level Admissions,0.0125798340886831,Medical Research and Training,0.0120016727596521,70909/26,310,Ken O'Flynn,KEN O'FLYNN,written,en,"To ask the Minister for Health further to Parliamentary Question No. 64877/26, the year in which the first graduates from the 268 additional nursing and midwifery places announced by the Minister for Further and Higher Education, Research, Innovation and Science are expected to enter the workforce; the number of those additional places expected to produce graduates in 2027 and 2028 respectively; and if a statement will be made on the matter.",the minister for health further to parliamentary question no 64877 26 the year in which the first graduates from the 268 additional nursing and midwifery places announced by the minister for further and higher education research innovation and science are expected to enter the workforce the number of those additional places expected to produce graduates in 2027 and 2028 respectively and if a statement will be made on the matter 70909 26,Health,1306,1308
"311. Deputy Ken O'Flynn asked the Minister for Health further to Parliamentary Question No. 64877/26, the total cost to date of the project home initiative and the international relocation package; the number of relocation payments made in 2025 and 2026 to date; the number of nurses and midwives who took up HSE posts as a direct result of each initiative; and if a statement will be made on the matter. [70910/26]",,Health,2026-10-07,0.2368773072957992,Healthcare Infrastructure Provision,Healthcare Infrastructure Provision,0.2368773072957992,Health Services,0.1627419888973236,Care Services,0.0857842788100242,Mental Health Services,0.0418683476746082,Nursing Homes,0.0411064401268959,Home Care Packages,0.0404509715735912,Departmental Data,0.0391823314130306,Care of the Elderly,0.0374366044998168,Departmental Schemes,0.0350025855004787,Health Service Executive,0.0271026566624641,70910/26,311,Ken O'Flynn,KEN O'FLYNN,written,en,"To ask the Minister for Health further to Parliamentary Question No. 64877/26, the total cost to date of the project home initiative and the international relocation package; the number of relocation payments made in 2025 and 2026 to date; the number of nurses and midwives who took up HSE posts as a direct result of each initiative; and if a statement will be made on the matter.",the minister for health further to parliamentary question no 64877 26 the total cost to date of the project home initiative and the international relocation package the number of relocation payments made in 2025 and 2026 to date the number of nurses and midwives who took up hse posts as a direct result of each initiative and if a statement will be made on the matter 70910 26,Health,1310,1312
312. Deputy Réada Cronin asked the Minister for Health whether her Department has undertaken a review of projected population growth in county Kildare and the consequent demand for services at Naas general hospital; whether additional capacity is planned in response; and if she will make a statement on the matter. [70959/26],,Health,2026-10-07,0.5533281564712524,Hospital Services,Hospital Services,0.5533281564712524,Hospital Overcrowding,0.1084151491522789,Health Services,0.0367126576602458,Hospital Admissions,0.0356381498277187,Hospital Transfers,0.0232481937855482,Hospital Facilities,0.0214065518230199,Hospital Procedures,0.0203637387603521,Healthcare Policy,0.01981664262712,Departmental Data,0.0129576995968818,National Children's Hospital,0.0116096818819642,70959/26,312,Réada Cronin,RÉADA CRONIN,written,en,To ask the Minister for Health whether her Department has undertaken a review of projected population growth in county Kildare and the consequent demand for services at Naas general hospital; whether additional capacity is planned in response; and if she will make a statement on the matter.,the minister for health whether her department has undertaken a review of projected population growth in county kildare and the consequent demand for services at naas general hospital whether additional capacity is planned in response and 70959 26,Health,1314,1316
"313. Deputy Réada Cronin asked the Minister for Health if she will provide a detailed breakdown of funding allocated to Naas general hospital in Budgets 2025 and 2026 for service developments, staffing and capital projects; and if she will make a statement on the matter. [70962/26]",,Health,2026-10-07,0.5853331089019775,Departmental Funding,Departmental Funding,0.5853331089019775,Hospital Services,0.062084175646305,Health Services,0.0576444715261459,Mental Health Services,0.0496000051498413,Departmental Data,0.0374399945139884,Departmental Budgets,0.0303330346941947,Departmental Expenditure,0.0216210559010505,Hospital Staff,0.0177001133561134,Health Service Executive,0.0149427289143204,Health Services Staff,0.007777729537338,70962/26,313,Réada Cronin,RÉADA CRONIN,written,en,"To ask the Minister for Health if she will provide a detailed breakdown of funding allocated to Naas general hospital in Budgets 2025 and 2026 for service developments, staffing and capital projects; and if she will make a statement on the matter.",the minister for health if she will provide a detailed breakdown of funding allocated to naas general hospital in budgets 2025 and 2026 for service developments staffing and capital projects and 70962 26,Health,1318,1320
314. Deputy Réada Cronin asked the Minister for Health the measures being taken to reduce overcrowding and improve patient flow at Naas general hospital; and if she will make a statement on the matter. [70998/26],,Health,2026-10-07,0.7140177488327026,Hospital Overcrowding,Hospital Overcrowding,0.7140177488327026,Hospital Services,0.0764159485697746,Hospital Facilities,0.0522695146501064,Emergency Departments,0.0314255617558956,Hospital Admissions,0.0180506128817796,Hospital Waiting Lists,0.013604212552309,National Children's Hospital,0.0088146300986409,Hospital Charges,0.0082566067576408,Hospital Transfers,0.0075268936343491,Healthcare Infrastructure Provision,0.0063449358567595,70998/26,314,Réada Cronin,RÉADA CRONIN,written,en,To ask the Minister for Health the measures being taken to reduce overcrowding and improve patient flow at Naas general hospital; and if she will make a statement on the matter.,the minister for health the measures being taken to reduce overcrowding and improve patient flow at naas general hospital and 70998 26,Health,1322,1324
"315. Deputy Réada Cronin asked the Minister for Health the current average emergency department waiting time at Naas general hospital; the number of patients treated on trolleys in each month of 2025 and to date in 2026, in tabular form; and if she will make a statement on the matter. [70999/26]",,Health,2026-10-07,0.8445910811424255,Emergency Departments,Emergency Departments,0.8445910811424255,Hospital Admissions,0.0570547059178352,Hospital Overcrowding,0.0298043731600046,Hospital Services,0.0231946129351854,Hospital Facilities,0.0106392679736018,Departmental Data,0.0087715219706296,Hospital Waiting Lists,0.0044579035602509,Hospital Staff,0.002505503129214,Hospital Transfers,0.0017978112446144,Emergency Services,0.0017750978004187,70999/26,315,Réada Cronin,RÉADA CRONIN,written,en,"To ask the Minister for Health the current average emergency department waiting time at Naas general hospital; the number of patients treated on trolleys in each month of 2025 and to date in 2026, in tabular form; and if she will make a statement on the matter.",the minister for health the current average emergency department waiting time at naas general hospital the number of patients treated on trolleys in each month of 2025 and to date in 2026 in tabular form and 70999 26,Health,1326,1328
316. Deputy Réada Cronin asked the Minister for Health whether additional bed capacity is planned for Naas general hospital between 2026 and 2030; the number of beds proposed; the projected completion dates; and if she will make a statement on the matter. [71000/26],,Health,2026-10-07,0.8316723108291626,Hospital Facilities,Hospital Facilities,0.8316723108291626,Hospital Services,0.0637590512633323,Healthcare Infrastructure Provision,0.061553131788969,Hospital Overcrowding,0.0059632360935211,Health Services,0.0045587141066789,Emergency Departments,0.0044767246581614,National Children's Hospital,0.0041316356509923,Departmental Data,0.0035471010487526,Hospital Admissions,0.002827541437,Hospital Equipment,0.0020098811946809,71000/26,316,Réada Cronin,RÉADA CRONIN,written,en,To ask the Minister for Health whether additional bed capacity is planned for Naas general hospital between 2026 and 2030; the number of beds proposed; the projected completion dates; and if she will make a statement on the matter.,the minister for health whether additional bed capacity is planned for naas general hospital between 2026 and 2030 the number of beds proposed the projected completion dates and 71000 26,Health,1330,1332
317. Deputy Réada Cronin asked the Minister for Health the number of endoscopy procedures carried out at Naas General Hospital in 2025 and to date in 2026; the current waiting list for GI scopes; and the measures being taken to reduce waiting times. [71006/26],,Health,2026-10-07,0.7309985160827637,Hospital Waiting Lists,Hospital Waiting Lists,0.7309985160827637,Hospital Procedures,0.1564801633358001,Hospital Services,0.0411309339106082,Health Services Waiting Lists,0.0154340649023652,Departmental Data,0.0116017311811447,Health Services,0.0084265647456049,Hospital Admissions,0.0060239834710955,Hospital Appointments Status,0.0059256637468934,Cancer Services,0.0050024352967739,National Treatment Purchase Fund,0.0044822450727224,71006/26,317,Réada Cronin,RÉADA CRONIN,written,en,To ask the Minister for Health the number of endoscopy procedures carried out at Naas General Hospital in 2025 and to date in 2026; the current waiting list for GI scopes; and the measures being taken to reduce waiting times.,the minister for health the number of endoscopy procedures carried out at naas general hospital in 2025 and to date in 2026 the current waiting list for gi scopes and the measures being taken to reduce waiting times 71006 26,Health,1334,1336
"318. Deputy Réada Cronin asked the Minister for Health the number of patients awaiting outpatient appointments, inpatient treatment and day-case procedures at Naas General Hospital, broken down by specialty and waiting time category, in tabular form; and if she will make a statement on the matter. [71005/26]",,Health,2026-10-07,0.926534116268158,Hospital Waiting Lists,Hospital Waiting Lists,0.926534116268158,Hospital Services,0.0169118456542491,Health Services Waiting Lists,0.0157520938664674,Hospital Procedures,0.0083248820155859,Departmental Data,0.0080278338864445,Hospital Appointments Status,0.0073862196877598,Hospital Admissions,0.0048863999545574,Health Services,0.0035752630792558,National Treatment Purchase Fund,0.001835961244069,Hospital Transfers,0.0007945998804643,71005/26,318,Réada Cronin,RÉADA CRONIN,written,en,"To ask the Minister for Health the number of patients awaiting outpatient appointments, inpatient treatment and day-case procedures at Naas General Hospital, broken down by specialty and waiting time category, in tabular form; and if she will make a statement on the matter.",the minister for health the number of patients awaiting outpatient appointments inpatient treatment and day-case procedures at naas general hospital broken down by specialty and waiting time category in tabular form and 71005 26,Health,1338,1340
"319. Deputy Réada Cronin asked the Minister for Health the current staffing levels in the emergency department, theatre services and diagnostic services at Naas General Hospital; the number of posts that are vacant regarding same; and if she will make a statement on the matter. [71004/26]",,Health,2026-10-07,0.8074856996536255,Hospital Staff,Hospital Staff,0.8074856996536255,Health Services Staff,0.0590941049158573,Emergency Departments,0.0539609268307685,Hospital Services,0.0338206365704536,Departmental Data,0.0122720897197723,Hospital Admissions,0.0074419155716896,Hospital Facilities,0.005451466422528,Health Services,0.0040626926347613,Health Service Executive,0.0019663132261484,Ambulance Service,0.0018339463276788,71004/26,319,Réada Cronin,RÉADA CRONIN,written,en,"To ask the Minister for Health the current staffing levels in the emergency department, theatre services and diagnostic services at Naas General Hospital; the number of posts that are vacant regarding same; and if she will make a statement on the matter.",the minister for health the current staffing levels in the emergency department theatre services and diagnostic services at naas general hospital the number of posts that are vacant regarding same and 71004 26,Health,1342,1344
"320. Deputy Réada Cronin asked the Minister for Health the current number of consultant vacancies at Naas General Hospital, by specialty; the length of time each post has been vacant; the measures being taken to fill these positions; and if she will make a statement on the matter. [71001/26]",,Health,2026-10-07,0.9386441111564636,Hospital Staff,Hospital Staff,0.9386441111564636,Health Services Staff,0.0511774867773056,Departmental Data,0.002315854653716,Hospital Services,0.0023143000435084,Departmental Staff,0.000819903158117,Health Services,0.0007265574531629,Health Service Executive,0.000526322517544,Mental Health Services,0.0002359525533393,Hospital Waiting Lists,0.0002249771059723,Cancer Services,0.0001991334138438,71001/26,320,Réada Cronin,RÉADA CRONIN,written,en,"To ask the Minister for Health the current number of consultant vacancies at Naas General Hospital, by specialty; the length of time each post has been vacant; the measures being taken to fill these positions; and if she will make a statement on the matter.",the minister for health the current number of consultant vacancies at naas general hospital by specialty the length of time each post has been vacant the measures being taken to fill these positions and 71001 26,Health,1346,1348
"321. Deputy David Cullinane asked the Minister for Health the number of people resident in County Waterford waiting for an initial appointment across primary and community care services at end September 2026, broken down by service, age group and waiting-time band; the average, median and longest waiting time for each service, in tabular form. [70875/26]",,Health,2026-10-07,0.6543045043945312,Health Services Waiting Lists,Health Services Waiting Lists,0.6543045043945312,Primary Care Services,0.1777481138706207,Health Services,0.045452918857336,Departmental Data,0.03590589761734,Mental Health Services,0.014352592639625,Hospital Waiting Lists,0.011738839559257,Disability Services,0.0063919508829712,Care Services,0.0050772102549672,Home Care Packages,0.0041913841851055,Primary Care Centres,0.0040793535299599,70875/26,321,David Cullinane,DAVID CULLINANE,written,en,"To ask the Minister for Health the number of people resident in County Waterford waiting for an initial appointment across primary and community care services at end September 2026, broken down by service, age group and waiting-time band; the average, median and longest waiting time for each service, in tabular form.",the minister for health the number of people resident in county waterford waiting for an initial appointment across primary and community care services at end september 2026 broken down by service age group and waiting-time band the average median and longest waiting time for each service in tabular form 70875 26,Health,1350,1352
"322. Deputy Mairéad Farrell asked the Minister for Health whether the free HRT Scheme will be extended to cover hormone replacement therapy for patients with congenital or permanent endocrine conditions, including testosterone replacement for Klinefelter syndrome. [70851/26]",,Health,2026-10-07,0.309326559305191,Medicinal Products,Medicinal Products,0.309326559305191,Departmental Schemes,0.3042346239089966,Health Services,0.2440700381994247,Healthcare Policy,0.055225059390068,Disease Management,0.0189515259116888,Health Strategies,0.0101832039654254,Medical Aids and Appliances,0.0088673820719122,Disability Services,0.0040976530872285,Departmental Data,0.0040852683596313,Health Promotion,0.003662311239168,70851/26,322,Mairéad Farrell,MAIRÉAD FARRELL,written,en,"To ask the Minister for Health whether the free HRT Scheme will be extended to cover hormone replacement therapy for patients with congenital or permanent endocrine conditions, including testosterone replacement for Klinefelter syndrome.",the minister for health whether the free hrt scheme will be extended to cover hormone replacement therapy for patients with congenital or permanent endocrine conditions including testosterone replacement for klinefelter syndrome 70851 26,Health,1354,1356
323. Deputy Mairéad Farrell asked the Minister for Health the current status of the HSE's full health technology assessment (details supplied); the reason no outcome has been published in over two years; and the expected date of a reimbursement decision. [70848/26],,Health,2026-10-07,0.7036988735198975,Health Service Executive,Health Service Executive,0.7036988735198975,Health Services,0.181080624461174,Healthcare Policy,0.0118494778871536,Health Services Staff,0.008765373378992,Medical Aids and Appliances,0.0070253917947411,Disabilities Assessments,0.0045482157729566,Disability Services,0.0043803299777209,Departmental Data,0.0036985499318689,Medicinal Products,0.0033691085409373,Departmental Inquiries,0.0032262448221445,70848/26,323,Mairéad Farrell,MAIRÉAD FARRELL,written,en,To ask the Minister for Health the current status of the HSE's full health technology assessment (details supplied); the reason no outcome has been published in over two years; and the expected date of a reimbursement decision.,the minister for health the current status of the hse s full health technology assessment details supplied the reason no outcome has been published in over two years and the expected date of a reimbursement decision 70848 26,Health,1358,1360
"324. Deputy Barry Heneghan asked the Minister for Health the current average waiting times for counselling services, primary care psychology services and psychiatric assessment services, broken down by CHO area; the interim supports available to persons awaiting these services; the procedures in place where a person’s mental health deteriorates while on a waiting list, including whether they can be reassessed and prioritised on the basis of increased clinical need; and the measures being taken to reduce waiting times. [71038/26]",,Health,2026-10-07,0.8598588705062866,Mental Health Services,Mental Health Services,0.8598588705062866,Health Services Waiting Lists,0.1027667000889778,Health Services,0.0114195263013243,Hospital Waiting Lists,0.0050015361048281,Departmental Data,0.0037670927122235,Primary Care Services,0.0029110698960721,Mental Health Policy,0.0024754654150456,Disability Services,0.0017041962128132,Health Services Staff,0.0009961476316675,Disabilities Assessments,0.0006670082220807,71038/26,324,Barry Heneghan,BARRY HENEGHAN,written,en,"To ask the Minister for Health the current average waiting times for counselling services, primary care psychology services and psychiatric assessment services, broken down by CHO area; the interim supports available to persons awaiting these services; the procedures in place where a person’s mental health deteriorates while on a waiting list, including whether they can be reassessed and prioritised on the basis of increased clinical need; and the measures being taken to reduce waiting times.",the minister for health the current average waiting times for counselling services primary care psychology services and psychiatric assessment services broken down by cho area the interim supports available to persons awaiting these services the procedures in place where a person s mental health deteriorates while on a waiting list including whether they can be reassessed and prioritised on the basis of increased clinical need and the measures being taken to reduce waiting times 71038 26,Health,1362,1364
"325. Deputy Marie Sherlock asked the Minister for Health to define the occupational therapy service prioritisation criteria categories, P1, P2 and so on; the areas where that has been applied per category of the prioritisation criteria; and the wait list and occupational therapy staffing for each of those areas. [71033/26]",,Health,2026-10-07,0.5809042453765869,Health Services,Health Services,0.5809042453765869,Health Services Staff,0.244216039776802,Disability Services,0.1029988154768943,Departmental Data,0.0164607856422662,Mental Health Services,0.0100363930687308,Health Services Waiting Lists,0.0078754723072052,Primary Care Services,0.005823221988976,Care Services,0.0040903245098888,Health Service Executive,0.003356791799888,Departmental Reviews,0.0023175529204308,71033/26,325,Marie Sherlock,MARIE SHERLOCK,written,en,"To ask the Minister for Health to define the occupational therapy service prioritisation criteria categories, P1, P2 and so on; the areas where that has been applied per category of the prioritisation criteria; and the wait list and occupational therapy staffing for each of those areas.",the minister for health to define the occupational therapy service prioritisation criteria categories p1 p2 and so on the areas where that has been applied per category of the prioritisation criteria and the wait list and occupational therapy staffing for each of those areas 71033 26,Health,1366,1368
326. Deputy Pádraig Rice asked the Minister for Health the status of the elective hospital project in Cork; and if the planning application will be submitted by year end. [71021/26],,Health,2026-10-07,0.554740309715271,Healthcare Infrastructure Provision,Healthcare Infrastructure Provision,0.554740309715271,Hospital Facilities,0.3602507710456848,Hospital Services,0.0416199304163455,National Children's Hospital,0.0077266725711524,Health Services,0.0074576740153133,Primary Care Centres,0.002867073751986,Hospital Equipment,0.0027671346906572,Emergency Departments,0.0026763775385916,Community Care,0.002042701235041,Departmental Projects,0.0017485643038526,71021/26,326,Pádraig Rice,PÁDRAIG RICE,written,en,To ask the Minister for Health the status of the elective hospital project in Cork; and if the planning application will be submitted by year end.,the minister for health the status of the elective hospital project in cork and if the planning application will be submitted by year end 71021 26,Health,1370,1372
327. Deputy Pádraig Rice asked the Minister for Health to provide an update on the statutory regulation of psychologists; and the timeline for opening the psychology registers. [71018/26],,Health,2026-10-07,0.2641645073890686,Mental Health Services,Mental Health Services,0.2641645073890686,Health Services Staff,0.2586486041545868,Medical Qualifications,0.098159871995449,Health Services,0.0789271220564842,Healthcare Policy,0.0346266776323318,Mental Health Policy,0.0332094021141529,Health Service Executive,0.0195503495633602,Departmental Reviews,0.0182031951844692,Hospital Staff,0.0143144065514206,Departmental Policies,0.0108085796236991,71018/26,327,Pádraig Rice,PÁDRAIG RICE,written,en,To ask the Minister for Health to provide an update on the statutory regulation of psychologists; and the timeline for opening the psychology registers.,the minister for health to provide an update on the statutory regulation of psychologists and the timeline for opening the psychology registers 71018 26,Health,1374,1376
328. Deputy Pádraig Rice asked the Minister for Health if the decision to make significant changes to the DOMINO scheme in Cork University Maternity Hospital will be reversed; and if she has engaged with the South West region and local management regarding this decision. [71017/26],,Health,2026-10-07,0.1980566382408142,Health Services,Health Services,0.1980566382408142,Healthcare Policy,0.1686016470193863,Health Strategies,0.092258870601654,Assisted Human Reproduction,0.0596461147069931,Hospital Services,0.0526699796319007,Departmental Schemes,0.0412520058453083,Cancer Services,0.0322066284716129,Disease Management,0.0275247879326343,National Treatment Purchase Fund,0.017625181004405,National Maternity Hospital,0.0172139592468738,71017/26,328,Pádraig Rice,PÁDRAIG RICE,written,en,To ask the Minister for Health if the decision to make significant changes to the DOMINO scheme in Cork University Maternity Hospital will be reversed; and if she has engaged with the South West region and local management regarding this decision.,the minister for health if the decision to make significant changes to the domino scheme in cork university maternity hospital will be reversed and if she has engaged with the south west region and local management regarding this decision 71017 26,Health,1378,1380
"329. Deputy Ken O'Flynn asked the Minister for Health further to Parliamentary Question No. 64878/26, whether HSE services that recruit nurses and midwives directly from abroad outside the national frameworks are required to report those appointments to HSE National HR; if not, the reason; whether her Department will direct that such data be collected and published; and if she will make a statement on the matter. [70912/26]",,Health,2026-10-07,0.9115749597549438,Health Services Staff,Health Services Staff,0.9115749597549438,Health Service Executive,0.0455109998583793,Hospital Staff,0.0120119675993919,Departmental Data,0.0098982704803347,Health Services,0.0049979011528193,Departmental Staff,0.0035571148619055,Disability Services,0.0016183080151677,Mental Health Services,0.0012050704099237,Medical Qualifications,0.000876827747561,Nursing Education,0.0007922369986772,70912/26,329,Ken O'Flynn,KEN O'FLYNN,written,en,"To ask the Minister for Health further to Parliamentary Question No. 64878/26, whether HSE services that recruit nurses and midwives directly from abroad outside the national frameworks are required to report those appointments to HSE National HR; if not, the reason; whether her Department will direct that such data be collected and published; and if she will make a statement on the matter.",the minister for health further to parliamentary question no 64878 26 whether hse services that recruit nurses and midwives directly from abroad outside the national frameworks are required to report those appointments to hse national hr if not the reason whether her department will direct that such data be collected and published and 70912 26,Health,1382,1384
"330. Deputy Ken O'Flynn asked the Minister for Health further to Parliamentary Question No. 64878/26, the number of nurses and midwives recruited internationally through the national framework for the international recruitment of nurses and midwives, the HSE authorisation scheme professional placement scheme and the managed service provider arrangement respectively, in each of the years 2023, 2024 and 2025; and if she will make on the matter. [70911/26]",,Health,2026-10-07,0.956344485282898,Health Services Staff,Health Services Staff,0.956344485282898,Hospital Staff,0.0140398824587464,Departmental Data,0.0114622423425316,Health Service Executive,0.0043296264484524,Health Services,0.0029714794363826,Nursing Education,0.0016820590244606,Medical Qualifications,0.0016736040124669,Nursing and Midwifery Board of Ireland,0.0011204393813386,Departmental Staff,0.0007720086723566,General Practitioner Services,0.000619072408881,70911/26,330,Ken O'Flynn,KEN O'FLYNN,written,en,"To ask the Minister for Health further to Parliamentary Question No. 64878/26, the number of nurses and midwives recruited internationally through the national framework for the international recruitment of nurses and midwives, the HSE authorisation scheme professional placement scheme and the managed service provider arrangement respectively, in each of the years 2023, 2024 and 2025; and if she will make on the matter.",the minister for health further to parliamentary question no 64878 26 the number of nurses and midwives recruited internationally through the national framework for the international recruitment of nurses and midwives the hse authorisation scheme professional placement scheme and the managed service provider arrangement respectively in each of the years 2023 2024 and 2025 and if she will make on the matter 70911 26,Health,1386,1388
"331. Deputy Fionntán Ó Súilleabháin asked the Minister for Health the extent to which she is aware that the nursing homes support scheme (Fair Deal) does not cover mandatory 'service charges' or additional fee packages levied on residents; if her attention has been drawn to cases where private nursing homes are implementing sharp, recurring increases to these weekly service charges within short timeframes; if she will close the legislative loophole that allows private operators to charge these unregulated top-up fees; and if she will introduce legislation to cap or regulate these additional service charges or initiate a full review of the fair deal scheme. [71035/26]",,Health,2026-10-07,0.9883469939231871,Nursing Homes,Nursing Homes,0.9883469939231871,Departmental Schemes,0.0025952791329473,Care Services,0.0010652770288288,Covid-19 Pandemic,0.0007188651943579,Health Services,0.0004893822479061,Departmental Data,0.0004306764749344,Care of the Elderly,0.0003631151921581,Departmental Inquiries,0.0002852271718438,Health Service Executive,0.0002502687566448,Emergency Accommodation,0.0002397487260168,71035/26,331,Fionntán Ó Súilleabháin,FIONNTÁN Ó SÚILLEABHÁIN,written,en,"To ask the Minister for Health the extent to which she is aware that the nursing homes support scheme (Fair Deal) does not cover mandatory 'service charges' or additional fee packages levied on residents; if her attention has been drawn to cases where private nursing homes are implementing sharp, recurring increases to these weekly service charges within short timeframes; if she will close the legislative loophole that allows private operators to charge these unregulated top-up fees; and if she will introduce legislation to cap or regulate these additional service charges or initiate a full review of the fair deal scheme.",the minister for health the extent to which she is aware that the nursing homes support scheme fair deal does not cover mandatory service charges or additional fee packages levied on residents if her attention has been drawn to cases where private nursing homes are implementing sharp recurring increases to these weekly service charges within short timeframes if she will close the legislative loophole that allows private operators to charge these unregulated top-up fees and if she will introduce legislation to cap or regulate these additional service charges or initiate a full review of the fair deal scheme 71035 26,Health,1390,1392
332. Deputy Pádraig Rice asked the Minister for Health the reason for the changes to the DOMINO scheme in Cork University Maternity Hospital; the timeline for reverting to the original arrangements; and the status of the care for women who are currently enrolled in the scheme or have been accepted onto it. [71015/26],,Health,2026-10-07,0.3081532120704651,Health Services,Health Services,0.3081532120704651,Healthcare Policy,0.1867411583662033,Health Strategies,0.0839317739009857,Assisted Human Reproduction,0.055829931050539,Departmental Schemes,0.0500074587762355,Hospital Services,0.0416681431233882,Cancer Services,0.0286332815885543,Disease Management,0.0265896487981081,National Treatment Purchase Fund,0.0145636871457099,Health Promotion,0.0092933112755417,71015/26,332,Pádraig Rice,PÁDRAIG RICE,written,en,To ask the Minister for Health the reason for the changes to the DOMINO scheme in Cork University Maternity Hospital; the timeline for reverting to the original arrangements; and the status of the care for women who are currently enrolled in the scheme or have been accepted onto it.,the minister for health the reason for the changes to the domino scheme in cork university maternity hospital the timeline for reverting to the original arrangements and the status of the care for women who are currently enrolled in the scheme or have been accepted onto it 71015 26,Health,1394,1396
"333. Deputy Pádraig Rice asked the Minister for Health the amount spent on winter vaccination programme merchandise packs in 2023, 2024, 2025, and to date in 2026 (details supplied); and the rationale behind distributing these items to patients who have already presented for vaccination. [71011/26]",,Health,2026-10-07,0.8345701098442078,Vaccination Programme,Vaccination Programme,0.8345701098442078,Health Services,0.0257148426026105,Departmental Data,0.0256775096058845,Covid-19 Pandemic,0.0180500037968158,Disease Management,0.0076076094992458,Animal Diseases,0.0074933338910341,Medicinal Products,0.0073435646481812,Departmental Expenditure,0.0071142041124403,National Treatment Purchase Fund,0.0048662214539945,Covid-19 Tests,0.003962486051023,71011/26,333,Pádraig Rice,PÁDRAIG RICE,written,en,"To ask the Minister for Health the amount spent on winter vaccination programme merchandise packs in 2023, 2024, 2025, and to date in 2026 (details supplied); and the rationale behind distributing these items to patients who have already presented for vaccination.",the minister for health the amount spent on winter vaccination programme merchandise packs in 2023 2024 2025 and to date in 2026 details supplied and the rationale behind distributing these items to patients who have already presented for vaccination 71011 26,Health,1398,1400
"334. Deputy Pádraig Rice asked the Minister for Health in the absence of statutory regulation of psychologists, if any interim protections exist for patients; and if consideration has been given to a proposal (details supplied). [71008/26]",,Health,2026-10-07,0.4461072087287903,Health Services Staff,Health Services Staff,0.4461072087287903,Medical Qualifications,0.1182208880782127,Mental Health Services,0.0915071219205856,Health Services,0.0541060045361518,Hospital Staff,0.032115064561367,Departmental Reviews,0.0168982706964015,Healthcare Policy,0.0167909357696771,Departmental Policies,0.0143326381221413,Mental Health Policy,0.0131823681294918,Health Service Executive,0.009330197237432,71008/26,334,Pádraig Rice,PÁDRAIG RICE,written,en,"To ask the Minister for Health in the absence of statutory regulation of psychologists, if any interim protections exist for patients; and if consideration has been given to a proposal (details supplied).",the minister for health in the absence of statutory regulation of psychologists if any interim protections exist for patients and if consideration has been given to a proposal details supplied 71008 26,Health,1402,1404
"335. Deputy Ken O'Flynn asked the Minister for Health whether consideration has been given to establishing a Joint Labour Committee or other collective mechanism to set minimum pay and conditions, including travel expenses, for home support workers in the private sector; and if she will make a statement on the matter. [70768/26]",,Health,2026-10-07,0.5164368748664856,Health Services Staff,Health Services Staff,0.5164368748664856,Public Sector Pay,0.0930258855223655,Industrial Relations,0.047595489770174,Employment Rights,0.0277841985225677,Industrial Disputes,0.0251537840813398,Healthcare Policy,0.0175448041409254,Living Wage,0.0145833771675825,Health Services,0.0137304747477173,Home Help Service,0.0114812264218926,Departmental Policies,0.0112859280779957,70768/26,335,Ken O'Flynn,KEN O'FLYNN,written,en,"To ask the Minister for Health whether consideration has been given to establishing a Joint Labour Committee or other collective mechanism to set minimum pay and conditions, including travel expenses, for home support workers in the private sector; and if she will make a statement on the matter.",the minister for health whether consideration has been given to establishing a joint labour committee or other collective mechanism to set minimum pay and conditions including travel expenses for home support workers in the private sector and 70768 26,Health,1406,1408
"336. Deputy John Paul O'Shea asked the Minister for Further and Higher Education, Research, Innovation and Science the number of applicants for the pharmacy degree programme at University College Cork for the 2026/2027 academic year; the number of places available, offers issued and places accepted; the options available to applicants who, following a Leaving Certificate appeal, meet or exceed the required points but are informed that no place is available until the following academic year, as in the case of a student (details supplied) whose points increased to 601; and whether additional places can be facilitated for these students to commence their studies this year. [70803/26]",,Further and Higher Education,2026-10-07,0.22654789686203,Third Level Education,Third Level Education,0.22654789686203,Third Level Admissions,0.1855080723762512,Nursing Education,0.0868401676416397,Departmental Data,0.0677611380815506,Qualifications Recognition,0.065634049475193,Education and Training Provision,0.0620404370129108,Further and Higher Education,0.0459390170872211,Education Costs,0.025462357327342,Medical Research and Training,0.0202616602182388,Third Level Costs,0.0169491283595561,70803/26,336,John Paul O'Shea,JOHN PAUL O'SHEA,written,en,"To ask the Minister for Further and Higher Education, Research, Innovation and Science the number of applicants for the pharmacy degree programme at University College Cork for the 2026/2027 academic year; the number of places available, offers issued and places accepted; the options available to applicants who, following a Leaving Certificate appeal, meet or exceed the required points but are informed that no place is available until the following academic year, as in the case of a student (details supplied) whose points increased to 601; and whether additional places can be facilitated for these students to commence their studies this year.",the minister for further and higher education research innovation and science the number of applicants for the pharmacy degree programme at university college cork for the 2026 2027 academic year the number of places available offers issued and places accepted the options available to applicants who following a leaving certificate appeal meet or exceed the required points but are informed that no place is available until the following academic year as in the case of a student details supplied whose points increased to 601 and whether additional places can be facilitated for these students to commence their studies this year 70803 26,"Further and Higher Education, Research, Innovation and Science",1413,1415
"337. Deputy Jennifer Whitmore asked the Minister for Further and Higher Education, Research, Innovation and Science if any measures are being considered to improve financial support for graduate entry medicine students, including additional grants, subsidies or funding schemes; and if he will make a statement on the matter. [70829/26]",,Further and Higher Education,2026-10-07,0.2379991561174392,Third Level Costs,Third Level Costs,0.2379991561174392,Further and Higher Education,0.2179477661848068,Third Level Education,0.1719992905855178,Third Level Fees,0.1262106746435165,Grant Payments,0.0708050727844238,Education Costs,0.0554132983088493,Departmental Funding,0.0216112770140171,Education Schemes,0.0163906626403331,Education and Training Provision,0.011413992382586,Third Level Admissions,0.0103225968778133,70829/26,337,Jennifer Whitmore,JENNIFER WHITMORE,written,en,"To ask the Minister for Further and Higher Education, Research, Innovation and Science if any measures are being considered to improve financial support for graduate entry medicine students, including additional grants, subsidies or funding schemes; and if he will make a statement on the matter.",the minister for further and higher education research innovation and science if any measures are being considered to improve financial support for graduate entry medicine students including additional grants subsidies or funding schemes and 70829 26,"Further and Higher Education, Research, Innovation and Science",1417,1419
"338. Deputy Jen Cummins asked the Minister for Further and Higher Education, Research, Innovation and Science the number of students that have been accepted into a course in Ireland but have been unable to commence due to being denied a visa over the last five years, in tabular form. [70747/26]",,Further and Higher Education,2026-10-07,0.3099746406078338,Third Level Admissions,Third Level Admissions,0.3099746406078338,Third Level Education,0.1798890978097915,Departmental Data,0.0619470402598381,Education and Training Provision,0.0535667091608047,Further and Higher Education,0.0506536848843097,Qualifications Recognition,0.0490530394017696,Visa Applications,0.0395448394119739,Student Visas,0.0256663393229246,Nursing Education,0.0251037310808897,State Examinations,0.0133963571861386,70747/26,338,Jen Cummins,JEN CUMMINS,written,en,"To ask the Minister for Further and Higher Education, Research, Innovation and Science the number of students that have been accepted into a course in Ireland but have been unable to commence due to being denied a visa over the last five years, in tabular form.",the minister for further and higher education research innovation and science the number of students that have been accepted into a course in ireland but have been unable to commence due to being denied a visa over the last five years in tabular form 70747 26,"Further and Higher Education, Research, Innovation and Science",1421,1423
"339. Deputy John Paul O'Shea asked the Minister for Further and Higher Education, Research, Innovation and Science whether the Agricultural Engineering course at a university (details supplied) currently includes a qualification meeting the Green Cert requirements; if this is no longer the case, the reasons for the change; whether engagement is ongoing between the university, Teagasc and the relevant Departments to enable students to obtain the Green Cert as part of their degree; the progress made and expected timeframe for resolving this matter, given the additional time and cost facing students required to complete a separate qualification after a three- or four-year degree. [70799/26]",,Further and Higher Education,2026-10-07,0.2412305772304535,Third Level Education,Third Level Education,0.2412305772304535,Qualifications Recognition,0.1557617783546447,Further and Higher Education,0.1216015815734863,Education and Training Provision,0.1096005216240882,Third Level Admissions,0.0976136773824691,Nursing Education,0.0441095121204853,Third Level Staff,0.0203850902616977,Education Costs,0.0192741435021162,Third Level Costs,0.016384856775403,Apprenticeship Programmes,0.0130445668473839,70799/26,339,John Paul O'Shea,JOHN PAUL O'SHEA,written,en,"To ask the Minister for Further and Higher Education, Research, Innovation and Science whether the Agricultural Engineering course at a university (details supplied) currently includes a qualification meeting the Green Cert requirements; if this is no longer the case, the reasons for the change; whether engagement is ongoing between the university, Teagasc and the relevant Departments to enable students to obtain the Green Cert as part of their degree; the progress made and expected timeframe for resolving this matter, given the additional time and cost facing students required to complete a separate qualification after a three- or four-year degree.",the minister for further and higher education research innovation and science whether the agricultural engineering course at a university details supplied currently includes a qualification meeting the green cert requirements if this is no longer the case the reasons for the change whether engagement is ongoing between the university teagasc and the relevant departments to enable students to obtain the green cert as part of their degree the progress made and expected timeframe for resolving this matter given the additional time and cost facing students required to complete a separate qualification after a three- or four-year degree 70799 26,"Further and Higher Education, Research, Innovation and Science",1425,1427
"340. Deputy Emer Currie asked the Minister for Further and Higher Education, Research, Innovation and Science for an update on correspondence (details supplied). [70793/26]",,Further and Higher Education,2026-10-07,0.3251049518585205,Departmental Correspondence,Departmental Correspondence,0.3251049518585205,Further and Higher Education,0.1306761056184768,Third Level Education,0.0812809020280838,Apprenticeship Programmes,0.0470516756176948,Grant Payments,0.0451321564614772,Third Level Costs,0.0319975018501281,Third Level Fees,0.0295581277459859,Departmental Inquiries,0.0264869201928377,Education and Training Provision,0.0253156945109367,Education and Training Boards,0.0165935084223747,70793/26,340,Emer Currie,EMER CURRIE,written,en,"To ask the Minister for Further and Higher Education, Research, Innovation and Science for an update on correspondence (details supplied).",the minister for further and higher education research innovation and science for an update on correspondence details supplied 70793 26,"Further and Higher Education, Research, Innovation and Science",1429,1431
"341. Deputy Colm Burke asked the Minister for Further and Higher Education, Research, Innovation and Science the reason the Student Universal Support Ireland website remains only partially compliant with WCAG 2.1 Level AA, according to its published accessibility statement, despite the obligations imposed by the European Union (Accessibility of Websites and Mobile Applications of Public Sector Bodies) Regulations 2020, S.I. No. 358/2020 (details supplied); and the immediate safeguards he will ensure are available so that applicants who are blind or vision impaired can apply independently and are not disadvantaged by application deadlines or delays arising from accessibility barriers. [71030/26]",,Further and Higher Education,2026-10-07,0.1656902432441711,Further and Higher Education,Further and Higher Education,0.1656902432441711,Third Level Education,0.1190837100148201,Third Level Fees,0.0939480140805244,Third Level Costs,0.0557817444205284,Education Costs,0.0372719429433345,Qualifications Recognition,0.0360445417463779,Grant Payments,0.0289614703506231,Adult Education Provision,0.0257461164146661,Education and Training Provision,0.0253138914704322,Student Accommodation,0.0211757663637399,71030/26,341,Colm Burke,COLM BURKE,written,en,"To ask the Minister for Further and Higher Education, Research, Innovation and Science the reason the Student Universal Support Ireland website remains only partially compliant with WCAG 2.1 Level AA, according to its published accessibility statement, despite the obligations imposed by the European Union (Accessibility of Websites and Mobile Applications of Public Sector Bodies) Regulations 2020, S.I. No. 358/2020 (details supplied); and the immediate safeguards he will ensure are available so that applicants who are blind or vision impaired can apply independently and are not disadvantaged by application deadlines or delays arising from accessibility barriers.",the minister for further and higher education research innovation and science the reason the student universal support ireland website remains only partially compliant with wcag 2 1 level aa according to its published accessibility statement despite the obligations imposed by the european union accessibility of websites and mobile applications of public sector bodies regulations 2020 s i no 358 2020 details supplied and the immediate safeguards he will ensure are available so that applicants who are blind or vision impaired can apply independently and are not disadvantaged by application deadlines or delays arising from accessibility barriers 71030 26,"Further and Higher Education, Research, Innovation and Science",1433,1435
342. Deputy Duncan Smith asked the Minister for Rural and Community Development and the Gaeltacht if there are plans to bring forward a new funding scheme to support Men's Sheds in the upcoming Budget; and the Government's plans to ensure the future survival of Men's Sheds across Ireland through a funding model. [70725/26],,Rural,2026-10-07,0.4497155547142029,Men's Sheds,Men's Sheds,0.4497155547142029,Departmental Funding,0.2187472283840179,Community Development Projects,0.0852358117699623,Departmental Schemes,0.0455147586762905,Rural Schemes,0.0287514999508857,Rural Recreation Policy,0.0118633052334189,Sports Funding,0.0098781958222389,Departmental Programmes,0.0081268260255455,Grant Payments,0.0074201053939759,Social Welfare Schemes,0.0065176291391253,70725/26,342,Duncan Smith,DUNCAN SMITH,written,en,To ask the Minister for Rural and Community Development and the Gaeltacht if there are plans to bring forward a new funding scheme to support Men's Sheds in the upcoming Budget; and the Government's plans to ensure the future survival of Men's Sheds across Ireland through a funding model.,the minister for rural and community development and the gaeltacht if there are plans to bring forward a new funding scheme to support men s sheds in the upcoming budget and the government s plans to ensure the future survival of men s sheds across ireland through a funding model 70725 26,Rural and Community Development and the Gaeltacht,1440,1442
"8. Deputy Eamon Scanlon asked the Minister for Agriculture, Food and the Marine if he will review the 2025 Complementary Income Support for Young Farmers penalty provisions, given that a young farmer may be required to repay monies they never received; and if he will amend the provisions to ensure penalties are fair and proportionate. [70782/26]",,Agriculture,2026-10-08,0.4261738359928131,Agriculture Schemes,Agriculture Schemes,0.4261738359928131,Agriculture Supports,0.2214298993349075,Agriculture Industry,0.0785780027508735,Departmental Schemes,0.0542146675288677,Common Agricultural Policy,0.0180038902908563,Departmental Policies,0.0174293387681245,Grant Payments,0.0166696030646562,Organic Farming,0.009191121906042,Other,0.0091109070926904,Tillage Sector,0.0069922967813909,70782/26,8,Eamon Scanlon,EAMON SCANLON,oral,en,"To ask the Minister for Agriculture, Food and the Marine if he will review the 2025 Complementary Income Support for Young Farmers penalty provisions, given that a young farmer may be required to repay monies they never received; and if he will amend the provisions to ensure penalties are fair and proportionate.",the minister for agriculture food and the marine if he will review the 2025 complementary income support for young farmers penalty provisions given that a young farmer may be required to repay monies they never received and if he will amend the provisions to ensure penalties are fair and proportionate 70782 26,"Agriculture, Food and the Marine",1450,1452
"9. Deputy Fionntán Ó Súilleabháin asked the Minister for Agriculture, Food and the Marine the status of targeted CAP funding for 2027 (details supplied); and the specific emergency financial interventions his Department is implementing to support family farms through the cost-of-living crisis. [70424/26]",,Agriculture,2026-10-08,0.3052024245262146,Common Agricultural Policy,Common Agricultural Policy,0.3052024245262146,Agriculture Supports,0.1314747780561447,EU Funding,0.0657538175582885,Agriculture Schemes,0.04990990832448,Agriculture Industry,0.0420628227293491,Departmental Funding,0.038039606064558,Brexit Supports,0.0332095995545387,Departmental Schemes,0.0281583964824676,Departmental Budgets,0.0242280084639787,Departmental Data,0.0206877011805772,70424/26,9,Fionntán Ó Súilleabháin,FIONNTÁN Ó SÚILLEABHÁIN,oral,en,"To ask the Minister for Agriculture, Food and the Marine the status of targeted CAP funding for 2027 (details supplied); and the specific emergency financial interventions his Department is implementing to support family farms through the cost-of-living crisis.",the minister for agriculture food and the marine the status of targeted cap funding for 2027 details supplied and the specific emergency financial interventions his department is implementing to support family farms through the cost-of-living crisis 70424 26,"Agriculture, Food and the Marine",1454,1456
"10. Deputy James O'Connor asked the Minister for Agriculture, Food and the Marine for an update on the progress of payments under the fuel income support scheme. [70991/26]",,Agriculture,2026-10-08,0.7201601266860962,Agriculture Schemes,Agriculture Schemes,0.7201601266860962,Departmental Schemes,0.0828705951571464,Agriculture Supports,0.0749500170350074,Grant Payments,0.0353494100272655,Agriculture Industry,0.0155262164771556,Organic Farming,0.0099925799295306,Common Agricultural Policy,0.0052130897529423,Environmental Schemes,0.0044663739390671,Departmental Data,0.0033939096610993,Departmental Funding,0.0020281400065869,70991/26,10,James O'Connor,JAMES O'CONNOR,oral,en,"To ask the Minister for Agriculture, Food and the Marine for an update on the progress of payments under the fuel income support scheme.",the minister for agriculture food and the marine for an update on the progress of payments under the fuel income support scheme 70991 26,"Agriculture, Food and the Marine",1458,1460
"11. Deputy Edward Timmins asked the Minister for Agriculture, Food and the Marine the strategy for selecting cattle herds to be tested for TB given recent reports that large numbers of herds have not been tested in over two years. [71014/26]",,Agriculture,2026-10-08,0.9563522338867188,Animal Diseases,Animal Diseases,0.9563522338867188,Agriculture Industry,0.0060012619942426,Disease Management,0.0032906541600823,Animal Welfare,0.0030766571871936,Agriculture Schemes,0.0025523770600557,Agriculture Supports,0.002342706779018,Departmental Data,0.0021898460108786,Health Services,0.001445471891202,Other,0.0013256941456347,Fishing Industry,0.0010569305159151,71014/26,11,Edward Timmins,EDWARD TIMMINS,oral,en,"To ask the Minister for Agriculture, Food and the Marine the strategy for selecting cattle herds to be tested for TB given recent reports that large numbers of herds have not been tested in over two years.",the minister for agriculture food and the marine the strategy for selecting cattle herds to be tested for tb given recent reports that large numbers of herds have not been tested in over two years 71014 26,"Agriculture, Food and the Marine",1462,1464
"12. Deputy Noel Mccarthy asked the Minister for Agriculture, Food and the Marine to outline the measures being taken by his Department to encourage farm safety and farmer wellbeing. [70978/26]",,Agriculture,2026-10-08,0.1665278524160385,Agriculture Industry,Agriculture Industry,0.1665278524160385,Agriculture Supports,0.1201885417103767,Farm Safety,0.117477498948574,Agriculture Schemes,0.0504303909838199,Other,0.0255892816931009,Animal Diseases,0.0249482952058315,Common Agricultural Policy,0.0225186347961425,Animal Welfare,0.0204643215984106,Farm Costs,0.0194375272840261,Departmental Policies,0.0187572538852691,70978/26,12,Noel Mccarthy,NOEL MCCARTHY,oral,en,"To ask the Minister for Agriculture, Food and the Marine to outline the measures being taken by his Department to encourage farm safety and farmer wellbeing.",the minister for agriculture food and the marine the measures being taken by his department to encourage farm safety and farmer wellbeing 70978 26,"Agriculture, Food and the Marine",1466,1468
"13. Deputy Darren O'Rourke asked the Minister for Agriculture, Food and the Marine the measures he is taking to increase the amount of land in tillage. [69727/26]",,Agriculture,2026-10-08,0.3295160830020904,Tillage Sector,Tillage Sector,0.3295160830020904,Agriculture Industry,0.2130955010652542,Agriculture Supports,0.0540196858346462,Common Agricultural Policy,0.0375495366752147,Agriculture Schemes,0.0362066775560379,Nitrates Usage,0.0205671191215515,Horticulture Sector,0.0176990590989589,Environmental Impact Assessments,0.0129414452239871,Farm Costs,0.0117972791194915,Hedge Cutting,0.0102274594828486,69727/26,13,Darren O'Rourke,DARREN O'ROURKE,oral,en,"To ask the Minister for Agriculture, Food and the Marine the measures he is taking to increase the amount of land in tillage.",the minister for agriculture food and the marine the measures he is taking to increase the amount of land in tillage 69727 26,"Agriculture, Food and the Marine",1470,1472
"14. Deputy Roderic O'Gorman asked the Minister for Agriculture, Food and the Marine when his Department will finalise its response to a research report commissioned from the National University of Ireland, Galway on the protection of the native Irish honey bee which has been with his Department since September 2025. [71023/26]",,Agriculture,2026-10-08,0.2043120712041854,Wildlife Protection,Wildlife Protection,0.2043120712041854,Wildlife Conservation,0.1178307011723518,Wildlife Regulations,0.1009561121463775,Hare Coursing,0.0463909208774566,Animal Welfare,0.0454402789473533,Invasive Species Policy,0.0437417067587375,Animal Culls,0.0327446237206459,Animal Diseases,0.0287980325520038,Agriculture Industry,0.0259731747210025,Departmental Reports,0.0205164346843957,71023/26,14,Roderic O'Gorman,RODERIC O'GORMAN,oral,en,"To ask the Minister for Agriculture, Food and the Marine when his Department will finalise its response to a research report commissioned from the National University of Ireland, Galway on the protection of the native Irish honey bee which has been with his Department since September 2025.",the minister for agriculture food and the marine when his department will finalise its response to a research report commissioned from the national university of ireland galway on the protection of the native irish honey bee which has been with his department since september 2025 71023 26,"Agriculture, Food and the Marine",1474,1476
"15. Deputy Michael Cahill asked the Minister for Agriculture, Food and the Marine to ensure that CAP is adequately funded and that leader is included and adequately funded; and if he will make a statement on the matter [70781/26]",,Agriculture,2026-10-08,0.5004028081893921,Common Agricultural Policy,Common Agricultural Policy,0.5004028081893921,Agriculture Supports,0.0677722617983818,Agriculture Industry,0.0622519701719284,Agriculture Schemes,0.0490119867026805,EU Funding,0.0369062609970569,Brexit Supports,0.0290553458034992,Greenhouse Gas Emissions,0.021755876019597,Climate Change Policy,0.0202048122882843,Departmental Expenditure,0.0130469426512718,Other,0.0104339402168989,70781/26,15,Michael Cahill,MICHAEL CAHILL,oral,en,"To ask the Minister for Agriculture, Food and the Marine to ensure that CAP is adequately funded and that leader is included and adequately funded; and if he will make a statement on the matter",the minister for agriculture food and the marine to ensure that cap is adequately funded and that leader is included and adequately funded and 70781 26,"Agriculture, Food and the Marine",1478,1480
"16. Deputy Barry Heneghan asked the Minister for Agriculture, Food and the Marine whether, in the context of his Department’s marine responsibilities, his Department is engaging with the OPW, MARA, local authorities and other relevant bodies on opportunities for pilot projects that would combine coastal flood protection measures with the enhancement of marine habitats and biodiversity. [70958/26]",,Agriculture,2026-10-08,0.1500772982835769,Harbours and Piers,Harbours and Piers,0.1500772982835769,Flood Risk Management,0.0708667263388633,Fishery Harbour Centres,0.0686760321259498,Waterways Issues,0.0676493644714355,Coastal Erosion,0.0407246276736259,Fisheries Protection,0.0353637151420116,Special Areas of Conservation,0.0344928503036499,Flood Relief Schemes,0.0321820080280303,Water Quality,0.0319960676133632,Fishing Industry,0.0266010127961635,70958/26,16,Barry Heneghan,BARRY HENEGHAN,oral,en,"To ask the Minister for Agriculture, Food and the Marine whether, in the context of his Department’s marine responsibilities, his Department is engaging with the OPW, MARA, local authorities and other relevant bodies on opportunities for pilot projects that would combine coastal flood protection measures with the enhancement of marine habitats and biodiversity.",the minister for agriculture food and the marine whether in the context of his department s marine responsibilities his department is engaging with the opw mara local authorities and other relevant bodies on opportunities for pilot projects that would combine coastal flood protection measures with the enhancement of marine habitats and biodiversity 70958 26,"Agriculture, Food and the Marine",1482,1484
"17. Deputy Roderic O'Gorman asked the Minister for Agriculture, Food and the Marine if he intends to advance legislation to afford protection to the native Irish honey bee. [71024/26]",,Agriculture,2026-10-08,0.1903484463691711,Wildlife Protection,Wildlife Protection,0.1903484463691711,Wildlife Regulations,0.1359833478927612,Wildlife Conservation,0.116461843252182,Invasive Species Policy,0.0734051465988159,Hare Coursing,0.0526708923280239,Animal Welfare,0.0336482301354408,Horticulture Sector,0.0327622406184673,Legislative Measures,0.0270390845835208,Animal Culls,0.0242744833230972,Agriculture Industry,0.0154836485162377,71024/26,17,Roderic O'Gorman,RODERIC O'GORMAN,oral,en,"To ask the Minister for Agriculture, Food and the Marine if he intends to advance legislation to afford protection to the native Irish honey bee.",the minister for agriculture food and the marine if he intends to advance legislation to afford protection to the native irish honey bee 71024 26,"Agriculture, Food and the Marine",1486,1488
"18. Deputy Richard Boyd Barrett asked the Minister for Agriculture, Food and the Marine whether he will support the replacement of sitka spruce plantations with native forestry, particularly where the former is growing on drained bogs and there are major climate gains to be realised by rewetting them. [70997/26]",,Agriculture,2026-10-08,0.9614893198013306,Forestry Sector,Forestry Sector,0.9614893198013306,Coillte Teoranta,0.0126741146668791,Invasive Species Policy,0.0016925351228564,Horticulture Sector,0.001581591553986,Agriculture Supports,0.0015486455522477,Agriculture Industry,0.0014521903358399,Agriculture Schemes,0.0011773157166317,National Parks and Wildlife Service,0.0010795571142807,Departmental Schemes,0.0010611835168674,Departmental Policies,0.0007307745981961,70997/26,18,Richard Boyd Barrett,RICHARD BOYD BARRETT,oral,en,"To ask the Minister for Agriculture, Food and the Marine whether he will support the replacement of sitka spruce plantations with native forestry, particularly where the former is growing on drained bogs and there are major climate gains to be realised by rewetting them.",the minister for agriculture food and the marine whether he will support the replacement of sitka spruce plantations with native forestry particularly where the former is growing on drained bogs and there are major climate gains to be realised by rewetting them 70997 26,"Agriculture, Food and the Marine",1490,1492
"19. Deputy Louis O'Hara asked the Minister for Agriculture, Food and the Marine to provide an update on the implementation of the recommendations contained within the report of the Commission on Generational Renewal in Farming. [69928/26]",,Agriculture,2026-10-08,0.5102866291999817,Agriculture Industry,Agriculture Industry,0.5102866291999817,Agriculture Supports,0.0908504948019981,Agriculture Schemes,0.0709258988499641,Common Agricultural Policy,0.0420948229730129,Tillage Sector,0.0286917816847562,Departmental Reviews,0.0233234148472547,Other,0.0133230425417423,Departmental Policies,0.0128617621958255,Departmental Reports,0.0124002043157815,Horticulture Sector,0.0123183047398924,69928/26,19,Louis O'Hara,LOUIS O'HARA,oral,en,"To ask the Minister for Agriculture, Food and the Marine to provide an update on the implementation of the recommendations contained within the report of the Commission on Generational Renewal in Farming.",the minister for agriculture food and the marine to provide an update on the implementation of the recommendations contained within the report of the commission on generational renewal in farming 69928 26,"Agriculture, Food and the Marine",1494,1496
"20. Deputy Robert O'Donoghue asked the Minister for Agriculture, Food and the Marine his views on whether the current forestry programme has been a success; and if he will detail the metrics to support his position, in tabular form. [70306/26]",,Agriculture,2026-10-08,0.9873265624046326,Forestry Sector,Forestry Sector,0.9873265624046326,Coillte Teoranta,0.0062788226641714,Agriculture Supports,0.0004076948098372,Departmental Policies,0.0003790234623011,Agriculture Industry,0.0003569428517948,Departmental Schemes,0.0003318472881801,Agriculture Schemes,0.0003281069220975,Departmental Funding,0.0003201672516297,Departmental Data,0.0003157339233439,Other,0.0002719095500651,70306/26,20,Robert O'Donoghue,ROBERT O'DONOGHUE,oral,en,"To ask the Minister for Agriculture, Food and the Marine his views on whether the current forestry programme has been a success; and if he will detail the metrics to support his position, in tabular form.",the minister for agriculture food and the marine his views on whether the current forestry programme has been a success and if he will detail the metrics to support his position in tabular form 70306 26,"Agriculture, Food and the Marine",1498,1500
"21. Deputy Roderic O'Gorman asked the Minister for Agriculture, Food and the Marine if he will include the recommendations of animal welfare organisations (details supplied), as outlined during pre-legislative scrutiny, into the Dog Breeding Establishments (Amendment) Bill 2026, before that Bill is brought to first stage. [71025/26]",,Agriculture,2026-10-08,0.6842827200889587,Animal Welfare,Animal Welfare,0.6842827200889587,Animal Breeding,0.0881779044866561,Legislative Measures,0.0310674663633108,Control of Dogs,0.0191673543304204,Control of Horses,0.0164761804044246,Animal Slaughtering,0.0137400589883327,Hare Coursing,0.0110970735549926,Legislative Process,0.00830296613276,Animal Passports,0.0074274144135415,Veterinary Services,0.0073347599245607,71025/26,21,Roderic O'Gorman,RODERIC O'GORMAN,oral,en,"To ask the Minister for Agriculture, Food and the Marine if he will include the recommendations of animal welfare organisations (details supplied), as outlined during pre-legislative scrutiny, into the Dog Breeding Establishments (Amendment) Bill 2026, before that Bill is brought to first stage.",the minister for agriculture food and the marine if he will include the recommendations of animal welfare organisations details supplied as outlined during pre-legislative scrutiny into the dog breeding establishments amendment bill 2026 before that bill is brought to first stage 71025 26,"Agriculture, Food and the Marine",1502,1504
"22. Deputy Barry Ward asked the Minister for Agriculture, Food and the Marine the position regarding any proposals to provide multiannual funding for animal welfare organisations to allow for longer term planning; and his views on whether these organisations are sufficiently funded to deal with their work loads. [69797/26]",,Agriculture,2026-10-08,0.9010969400405884,Animal Welfare,Animal Welfare,0.9010969400405884,Departmental Funding,0.0179732609540224,Control of Dogs,0.007909245789051,Departmental Expenditure,0.0063936384394764,Animal Breeding,0.0057393424212932,Departmental Bodies,0.0056812474504113,Departmental Data,0.00427459878847,Horse Racing Industry,0.0039810086600482,Departmental Policies,0.0036548690404742,Greyhound Industry,0.0034606971312314,69797/26,22,Barry Ward,BARRY WARD,oral,en,"To ask the Minister for Agriculture, Food and the Marine the position regarding any proposals to provide multiannual funding for animal welfare organisations to allow for longer term planning; and his views on whether these organisations are sufficiently funded to deal with their work loads.",the minister for agriculture food and the marine the position regarding any proposals to provide multiannual funding for animal welfare organisations to allow for longer term planning and his views on whether these organisations are sufficiently funded to deal with their work loads 69797 26,"Agriculture, Food and the Marine",1506,1508
"23. Deputy Brian Brennan asked the Minister for Agriculture, Food and the Marine the measures he is taking to simplify systems for making applications to agricultural schemes making them more user friendly for the farmers involved; and his plans to ensure that payments are issued swiftly and without delay. [70964/26]",,Agriculture,2026-10-08,0.9088044762611388,Agriculture Schemes,Agriculture Schemes,0.9088044762611388,Agriculture Supports,0.0472500063478946,Departmental Schemes,0.0162526927888393,Agriculture Industry,0.0054728761315345,Organic Farming,0.0034370936919003,Common Agricultural Policy,0.0030602144543081,Grant Payments,0.0022157202474772,Tillage Sector,0.0014021121896803,Forestry Sector,0.0012519494630396,Beef Sector,0.0007216536323539,70964/26,23,Brian Brennan,BRIAN BRENNAN,oral,en,"To ask the Minister for Agriculture, Food and the Marine the measures he is taking to simplify systems for making applications to agricultural schemes making them more user friendly for the farmers involved; and his plans to ensure that payments are issued swiftly and without delay.",the minister for agriculture food and the marine the measures he is taking to simplify systems for making applications to agricultural schemes making them more user friendly for the farmers involved and his plans to ensure that payments are issued swiftly and without delay 70964 26,"Agriculture, Food and the Marine",1510,1512
"24. Deputy Paul Lawless asked the Minister for Agriculture, Food and the Marine if he plans to lobby members of the European Parliament prior to a final vote on the Mercosur deal which is expected in 2027; and if he will make a statement on the matter. [70001/26]",,Agriculture,2026-10-08,0.8027257919311523,Trade Agreements,Trade Agreements,0.8027257919311523,International Agreements,0.027244858443737,European Union,0.0172655023634433,Trade Missions,0.0135099459439516,Trade Relations,0.0132673392072319,Trade Promotion,0.0074793584644794,EU Directives,0.0071967407129704,Brexit Issues,0.0069182659499347,EU Regulations,0.0059952368028461,Trade Data,0.00490905623883,70001/26,24,Paul Lawless,PAUL LAWLESS,oral,en,"To ask the Minister for Agriculture, Food and the Marine if he plans to lobby members of the European Parliament prior to a final vote on the Mercosur deal which is expected in 2027; and if he will make a statement on the matter.",the minister for agriculture food and the marine if he plans to lobby members of the european parliament prior to a final vote on the mercosur deal which is expected in 2027 and 70001 26,"Agriculture, Food and the Marine",1514,1516
"25. Deputy Mattie Mcgrath asked the Minister for Agriculture, Food and the Marine if his Department has considered the use of native rare cattle breeds, such as Dexter cattle, for conservation grazing on upland and mountainous areas, including Slievenamon, as a means of reducing excessive vegetation growth and mitigating wildfire risk; and if grants or support schemes are available, or are being considered, to assist farmers and landowners in undertaking such conservation grazing projects. [67372/26]",,Agriculture,2026-10-08,0.0877557471394538,Forestry Sector,Forestry Sector,0.0877557471394538,Agriculture Industry,0.0697563290596008,Land Issues,0.0468979217112064,Agriculture Schemes,0.0461438335478305,Wildlife Protection,0.0408589094877243,Agriculture Supports,0.040769912302494,Hedge Cutting,0.0390620939433574,Horticulture Sector,0.0350838229060173,Other,0.0308699533343315,Wildlife Regulations,0.0278402213007211,67372/26,25,Mattie Mcgrath,MATTIE MCGRATH,oral,en,"To ask the Minister for Agriculture, Food and the Marine if his Department has considered the use of native rare cattle breeds, such as Dexter cattle, for conservation grazing on upland and mountainous areas, including Slievenamon, as a means of reducing excessive vegetation growth and mitigating wildfire risk; and if grants or support schemes are available, or are being considered, to assist farmers and landowners in undertaking such conservation grazing projects.",the minister for agriculture food and the marine if his department has considered the use of native rare cattle breeds such as dexter cattle for conservation grazing on upland and mountainous areas including slievenamon as a means of reducing excessive vegetation growth and mitigating wildfire risk and if grants or support schemes are available or are being considered to assist farmers and landowners in undertaking such conservation grazing projects 67372 26,"Agriculture, Food and the Marine",1518,1520
"26. Deputy Roderic O'Gorman asked the Minister for Agriculture, Food and the Marine if he is satisfied with the functioning of the Rásaíocht Con Éireann Traceability System, particularly in relation to the tracking of dogs after they are retired. [70980/26]",,Agriculture,2026-10-08,0.9312462210655212,Greyhound Industry,Greyhound Industry,0.9312462210655212,Animal Welfare,0.0227410458028316,Horse Racing Industry,0.0218375045806169,Control of Dogs,0.0052131353877484,Veterinary Services,0.0024623146746307,Animal Breeding,0.0018642407376319,Agriculture Schemes,0.0011874974006786,Departmental Data,0.0009938011644408,Other,0.0008928847964853,Departmental Funding,0.0005605348269455,70980/26,26,Roderic O'Gorman,RODERIC O'GORMAN,oral,en,"To ask the Minister for Agriculture, Food and the Marine if he is satisfied with the functioning of the Rásaíocht Con Éireann Traceability System, particularly in relation to the tracking of dogs after they are retired.",the minister for agriculture food and the marine if he is satisfied with the functioning of the rásaíocht con éireann traceability system particularly the tracking of dogs after they are retired 70980 26,"Agriculture, Food and the Marine",1522,1524
"27. Deputy Tony Mccormack asked the Minister for Agriculture, Food and the Marine the progress that has been made in reducing the administrative and regulatory burden on farmers; the further simplification measures that are being considered at national and EU level; and the timeframe for their implementation. [70796/26]",,Agriculture,2026-10-08,0.391770452260971,Agriculture Industry,Agriculture Industry,0.391770452260971,Agriculture Supports,0.2418944090604782,Agriculture Schemes,0.0964642688632011,Common Agricultural Policy,0.0611099861562252,Tillage Sector,0.0449466966092586,Farm Costs,0.0395685993134975,Organic Farming,0.0173113420605659,Food Industry,0.0125238625332713,Beef Sector,0.0106818517670035,Nitrates Usage,0.006389046087861,70796/26,27,Tony Mccormack,TONY MCCORMACK,oral,en,"To ask the Minister for Agriculture, Food and the Marine the progress that has been made in reducing the administrative and regulatory burden on farmers; the further simplification measures that are being considered at national and EU level; and the timeframe for their implementation.",the minister for agriculture food and the marine the progress that has been made in reducing the administrative and regulatory burden on farmers the further simplification measures that are being considered at national and eu level and the timeframe for their implementation 70796 26,"Agriculture, Food and the Marine",1526,1528
"28. Deputy Danny Healy-rae asked the Minister for Agriculture, Food and the Marine for updates on the fuel subsidy support schemes. [66663/26]",,Agriculture,2026-10-08,0.2980803549289703,Agriculture Schemes,Agriculture Schemes,0.2980803549289703,Departmental Schemes,0.1760172098875045,Agriculture Supports,0.1139827966690063,Agriculture Industry,0.0741327181458473,Grant Payments,0.057719886302948,Fuel Prices,0.0336610339581966,Organic Farming,0.0305788144469261,Common Agricultural Policy,0.0132798282429575,Departmental Data,0.01142702344805,Electric Vehicles,0.0105133121833205,66663/26,28,Danny Healy-rae,DANNY HEALY-RAE,oral,en,"To ask the Minister for Agriculture, Food and the Marine for updates on the fuel subsidy support schemes.",the minister for agriculture food and the marine for updates on the fuel subsidy support schemes 66663 26,"Agriculture, Food and the Marine",1530,1532
"29. Deputy Jennifer Whitmore asked the Minister for Agriculture, Food and the Marine the measures his Department is taking to increase food security in Ireland in view of the huge impact that changes to weather patterns have. [70862/26]",,Agriculture,2026-10-08,0.4400630295276642,Food Industry,Food Industry,0.4400630295276642,Agriculture Industry,0.2062288969755172,Food Safety,0.024130867794156,Pigmeat Sector,0.0156404562294483,Agriculture Supports,0.0150250839069485,Farm Costs,0.0143245365470647,Nitrates Usage,0.0138507038354873,Beef Sector,0.0123004438355565,Animal Diseases,0.0090412488207221,Horticulture Sector,0.0090403445065021,70862/26,29,Jennifer Whitmore,JENNIFER WHITMORE,oral,en,"To ask the Minister for Agriculture, Food and the Marine the measures his Department is taking to increase food security in Ireland in view of the huge impact that changes to weather patterns have.",the minister for agriculture food and the marine the measures his department is taking to increase food security in ireland in view of the huge impact that changes to weather patterns have 70862 26,"Agriculture, Food and the Marine",1534,1536
"30. Deputy Martin Kenny asked the Minister for Agriculture, Food and the Marine if his Department has put forward a proposal on the definition of an active farmer as part of the CAP negotiations; and if he will give an update on discussions around the active farmer definition. [70758/26]",,Agriculture,2026-10-08,0.528545618057251,Common Agricultural Policy,Common Agricultural Policy,0.528545618057251,Agriculture Industry,0.1301935613155365,Agriculture Supports,0.0589888356626033,Agriculture Schemes,0.0512148663401603,Nitrates Usage,0.0172026939690113,Tillage Sector,0.0156252309679985,Brexit Supports,0.0121552618220448,Other,0.0100166704505682,Departmental Policies,0.0097265280783176,Beef Sector,0.0086874412372708,70758/26,30,Martin Kenny,MARTIN KENNY,oral,en,"To ask the Minister for Agriculture, Food and the Marine if his Department has put forward a proposal on the definition of an active farmer as part of the CAP negotiations; and if he will give an update on discussions around the active farmer definition.",the minister for agriculture food and the marine if his department has put forward a proposal on the definition of an active farmer as part of the cap negotiations and if he will give an update on discussions around the active farmer definition 70758 26,"Agriculture, Food and the Marine",1538,1540
"31. Deputy Noel Mccarthy asked the Minister for Agriculture, Food and the Marine to outline the changes, if any, he is considering to the eligibility criteria to the TAMS Scheme. [71010/26]",,Agriculture,2026-10-08,0.9270635843276978,Agriculture Schemes,Agriculture Schemes,0.9270635843276978,Departmental Schemes,0.0395419336855411,Grant Payments,0.0074830786325037,Agriculture Supports,0.0073244501836597,Environmental Schemes,0.001901036594063,Departmental Data,0.0015958533622324,Forestry Sector,0.000901756924577,Renewable Energy Generation,0.0008219906012527,Agriculture Industry,0.0007311953813768,Departmental Funding,0.0006973755662329,71010/26,31,Noel Mccarthy,NOEL MCCARTHY,oral,en,"To ask the Minister for Agriculture, Food and the Marine to outline the changes, if any, he is considering to the eligibility criteria to the TAMS Scheme.",the minister for agriculture food and the marine the changes if any he is considering to the eligibility criteria to the tams scheme 71010 26,"Agriculture, Food and the Marine",1542,1544
"32. Deputy Barry Heneghan asked the Minister for Agriculture, Food and the Marine the work his Department is undertaking to protect Ireland’s native and solitary bee populations; whether it is supporting or engaging with online platforms and citizen-science initiatives that allow the public to record, monitor and support native bee populations; and whether further support for such initiatives is being considered. [70951/26]",,Agriculture,2026-10-08,0.2346507310867309,Wildlife Protection,Wildlife Protection,0.2346507310867309,Invasive Species Policy,0.123761735856533,Wildlife Regulations,0.1140389442443847,Wildlife Conservation,0.1105008050799369,Hare Coursing,0.0480473339557647,Animal Culls,0.0462784655392169,Animal Welfare,0.0316976644098758,Animal Diseases,0.0252050794661045,Forestry Sector,0.0221008267253637,Horticulture Sector,0.0193237643688917,70951/26,32,Barry Heneghan,BARRY HENEGHAN,oral,en,"To ask the Minister for Agriculture, Food and the Marine the work his Department is undertaking to protect Ireland’s native and solitary bee populations; whether it is supporting or engaging with online platforms and citizen-science initiatives that allow the public to record, monitor and support native bee populations; and whether further support for such initiatives is being considered.",the minister for agriculture food and the marine the work his department is undertaking to protect ireland s native and solitary bee populations whether it is supporting or engaging with online platforms and citizen-science initiatives that allow the public to record monitor and support native bee populations and whether further support for such initiatives is being considered 70951 26,"Agriculture, Food and the Marine",1546,1548
"33. Deputy Naoise Ó Muirí asked the Minister for Agriculture, Food and the Marine to provide an update on efforts being made to support farmers install solar panels. [70945/26]",,Agriculture,2026-10-08,0.4595473706722259,Renewable Energy Generation,Renewable Energy Generation,0.4595473706722259,Agriculture Schemes,0.212876409292221,Solar Energy Guidelines,0.0989964678883552,Agriculture Supports,0.0569866895675659,Agriculture Industry,0.0239487625658512,Departmental Schemes,0.0226473379880189,Electricity Generation,0.0138601688668131,Environmental Schemes,0.0120602203533053,Grant Payments,0.0102304378524422,Energy Conservation,0.0041267168708145,70945/26,33,Naoise Ó Muirí,NAOISE Ó MUIRÍ,oral,en,"To ask the Minister for Agriculture, Food and the Marine to provide an update on efforts being made to support farmers install solar panels.",the minister for agriculture food and the marine to provide an update on efforts being made to support farmers install solar panels 70945 26,"Agriculture, Food and the Marine",1550,1552
"34. Deputy Grace Boland asked the Minister for Agriculture, Food and the Marine the number of foreshore licence applications currently awaiting determination; and the number that have been awaiting a decision for more than six months and more than twelve months respectively. [67090/26]",,Agriculture,2026-10-08,0.4703898429870605,Foreshore Issues,Foreshore Issues,0.4703898429870605,Harbours and Piers,0.1144284754991531,Fishing Industry,0.0545526891946792,Aquaculture Industry,0.0400802493095397,Forestry Sector,0.0382045991718769,Coillte Teoranta,0.01434394903481,Fishery Harbour Centres,0.0128779402002692,Other,0.0109220771118998,Departmental Data,0.0089843720197677,Agriculture Industry,0.0082727950066328,67090/26,34,Grace Boland,GRACE BOLAND,oral,en,"To ask the Minister for Agriculture, Food and the Marine the number of foreshore licence applications currently awaiting determination; and the number that have been awaiting a decision for more than six months and more than twelve months respectively.",the minister for agriculture food and the marine the number of foreshore licence applications currently awaiting determination and the number that have been awaiting a decision for more than six months and more than twelve months respectively 67090 26,"Agriculture, Food and the Marine",1554,1556
"35. Deputy Richard Boyd Barrett asked the Minister for Agriculture, Food and the Marine whether he will consider a report (details supplied) as regards the relationship between State procurement and agricultural emissions, and develop similar proposals. [71019/26]",,Agriculture,2026-10-08,0.2151860445737838,Agriculture Industry,Agriculture Industry,0.2151860445737838,Greenhouse Gas Emissions,0.1154931262135505,Agriculture Schemes,0.1061288490891456,Departmental Reports,0.0550709478557109,Departmental Data,0.0381657816469669,Public Procurement Contracts,0.0374272987246513,Departmental Reviews,0.0310298167169094,Common Agricultural Policy,0.027924345806241,Departmental Consultations,0.0255125425755977,Climate Change Policy,0.0206058546900749,71019/26,35,Richard Boyd Barrett,RICHARD BOYD BARRETT,oral,en,"To ask the Minister for Agriculture, Food and the Marine whether he will consider a report (details supplied) as regards the relationship between State procurement and agricultural emissions, and develop similar proposals.",the minister for agriculture food and the marine whether he will consider a report details supplied as regards the relationship between state procurement and agricultural emissions and develop similar proposals 71019 26,"Agriculture, Food and the Marine",1558,1560
"36. Deputy Paula Butterly asked the Minister for Agriculture, Food and the Marine if he will consider extending any existing or future fuel support schemes to include hydrotreated vegetable oil (HVO), noting that while reliefs have been provided in respect of petrol and diesel, many tractors and agricultural machinery are capable of operating on HVO; whether he has examined the potential environmental and economic benefits of supporting the use of HVO in the agricultural sector; and if he will make a statement on the matter. [66678/26]",,Agriculture,2026-10-08,0.1566419303417205,Fuel Prices,Fuel Prices,0.1566419303417205,Agriculture Industry,0.1124916970729827,Departmental Schemes,0.1078036427497863,Agriculture Schemes,0.0439656563103199,Agriculture Supports,0.0407871454954147,Energy Policy,0.032408207654953,Organic Farming,0.0256095118820667,Departmental Policies,0.0187704339623451,Energy Prices,0.0182507447898387,Electric Vehicles,0.016332883387804,66678/26,36,Paula Butterly,PAULA BUTTERLY,oral,en,"To ask the Minister for Agriculture, Food and the Marine if he will consider extending any existing or future fuel support schemes to include hydrotreated vegetable oil (HVO), noting that while reliefs have been provided in respect of petrol and diesel, many tractors and agricultural machinery are capable of operating on HVO; whether he has examined the potential environmental and economic benefits of supporting the use of HVO in the agricultural sector; and if he will make a statement on the matter.",the minister for agriculture food and the marine if he will consider extending any existing or future fuel support schemes to include hydrotreated vegetable oil hvo noting that while reliefs have been provided in respect of petrol and diesel many tractors and agricultural machinery are capable of operating on hvo whether he has examined the potential environmental and economic benefits of supporting the use of hvo in the agricultural sector and 66678 26,"Agriculture, Food and the Marine",1562,1564
"37. Deputy Shónagh Ní Raghallaigh asked the Minister for Agriculture, Food and the Marine his plans to strengthen the protection of animals transported across Europe in line with the latest scientific evidence; and to support a transition away from long-distance live transport. [70933/26]",,Agriculture,2026-10-08,0.77091383934021,Animal Welfare,Animal Welfare,0.77091383934021,Animal Slaughtering,0.0287019461393356,Animal Breeding,0.024708691984415,Animal Diseases,0.0224374812096357,Live Exports,0.0195000562816858,Agriculture Industry,0.0155771942809224,Wildlife Protection,0.009465736337006,Animal Passports,0.008745121769607,Veterinary Services,0.0074050049297511,Control of Dogs,0.0072483187541365,70933/26,37,Shónagh Ní Raghallaigh,SHÓNAGH NÍ RAGHALLAIGH,oral,en,"To ask the Minister for Agriculture, Food and the Marine his plans to strengthen the protection of animals transported across Europe in line with the latest scientific evidence; and to support a transition away from long-distance live transport.",the minister for agriculture food and the marine his plans to strengthen the protection of animals transported across europe in line with the latest scientific evidence and to support a transition away from long-distance live transport 70933 26,"Agriculture, Food and the Marine",1566,1568
"38. Deputy Colm Burke asked the Minister for Agriculture, Food and the Marine if he will consider the provision of additional financial supports to farmers in the upcoming Budget to address concerns over significant winter fodder deficits arising from the extreme dry weather conditions experienced in recent months. [70963/26]",,Agriculture,2026-10-08,0.158262625336647,Agriculture Supports,Agriculture Supports,0.158262625336647,Agriculture Industry,0.0973627939820289,Tillage Sector,0.0453343018889427,Farm Costs,0.0348177552223205,Agriculture Schemes,0.0289244409650564,Farm Safety,0.0184138175100088,Budget 2023,0.0158643946051597,Common Agricultural Policy,0.0151397744193673,Pigmeat Sector,0.0143353249877691,Food Industry,0.0138615313917398,70963/26,38,Colm Burke,COLM BURKE,oral,en,"To ask the Minister for Agriculture, Food and the Marine if he will consider the provision of additional financial supports to farmers in the upcoming Budget to address concerns over significant winter fodder deficits arising from the extreme dry weather conditions experienced in recent months.",the minister for agriculture food and the marine if he will consider the provision of additional financial supports to farmers in the upcoming budget to address concerns over significant winter fodder deficits arising from the extreme dry weather conditions experienced in recent months 70963 26,"Agriculture, Food and the Marine",1570,1572
"39. Deputy William Aird asked the Minister for Agriculture, Food and the Marine the steps he is taking, including during Ireland’s EU Presidency, to secure an adequately funded, ring-fenced CAP budget post-2027; and the steps he is taking to oppose the proposed reduction in CAP funding. [69777/26]",,Agriculture,2026-10-08,0.4891413152217865,Common Agricultural Policy,Common Agricultural Policy,0.4891413152217865,EU Funding,0.0881351605057716,Agriculture Industry,0.0523485131561756,Brexit Supports,0.0445019900798797,Agriculture Supports,0.0443642884492874,Agriculture Schemes,0.0173426233232021,Other,0.0168523136526346,Departmental Expenditure,0.0161654818803071,Departmental Funding,0.0118758296594023,Departmental Budgets,0.0100353118032217,69777/26,39,William Aird,WILLIAM AIRD,oral,en,"To ask the Minister for Agriculture, Food and the Marine the steps he is taking, including during Ireland’s EU Presidency, to secure an adequately funded, ring-fenced CAP budget post-2027; and the steps he is taking to oppose the proposed reduction in CAP funding.",the minister for agriculture food and the marine the steps he is taking including during ireland s eu presidency to secure an adequately funded ring-fenced cap budget post-2027 and the steps he is taking to oppose the proposed reduction in cap funding 69777 26,"Agriculture, Food and the Marine",1574,1576
"40. Deputy Colm Burke asked the Minister for Agriculture, Food and the Marine the action his Department is taking to ensure that the IT issue affecting non-productive investment applications received under the ACRES and ACRES-CP scheme for 2025 from applicants who transferred to a registered farm partnership during the scheme and who cannot submit a claim for their 2025 application. [70952/26]",,Agriculture,2026-10-08,0.9404945969581604,Agriculture Schemes,Agriculture Schemes,0.9404945969581604,Departmental Schemes,0.0231953933835029,Grant Payments,0.0109981596469879,Agriculture Supports,0.0095482338219881,Departmental Data,0.0033313978929072,Agriculture Industry,0.0014601763105019,Forestry Sector,0.0006772555061616,Organic Farming,0.0006642847438342,Departmental Funding,0.0006159998010843,Common Agricultural Policy,0.0004918031627312,70952/26,40,Colm Burke,COLM BURKE,oral,en,"To ask the Minister for Agriculture, Food and the Marine the action his Department is taking to ensure that the IT issue affecting non-productive investment applications received under the ACRES and ACRES-CP scheme for 2025 from applicants who transferred to a registered farm partnership during the scheme and who cannot submit a claim for their 2025 application.",the minister for agriculture food and the marine the action his department is taking to ensure that the it issue affecting non-productive investment applications received under the acres and acres-cp scheme for 2025 from applicants who transferred to a registered farm partnership during the scheme and who cannot submit a claim for their 2025 application 70952 26,"Agriculture, Food and the Marine",1578,1580
"41. Deputy Joe Neville asked the Minister for Agriculture, Food and the Marine the number of animal welfare cases which his Department has began since the beginning of 2026. [71012/26]",,Agriculture,2026-10-08,0.9373934864997864,Animal Welfare,Animal Welfare,0.9373934864997864,Departmental Data,0.0119977369904518,Control of Dogs,0.0055941822938621,Animal Breeding,0.0039049517363309,Wildlife Protection,0.0028019247110933,Hare Coursing,0.0026102443225681,Departmental Policies,0.0021650108974426,Veterinary Services,0.0020160747226327,Horse Racing Industry,0.0018463195301592,Animal Slaughtering,0.0017434834735468,71012/26,41,Joe Neville,JOE NEVILLE,oral,en,"To ask the Minister for Agriculture, Food and the Marine the number of animal welfare cases which his Department has began since the beginning of 2026.",the minister for agriculture food and the marine the number of animal welfare cases which his department has began since the beginning of 2026 71012 26,"Agriculture, Food and the Marine",1582,1584
"42. Deputy Tony Mccormack asked the Minister for Agriculture, Food and the Marine for an update on the implementation of the recommendations of the Commission on Generational Renewal in Farming; the specific measures being progressed to encourage earlier and more effective succession of family farms to the next generation; and the timeframe for their delivery. [70795/26]",,Agriculture,2026-10-08,0.5325939059257507,Agriculture Industry,Agriculture Industry,0.5325939059257507,Agriculture Supports,0.1129275783896446,Agriculture Schemes,0.0670450553297996,Tillage Sector,0.0308797191828489,Common Agricultural Policy,0.0300422813743352,Departmental Policies,0.019318314269185,Departmental Reviews,0.0155131928622722,Farm Costs,0.0149879567325115,Other,0.0138548528775572,Beef Sector,0.0095194820314645,70795/26,42,Tony Mccormack,TONY MCCORMACK,oral,en,"To ask the Minister for Agriculture, Food and the Marine for an update on the implementation of the recommendations of the Commission on Generational Renewal in Farming; the specific measures being progressed to encourage earlier and more effective succession of family farms to the next generation; and the timeframe for their delivery.",the minister for agriculture food and the marine for an update on the implementation of the recommendations of the commission on generational renewal in farming the specific measures being progressed to encourage earlier and more effective succession of family farms to the next generation and the timeframe for their delivery 70795 26,"Agriculture, Food and the Marine",1586,1588
"43. Deputy Peter 'Chap' Cleere asked the Minister for Agriculture, Food and the Marine to provide an update on the progression of talks regarding CAP post 2027; and his discussions with agricultural ministers from the other 26 EU Member States on the same. [70939/26]",,Agriculture,2026-10-08,0.4976940751075744,Common Agricultural Policy,Common Agricultural Policy,0.4976940751075744,Agriculture Industry,0.0569738484919071,EU Funding,0.0553000792860984,Brexit Supports,0.0444689430296421,Agriculture Supports,0.0281309820711612,Climate Change Policy,0.0215813443064689,Agriculture Schemes,0.0184269174933433,Other,0.0176481697708368,Greenhouse Gas Emissions,0.014565261080861,Departmental Expenditure,0.0145202968269586,70939/26,43,Peter 'Chap' Cleere,PETER 'CHAP' CLEERE,oral,en,"To ask the Minister for Agriculture, Food and the Marine to provide an update on the progression of talks regarding CAP post 2027; and his discussions with agricultural ministers from the other 26 EU Member States on the same.",the minister for agriculture food and the marine to provide an update on the progression of talks regarding cap post 2027 and his discussions with agricultural ministers from the other 26 eu member states on the same 70939 26,"Agriculture, Food and the Marine",1590,1592
"44. Deputy Paul Lawless asked the Minister for Agriculture, Food and the Marine if his attention has been drawn to the findings of a recent survey which show that a third of farmers intend to leave the sector within the next five years; and if he will make a statement on the matter. [69999/26]",,Agriculture,2026-10-08,0.5984671711921692,Agriculture Industry,Agriculture Industry,0.5984671711921692,Agriculture Supports,0.1462476998567581,Agriculture Schemes,0.0814224109053611,Forestry Sector,0.014851476997137,Common Agricultural Policy,0.0145819783210754,Beef Sector,0.010672677308321,Departmental Policies,0.0096163433045148,Departmental Data,0.0070901438593864,Food Industry,0.0061475201509892,Tillage Sector,0.005641832947731,69999/26,44,Paul Lawless,PAUL LAWLESS,oral,en,"To ask the Minister for Agriculture, Food and the Marine if his attention has been drawn to the findings of a recent survey which show that a third of farmers intend to leave the sector within the next five years; and if he will make a statement on the matter.",the minister for agriculture food and the marine if his attention has been drawn to the findings of a recent survey which show that a third of farmers intend to leave the sector within the next five years and 69999 26,"Agriculture, Food and the Marine",1594,1596
"45. Deputy Conor D. Mcguinness asked the Minister for Agriculture, Food and the Marine the measures he is taking at EU level to secure increased fishing opportunities and quota allocations for the Irish fishing fleet. [70327/26]",,Agriculture,2026-10-08,0.895790159702301,Fishing Industry,Fishing Industry,0.895790159702301,Fisheries Protection,0.0388453155755996,Inshore Fisheries,0.0206465031951665,Fishery Harbour Centres,0.0052581196650862,Aquaculture Industry,0.0048825480043888,Inland Fisheries,0.0044995392672717,Common Fisheries Policy,0.0042790281586349,Harbours and Piers,0.0020298960153013,Departmental Data,0.0012623355723917,Agriculture Industry,0.0012369946343824,70327/26,45,Conor D. Mcguinness,CONOR D. MCGUINNESS,oral,en,"To ask the Minister for Agriculture, Food and the Marine the measures he is taking at EU level to secure increased fishing opportunities and quota allocations for the Irish fishing fleet.",the minister for agriculture food and the marine the measures he is taking at eu level to secure increased fishing opportunities and quota allocations for the irish fishing fleet 70327 26,"Agriculture, Food and the Marine",1598,1600
"46. Deputy Seán Kyne asked the Minister for Agriculture, Food and the Marine his engagement with EU counterparts regarding the future of the Common Agricultural Policy (CAP), within the multi-financial framework; and the measures being taken to protect the CAP budget for farmers. [70624/26]",,Agriculture,2026-10-08,0.4988644421100616,Common Agricultural Policy,Common Agricultural Policy,0.4988644421100616,Agriculture Industry,0.0967063084244728,Agriculture Supports,0.0538112558424472,Agriculture Schemes,0.0281704235821962,Brexit Supports,0.0251689795404672,EU Funding,0.0247062221169471,Other,0.0198126938194036,Nitrates Usage,0.017557144165039,Food Industry,0.0128128491342067,Departmental Policies,0.0103284018114209,70624/26,46,Seán Kyne,SEÁN KYNE,oral,en,"To ask the Minister for Agriculture, Food and the Marine his engagement with EU counterparts regarding the future of the Common Agricultural Policy (CAP), within the multi-financial framework; and the measures being taken to protect the CAP budget for farmers.",the minister for agriculture food and the marine his engagement with eu counterparts regarding the future of the common agricultural policy cap within the multi-financial framework and the measures being taken to protect the cap budget for farmers 70624 26,"Agriculture, Food and the Marine",1602,1604
"47. Deputy Joe Cooney asked the Minister for Agriculture, Food and the Marine whether his Department has undertaken an assessment of risks to Ireland's food security arising from climate change related risks, such as drought, flooding, biodiversity loss and disruption to global food supply chains; and whether he will consider establishing a cross-departmental review of Ireland's food security resilience in view of growing climate-related risks. [65456/26]",,Agriculture,2026-10-08,0.3872989416122436,Food Industry,Food Industry,0.3872989416122436,Agriculture Industry,0.1890203803777694,Animal Diseases,0.0276191383600235,Food Safety,0.0267115496098995,Nitrates Usage,0.0176892820745706,EU Regulations,0.0161161553114652,Pigmeat Sector,0.0135677987709641,Agriculture Supports,0.0115034859627485,Other,0.0108088077977299,Beef Sector,0.0106718186289072,65456/26,47,Joe Cooney,JOE COONEY,oral,en,"To ask the Minister for Agriculture, Food and the Marine whether his Department has undertaken an assessment of risks to Ireland's food security arising from climate change related risks, such as drought, flooding, biodiversity loss and disruption to global food supply chains; and whether he will consider establishing a cross-departmental review of Ireland's food security resilience in view of growing climate-related risks.",the minister for agriculture food and the marine whether his department has undertaken an assessment of risks to ireland s food security arising from climate change related risks such as drought flooding biodiversity loss and disruption to global food supply chains and whether he will consider establishing a cross-departmental review of ireland s food security resilience in view of growing climate-related risks 65456 26,"Agriculture, Food and the Marine",1606,1608
"48. Deputy John Clendennen asked the Minister for Agriculture, Food and the Marine the way in which he intends to ensure support for generational renewal is prioritised in negotiations on the Common Agricultural Policy post 2027. [70896/26]",,Agriculture,2026-10-08,0.3277201056480407,Agriculture Industry,Agriculture Industry,0.3277201056480407,Common Agricultural Policy,0.1468773931264877,Agriculture Supports,0.1412733048200607,Agriculture Schemes,0.1292748600244522,Tillage Sector,0.0406716577708721,Nitrates Usage,0.0183660127222538,Departmental Policies,0.0164817553013563,Farm Costs,0.0157274659723043,Horticulture Sector,0.014783015474677,Other,0.0108965700492262,70896/26,48,John Clendennen,JOHN CLENDENNEN,oral,en,"To ask the Minister for Agriculture, Food and the Marine the way in which he intends to ensure support for generational renewal is prioritised in negotiations on the Common Agricultural Policy post 2027.",the minister for agriculture food and the marine the way in which he intends to ensure support for generational renewal is prioritised in negotiations on the common agricultural policy post 2027 70896 26,"Agriculture, Food and the Marine",1610,1612
"49. Deputy Peter Roche asked the Minister for Agriculture, Food and the Marine the measures his Department is considering to support farmers who may face fodder shortages as a result of the severe dry weather experienced during summer 2026. [70986/26]",,Agriculture,2026-10-08,0.1452106684446334,Agriculture Industry,Agriculture Industry,0.1452106684446334,Agriculture Supports,0.0931981280446052,Tillage Sector,0.0488958582282066,Farm Costs,0.0391907319426536,Agriculture Schemes,0.0249362736940383,Farm Safety,0.0181175917387008,Food Industry,0.0174659583717584,Pigmeat Sector,0.0164507199078798,Departmental Schemes,0.0128700733184814,Fuel Prices,0.0112178782001137,70986/26,49,Peter Roche,PETER ROCHE,oral,en,"To ask the Minister for Agriculture, Food and the Marine the measures his Department is considering to support farmers who may face fodder shortages as a result of the severe dry weather experienced during summer 2026.",the minister for agriculture food and the marine the measures his department is considering to support farmers who may face fodder shortages as a result of the severe dry weather experienced during summer 2026 70986 26,"Agriculture, Food and the Marine",1614,1616
"50. Deputy Paul Murphy asked the Minister for Agriculture, Food and the Marine if he has concerns about the welfare of unweaned calves being exported to mainland Europe; and if he will make a statement on the matter. [71013/26]",,Agriculture,2026-10-08,0.2955722212791443,Animal Welfare,Animal Welfare,0.2955722212791443,Animal Slaughtering,0.2142636924982071,Live Exports,0.1152882277965545,Animal Breeding,0.0559607967734336,Animal Diseases,0.0475769974291324,Agriculture Industry,0.0419396385550498,Animal Passports,0.0290198363363742,Control of Horses,0.0203070938587188,Veterinary Services,0.0152379991486668,Pigmeat Sector,0.0147773530334234,71013/26,50,Paul Murphy,PAUL MURPHY,oral,en,"To ask the Minister for Agriculture, Food and the Marine if he has concerns about the welfare of unweaned calves being exported to mainland Europe; and if he will make a statement on the matter.",the minister for agriculture food and the marine if he has concerns about the welfare of unweaned calves being exported to mainland europe and 71013 26,"Agriculture, Food and the Marine",1618,1620
"51. Deputy Brendan Smith asked the Minister for Agriculture, Food and the Marine the progress to date in discussions at EU level in relation to the need to ensure adequate funding for CAP post 2027. [70975/26]",,Agriculture,2026-10-08,0.4988909661769867,Common Agricultural Policy,Common Agricultural Policy,0.4988909661769867,EU Funding,0.0780291482806205,Agriculture Supports,0.0540497489273548,Agriculture Industry,0.0527966320514678,Brexit Supports,0.040154755115509,Agriculture Schemes,0.0352578237652778,Departmental Expenditure,0.0183203741908073,Departmental Funding,0.0147817563265562,Other,0.0115842390805482,Departmental Data,0.010367882438004,70975/26,51,Brendan Smith,BRENDAN SMITH,oral,en,"To ask the Minister for Agriculture, Food and the Marine the progress to date in discussions at EU level in relation to the need to ensure adequate funding for CAP post 2027.",the minister for agriculture food and the marine the progress to date in discussions at eu level the need to ensure adequate funding for cap post 2027 70975 26,"Agriculture, Food and the Marine",1622,1624
"52. Deputy Grace Boland asked the Minister for Agriculture, Food and the Marine the current average processing time for foreshore licence applications; the way in which this compares with previous years; and the principal causes of delays in the system. [67089/26]",,Agriculture,2026-10-08,0.5283957719802856,Foreshore Issues,Foreshore Issues,0.5283957719802856,Harbours and Piers,0.0752782821655273,Forestry Sector,0.0441404767334461,Aquaculture Industry,0.0287345796823501,Fishing Industry,0.0226523783057928,Coillte Teoranta,0.0206730384379625,Other,0.0120440823957324,Land Issues,0.0118954628705978,Agriculture Industry,0.0103819351643323,Departmental Data,0.0097394585609436,67089/26,52,Grace Boland,GRACE BOLAND,oral,en,"To ask the Minister for Agriculture, Food and the Marine the current average processing time for foreshore licence applications; the way in which this compares with previous years; and the principal causes of delays in the system.",the minister for agriculture food and the marine the current average processing time for foreshore licence applications the way in which this compares with previous years and the principal causes of delays in the system 67089 26,"Agriculture, Food and the Marine",1626,1628
"53. Deputy Keira Keogh asked the Minister for Agriculture, Food and the Marine if he recognises the importance of the aquaculture industry in Clew Bay, which produced approximately 5,400 tonnes of finfish and shellfish in 2025 with a first-sale value of almost €30 million; the steps he is taking to support its continued growth; and if he will make a statement on the matter. [70990/26]",,Agriculture,2026-10-08,0.6173564791679382,Aquaculture Industry,Aquaculture Industry,0.6173564791679382,Fishing Industry,0.074544072151184,Agriculture Industry,0.0552145391702652,Horticulture Sector,0.0477797798812389,Harbours and Piers,0.0231197252869606,Fishery Harbour Centres,0.0174484066665172,Fisheries Protection,0.0158586017787456,Forestry Sector,0.0115879317745566,Inshore Fisheries,0.0095809902995824,Foreshore Issues,0.0066788028925657,70990/26,53,Keira Keogh,KEIRA KEOGH,oral,en,"To ask the Minister for Agriculture, Food and the Marine if he recognises the importance of the aquaculture industry in Clew Bay, which produced approximately 5,400 tonnes of finfish and shellfish in 2025 with a first-sale value of almost €30 million; the steps he is taking to support its continued growth; and if he will make a statement on the matter.",the minister for agriculture food and the marine if he recognises the importance of the aquaculture industry in clew bay which produced approximately 5 400 tonnes of finfish and shellfish in 2025 with a first-sale value of almost 30 million the steps he is taking to support its continued growth and 70990 26,"Agriculture, Food and the Marine",1630,1632
"54. Deputy Brian Stanley asked the Minister for Agriculture, Food and the Marine the additional financial or structural incentives the Government is introducing to encourage older farmers to step back earlier, given the aging demographic in farming, in order to facilitate a more timely handover to younger successors. [70738/26]",,Agriculture,2026-10-08,0.474865972995758,Agriculture Supports,Agriculture Supports,0.474865972995758,Agriculture Industry,0.2164802849292755,Agriculture Schemes,0.1061526611447334,Common Agricultural Policy,0.0322273783385753,Tillage Sector,0.0120622608810663,Farm Costs,0.0118600698187947,Departmental Policies,0.0093380222097039,Departmental Schemes,0.0091630602255463,Grant Payments,0.0090467948466539,Other,0.007127474527806,70738/26,54,Brian Stanley,BRIAN STANLEY,oral,en,"To ask the Minister for Agriculture, Food and the Marine the additional financial or structural incentives the Government is introducing to encourage older farmers to step back earlier, given the aging demographic in farming, in order to facilitate a more timely handover to younger successors.",the minister for agriculture food and the marine the additional financial or structural incentives the government is introducing to encourage older farmers to step back earlier given the aging demographic in farming in order to facilitate a more timely handover to younger successors 70738 26,"Agriculture, Food and the Marine",1634,1636
"55. Deputy Jennifer Whitmore asked the Minister for Agriculture, Food and the Marine his Departments plans to address the 90% rejection rate for farmers applying to rooftop solar via TAMS. [70974/26]",,Agriculture,2026-10-08,0.6884351372718811,Agriculture Schemes,Agriculture Schemes,0.6884351372718811,Renewable Energy Generation,0.1304768621921539,Departmental Schemes,0.0362772718071937,Solar Energy Guidelines,0.0319621115922927,Agriculture Supports,0.0281212646514177,Grant Payments,0.0192256178706884,Environmental Schemes,0.0078334100544452,Agriculture Industry,0.0075609227642416,Departmental Data,0.0050802724435925,Electricity Generation,0.0033314302563667,70974/26,55,Jennifer Whitmore,JENNIFER WHITMORE,oral,en,"To ask the Minister for Agriculture, Food and the Marine his Departments plans to address the 90% rejection rate for farmers applying to rooftop solar via TAMS.",the minister for agriculture food and the marine his departments plans to address the 90 rejection rate for farmers applying to rooftop solar via tams 70974 26,"Agriculture, Food and the Marine",1638,1640
"56. Deputy James O'Connor asked the Minister for Agriculture, Food and the Marine to outline the funding available for TAMS under Budget 2027. [70987/26]",,Agriculture,2026-10-08,0.6218511462211609,Agriculture Schemes,Agriculture Schemes,0.6218511462211609,Departmental Funding,0.0605358704924583,Departmental Schemes,0.0584504306316375,Agriculture Supports,0.0537012331187725,Departmental Budgets,0.0242602657526731,Departmental Data,0.024052157998085,Grant Payments,0.0223807655274868,Budget 2026,0.0184920635074377,Departmental Expenditure,0.011163780465722,Budget 2023,0.0106378737837076,70987/26,56,James O'Connor,JAMES O'CONNOR,oral,en,"To ask the Minister for Agriculture, Food and the Marine to outline the funding available for TAMS under Budget 2027.",the minister for agriculture food and the marine the funding available for tams under budget 2027 70987 26,"Agriculture, Food and the Marine",1642,1644
"57. Deputy Michael Murphy asked the Minister for Agriculture, Food and the Marine the status of the work of the interdepartmental working group established to examine the racing of horse-drawn vehicles on public roads; the progress made to address the serious animal welfare concerns associated with the practice; whether the group is examining the measures required to prohibit racing of all horse drawn vehicles on public roads; and when recommendations are expected. [64137/26]",,Agriculture,2026-10-08,0.6584013104438782,Animal Welfare,Animal Welfare,0.6584013104438782,Horse Racing Industry,0.1048065945506095,Animal Breeding,0.0596345327794551,Control of Horses,0.0257655829191207,Animal Slaughtering,0.0182736534625291,Animal Passports,0.0145902568474411,Agriculture Industry,0.0099589806050062,Veterinary Services,0.0091596627607941,Departmental Policies,0.0091062495484948,Control of Dogs,0.0085912756621837,64137/26,57,Michael Murphy,MICHAEL MURPHY,oral,en,"To ask the Minister for Agriculture, Food and the Marine the status of the work of the interdepartmental working group established to examine the racing of horse-drawn vehicles on public roads; the progress made to address the serious animal welfare concerns associated with the practice; whether the group is examining the measures required to prohibit racing of all horse drawn vehicles on public roads; and when recommendations are expected.",the minister for agriculture food and the marine the status of the work of the interdepartmental working group established to examine the racing of horse-drawn vehicles on public roads the progress made to address the serious animal welfare concerns associated with the practice whether the group is examining the measures required to prohibit racing of all horse drawn vehicles on public roads and when recommendations are expected 64137 26,"Agriculture, Food and the Marine",1646,1648
"58. Deputy Roderic O'Gorman asked the Minister for Agriculture, Food and the Marine to outline his views on the Protection of the Native Irish Honey Bee Bill 2021. [70981/26]",,Agriculture,2026-10-08,0.115409679710865,Wildlife Protection,Wildlife Protection,0.115409679710865,Legislative Measures,0.0988712906837463,Wildlife Regulations,0.0844310820102691,Wildlife Conservation,0.0675896480679512,Invasive Species Policy,0.0671983957290649,Legislative Process,0.0596335753798484,Legislative Programme,0.0403930433094501,Horticulture Sector,0.0364946313202381,Hare Coursing,0.029538320377469,Animal Welfare,0.0248700473457574,70981/26,58,Roderic O'Gorman,RODERIC O'GORMAN,oral,en,"To ask the Minister for Agriculture, Food and the Marine to outline his views on the Protection of the Native Irish Honey Bee Bill 2021.",the minister for agriculture food and the marine his views on the protection of the native irish honey bee bill 2021 70981 26,"Agriculture, Food and the Marine",1650,1652
"59. Deputy Pádraig Mac Lochlainn asked the Minister for Agriculture, Food and the Marine the status of negotiations with the British government to reinstate access for Irish fishermen to their traditional fishing grounds at Rockall; and if he will seek international mediation or arbitration to resolve this long running injustice, that has cost our fleet millions of euro each year. [70176/26]",,Agriculture,2026-10-08,0.8027540445327759,Fishing Industry,Fishing Industry,0.8027540445327759,Inshore Fisheries,0.0605886578559875,Fisheries Protection,0.0316439419984817,Aquaculture Industry,0.010260684415698,Fishery Harbour Centres,0.0094328736886382,Harbours and Piers,0.0090254647657275,Common Fisheries Policy,0.0068243592977523,Other,0.0034195627085864,Departmental Policies,0.0027981682214885,Inland Fisheries,0.0027358145453035,70176/26,59,Pádraig Mac Lochlainn,PÁDRAIG MAC LOCHLAINN,oral,en,"To ask the Minister for Agriculture, Food and the Marine the status of negotiations with the British government to reinstate access for Irish fishermen to their traditional fishing grounds at Rockall; and if he will seek international mediation or arbitration to resolve this long running injustice, that has cost our fleet millions of euro each year.",the minister for agriculture food and the marine the status of negotiations with the british government to reinstate access for irish fishermen to their traditional fishing grounds at rockall and if he will seek international mediation or arbitration to resolve this long running injustice that has cost our fleet millions of euro each year 70176 26,"Agriculture, Food and the Marine",1654,1656
"60. Deputy Brian Brennan asked the Minister for Agriculture, Food and the Marine for an update on the progress of the Bovine TB Action Plan. [70960/26]",,Agriculture,2026-10-08,0.9492712020874025,Animal Diseases,Animal Diseases,0.9492712020874025,Disease Management,0.006124809384346,Agriculture Industry,0.0051431246101856,Animal Welfare,0.0038425964303314,Health Services,0.0023262812756001,Departmental Policies,0.0021600758191198,Agriculture Supports,0.0019215638749301,Agriculture Schemes,0.0017875306075438,Departmental Data,0.0017126940656453,Other,0.0015347104053944,70960/26,60,Brian Brennan,BRIAN BRENNAN,oral,en,"To ask the Minister for Agriculture, Food and the Marine for an update on the progress of the Bovine TB Action Plan.",the minister for agriculture food and the marine for an update on the progress of the bovine tb action plan 70960 26,"Agriculture, Food and the Marine",1658,1660
"61. Deputy Louis O'Hara asked the Minister for Agriculture, Food and the Marine the actions he will take to support farmers with the rising cost of fuel. [69929/26]",,Agriculture,2026-10-08,0.1903722733259201,Agriculture Industry,Agriculture Industry,0.1903722733259201,Agriculture Supports,0.1397496908903122,Fuel Prices,0.1132770329713821,Energy Prices,0.0379703417420387,Agriculture Schemes,0.037274494767189,Farm Costs,0.0325523912906646,Departmental Schemes,0.0250795762985944,Cost of Living Issues,0.0244272071868181,Organic Farming,0.0200377982109785,Grant Payments,0.01677349768579,69929/26,61,Louis O'Hara,LOUIS O'HARA,oral,en,"To ask the Minister for Agriculture, Food and the Marine the actions he will take to support farmers with the rising cost of fuel.",the minister for agriculture food and the marine the actions he will take to support farmers with the rising cost of fuel 69929 26,"Agriculture, Food and the Marine",1662,1664
"62. Deputy Peter 'Chap' Cleere asked the Minister for Agriculture, Food and the Marine the action he is taking to encourage generational renewal. [70941/26]",,Agriculture,2026-10-08,0.2568221092224121,Agriculture Industry,Agriculture Industry,0.2568221092224121,Agriculture Schemes,0.2088650017976761,Agriculture Supports,0.1447726190090179,Common Agricultural Policy,0.0628808438777923,Forestry Sector,0.0571546964347362,Horticulture Sector,0.0216739419847726,Other,0.0172068625688552,Departmental Policies,0.0163947753608226,Nitrates Usage,0.0140052381902933,Tillage Sector,0.0126294717192649,70941/26,62,Peter 'Chap' Cleere,PETER 'CHAP' CLEERE,oral,en,"To ask the Minister for Agriculture, Food and the Marine the action he is taking to encourage generational renewal.",the minister for agriculture food and the marine the action he is taking to encourage generational renewal 70941 26,"Agriculture, Food and the Marine",1666,1668
"63. Deputy Seán Kyne asked the Minister for Agriculture, Food and the Marine the progress made to date in implementing the Programme for Government commitment on intergenerational farm succession; if he plans to review the effectiveness of existing succession schemes and supports; and the further actions he plans to take to encourage younger people to enter farming and to support the sustainable transfer of family farms to the next generation. [70623/26]",,Agriculture,2026-10-08,0.2978016138076782,Agriculture Industry,Agriculture Industry,0.2978016138076782,Agriculture Supports,0.2388160228729248,Agriculture Schemes,0.1320780515670776,Common Agricultural Policy,0.0589565709233284,Tillage Sector,0.0327756628394126,Farm Costs,0.0168815404176712,Departmental Policies,0.0161792002618312,Other,0.014252794906497,Departmental Programmes,0.0126758953556418,Departmental Schemes,0.0102995047345757,70623/26,63,Seán Kyne,SEÁN KYNE,oral,en,"To ask the Minister for Agriculture, Food and the Marine the progress made to date in implementing the Programme for Government commitment on intergenerational farm succession; if he plans to review the effectiveness of existing succession schemes and supports; and the further actions he plans to take to encourage younger people to enter farming and to support the sustainable transfer of family farms to the next generation.",the minister for agriculture food and the marine the progress made to date in implementing the programme for government commitment on intergenerational farm succession if he plans to review the effectiveness of existing succession schemes and supports and the further actions he plans to take to encourage younger people to enter farming and to support the sustainable transfer of family farms to the next generation 70623 26,"Agriculture, Food and the Marine",1670,1672
"64. Deputy Edward Timmins asked the Minister for Agriculture, Food and the Marine the steps his Department is taking to amend the policy to allow farm vehicles registered in the UK, brought in through Northern Ireland and purchased by Irish farmers without a phytosanitary certificate to be registered with Customs in Ireland. [71034/26]",,Agriculture,2026-10-08,0.1664871126413345,Agriculture Industry,Agriculture Industry,0.1664871126413345,Live Exports,0.042176641523838,Animal Slaughtering,0.039189014583826,Other,0.0355211868882179,Agriculture Supports,0.0280339270830154,Agriculture Schemes,0.0235303305089473,Customs and Excise,0.0227507874369621,Departmental Policies,0.0227393470704555,Beef Sector,0.0226765982806682,Farm Safety,0.0204554218798875,71034/26,64,Edward Timmins,EDWARD TIMMINS,oral,en,"To ask the Minister for Agriculture, Food and the Marine the steps his Department is taking to amend the policy to allow farm vehicles registered in the UK, brought in through Northern Ireland and purchased by Irish farmers without a phytosanitary certificate to be registered with Customs in Ireland.",the minister for agriculture food and the marine the steps his department is taking to amend the policy to allow farm vehicles registered in the uk brought in through northern ireland and purchased by irish farmers without a phytosanitary certificate to be registered with customs in ireland 71034 26,"Agriculture, Food and the Marine",1674,1676
"65. Deputy Peter Roche asked the Minister for Agriculture, Food and the Marine whether he intends to introduce a dedicated farm succession or retirement scheme to support generational renewal in agriculture; and the measures being considered to address barriers faced by young farmers in accessing land and taking over family farms. [70993/26]",,Agriculture,2026-10-08,0.521465539932251,Agriculture Schemes,Agriculture Schemes,0.521465539932251,Agriculture Supports,0.2919099330902099,Agriculture Industry,0.062530018389225,Common Agricultural Policy,0.0261292234063148,Departmental Schemes,0.0174244586378335,Tillage Sector,0.0077403564937412,Departmental Policies,0.006431236397475,Other,0.0055240863002836,Departmental Programmes,0.0041010868735611,Organic Farming,0.0039166631177067,70993/26,65,Peter Roche,PETER ROCHE,oral,en,"To ask the Minister for Agriculture, Food and the Marine whether he intends to introduce a dedicated farm succession or retirement scheme to support generational renewal in agriculture; and the measures being considered to address barriers faced by young farmers in accessing land and taking over family farms.",the minister for agriculture food and the marine whether he intends to introduce a dedicated farm succession or retirement scheme to support generational renewal in agriculture and the measures being considered to address barriers faced by young farmers in accessing land and taking over family farms 70993 26,"Agriculture, Food and the Marine",1678,1680
"66. Deputy Brendan Smith asked the Minister for Agriculture, Food and the Marine the issues discussed at the recent meeting of Agriculture Ministers held in Ireland. [70973/26]",,Agriculture,2026-10-08,0.2174253165721893,EU Meetings,EU Meetings,0.2174253165721893,Departmental Meetings,0.1184565648436546,Official Engagements,0.0706431046128273,Agriculture Industry,0.0646515935659408,Other,0.0335273891687393,Ministerial Responsibilities,0.023030424490571,Departmental Policies,0.0189472567290067,Trade Missions,0.0170187391340732,Food Industry,0.0169594138860702,Departmental Bodies,0.0148322051391005,70973/26,66,Brendan Smith,BRENDAN SMITH,oral,en,"To ask the Minister for Agriculture, Food and the Marine the issues discussed at the recent meeting of Agriculture Ministers held in Ireland.",the minister for agriculture food and the marine the issues discussed at the recent meeting of agriculture ministers held in ireland 70973 26,"Agriculture, Food and the Marine",1682,1684
"67. Deputy Aindrias Moynihan asked the Minister for Agriculture, Food and the Marine the number of bluetongue cases notified to his Department; if he is satisfied that the measures being put in place are adequate to control the disease; and if he will make a statement on the matter. [70953/26]",,Agriculture,2026-10-08,0.6684520840644836,Animal Diseases,Animal Diseases,0.6684520840644836,Disease Management,0.0793880894780159,Departmental Data,0.0248223133385181,Agriculture Industry,0.0201221983879804,Health Services,0.0200582910329103,Forestry Sector,0.0137769514694809,Animal Welfare,0.011735413223505,Agriculture Schemes,0.0106846559792757,Departmental Schemes,0.0099994409829378,Departmental Policies,0.0076525420881807,70953/26,67,Aindrias Moynihan,AINDRIAS MOYNIHAN,oral,en,"To ask the Minister for Agriculture, Food and the Marine the number of bluetongue cases notified to his Department; if he is satisfied that the measures being put in place are adequate to control the disease; and if he will make a statement on the matter.",the minister for agriculture food and the marine the number of bluetongue cases notified to his department if he is satisfied that the measures being put in place are adequate to control the disease and 70953 26,"Agriculture, Food and the Marine",1686,1688
"68. Deputy Barry Ward asked the Minister for Agriculture, Food and the Marine the position regarding work ongoing to address animal cruelty concerns related to the export of live animals; and if he has engaged with animal welfare organisations in this regard. [69790/26]",,Agriculture,2026-10-08,0.9092806577682496,Animal Welfare,Animal Welfare,0.9092806577682496,Animal Slaughtering,0.0179330110549926,Animal Breeding,0.0095089804381132,Live Exports,0.0072387438267469,Animal Diseases,0.0056010019034147,Veterinary Services,0.0046754297800362,Control of Dogs,0.0040384959429502,Agriculture Industry,0.0038242442533373,Horse Racing Industry,0.0037751730997115,Control of Horses,0.0036851949989795,69790/26,68,Barry Ward,BARRY WARD,oral,en,"To ask the Minister for Agriculture, Food and the Marine the position regarding work ongoing to address animal cruelty concerns related to the export of live animals; and if he has engaged with animal welfare organisations in this regard.",the minister for agriculture food and the marine the position regarding work ongoing to address animal cruelty concerns related to the export of live animals and if he has engaged with animal welfare organisations in this regard 69790 26,"Agriculture, Food and the Marine",1690,1692
"69. Deputy Joe Neville asked the Minister for Agriculture, Food and the Marine the measures his Department has taken to introduce additional resources for enforcement of animal welfare legislation. [71002/26]",,Agriculture,2026-10-08,0.924600064754486,Animal Welfare,Animal Welfare,0.924600064754486,Control of Dogs,0.0135891390964388,Animal Breeding,0.007260266225785,Wildlife Protection,0.0059839305467903,Hare Coursing,0.0052471454255282,Animal Slaughtering,0.0031082660425454,Animal Culls,0.0026553124189376,Veterinary Services,0.0022694584913551,Wildlife Regulations,0.002240348374471,Wildlife Conservation,0.0022094689775258,71002/26,69,Joe Neville,JOE NEVILLE,oral,en,"To ask the Minister for Agriculture, Food and the Marine the measures his Department has taken to introduce additional resources for enforcement of animal welfare legislation.",the minister for agriculture food and the marine the measures his department has taken to introduce additional resources for enforcement of animal welfare legislation 71002 26,"Agriculture, Food and the Marine",1694,1696
"70. Deputy Martin Kenny asked the Minister for Agriculture, Food and the Marine the supports his Department is providing to Irish farmers to deal with rising input costs in the agriculture sector. [70759/26]",,Agriculture,2026-10-08,0.3953911662101745,Agriculture Supports,Agriculture Supports,0.3953911662101745,Agriculture Industry,0.2934367954730987,Agriculture Schemes,0.0896320044994354,Farm Costs,0.0413842312991619,Common Agricultural Policy,0.0306483339518308,Tillage Sector,0.0194188300520181,Organic Farming,0.0165259391069412,Food Industry,0.0090724611654877,Beef Sector,0.007866708561778,Grant Payments,0.0060441908426582,70759/26,70,Martin Kenny,MARTIN KENNY,oral,en,"To ask the Minister for Agriculture, Food and the Marine the supports his Department is providing to Irish farmers to deal with rising input costs in the agriculture sector.",the minister for agriculture food and the marine the supports his department is providing to irish farmers to deal with rising input costs in the agriculture sector 70759 26,"Agriculture, Food and the Marine",1698,1700
"71. Deputy Paul Murphy asked the Minister for Agriculture, Food and the Marine if he will support a ban on surgical artificial insemination of greyhounds; and if he will make a statement on the matter. [71022/26]",,Agriculture,2026-10-08,0.8701079487800598,Greyhound Industry,Greyhound Industry,0.8701079487800598,Animal Welfare,0.0403941050171852,Control of Dogs,0.0087346015498042,Animal Diseases,0.0060569867491722,Veterinary Services,0.0060446928255259,Other,0.0049690692685544,Departmental Policies,0.0036320856306701,Agriculture Schemes,0.0033474112860858,Animal Breeding,0.0027715058531612,Legislative Measures,0.0026196981780231,71022/26,71,Paul Murphy,PAUL MURPHY,oral,en,"To ask the Minister for Agriculture, Food and the Marine if he will support a ban on surgical artificial insemination of greyhounds; and if he will make a statement on the matter.",the minister for agriculture food and the marine if he will support a ban on surgical artificial insemination of greyhounds and 71022 26,"Agriculture, Food and the Marine",1702,1704
"72. Deputy John Clendennen asked the Minister for Agriculture, Food and the Marine the measures he is taking to enable farmers to participate directly in Ireland's renewable energy transition; and the opportunity he foresees for renewable energy to provide an income stream for farms. [70895/26]",,Agriculture,2026-10-08,0.9250009655952454,Renewable Energy Generation,Renewable Energy Generation,0.9250009655952454,Solar Energy Guidelines,0.0095490990206599,Agriculture Schemes,0.0079562272876501,Electricity Generation,0.0057941768318414,Agriculture Industry,0.0053190877661108,Energy Policy,0.0050619109533727,Wind Energy Generation,0.0047793327830731,Greenhouse Gas Emissions,0.0039845420978963,Energy Infrastructure,0.0023211280349642,Agriculture Supports,0.0020941407419741,70895/26,72,John Clendennen,JOHN CLENDENNEN,oral,en,"To ask the Minister for Agriculture, Food and the Marine the measures he is taking to enable farmers to participate directly in Ireland's renewable energy transition; and the opportunity he foresees for renewable energy to provide an income stream for farms.",the minister for agriculture food and the marine the measures he is taking to enable farmers to participate directly in ireland s renewable energy transition and the opportunity he foresees for renewable energy to provide an income stream for farms 70895 26,"Agriculture, Food and the Marine",1706,1708
"73. Deputy Keira Keogh asked the Minister for Agriculture, Food and the Marine the urgent measures he and his Department is taking to address the backlog in aquaculture licence renewals, reviews and new applications in County Mayo; whether additional resources or personnel will be allocated to the Aquaculture and Foreshore Management Division to tackle the significant backlog, in view of the fact that some licences have expired and some applications submitted remain undetermined due to delays; and if he will make a statement on the matter. [70989/26]",,Agriculture,2026-10-08,0.7374095320701599,Aquaculture Industry,Aquaculture Industry,0.7374095320701599,Agriculture Industry,0.0329995788633823,Horticulture Sector,0.0329441241919994,Fishing Industry,0.0295146070420742,Forestry Sector,0.025889528915286,Foreshore Issues,0.0127199748530983,Harbours and Piers,0.0112234214320778,Agriculture Schemes,0.0086745331063866,Fishery Harbour Centres,0.0085771726444363,Coillte Teoranta,0.0075657851994037,70989/26,73,Keira Keogh,KEIRA KEOGH,oral,en,"To ask the Minister for Agriculture, Food and the Marine the urgent measures he and his Department is taking to address the backlog in aquaculture licence renewals, reviews and new applications in County Mayo; whether additional resources or personnel will be allocated to the Aquaculture and Foreshore Management Division to tackle the significant backlog, in view of the fact that some licences have expired and some applications submitted remain undetermined due to delays; and if he will make a statement on the matter.",the minister for agriculture food and the marine the urgent measures he and his department is taking to address the backlog in aquaculture licence renewals reviews and new applications in county mayo whether additional resources or personnel will be allocated to the aquaculture and foreshore management division to tackle the significant backlog in view of the fact that some licences have expired and some applications submitted remain undetermined due to delays and 70989 26,"Agriculture, Food and the Marine",1710,1712
"74. Deputy Jennifer Whitmore asked the Minister for Agriculture, Food and the Marine when the Dog Control Stakeholder Group Report will be published. [70861/26]",,Agriculture,2026-10-08,0.5538422465324402,Control of Dogs,Control of Dogs,0.5538422465324402,Animal Welfare,0.2727529406547546,Greyhound Industry,0.018859926611185,Departmental Data,0.0183614529669284,Animal Breeding,0.0130240200087428,Departmental Reviews,0.0080269398167729,Departmental Reports,0.0079200277104973,Departmental Bodies,0.0079062180593609,Departmental Policies,0.0071791266091167,Other,0.0063670109957456,70861/26,74,Jennifer Whitmore,JENNIFER WHITMORE,oral,en,"To ask the Minister for Agriculture, Food and the Marine when the Dog Control Stakeholder Group Report will be published.",the minister for agriculture food and the marine when the dog control stakeholder group report will be published 70861 26,"Agriculture, Food and the Marine",1714,1716
"75. Deputy Pádraig Mac Lochlainn asked the Minister for Agriculture, Food and the Marine when he will publish the report from the Food Vision Seafood Sector Group (details supplied). [70175/26]",,Agriculture,2026-10-08,0.1794618070125579,Departmental Reports,Departmental Reports,0.1794618070125579,Departmental Data,0.0892048850655555,Agriculture Industry,0.0766136869788169,Food Industry,0.0617369711399078,Fishing Industry,0.0577552057802677,Departmental Reviews,0.0338846705853939,Health Services,0.0315787568688392,Food Safety,0.0242374073714017,Health Strategies,0.0212957598268985,Other,0.0199610255658626,70175/26,75,Pádraig Mac Lochlainn,PÁDRAIG MAC LOCHLAINN,oral,en,"To ask the Minister for Agriculture, Food and the Marine when he will publish the report from the Food Vision Seafood Sector Group (details supplied).",the minister for agriculture food and the marine when he will publish the report from the food vision seafood sector group details supplied 70175 26,"Agriculture, Food and the Marine",1718,1720
"76. Deputy Aindrias Moynihan asked the Minister for Agriculture, Food and the Marine the number and value of TAMS solar applications approved and not approved to date in 2026; if he will approve additional funding to meet the demand; and if he will make a statement on the matter. [70929/26]",,Agriculture,2026-10-08,0.7865873575210571,Agriculture Schemes,Agriculture Schemes,0.7865873575210571,Renewable Energy Generation,0.0746432095766067,Departmental Schemes,0.0294938888400793,Agriculture Supports,0.0190483909100294,Departmental Data,0.0175649337470531,Grant Payments,0.0148146906867623,Solar Energy Guidelines,0.0112515473738312,Agriculture Industry,0.0079204132780432,Environmental Schemes,0.0037215596530586,Departmental Funding,0.0020275078713893,70929/26,76,Aindrias Moynihan,AINDRIAS MOYNIHAN,oral,en,"To ask the Minister for Agriculture, Food and the Marine the number and value of TAMS solar applications approved and not approved to date in 2026; if he will approve additional funding to meet the demand; and if he will make a statement on the matter.",the minister for agriculture food and the marine the number and value of tams solar applications approved and not approved to date in 2026 if he will approve additional funding to meet the demand and 70929 26,"Agriculture, Food and the Marine",1722,1724
"77. Deputy Darren O'Rourke asked the Minister for Agriculture, Food and the Marine when the updated Land Use Strategy will be published; and to provide an update on same. [69726/26]",,Agriculture,2026-10-08,0.4198304712772369,Departmental Strategies,Departmental Strategies,0.4198304712772369,Departmental Policies,0.0604143775999546,Other,0.0481657832860946,Agriculture Industry,0.0305978804826736,Departmental Programmes,0.0304727163165807,Environmental Policy,0.0193502139300107,Climate Change Policy,0.0180802308022975,EU Regulations,0.0174928028136491,Departmental Data,0.0112920375540852,Climate Action Plan,0.011265437118709,69726/26,77,Darren O'Rourke,DARREN O'ROURKE,oral,en,"To ask the Minister for Agriculture, Food and the Marine when the updated Land Use Strategy will be published; and to provide an update on same.",the minister for agriculture food and the marine when the updated land use strategy will be published and to provide an update on same 69726 26,"Agriculture, Food and the Marine",1726,1728
"78. Deputy Shónagh Ní Raghallaigh asked the Minister for Agriculture, Food and the Marine if he will consider adding a cap on the number of breeding females permitted within a dog breeding establishment to the legislation proposed in this area. [70932/26]",,Agriculture,2026-10-08,0.2318790853023529,Animal Breeding,Animal Breeding,0.2318790853023529,Animal Welfare,0.1274113953113556,Agriculture Industry,0.1015358343720436,Animal Slaughtering,0.0552165582776069,Agriculture Schemes,0.0352875031530857,Control of Horses,0.0336779356002807,Live Exports,0.0301586184650659,Pigmeat Sector,0.0270848348736763,Other,0.0268257930874824,Common Agricultural Policy,0.0219687633216381,70932/26,78,Shónagh Ní Raghallaigh,SHÓNAGH NÍ RAGHALLAIGH,oral,en,"To ask the Minister for Agriculture, Food and the Marine if he will consider adding a cap on the number of breeding females permitted within a dog breeding establishment to the legislation proposed in this area.",the minister for agriculture food and the marine if he will consider adding a cap on the number of breeding females permitted within a dog breeding establishment to the legislation proposed in this area 70932 26,"Agriculture, Food and the Marine",1730,1732
"79. Deputy Naoise Ó Muirí asked the Minister for Agriculture, Food and the Marine if he will outline the framework set out under the National Bioeconomy Strategy 2026–2030. [70942/26]",,Agriculture,2026-10-08,0.7985787391662598,Departmental Strategies,Departmental Strategies,0.7985787391662598,Departmental Policies,0.0221672356128692,Departmental Programmes,0.020028319209814,Health Strategies,0.0124381938949227,Other,0.0103821977972984,Climate Change Policy,0.0095336567610502,Environmental Policy,0.0074101979844272,Departmental Data,0.0056722564622759,Agriculture Industry,0.0045943441800773,Climate Action Plan,0.0044139320962131,70942/26,79,Naoise Ó Muirí,NAOISE Ó MUIRÍ,oral,en,"To ask the Minister for Agriculture, Food and the Marine if he will outline the framework set out under the National Bioeconomy Strategy 2026–2030.",the minister for agriculture food and the marine if he will outline the framework set out under the national bioeconomy strategy 2026 2030 70942 26,"Agriculture, Food and the Marine",1734,1736
