question,department,question_clean,date,answer_type,question_number,refNo,deputy,deputy_source,language,raw_question,department_paper,source_question_paragraph,source_pq_paragraph
"1. Deputy Eamon Scanlon asked the Taoiseach to personally intervene with the Iraqi government to secure the immediate lifting of all restrictions preventing a person (details supplied) from leaving Iraq and returning to their spouse and three Irish citizen children in Elphin, County Roscommon; and given concerns regarding their health, if this will be treated as an urgent humanitarian matter requiring intervention at the highest level. [69995/26]",Taoiseach,to personally intervene with the iraqi government to secure the immediate lifting of all restrictions preventing a person details supplied from leaving iraq and returning to their spouse and three irish citizen children in elphin county roscommon and given concerns regarding their health if this will be treated as an urgent humanitarian matter requiring intervention at the highest level 69995 26,2026-10-06,written,1,69995/26,Eamon Scanlon,EAMON SCANLON,en,"To ask the Taoiseach to personally intervene with the Iraqi government to secure the immediate lifting of all restrictions preventing a person (details supplied) from leaving Iraq and returning to their spouse and three Irish citizen children in Elphin, County Roscommon; and given concerns regarding their health, if this will be treated as an urgent humanitarian matter requiring intervention at the highest level.",Taoiseach,16,18
"2. Deputy Peadar Tóibín asked the Taoiseach further to the most recent Labour Force Survey and Census data, the estimated number of one-earner households and cohabiting couple households in the State; and the number of households which are both cohabiting and reliant on a single income. [70428/26]",Taoiseach,further to the most recent labour force survey and census data the estimated number of one-earner households and cohabiting couple households in the state and the number of households which are both cohabiting and reliant on a single income 70428 26,2026-10-06,written,2,70428/26,Peadar Tóibín,PEADAR TÓIBÍN,en,"To ask the Taoiseach further to the most recent Labour Force Survey and Census data, the estimated number of one-earner households and cohabiting couple households in the State; and the number of households which are both cohabiting and reliant on a single income.",Taoiseach,20,22
"3. Deputy Eoin Ó Broin asked the Taoiseach whether his Department holds, or has held in the preceding five years, any contracts with an organisation (details supplied); and the value and purpose of any such contracts. [70470/26]",Taoiseach,whether his department holds or has held in the preceding five years any contracts with an organisation details supplied and the value and purpose of any such contracts 70470 26,2026-10-06,written,3,70470/26,Eoin Ó Broin,EOIN Ó BROIN,en,"To ask the Taoiseach whether his Department holds, or has held in the preceding five years, any contracts with an organisation (details supplied); and the value and purpose of any such contracts.",Taoiseach,24,26
"4. Deputy Peadar Tóibín asked the Taoiseach the number of households classified as one-earner households in each year from 2020 to 2025, inclusive; the number of cohabiting couple households in each such year; and the number of households that were both cohabiting and reliant on a single earner in each year. [70426/26]",Taoiseach,the number of households classified as one-earner households in each year from 2020 to 2025 inclusive the number of cohabiting couple households in each such year and the number of households that were both cohabiting and reliant on a single earner in each year 70426 26,2026-10-06,written,4,70426/26,Peadar Tóibín,PEADAR TÓIBÍN,en,"To ask the Taoiseach the number of households classified as one-earner households in each year from 2020 to 2025, inclusive; the number of cohabiting couple households in each such year; and the number of households that were both cohabiting and reliant on a single earner in each year.",Taoiseach,28,30
"5. Deputy Aengus Ó Snodaigh asked the Taoiseach to list the cultural institutions, if any, including museums, galleries, libraries, archives, theatres, concert halls, bands, ensembles, and performing companies, operated or hosted by his Department and public bodies or semi-State companies under his Department's remit, identifying the State funding provided for these institutions each year for the past ten years; where they are based; and the number of personnel dedicated to them. [70119/26]",Taoiseach,to list the cultural institutions if any including museums galleries libraries archives theatres concert halls bands ensembles and performing companies operated or hosted by his department and public bodies or semi-state companies under his department s remit identifying the state funding provided for these institutions each year for the past ten years where they are based and the number of personnel dedicated to them 70119 26,2026-10-06,written,5,70119/26,Aengus Ó Snodaigh,AENGUS Ó SNODAIGH,en,"To ask the Taoiseach to list the cultural institutions, if any, including museums, galleries, libraries, archives, theatres, concert halls, bands, ensembles, and performing companies, operated or hosted by his Department and public bodies or semi-State companies under his Department's remit, identifying the State funding provided for these institutions each year for the past ten years; where they are based; and the number of personnel dedicated to them.",Taoiseach,32,34
6. Deputy Darren O'Rourke asked the Minister for Foreign Affairs and Trade when she last met formally with the Danish Ambassador to Ireland. [69850/26],Foreign,the minister for foreign affairs and trade when she last met formally with the danish ambassador to ireland 69850 26,2026-10-06,written,6,69850/26,Darren O'Rourke,DARREN O'ROURKE,en,To ask the Minister for Foreign Affairs and Trade when she last met formally with the Danish Ambassador to Ireland.,Foreign Affairs and Trade,39,41
"7. Deputy Alan Kelly asked the Minister for Foreign Affairs and Trade the number of WTE executive assistant posts filled at Irish embassies in New Delhi, Zagreb, Madrid and Riga as of 28 September 2026, in tabular form. [69812/26]",Foreign,the minister for foreign affairs and trade the number of wte executive assistant posts filled at irish embassies in new delhi zagreb madrid and riga as of 28 september 2026 in tabular form 69812 26,2026-10-06,written,7,69812/26,Alan Kelly,ALAN KELLY,en,"To ask the Minister for Foreign Affairs and Trade the number of WTE executive assistant posts filled at Irish embassies in New Delhi, Zagreb, Madrid and Riga as of 28 September 2026, in tabular form.",Foreign Affairs and Trade,43,45
"8. Deputy Pat the Cope Gallagher asked the Minister for Foreign Affairs and Trade when is it proposed to invite internships for graduates in the area of human rights, conflict resolution, legal affairs and development assistance programme; and if she will make a statement on the matter. [69925/26]",Foreign,the minister for foreign affairs and trade when is it proposed to invite internships for graduates in the area of human rights conflict resolution legal affairs and development assistance programme and 69925 26,2026-10-06,written,8,69925/26,Pat the Cope Gallagher,PAT THE COPE GALLAGHER,en,"To ask the Minister for Foreign Affairs and Trade when is it proposed to invite internships for graduates in the area of human rights, conflict resolution, legal affairs and development assistance programme; and if she will make a statement on the matter.",Foreign Affairs and Trade,47,49
"9. Deputy George Lawlor asked the Minister for Foreign Affairs and Trade the number of new State-owned purchased vehicles for Irish Embassies and Consulate General Offices worldwide in each of the years of 2024, 2025 and to date in 2026; the number of State-owned vehicles from Irish Embassies and or Consulate General Offices that were withdrawn from services during same period, in tabular form [69967/26]",Foreign,the minister for foreign affairs and trade the number of new state-owned purchased vehicles for irish embassies and consulate general offices worldwide in each of the years of 2024 2025 and to date in 2026 the number of state-owned vehicles from irish embassies and or consulate general offices that were withdrawn from services during same period in tabular form 69967 26,2026-10-06,written,9,69967/26,George Lawlor,GEORGE LAWLOR,en,"To ask the Minister for Foreign Affairs and Trade the number of new State-owned purchased vehicles for Irish Embassies and Consulate General Offices worldwide in each of the years of 2024, 2025 and to date in 2026; the number of State-owned vehicles from Irish Embassies and or Consulate General Offices that were withdrawn from services during same period, in tabular form",Foreign Affairs and Trade,51,53
10. Deputy Richard Boyd Barrett asked the Minister for Foreign Affairs and Trade if a person (details supplied) can have a passport issued in their legally-recognised name and gender. [70078/26],Foreign,the minister for foreign affairs and trade if a person details supplied can have a passport issued in their legally-recognised name and gender 70078 26,2026-10-06,written,10,70078/26,Richard Boyd Barrett,RICHARD BOYD BARRETT,en,To ask the Minister for Foreign Affairs and Trade if a person (details supplied) can have a passport issued in their legally-recognised name and gender.,Foreign Affairs and Trade,55,57
"11. Deputy Aengus Ó Snodaigh asked the Minister for Foreign Affairs and Trade to list the cultural institutions, if any, including museums, galleries, libraries, archives, theatres, concert halls, bands, ensembles, and performing companies, operated or hosted by her Department and public bodies or semi-State companies under his Department's remit, identifying the State funding provided for these institutions each year for the past ten years; where they are based; and the number of personnel dedicated to them. [70135/26]",Foreign,the minister for foreign affairs and trade to list the cultural institutions if any including museums galleries libraries archives theatres concert halls bands ensembles and performing companies operated or hosted by her department and public bodies or semi-state companies under his department s remit identifying the state funding provided for these institutions each year for the past ten years where they are based and the number of personnel dedicated to them 70135 26,2026-10-06,written,11,70135/26,Aengus Ó Snodaigh,AENGUS Ó SNODAIGH,en,"To ask the Minister for Foreign Affairs and Trade to list the cultural institutions, if any, including museums, galleries, libraries, archives, theatres, concert halls, bands, ensembles, and performing companies, operated or hosted by her Department and public bodies or semi-State companies under his Department's remit, identifying the State funding provided for these institutions each year for the past ten years; where they are based; and the number of personnel dedicated to them.",Foreign Affairs and Trade,59,61
12. Deputy Pádraig Mac Lochlainn asked the Minister for Foreign Affairs and Trade to provide an update on the status of her negotiations with the British Government on an agreement that would resolve the longstanding jurisdictional dispute over Lough Foyle and allow for the licencing and regulation of those operators who have overseen the proliferation of oyster trestles on the western shore of the Lough. [70191/26],Foreign,the minister for foreign affairs and trade to provide an update on the status of her negotiations with the british government on an agreement that would resolve the longstanding jurisdictional dispute over lough foyle and allow for the licencing and regulation of those operators who have overseen the proliferation of oyster trestles on the western shore of the lough 70191 26,2026-10-06,written,12,70191/26,Pádraig Mac Lochlainn,PÁDRAIG MAC LOCHLAINN,en,To ask the Minister for Foreign Affairs and Trade to provide an update on the status of her negotiations with the British Government on an agreement that would resolve the longstanding jurisdictional dispute over Lough Foyle and allow for the licencing and regulation of those operators who have overseen the proliferation of oyster trestles on the western shore of the Lough.,Foreign Affairs and Trade,63,65
"13. Deputy Ken O'Flynn asked the Minister for Foreign Affairs and Trade the increase in staffing levels in the EU institutions provided for in the European Commission's proposal for the Multiannual Financial Framework 2028 to 2034, by institution, in tabular form; the Government's position on that increase; and if she will make a statement on the matter. [70307/26]",Foreign,the minister for foreign affairs and trade the increase in staffing levels in the eu institutions provided for in the european commission s proposal for the multiannual financial framework 2028 to 2034 by institution in tabular form the government s position on that increase and 70307 26,2026-10-06,written,13,70307/26,Ken O'Flynn,KEN O'FLYNN,en,"To ask the Minister for Foreign Affairs and Trade the increase in staffing levels in the EU institutions provided for in the European Commission's proposal for the Multiannual Financial Framework 2028 to 2034, by institution, in tabular form; the Government's position on that increase; and if she will make a statement on the matter.",Foreign Affairs and Trade,67,69
"14. Deputy Ken O'Flynn asked the Minister for Foreign Affairs and Trade her Department's assessment of the impact on the Common Agricultural Policy and on cohesion funding of calls by six Member States for a reduction of several hundred billion euros in the Commission's Multiannual Financial Framework proposal, with all headings contributing to the savings; the steps being taken to protect Ireland's CAP allocation; and if she will make a statement on the matter. [70304/26]",Foreign,the minister for foreign affairs and trade her department s assessment of the impact on the common agricultural policy and on cohesion funding of calls by six member states for a reduction of several hundred billion euros in the commission s multiannual financial framework proposal with all headings contributing to the savings the steps being taken to protect ireland s cap allocation and 70304 26,2026-10-06,written,14,70304/26,Ken O'Flynn,KEN O'FLYNN,en,"To ask the Minister for Foreign Affairs and Trade her Department's assessment of the impact on the Common Agricultural Policy and on cohesion funding of calls by six Member States for a reduction of several hundred billion euros in the Commission's Multiannual Financial Framework proposal, with all headings contributing to the savings; the steps being taken to protect Ireland's CAP allocation; and if she will make a statement on the matter.",Foreign Affairs and Trade,71,73
15. Deputy Ken O'Flynn asked the Minister for Foreign Affairs and Trade the Government's position on the use of common borrowing and on the introduction of new own resources to finance the Multiannual Financial Framework 2028 to 2034; if this position has been communicated to other Member States during the Irish Presidency; and if she will make a statement on the matter. [70302/26],Foreign,the minister for foreign affairs and trade the government s position on the use of common borrowing and on the introduction of new own resources to finance the multiannual financial framework 2028 to 2034 if this position has been communicated to other member states during the irish presidency and 70302 26,2026-10-06,written,15,70302/26,Ken O'Flynn,KEN O'FLYNN,en,To ask the Minister for Foreign Affairs and Trade the Government's position on the use of common borrowing and on the introduction of new own resources to finance the Multiannual Financial Framework 2028 to 2034; if this position has been communicated to other Member States during the Irish Presidency; and if she will make a statement on the matter.,Foreign Affairs and Trade,75,77
"16. Deputy Conor D. Mcguinness Chun a fhiafraí den Aire Gnóthaí Eachtracha agus Trádála maidir le polasaí reatha Sheirbhís na bPasanna i leith ainmneacha a chlárú i nGaeilge, tá fadhbanna ollmhóra ann do dhaoine atá ag iarraidh a n-ainmneacha a athrú ó Bhéarla go Gaeilge, mar de réir rialacháin reatha Sheirbhís na bPasanna, caithfidh saoránaigh a bhfuil fonn orthu leagan Gaeilge dá n-ainmeacha a úsáid cruthúnas úsáide dhá bhliain a thaispeáint trí dhoiciméid oifigiúla sula nglactar leis ar phas gan aon srianta; an féidir an próiseas seo a dhéanamh níos éasca do dhaoine, mar ba chóir; agus an ndéanfaidh sí ráiteas ina thaobh. [70332/26]",Foreign,deputy conor d mcguinness chun a fhiafraí den aire gnóthaí eachtracha agus trádála maidir le polasaí reatha sheirbhís na bpasanna i leith ainmneacha a chlárú i ngaeilge tá fadhbanna ollmhóra ann do dhaoine atá ag iarraidh a n-ainmneacha a athrú ó bhéarla go gaeilge mar de réir rialacháin reatha sheirbhís na bpasanna caithfidh saoránaigh a bhfuil fonn orthu leagan gaeilge dá n-ainmeacha a úsáid cruthúnas úsáide dhá bhliain a thaispeáint trí dhoiciméid oifigiúla sula nglactar leis ar phas gan aon srianta an féidir an próiseas seo a dhéanamh níos éasca do dhaoine mar ba chóir agus an ndéanfaidh sí ráiteas ina thaobh 70332 26,2026-10-06,written,16,70332/26,Conor D. Mcguinness,CONOR D. MCGUINNESS,ga,"Chun a fhiafraí den Aire Gnóthaí Eachtracha agus Trádála maidir le polasaí reatha Sheirbhís na bPasanna i leith ainmneacha a chlárú i nGaeilge, tá fadhbanna ollmhóra ann do dhaoine atá ag iarraidh a n-ainmneacha a athrú ó Bhéarla go Gaeilge, mar de réir rialacháin reatha Sheirbhís na bPasanna, caithfidh saoránaigh a bhfuil fonn orthu leagan Gaeilge dá n-ainmeacha a úsáid cruthúnas úsáide dhá bhliain a thaispeáint trí dhoiciméid oifigiúla sula nglactar leis ar phas gan aon srianta; an féidir an próiseas seo a dhéanamh níos éasca do dhaoine, mar ba chóir; agus an ndéanfaidh sí ráiteas ina thaobh.",Foreign Affairs and Trade,79,81
17. Deputy Cian O'Callaghan asked the Minister for Foreign Affairs and Trade if Irish Embassies around the world are required to invite Irish citizens to events celebrating Irish culture; and to examine a case (details supplied). [70442/26],Foreign,the minister for foreign affairs and trade if irish embassies around the world are required to invite irish citizens to events celebrating irish culture and to examine a case details supplied 70442 26,2026-10-06,written,17,70442/26,Cian O'Callaghan,CIAN O'CALLAGHAN,en,To ask the Minister for Foreign Affairs and Trade if Irish Embassies around the world are required to invite Irish citizens to events celebrating Irish culture; and to examine a case (details supplied).,Foreign Affairs and Trade,83,85
"18. Deputy Eoin Ó Broin asked the Minister for Foreign Affairs and Trade whether her Department holds, or has held in the preceding five years, contracts with a company (details supplied); and the value and purpose of any such contracts. [70472/26]",Foreign,the minister for foreign affairs and trade whether her department holds or has held in the preceding five years contracts with a company details supplied and the value and purpose of any such contracts 70472 26,2026-10-06,written,18,70472/26,Eoin Ó Broin,EOIN Ó BROIN,en,"To ask the Minister for Foreign Affairs and Trade whether her Department holds, or has held in the preceding five years, contracts with a company (details supplied); and the value and purpose of any such contracts.",Foreign Affairs and Trade,87,89
19. Deputy Ken O'Flynn asked the Minister for Foreign Affairs and Trade the Government's position on the overall volume of the next Multiannual Financial Framework and on the European Commission's proposed nominal increase of circa 60%. [71028/26],Foreign,the minister for foreign affairs and trade the government s position on the overall volume of the next multiannual financial framework and on the european commission s proposed nominal increase of circa 60 71028 26,2026-10-06,written,19,71028/26,Ken O'Flynn,KEN O'FLYNN,en,To ask the Minister for Foreign Affairs and Trade the Government's position on the overall volume of the next Multiannual Financial Framework and on the European Commission's proposed nominal increase of circa 60%.,Foreign Affairs and Trade,91,93
20. Deputy Ken O'Flynn asked the Minister for Foreign Affairs and Trade the timeline for the Irish Presidency's negotiating box on the Multiannual Financial Framework 2028 to 2034; if the negotiating box will set out an overall figure for the size of the framework before the end of the Presidency; and the arrangements in place to brief the Houses of the Oireachtas before it is tabled. [70301/26],Foreign,the minister for foreign affairs and trade the timeline for the irish presidency s negotiating box on the multiannual financial framework 2028 to 2034 if the negotiating box will set out an overall figure for the size of the framework before the end of the presidency and the arrangements in place to brief the houses of the oireachtas before it is tabled 70301 26,2026-10-06,written,20,70301/26,Ken O'Flynn,KEN O'FLYNN,en,To ask the Minister for Foreign Affairs and Trade the timeline for the Irish Presidency's negotiating box on the Multiannual Financial Framework 2028 to 2034; if the negotiating box will set out an overall figure for the size of the framework before the end of the Presidency; and the arrangements in place to brief the Houses of the Oireachtas before it is tabled.,Foreign Affairs and Trade,95,97
21. Deputy Emer Currie asked the Minister for Foreign Affairs and Trade for an update on a Shared Island funding proposal relating to palliative and hospice care (details supplied). [70117/26],Foreign,the minister for foreign affairs and trade for an update on a shared island funding proposal relating to palliative and hospice care details supplied 70117 26,2026-10-06,written,21,70117/26,Emer Currie,EMER CURRIE,en,To ask the Minister for Foreign Affairs and Trade for an update on a Shared Island funding proposal relating to palliative and hospice care (details supplied).,Foreign Affairs and Trade,99,101
22. Deputy Peadar Tóibín asked the Minister for Foreign Affairs and Trade if she will meet with a group (details supplied). [69961/26],Foreign,the minister for foreign affairs and trade if she will meet with a group details supplied 69961 26,2026-10-06,written,22,69961/26,Peadar Tóibín,PEADAR TÓIBÍN,en,To ask the Minister for Foreign Affairs and Trade if she will meet with a group (details supplied).,Foreign Affairs and Trade,103,105
"23. Deputy Maurice Quinlivan asked the Minister for Climate, Energy and the Environment if consideration is being given to adjusting the solar PV scheme for medically vulnerable customers who have essential medical equipment reliant on electricity to provide a battery or a changeover switch to keep medical equipment running during a power outage. [69780/26]",Climate,the minister for climate energy and the environment if consideration is being given to adjusting the solar pv scheme for medically vulnerable customers who have essential medical equipment reliant on electricity to provide a battery or a changeover switch to keep medical equipment running during a power outage 69780 26,2026-10-06,written,23,69780/26,Maurice Quinlivan,MAURICE QUINLIVAN,en,"To ask the Minister for Climate, Energy and the Environment if consideration is being given to adjusting the solar PV scheme for medically vulnerable customers who have essential medical equipment reliant on electricity to provide a battery or a changeover switch to keep medical equipment running during a power outage.","Climate, Energy and the Environment",110,112
"24. Deputy Aengus Ó Snodaigh asked the Minister for Climate, Energy and the Environment the steps being taken to assist families with children or adults who have special needs resulting in very high waste management bin charges (details supplied); and if he spoken with the Minister for Children, Disability and Equality on the need to address this matter. [69837/26]",Climate,the minister for climate energy and the environment the steps being taken to assist families with children or adults who have special needs resulting in very high waste management bin charges details supplied and if he spoken with the minister for children disability and equality on the need to address this matter 69837 26,2026-10-06,written,24,69837/26,Aengus Ó Snodaigh,AENGUS Ó SNODAIGH,en,"To ask the Minister for Climate, Energy and the Environment the steps being taken to assist families with children or adults who have special needs resulting in very high waste management bin charges (details supplied); and if he spoken with the Minister for Children, Disability and Equality on the need to address this matter.","Climate, Energy and the Environment",114,116
"25. Deputy Aengus Ó Snodaigh asked the Minister for Climate, Energy and the Environment when the Waste Management Waiver Scheme of €75, long promised by his Department, will be implemented. [69833/26]",Climate,the minister for climate energy and the environment when the waste management waiver scheme of 75 long promised by his department will be implemented 69833 26,2026-10-06,written,25,69833/26,Aengus Ó Snodaigh,AENGUS Ó SNODAIGH,en,"To ask the Minister for Climate, Energy and the Environment when the Waste Management Waiver Scheme of €75, long promised by his Department, will be implemented.","Climate, Energy and the Environment",118,120
"26. Deputy Malcolm Byrne asked the Minister for Climate, Energy and the Environment to outline progress on the upgrading of the national electricity grid. [69813/26]",Climate,the minister for climate energy and the environment progress on the upgrading of the national electricity grid 69813 26,2026-10-06,written,26,69813/26,Malcolm Byrne,MALCOLM BYRNE,en,"To ask the Minister for Climate, Energy and the Environment to outline progress on the upgrading of the national electricity grid.","Climate, Energy and the Environment",122,124
"27. Deputy Jennifer Whitmore asked the Minister for Climate, Energy and the Environment for an update on the marine protected areas legislation, including an expected timeline for implementation. [69748/26]",Climate,the minister for climate energy and the environment for an update on the marine protected areas legislation including an expected timeline for implementation 69748 26,2026-10-06,written,27,69748/26,Jennifer Whitmore,JENNIFER WHITMORE,en,"To ask the Minister for Climate, Energy and the Environment for an update on the marine protected areas legislation, including an expected timeline for implementation.","Climate, Energy and the Environment",126,128
"28. Deputy Pa Daly asked the Minister for Climate, Energy and the Environment to provide an update on the waste disposal waiver scheme for people living with disabilities; if he has met with the Minister for Social Protection to discuss additional measures his Department can provide in the absence of this waive; the conclusions that were reached; the dates on which these meetings does place; and if he will make a statement on the matter. [70099/26]",Climate,the minister for climate energy and the environment to provide an update on the waste disposal waiver scheme for people living with disabilities if he has met with the minister for social protection to discuss additional measures his department can provide in the absence of this waive the conclusions that were reached the dates on which these meetings does place and 70099 26,2026-10-06,written,28,70099/26,Pa Daly,PA DALY,en,"To ask the Minister for Climate, Energy and the Environment to provide an update on the waste disposal waiver scheme for people living with disabilities; if he has met with the Minister for Social Protection to discuss additional measures his Department can provide in the absence of this waive; the conclusions that were reached; the dates on which these meetings does place; and if he will make a statement on the matter.","Climate, Energy and the Environment",130,132
"29. Deputy Pa Daly asked the Minister for Climate, Energy and the Environment further to Parliamentary Question No. 2954/24, the number of local authorities that have a waste disposal waiver scheme in place; if he does not have this information, the reason; the options that are available to them; and if he will make a statement on the matter. [70098/26]",Climate,the minister for climate energy and the environment further to parliamentary question no 2954 24 the number of local authorities that have a waste disposal waiver scheme in place if he does not have this information the reason the options that are available to them and 70098 26,2026-10-06,written,29,70098/26,Pa Daly,PA DALY,en,"To ask the Minister for Climate, Energy and the Environment further to Parliamentary Question No. 2954/24, the number of local authorities that have a waste disposal waiver scheme in place; if he does not have this information, the reason; the options that are available to them; and if he will make a statement on the matter.","Climate, Energy and the Environment",134,136
"30. Deputy Aengus Ó Snodaigh asked the Minister for Climate, Energy and the Environment to list the cultural institutions, if any, including museums, galleries, libraries, archives, theatres, concert halls, bands, ensembles, and performing companies, operated or hosted by his Department and public bodies or semi-State companies under his Department's remit, identifying the State funding provided for these institutions each year for the past ten years; where they are based; and the number of personnel dedicated to them. [70134/26]",Climate,the minister for climate energy and the environment to list the cultural institutions if any including museums galleries libraries archives theatres concert halls bands ensembles and performing companies operated or hosted by his department and public bodies or semi-state companies under his department s remit identifying the state funding provided for these institutions each year for the past ten years where they are based and the number of personnel dedicated to them 70134 26,2026-10-06,written,30,70134/26,Aengus Ó Snodaigh,AENGUS Ó SNODAIGH,en,"To ask the Minister for Climate, Energy and the Environment to list the cultural institutions, if any, including museums, galleries, libraries, archives, theatres, concert halls, bands, ensembles, and performing companies, operated or hosted by his Department and public bodies or semi-State companies under his Department's remit, identifying the State funding provided for these institutions each year for the past ten years; where they are based; and the number of personnel dedicated to them.","Climate, Energy and the Environment",138,140
"31. Deputy Barry Ward asked the Minister for Climate, Energy and the Environment if his attention has been drawn to a report in relation to the use of home battery systems (details supplied); and if research has been carried out by his Department into the merits of supporting a policy of this nature. [70237/26]",Climate,the minister for climate energy and the environment if his attention has been drawn to a report the use of home battery systems details supplied and if research has been carried out by his department into the merits of supporting a policy of this nature 70237 26,2026-10-06,written,31,70237/26,Barry Ward,BARRY WARD,en,"To ask the Minister for Climate, Energy and the Environment if his attention has been drawn to a report in relation to the use of home battery systems (details supplied); and if research has been carried out by his Department into the merits of supporting a policy of this nature.","Climate, Energy and the Environment",142,144
"32. Deputy Pa Daly asked the Minister for Climate, Energy and the Environment whether consideration will be given to reviewing the pre-2006 eligibility requirement under the warmer homes scheme, given that a person whose home was built in 2007 may otherwise meet the qualifying criteria but is excluded solely on the basis of the year the property was built. [70186/26]",Climate,the minister for climate energy and the environment whether consideration will be given to reviewing the pre-2006 eligibility requirement under the warmer homes scheme given that a person whose home was built in 2007 may otherwise meet the qualifying criteria but is excluded solely on the basis of the year the property was built 70186 26,2026-10-06,written,32,70186/26,Pa Daly,PA DALY,en,"To ask the Minister for Climate, Energy and the Environment whether consideration will be given to reviewing the pre-2006 eligibility requirement under the warmer homes scheme, given that a person whose home was built in 2007 may otherwise meet the qualifying criteria but is excluded solely on the basis of the year the property was built.","Climate, Energy and the Environment",146,148
"33. Deputy Seán Ó Fearghaíl asked the Minister for Climate, Energy and the Environment With regard to energised grid-scale Li-BESS installations in the State, which body is statutorily responsible for inspecting and enforcing operational safety after an installation is energised; and under what legislative powers those functions are exercised. [70225/26]",Climate,the minister for climate energy and the environment with regard to energised grid-scale li-bess installations in the state which body is statutorily responsible for inspecting and enforcing operational safety after an installation is energised and under what legislative powers those functions are exercised 70225 26,2026-10-06,written,33,70225/26,Seán Ó Fearghaíl,SEÁN Ó FEARGHAÍL,en,"To ask the Minister for Climate, Energy and the Environment With regard to energised grid-scale Li-BESS installations in the State, which body is statutorily responsible for inspecting and enforcing operational safety after an installation is energised; and under what legislative powers those functions are exercised.","Climate, Energy and the Environment",150,152
"34. Deputy Richard Boyd Barrett asked the Minister for Climate, Energy and the Environment if, in relation to the recent announcement regarding the solar grant scheme which is to be extended to newer builds, he will consider during the legislative review process providing a retroactive grace period allowing homeowners who completed installations on 2021–2024 builds prior to the Cabinet announcement to submit their paid invoices, ESB NC6 connection forms, and SEAI compliance certs to claim the grant. [70197/26]",Climate,the minister for climate energy and the environment if the recent announcement regarding the solar grant scheme which is to be extended to newer builds he will consider during the legislative review process providing a retroactive grace period allowing homeowners who completed installations on 2021 2024 builds prior to the cabinet announcement to submit their paid invoices esb nc6 connection forms and seai compliance certs to claim the grant 70197 26,2026-10-06,written,34,70197/26,Richard Boyd Barrett,RICHARD BOYD BARRETT,en,"To ask the Minister for Climate, Energy and the Environment if, in relation to the recent announcement regarding the solar grant scheme which is to be extended to newer builds, he will consider during the legislative review process providing a retroactive grace period allowing homeowners who completed installations on 2021–2024 builds prior to the Cabinet announcement to submit their paid invoices, ESB NC6 connection forms, and SEAI compliance certs to claim the grant.","Climate, Energy and the Environment",154,156
"35. Deputy Ged Nash asked the Minister for Climate, Energy and the Environment if his Department plans to adjust the 85% SEAI grant rule (details supplied), to limit the financial burden on applicants on low incomes. [70399/26]",Climate,the minister for climate energy and the environment if his department plans to adjust the 85 seai grant rule details supplied to limit the financial burden on applicants on low incomes 70399 26,2026-10-06,written,35,70399/26,Ged Nash,GED NASH,en,"To ask the Minister for Climate, Energy and the Environment if his Department plans to adjust the 85% SEAI grant rule (details supplied), to limit the financial burden on applicants on low incomes.","Climate, Energy and the Environment",158,160
"36. Deputy William Aird asked the Minister for Climate, Energy and the Environment to confirm whether that the scrappage scheme relating to old boilers not only applies to replacement with heat pumps, but also replacement with pellet and wood gasification boilers. [70487/26]",Climate,the minister for climate energy and the environment to confirm whether that the scrappage scheme relating to old boilers not only applies to replacement with heat pumps but also replacement with pellet and wood gasification boilers 70487 26,2026-10-06,written,36,70487/26,William Aird,WILLIAM AIRD,en,"To ask the Minister for Climate, Energy and the Environment to confirm whether that the scrappage scheme relating to old boilers not only applies to replacement with heat pumps, but also replacement with pellet and wood gasification boilers.","Climate, Energy and the Environment",162,164
"37. Deputy Ken O'Flynn asked the Minister for Climate, Energy and the Environment whether he plans to establish independent regulation of household waste collection charges; the timeline for same; and if he will make a statement on the matter. [70577/26]",Climate,the minister for climate energy and the environment whether he plans to establish independent regulation of household waste collection charges the timeline for same and 70577 26,2026-10-06,written,37,70577/26,Ken O'Flynn,KEN O'FLYNN,en,"To ask the Minister for Climate, Energy and the Environment whether he plans to establish independent regulation of household waste collection charges; the timeline for same; and if he will make a statement on the matter.","Climate, Energy and the Environment",166,168
"38. Deputy Ken O'Flynn asked the Minister for Climate, Energy and the Environment whether he will consider capping standing charges or requiring permitted collectors to offer a low use tariff to single person households and pensioners living alone; and if he will make a statement on the matter. [70575/26]",Climate,the minister for climate energy and the environment whether he will consider capping standing charges or requiring permitted collectors to offer a low use tariff to single person households and pensioners living alone and 70575 26,2026-10-06,written,38,70575/26,Ken O'Flynn,KEN O'FLYNN,en,"To ask the Minister for Climate, Energy and the Environment whether he will consider capping standing charges or requiring permitted collectors to offer a low use tariff to single person households and pensioners living alone; and if he will make a statement on the matter.","Climate, Energy and the Environment",170,172
"39. Deputy Pat Buckley asked the Minister for Climate, Energy and the Environment for an immediate national moratorium on grid connections for data centres; and if he will make a statement on the matter. [70415/26]",Climate,the minister for climate energy and the environment for an immediate national moratorium on grid connections for data centres and 70415 26,2026-10-06,written,39,70415/26,Pat Buckley,PAT BUCKLEY,en,"To ask the Minister for Climate, Energy and the Environment for an immediate national moratorium on grid connections for data centres; and if he will make a statement on the matter.","Climate, Energy and the Environment",174,176
"40. Deputy Aengus Ó Snodaigh asked the Minister for Defence to list the cultural institutions, if any, including museums, galleries, libraries, archives, theatres, concert halls, bands, ensembles, and performing companies, operated or hosted by her Department and public bodies or semi-State companies under the Department's remit, identifying the state funding provided for these institutions each year for the past ten years; where they are based; and the number of personnel dedicated to them. [70133/26]",Defence,the minister for defence to list the cultural institutions if any including museums galleries libraries archives theatres concert halls bands ensembles and performing companies operated or hosted by her department and public bodies or semi-state companies under the department s remit identifying the state funding provided for these institutions each year for the past ten years where they are based and the number of personnel dedicated to them 70133 26,2026-10-06,written,40,70133/26,Aengus Ó Snodaigh,AENGUS Ó SNODAIGH,en,"To ask the Minister for Defence to list the cultural institutions, if any, including museums, galleries, libraries, archives, theatres, concert halls, bands, ensembles, and performing companies, operated or hosted by her Department and public bodies or semi-State companies under the Department's remit, identifying the state funding provided for these institutions each year for the past ten years; where they are based; and the number of personnel dedicated to them.",Defence,181,183
"41. Deputy Eoin Ó Broin asked the Minister for Defence whether his Department holds, or has held in the preceding five years, contracts with a company (details supplied); and the value and purpose of any such contracts. [70474/26]",Defence,the minister for defence whether his department holds or has held in the preceding five years contracts with a company details supplied and the value and purpose of any such contracts 70474 26,2026-10-06,written,41,70474/26,Eoin Ó Broin,EOIN Ó BROIN,en,"To ask the Minister for Defence whether his Department holds, or has held in the preceding five years, contracts with a company (details supplied); and the value and purpose of any such contracts.",Defence,185,187
42. Deputy Cathy Bennett asked the Minister for Transport the funding allocated to the NTA in the years 2019 to date. [69823/26],Transport,the minister for transport the funding allocated to the nta in the years 2019 to date 69823 26,2026-10-06,written,42,69823/26,Cathy Bennett,CATHY BENNETT,en,To ask the Minister for Transport the funding allocated to the NTA in the years 2019 to date.,Transport,192,194
43. Deputy Darren O'Rourke asked the Minister for Transport to provide an update on double decker coaches due to be deployed across the State in 2027; when they will be deployed to Meath specifically; and the routes that these coaches will be deployed on. [69857/26],Transport,the minister for transport to provide an update on double decker coaches due to be deployed across the state in 2027 when they will be deployed to meath specifically and the routes that these coaches will be deployed on 69857 26,2026-10-06,written,43,69857/26,Darren O'Rourke,DARREN O'ROURKE,en,To ask the Minister for Transport to provide an update on double decker coaches due to be deployed across the State in 2027; when they will be deployed to Meath specifically; and the routes that these coaches will be deployed on.,Transport,196,198
"44. Deputy Cathy Bennett asked the Minister for Transport the roads funding allocated to counties Cavan and Monaghan for the upkeep and maintenance of local and regional roads, by county, by year, in tabular form. [69825/26]",Transport,the minister for transport the roads funding allocated to counties cavan and monaghan for the upkeep and maintenance of local and regional roads by county by year in tabular form 69825 26,2026-10-06,written,44,69825/26,Cathy Bennett,CATHY BENNETT,en,"To ask the Minister for Transport the roads funding allocated to counties Cavan and Monaghan for the upkeep and maintenance of local and regional roads, by county, by year, in tabular form.",Transport,200,202
45. Deputy Robert O'Donoghue asked the Minister for Transport whether he has received advice from the NTA on fixed or discounted fares set through app-based taxi dispatch platforms; whether the current Taxi Regulation Legislation adequately covers such pricing models; whether regulatory or legislative changes are being considered; and whether the impact on driver income and the sustainability of the taxi sector will be examined. [69801/26],Transport,the minister for transport whether he has received advice from the nta on fixed or discounted fares set through app-based taxi dispatch platforms whether the current taxi regulation legislation adequately covers such pricing models whether regulatory or legislative changes are being considered and whether the impact on driver income and the sustainability of the taxi sector will be examined 69801 26,2026-10-06,written,45,69801/26,Robert O'Donoghue,ROBERT O'DONOGHUE,en,To ask the Minister for Transport whether he has received advice from the NTA on fixed or discounted fares set through app-based taxi dispatch platforms; whether the current Taxi Regulation Legislation adequately covers such pricing models; whether regulatory or legislative changes are being considered; and whether the impact on driver income and the sustainability of the taxi sector will be examined.,Transport,204,206
"46. Deputy Ryan O'Meara asked the Minister for Transport if the road transporters support scheme (RTSS) will be extended for new applicants, following the recent announcement that the fuel income support scheme for agricultural contractors and farmers will be extended. [69932/26]",Transport,the minister for transport if the road transporters support scheme rtss will be extended for new applicants following the recent announcement that the fuel income support scheme for agricultural contractors and farmers will be extended 69932 26,2026-10-06,written,46,69932/26,Ryan O'Meara,RYAN O'MEARA,en,"To ask the Minister for Transport if the road transporters support scheme (RTSS) will be extended for new applicants, following the recent announcement that the fuel income support scheme for agricultural contractors and farmers will be extended.",Transport,208,210
"47. Deputy Holly Cairns asked the Minister for Transport further to Parliamentary Question 61760/26, if data is collected on the number of times an individual sits a category B driving test (details supplied); if this data is retained after an individual passes a category B driving test; and if so, the average number of attempts an applicant makes for a category B driving test before passing, by driving centre, in tabular form. [69939/26]",Transport,the minister for transport further to parliamentary question 61760 26 if data is collected on the number of times an individual sits a category b driving test details supplied if this data is retained after an individual passes a category b driving test the average number of attempts an applicant makes for a category b driving test before passing by driving centre in tabular form 69939 26,2026-10-06,written,47,69939/26,Holly Cairns,HOLLY CAIRNS,en,"To ask the Minister for Transport further to Parliamentary Question 61760/26, if data is collected on the number of times an individual sits a category B driving test (details supplied); if this data is retained after an individual passes a category B driving test; and if so, the average number of attempts an applicant makes for a category B driving test before passing, by driving centre, in tabular form.",Transport,212,214
48. Deputy Eoghan Kenny asked the Minister for Transport to clarify the timetable for a bus (details supplied); and if his Department will consider adding times to the route. [69960/26],Transport,the minister for transport to clarify the timetable for a bus details supplied and if his department will consider adding times to the route 69960 26,2026-10-06,written,48,69960/26,Eoghan Kenny,EOGHAN KENNY,en,To ask the Minister for Transport to clarify the timetable for a bus (details supplied); and if his Department will consider adding times to the route.,Transport,216,218
"49. Deputy Eoghan Kenny asked the Minister for Transport if his Department and Iarnród Éireann review the capacity of the rail service serving Cork Kent to Cobh and Midleton, given the overcrowding regularly taking place on the service. [69959/26]",Transport,the minister for transport if his department and iarnród éireann review the capacity of the rail service serving cork kent to cobh and midleton given the overcrowding regularly taking place on the service 69959 26,2026-10-06,written,49,69959/26,Eoghan Kenny,EOGHAN KENNY,en,"To ask the Minister for Transport if his Department and Iarnród Éireann review the capacity of the rail service serving Cork Kent to Cobh and Midleton, given the overcrowding regularly taking place on the service.",Transport,220,222
"50. Deputy Eoghan Kenny asked the Minister for Transport if parking at the Millstreet train station will remain free of charge to commuters, given the expansion of the car park. [69958/26]",Transport,the minister for transport if parking at the millstreet train station will remain free of charge to commuters given the expansion of the car park 69958 26,2026-10-06,written,50,69958/26,Eoghan Kenny,EOGHAN KENNY,en,"To ask the Minister for Transport if parking at the Millstreet train station will remain free of charge to commuters, given the expansion of the car park.",Transport,224,226
"51. Deputy Cian O'Callaghan asked the Minister for Transport further to Parliamentary Question 62049/26, if the statutory public consultation process has concluded; if the amendments to the CIÉ pension schemes have been agreed; and when retirees of CIÉ will finally receive their long awaited pension increase. [69982/26]",Transport,the minister for transport further to parliamentary question 62049 26 if the statutory public consultation process has concluded if the amendments to the cié pension schemes have been agreed and when retirees of cié will finally receive their long awaited pension increase 69982 26,2026-10-06,written,51,69982/26,Cian O'Callaghan,CIAN O'CALLAGHAN,en,"To ask the Minister for Transport further to Parliamentary Question 62049/26, if the statutory public consultation process has concluded; if the amendments to the CIÉ pension schemes have been agreed; and when retirees of CIÉ will finally receive their long awaited pension increase.",Transport,228,230
52. Deputy Pearse Doherty asked the Minister for Transport when a person (details supplied) in County Donegal will receive a reply to their road transporters support scheme late application query. [69987/26],Transport,the minister for transport when a person details supplied in county donegal will receive a reply to their road transporters support scheme late application query 69987 26,2026-10-06,written,52,69987/26,Pearse Doherty,PEARSE DOHERTY,en,To ask the Minister for Transport when a person (details supplied) in County Donegal will receive a reply to their road transporters support scheme late application query.,Transport,232,234
53. Deputy Michael Fitzmaurice asked the Minister for Transport when a payment under the road transport scheme will issue to a person (details supplied). [70000/26],Transport,the minister for transport when a payment under the road transport scheme will issue to a person details supplied 70000 26,2026-10-06,written,53,70000/26,Michael Fitzmaurice,MICHAEL FITZMAURICE,en,To ask the Minister for Transport when a payment under the road transport scheme will issue to a person (details supplied).,Transport,236,238
"54. Deputy Richard Boyd Barrett asked the Minister for Transport if his attention has been drawn to the rising increase in driving test wait times as reported today (details supplied), particularly in Dún Laoghaire where wait times have risen again to 19 weeks this month and the impact this is having on those waiting for tests for employment/education and other reasons; if he will outline the immediate steps he is taking to bring down waiting times permanently; and if emergency slots have been considered for those who can provide supporting evidence of the necessity of an early test. [70025/26]",Transport,the minister for transport if his attention has been drawn to the rising increase in driving test wait times as reported today details supplied particularly in dún laoghaire where wait times have risen again to 19 weeks this month and the impact this is having on those waiting for tests for employment education and other reasons if he will outline the immediate steps he is taking to bring down waiting times permanently and if emergency slots have been considered for those who can provide supporting evidence of the necessity of an early test 70025 26,2026-10-06,written,54,70025/26,Richard Boyd Barrett,RICHARD BOYD BARRETT,en,"To ask the Minister for Transport if his attention has been drawn to the rising increase in driving test wait times as reported today (details supplied), particularly in Dún Laoghaire where wait times have risen again to 19 weeks this month and the impact this is having on those waiting for tests for employment/education and other reasons; if he will outline the immediate steps he is taking to bring down waiting times permanently; and if emergency slots have been considered for those who can provide supporting evidence of the necessity of an early test.",Transport,240,242
55. Deputy Naoise Ó Cearúil asked the Minister for Transport the assessments undertaken by his Department and the National Transport Authority to measure public transport demand in the Kildare North constituency; and the metrics used to assess whether existing public transport capacity is meeting current and projected demand. [70113/26],Transport,the minister for transport the assessments undertaken by his department and the national transport authority to measure public transport demand in the kildare north constituency and the metrics used to assess whether existing public transport capacity is meeting current and projected demand 70113 26,2026-10-06,written,55,70113/26,Naoise Ó Cearúil,NAOISE Ó CEARÚIL,en,To ask the Minister for Transport the assessments undertaken by his Department and the National Transport Authority to measure public transport demand in the Kildare North constituency; and the metrics used to assess whether existing public transport capacity is meeting current and projected demand.,Transport,244,246
56. Deputy Naoise Ó Cearúil asked the Minister for Transport the public transport projects currently planned or under construction in the Kildare North constituency and their anticipated delivery timelines. [70112/26],Transport,the minister for transport the public transport projects currently planned or under construction in the kildare north constituency and their anticipated delivery timelines 70112 26,2026-10-06,written,56,70112/26,Naoise Ó Cearúil,NAOISE Ó CEARÚIL,en,To ask the Minister for Transport the public transport projects currently planned or under construction in the Kildare North constituency and their anticipated delivery timelines.,Transport,248,250
"57. Deputy Emer Currie asked the Minister for Transport for an update on the progress made rolling-out electric bike schemes in Cork, Limerick, Galway and Waterford; the breakdown of the number of the previously-announced 400 bikes now available for public use in these cities; the amount that has been spent to date on the introduction of electrics bikes in these cities; and if he will make a statement on the matter. [70116/26]",Transport,the minister for transport for an update on the progress made rolling-out electric bike schemes in cork limerick galway and waterford the breakdown of the number of the previously-announced 400 bikes now available for public use in these cities the amount that has been spent to date on the introduction of electrics bikes in these cities and 70116 26,2026-10-06,written,57,70116/26,Emer Currie,EMER CURRIE,en,"To ask the Minister for Transport for an update on the progress made rolling-out electric bike schemes in Cork, Limerick, Galway and Waterford; the breakdown of the number of the previously-announced 400 bikes now available for public use in these cities; the amount that has been spent to date on the introduction of electrics bikes in these cities; and if he will make a statement on the matter.",Transport,252,254
"58. Deputy Aengus Ó Snodaigh asked the Minister for Transport to list the cultural institutions, if any, including museums, galleries, libraries, archives, theatres, concert halls, bands, ensembles, and performing companies, operated or hosted by his Department and public bodies or semi-State companies under his Department's remit, identifying the State funding provided for these institutions each year for the past ten years; where they are based; and the number of personnel dedicated to them. [70132/26]",Transport,the minister for transport to list the cultural institutions if any including museums galleries libraries archives theatres concert halls bands ensembles and performing companies operated or hosted by his department and public bodies or semi-state companies under his department s remit identifying the state funding provided for these institutions each year for the past ten years where they are based and the number of personnel dedicated to them 70132 26,2026-10-06,written,58,70132/26,Aengus Ó Snodaigh,AENGUS Ó SNODAIGH,en,"To ask the Minister for Transport to list the cultural institutions, if any, including museums, galleries, libraries, archives, theatres, concert halls, bands, ensembles, and performing companies, operated or hosted by his Department and public bodies or semi-State companies under his Department's remit, identifying the State funding provided for these institutions each year for the past ten years; where they are based; and the number of personnel dedicated to them.",Transport,256,258
"59. Deputy Pa Daly asked the Minister for Transport if consideration is being given, as part of the dispatch operator review, to placing greater regulatory obligations on app-based dispatch platforms to assist drivers in meeting tax compliance requirements; and the proposals under consideration. [70264/26]",Transport,the minister for transport if consideration is being given as part of the dispatch operator review to placing greater regulatory obligations on app-based dispatch platforms to assist drivers in meeting tax compliance requirements and the proposals under consideration 70264 26,2026-10-06,written,59,70264/26,Pa Daly,PA DALY,en,"To ask the Minister for Transport if consideration is being given, as part of the dispatch operator review, to placing greater regulatory obligations on app-based dispatch platforms to assist drivers in meeting tax compliance requirements; and the proposals under consideration.",Transport,260,262
60. Deputy Pa Daly asked the Minister for Transport if the issue of VAT reverse-charge obligations on SPSV drivers forms part of the current review of dispatch operator regulations being undertaken by the National Transport Authority; whether submissions raising this matter have been received; and if he will make a statement on the matter. [70263/26],Transport,the minister for transport if the issue of vat reverse-charge obligations on spsv drivers forms part of the current review of dispatch operator regulations being undertaken by the national transport authority whether submissions raising this matter have been received and 70263 26,2026-10-06,written,60,70263/26,Pa Daly,PA DALY,en,To ask the Minister for Transport if the issue of VAT reverse-charge obligations on SPSV drivers forms part of the current review of dispatch operator regulations being undertaken by the National Transport Authority; whether submissions raising this matter have been received; and if he will make a statement on the matter.,Transport,264,266
61. Deputy Pa Daly asked the Minister for Transport if the ongoing National Transport Authority review of dispatch operator regulations is examining the tax compliance implications arising from platform-based dispatch services; and if he will make a statement on the matter. [70261/26],Transport,the minister for transport if the ongoing national transport authority review of dispatch operator regulations is examining the tax compliance implications arising from platform-based dispatch services and 70261 26,2026-10-06,written,61,70261/26,Pa Daly,PA DALY,en,To ask the Minister for Transport if the ongoing National Transport Authority review of dispatch operator regulations is examining the tax compliance implications arising from platform-based dispatch services; and if he will make a statement on the matter.,Transport,268,270
"62. Deputy Pa Daly asked the Minister for Transport if the National Transport Authority considers it has sufficient statutory powers to impose licence conditions relating to tax-compliance arrangements between dispatch operators and drivers; and if not, the legislative amendments would be required to provide such powers. [70259/26]",Transport,the minister for transport if the national transport authority considers it has sufficient statutory powers to impose licence conditions relating to tax-compliance arrangements between dispatch operators and drivers the legislative amendments would be required to provide such powers 70259 26,2026-10-06,written,62,70259/26,Pa Daly,PA DALY,en,"To ask the Minister for Transport if the National Transport Authority considers it has sufficient statutory powers to impose licence conditions relating to tax-compliance arrangements between dispatch operators and drivers; and if not, the legislative amendments would be required to provide such powers.",Transport,272,274
"63. Deputy Pa Daly asked the Minister for Transport if the National Transport Authority has examined the possibility of requiring licensed dispatch operators, as a condition of licensing, to implement systems that ensure tax liabilities arising from platform commissions or dispatch charges are dealt with directly and transparently rather than being left to individual drivers; and if he will make a statement on the matter. [70258/26]",Transport,the minister for transport if the national transport authority has examined the possibility of requiring licensed dispatch operators as a condition of licensing to implement systems that ensure tax liabilities arising from platform commissions or dispatch charges are dealt with directly and transparently rather than being left to individual drivers and 70258 26,2026-10-06,written,63,70258/26,Pa Daly,PA DALY,en,"To ask the Minister for Transport if the National Transport Authority has examined the possibility of requiring licensed dispatch operators, as a condition of licensing, to implement systems that ensure tax liabilities arising from platform commissions or dispatch charges are dealt with directly and transparently rather than being left to individual drivers; and if he will make a statement on the matter.",Transport,276,278
"64. Deputy Pa Daly asked the Minister for Transport the steps being taken to ensure that the growth of app-based dispatch operators does not undermine the ability of the National Transport Authority to regulate the SPSV sector independently and in the interests of drivers, passengers and the wider public. [70267/26]",Transport,the minister for transport the steps being taken to ensure that the growth of app-based dispatch operators does not undermine the ability of the national transport authority to regulate the spsv sector independently and in the interests of drivers passengers and the wider public 70267 26,2026-10-06,written,64,70267/26,Pa Daly,PA DALY,en,"To ask the Minister for Transport the steps being taken to ensure that the growth of app-based dispatch operators does not undermine the ability of the National Transport Authority to regulate the SPSV sector independently and in the interests of drivers, passengers and the wider public.",Transport,280,282
65. Deputy Pa Daly asked the Minister for Transport if he is satisfied that the regulatory framework governing the SPSV sector is being determined by the National Transport Authority in the public interest rather than being shaped by the corporate structures and business models of large international platform operators; and if he will make a statement on the matter. [70266/26],Transport,the minister for transport if he is satisfied that the regulatory framework governing the spsv sector is being determined by the national transport authority in the public interest rather than being shaped by the corporate structures and business models of large international platform operators and 70266 26,2026-10-06,written,65,70266/26,Pa Daly,PA DALY,en,To ask the Minister for Transport if he is satisfied that the regulatory framework governing the SPSV sector is being determined by the National Transport Authority in the public interest rather than being shaped by the corporate structures and business models of large international platform operators; and if he will make a statement on the matter.,Transport,284,286
"66. Deputy Pa Daly asked the Minister for Transport the tax compliance checks undertaken by the National Transport Authority before granting, renewing or maintaining a dispatch operator licence; whether licensed dispatch operators are required to demonstrate that their Irish tax affairs are fully up to date; and if he will make a statement on the matter. [70249/26]",Transport,the minister for transport the tax compliance checks undertaken by the national transport authority before granting renewing or maintaining a dispatch operator licence whether licensed dispatch operators are required to demonstrate that their irish tax affairs are fully up to date and 70249 26,2026-10-06,written,66,70249/26,Pa Daly,PA DALY,en,"To ask the Minister for Transport the tax compliance checks undertaken by the National Transport Authority before granting, renewing or maintaining a dispatch operator licence; whether licensed dispatch operators are required to demonstrate that their Irish tax affairs are fully up to date; and if he will make a statement on the matter.",Transport,288,290
"67. Deputy Ken O'Flynn asked the Minister for Transport if the National Transport Authority has engaged with Cork County Council regarding bus stop provision and pedestrian access to public transport for new residential developments in Whitechurch, County Cork; the outcome of any such engagement; and if he will make a statement on the matter. [70275/26]",Transport,the minister for transport if the national transport authority has engaged with cork county council regarding bus stop provision and pedestrian access to public transport for new residential developments in whitechurch county cork the outcome of any such engagement and 70275 26,2026-10-06,written,67,70275/26,Ken O'Flynn,KEN O'FLYNN,en,"To ask the Minister for Transport if the National Transport Authority has engaged with Cork County Council regarding bus stop provision and pedestrian access to public transport for new residential developments in Whitechurch, County Cork; the outcome of any such engagement; and if he will make a statement on the matter.",Transport,292,294
"68. Deputy Ken O'Flynn asked the Minister for Transport the timeframe for the introduction of the BusConnects Cork new network service to Whitechurch and Glenville; the frequency and hours of operation planned for the service; if additional interim services will be introduced on route 248 in advance of the new network, given the growth in population in the area; and if he will make a statement on the matter. [70274/26]",Transport,the minister for transport the timeframe for the introduction of the busconnects cork new network service to whitechurch and glenville the frequency and hours of operation planned for the service if additional interim services will be introduced on route 248 in advance of the new network given the growth in population in the area and 70274 26,2026-10-06,written,68,70274/26,Ken O'Flynn,KEN O'FLYNN,en,"To ask the Minister for Transport the timeframe for the introduction of the BusConnects Cork new network service to Whitechurch and Glenville; the frequency and hours of operation planned for the service; if additional interim services will be introduced on route 248 in advance of the new network, given the growth in population in the area; and if he will make a statement on the matter.",Transport,296,298
"69. Deputy Ken O'Flynn asked the Minister for Transport the average weekday passenger numbers on route 248 in each of the years 2023, 2024, 2025 and to date in 2026; the extent to which residential development in Whitechurch, County Cork, whether completed since 2023, under construction or with planning permission, has been factored into National Transport Authority service planning for the area; and if he will make a statement on the matter. [70272/26]",Transport,the minister for transport the average weekday passenger numbers on route 248 in each of the years 2023 2024 2025 and to date in 2026 the extent to which residential development in whitechurch county cork whether completed since 2023 under construction or with planning permission has been factored into national transport authority service planning for the area and 70272 26,2026-10-06,written,69,70272/26,Ken O'Flynn,KEN O'FLYNN,en,"To ask the Minister for Transport the average weekday passenger numbers on route 248 in each of the years 2023, 2024, 2025 and to date in 2026; the extent to which residential development in Whitechurch, County Cork, whether completed since 2023, under construction or with planning permission, has been factored into National Transport Authority service planning for the area; and if he will make a statement on the matter.",Transport,300,302
70. Deputy Ken O'Flynn asked the Minister for Transport if the National Transport Authority formally monitors the punctuality and reliability of route 248 under its public service obligation contract with Bus Éireann; the performance standards that apply to the route; the number of occasions since January 2025 on which those standards were not met; the remedial action or contractual deductions applied as a result; and if he will make a statement on the matter. [70271/26],Transport,the minister for transport if the national transport authority formally monitors the punctuality and reliability of route 248 under its public service obligation contract with bus éireann the performance standards that apply to the route the number of occasions since january 2025 on which those standards were not met the remedial action or contractual deductions applied as a result and 70271 26,2026-10-06,written,70,70271/26,Ken O'Flynn,KEN O'FLYNN,en,To ask the Minister for Transport if the National Transport Authority formally monitors the punctuality and reliability of route 248 under its public service obligation contract with Bus Éireann; the performance standards that apply to the route; the number of occasions since January 2025 on which those standards were not met; the remedial action or contractual deductions applied as a result; and if he will make a statement on the matter.,Transport,304,306
"71. Deputy Ken O'Flynn asked the Minister for Transport the number of scheduled Bus Éireann route 248 services serving Whitechurch, County Cork that did not operate, or that operated more than ten minutes late, in each month of 2025 and to date in 2026, with specific reference to the scheduled 08:06 departure from Whitechurch towards Cork; and if he will make a statement on the matter. [70270/26]",Transport,the minister for transport the number of scheduled bus éireann route 248 services serving whitechurch county cork that did not operate or that operated more than ten minutes late in each month of 2025 and to date in 2026 with specific reference to the scheduled 08 06 departure from whitechurch towards cork and 70270 26,2026-10-06,written,71,70270/26,Ken O'Flynn,KEN O'FLYNN,en,"To ask the Minister for Transport the number of scheduled Bus Éireann route 248 services serving Whitechurch, County Cork that did not operate, or that operated more than ten minutes late, in each month of 2025 and to date in 2026, with specific reference to the scheduled 08:06 departure from Whitechurch towards Cork; and if he will make a statement on the matter.",Transport,308,310
72. Deputy Eoghan Kenny asked the Minister for Transport if the NTA will be reviewing new developments in Whitechurch to have appropriate bus stops and direct access to public transport. [70232/26],Transport,the minister for transport if the nta will be reviewing new developments in whitechurch to have appropriate bus stops and direct access to public transport 70232 26,2026-10-06,written,72,70232/26,Eoghan Kenny,EOGHAN KENNY,en,To ask the Minister for Transport if the NTA will be reviewing new developments in Whitechurch to have appropriate bus stops and direct access to public transport.,Transport,312,314
"73. Deputy Eoghan Kenny asked the Minister for Transport the plans that are in place to provide a proper two-way, all-day bus service for Whitechurch. [70230/26]",Transport,the minister for transport the plans that are in place to provide a proper two-way all-day bus service for whitechurch 70230 26,2026-10-06,written,73,70230/26,Eoghan Kenny,EOGHAN KENNY,en,"To ask the Minister for Transport the plans that are in place to provide a proper two-way, all-day bus service for Whitechurch.",Transport,316,318
74. Deputy Eoghan Kenny asked the Minister for Transport if the reliability of the morning bus service in Whitechurch is being formally monitored by the relevant transport authority. [70229/26],Transport,the minister for transport if the reliability of the morning bus service in whitechurch is being formally monitored by the relevant transport authority 70229 26,2026-10-06,written,74,70229/26,Eoghan Kenny,EOGHAN KENNY,en,To ask the Minister for Transport if the reliability of the morning bus service in Whitechurch is being formally monitored by the relevant transport authority.,Transport,320,322
"75. Deputy Eoghan Kenny asked the Minister for Transport the immediate action can be taken to address the frequent lateness and occasional non-operation of the 8:10am service in Whitechurch, County Cork. [70228/26]",Transport,the minister for transport the immediate action can be taken to address the frequent lateness and occasional non-operation of the 8 10am service in whitechurch county cork 70228 26,2026-10-06,written,75,70228/26,Eoghan Kenny,EOGHAN KENNY,en,"To ask the Minister for Transport the immediate action can be taken to address the frequent lateness and occasional non-operation of the 8:10am service in Whitechurch, County Cork.",Transport,324,326
"76. Deputy Eoghan Kenny asked the Minister for Transport the reason Whitechurch, County Cork is currently served by such a limited number of buses despite significant residential growth in the area. [70227/26]",Transport,the minister for transport the reason whitechurch county cork is currently served by such a limited number of buses despite significant residential growth in the area 70227 26,2026-10-06,written,76,70227/26,Eoghan Kenny,EOGHAN KENNY,en,"To ask the Minister for Transport the reason Whitechurch, County Cork is currently served by such a limited number of buses despite significant residential growth in the area.",Transport,328,330
77. Deputy Martin Kenny asked the Minister for Transport if his Department will provide funding to Iarnród Éireann so that they can put an early morning train from Longford to Sligo into service. [70210/26],Transport,the minister for transport if his department will provide funding to iarnród éireann so that they can put an early morning train from longford to sligo into service 70210 26,2026-10-06,written,77,70210/26,Martin Kenny,MARTIN KENNY,en,To ask the Minister for Transport if his Department will provide funding to Iarnród Éireann so that they can put an early morning train from Longford to Sligo into service.,Transport,332,334
"78. Deputy Eoghan Kenny asked the Minister for Transport if future bus routes and frequencies take account of the significant number of new homes being built in Whitechurch, co. Cork. [70231/26]",Transport,the minister for transport if future bus routes and frequencies take account of the significant number of new homes being built in whitechurch co cork 70231 26,2026-10-06,written,78,70231/26,Eoghan Kenny,EOGHAN KENNY,en,"To ask the Minister for Transport if future bus routes and frequencies take account of the significant number of new homes being built in Whitechurch, co. Cork.",Transport,336,338
79. Deputy Emer Currie asked the Minister for Transport for an update on a motor tax disk for a person (details supplied). [70294/26],Transport,the minister for transport for an update on a motor tax disk for a person details supplied 70294 26,2026-10-06,written,79,70294/26,Emer Currie,EMER CURRIE,en,To ask the Minister for Transport for an update on a motor tax disk for a person (details supplied).,Transport,340,342
"80. Deputy Eoghan Kenny asked the Minister for Transport can additional services be introduced before the planned longer-term network changes, given the immediate needs of the growing population of Whitechurch, County Cork, and what is the timeline of any proposed changes. [70233/26]",Transport,the minister for transport can additional services be introduced before the planned longer-term network changes given the immediate needs of the growing population of whitechurch county cork and what is the timeline of any proposed changes 70233 26,2026-10-06,written,80,70233/26,Eoghan Kenny,EOGHAN KENNY,en,"To ask the Minister for Transport can additional services be introduced before the planned longer-term network changes, given the immediate needs of the growing population of Whitechurch, County Cork, and what is the timeline of any proposed changes.",Transport,344,346
81. Deputy Malcolm Byrne asked the Minister for Transport the measures in place to ensure quicker recognition of driving licences of bus and truck drivers from outside the European economic area. [70365/26],Transport,the minister for transport the measures in place to ensure quicker recognition of driving licences of bus and truck drivers from outside the european economic area 70365 26,2026-10-06,written,81,70365/26,Malcolm Byrne,MALCOLM BYRNE,en,To ask the Minister for Transport the measures in place to ensure quicker recognition of driving licences of bus and truck drivers from outside the European economic area.,Transport,348,350
82. Deputy Emer Currie asked the Minister for Transport the systems currently available to alert motorists in real time where a wrong-way driver has been detected on a motorway or national road; whether transport infrastructure Ireland has examined the effectiveness and speed of the different methods available for issuing such warnings; and if he will make a statement on the matter. [70367/26],Transport,the minister for transport the systems currently available to alert motorists in real time where a wrong-way driver has been detected on a motorway or national road whether transport infrastructure ireland has examined the effectiveness and speed of the different methods available for issuing such warnings and 70367 26,2026-10-06,written,82,70367/26,Emer Currie,EMER CURRIE,en,To ask the Minister for Transport the systems currently available to alert motorists in real time where a wrong-way driver has been detected on a motorway or national road; whether transport infrastructure Ireland has examined the effectiveness and speed of the different methods available for issuing such warnings; and if he will make a statement on the matter.,Transport,352,354
"83. Deputy Emer Currie asked the Minister for Transport if he has considered the use of the radio data system traffic announcement function, including TA/TP functionality available in many vehicle audio systems, to issue urgent geographically targeted warnings to motorists in circumstances such as a wrong-way driver on a motorway; if Transport Infrastructure Ireland or his Department have assessed the technical feasibility of using existing broadcast infrastructure for this purpose; and if he will make a statement on the matter. [70369/26]",Transport,the minister for transport if he has considered the use of the radio data system traffic announcement function including ta tp functionality available in many vehicle audio systems to issue urgent geographically targeted warnings to motorists in circumstances such as a wrong-way driver on a motorway if transport infrastructure ireland or his department have assessed the technical feasibility of using existing broadcast infrastructure for this purpose and 70369 26,2026-10-06,written,83,70369/26,Emer Currie,EMER CURRIE,en,"To ask the Minister for Transport if he has considered the use of the radio data system traffic announcement function, including TA/TP functionality available in many vehicle audio systems, to issue urgent geographically targeted warnings to motorists in circumstances such as a wrong-way driver on a motorway; if Transport Infrastructure Ireland or his Department have assessed the technical feasibility of using existing broadcast infrastructure for this purpose; and if he will make a statement on the matter.",Transport,356,358
84. Deputy Johnny Guirke asked the Minister for Transport when he plans to sign the statutory instrument to give an increase CIÉ salaried pensioners; and if he will make a statement on the matter. [70394/26],Transport,the minister for transport when he plans to sign the statutory instrument to give an increase cié salaried pensioners and 70394 26,2026-10-06,written,84,70394/26,Johnny Guirke,JOHNNY GUIRKE,en,To ask the Minister for Transport when he plans to sign the statutory instrument to give an increase CIÉ salaried pensioners; and if he will make a statement on the matter.,Transport,360,362
85. Deputy Eoin Hayes asked the Minister for Transport if his Department has ever considered the infrastructure development (details supplied). [70427/26],Transport,the minister for transport if his department has ever considered the infrastructure development details supplied 70427 26,2026-10-06,written,85,70427/26,Eoin Hayes,EOIN HAYES,en,To ask the Minister for Transport if his Department has ever considered the infrastructure development (details supplied).,Transport,364,366
"86. Deputy Michael Cahill asked the Minister for Transport to allow for extra capacity on public transport that caters for MTU students, on both bus and rail (details supplied); and if he will make a statement on the matter. [70546/26]",Transport,the minister for transport to allow for extra capacity on public transport that caters for mtu students on both bus and rail details supplied and 70546 26,2026-10-06,written,86,70546/26,Michael Cahill,MICHAEL CAHILL,en,"To ask the Minister for Transport to allow for extra capacity on public transport that caters for MTU students, on both bus and rail (details supplied); and if he will make a statement on the matter.",Transport,368,370
87. Deputy Ken O'Flynn asked the Minister for Transport if the National Transport Authority has allocated funding to Cork City Council for the Kerry Pike pedestrian improvement scheme; the amount allocated and drawn down to date in each year since 2021; the current status of the scheme as reported to the NTA; the reason the scheme has not proceeded to construction despite commencement being indicated for Q1 2025 and Q1 2026; and the revised timeline for delivery. [70574/26],Transport,the minister for transport if the national transport authority has allocated funding to cork city council for the kerry pike pedestrian improvement scheme the amount allocated and drawn down to date in each year since 2021 the current status of the scheme as reported to the nta the reason the scheme has not proceeded to construction despite commencement being indicated for q1 2025 and q1 2026 and the revised timeline for delivery 70574 26,2026-10-06,written,87,70574/26,Ken O'Flynn,KEN O'FLYNN,en,To ask the Minister for Transport if the National Transport Authority has allocated funding to Cork City Council for the Kerry Pike pedestrian improvement scheme; the amount allocated and drawn down to date in each year since 2021; the current status of the scheme as reported to the NTA; the reason the scheme has not proceeded to construction despite commencement being indicated for Q1 2025 and Q1 2026; and the revised timeline for delivery.,Transport,372,374
88. Deputy Malcolm Byrne asked the Minister for Transport to outline the State's policy toward supporting electric buses and the development of a charging infrastructure nationwide. [70489/26],Transport,the minister for transport the state s policy toward supporting electric buses and the development of a charging infrastructure nationwide 70489 26,2026-10-06,written,88,70489/26,Malcolm Byrne,MALCOLM BYRNE,en,To ask the Minister for Transport to outline the State's policy toward supporting electric buses and the development of a charging infrastructure nationwide.,Transport,376,378
89. Deputy Sorca Clarke asked the Minister for Transport for an update in relation to the current status of the Iarnród Éireann National Carpark Strategy report which is currently bring reviewed with the NTA; and when this report will be published. [70635/26],Transport,the minister for transport for an update the current status of the iarnród éireann national carpark strategy report which is currently bring reviewed with the nta and when this report will be published 70635 26,2026-10-06,written,89,70635/26,Sorca Clarke,SORCA CLARKE,en,To ask the Minister for Transport for an update in relation to the current status of the Iarnród Éireann National Carpark Strategy report which is currently bring reviewed with the NTA; and when this report will be published.,Transport,380,382
90. Deputy Duncan Smith asked the Minister for Transport to provide an update on the provision of new rail carriages for the Northern Commuter line; when these carriages will be operational; and the extra capacity these carriages will provide. [70634/26],Transport,the minister for transport to provide an update on the provision of new rail carriages for the northern commuter line when these carriages will be operational and the extra capacity these carriages will provide 70634 26,2026-10-06,written,90,70634/26,Duncan Smith,DUNCAN SMITH,en,To ask the Minister for Transport to provide an update on the provision of new rail carriages for the Northern Commuter line; when these carriages will be operational; and the extra capacity these carriages will provide.,Transport,384,386
91. Deputy Paul Donnelly asked the Minister for Transport if he will contact Irish Rail on a matter (details supplied). [70673/26],Transport,the minister for transport if he will contact irish rail on a matter details supplied 70673 26,2026-10-06,written,91,70673/26,Paul Donnelly,PAUL DONNELLY,en,To ask the Minister for Transport if he will contact Irish Rail on a matter (details supplied).,Transport,388,390
"92. Deputy Barry Ward asked the Minister for Transport further to Parliamentary Question No. 59746/26, if he will identify the specific provision of those regulations that imposes a penalty on an aircraft operator for failure to cancel CORSIA eligible emissions units as required by Regulation 24(3); and noting that the offences and penalties under Regulation 19, the EPA's power to issue directions under Regulation 14, and the excess emissions penalty under Regulation 20 each apply only to obligations under regulations six, eight, nine and 12 and do not extend to the CORSIA offsetting obligation under regulation 24. [70678/26]",Transport,the minister for transport further to parliamentary question no 59746 26 if he will identify the specific provision of those regulations that imposes a penalty on an aircraft operator for failure to cancel corsia eligible emissions units as required by regulation 24 3 and noting that the offences and penalties under regulation 19 the epa s power to issue directions under regulation 14 and the excess emissions penalty under regulation 20 each apply only to obligations under regulations six eight nine and 12 and do not extend to the corsia offsetting obligation under regulation 24 70678 26,2026-10-06,written,92,70678/26,Barry Ward,BARRY WARD,en,"To ask the Minister for Transport further to Parliamentary Question No. 59746/26, if he will identify the specific provision of those regulations that imposes a penalty on an aircraft operator for failure to cancel CORSIA eligible emissions units as required by Regulation 24(3); and noting that the offences and penalties under Regulation 19, the EPA's power to issue directions under Regulation 14, and the excess emissions penalty under Regulation 20 each apply only to obligations under regulations six, eight, nine and 12 and do not extend to the CORSIA offsetting obligation under regulation 24.",Transport,392,394
"93. Deputy Barry Ward asked the Minister for Transport If his attention has been drawn to the actions of the French government which has introduced a specific penalty of €100 per tonne for non-compliance with CORSIA offsetting obligations together with the possibility of an operating ban; whether the Government will introduce an equivalent national penalty for non-compliance with CORSIA that is consistent with the excess emissions penalty applicable under the EU ETS, in order to ensure that Irish airlines operate on a level playing field with competitors in other Member States and to support the integrity of multilateral climate action. [70682/26]",Transport,the minister for transport if his attention has been drawn to the actions of the french government which has introduced a specific penalty of 100 per tonne for non-compliance with corsia offsetting obligations together with the possibility of an operating ban whether the government will introduce an equivalent national penalty for non-compliance with corsia that is consistent with the excess emissions penalty applicable under the eu ets in order to ensure that irish airlines operate on a level playing field with competitors in other member states and to support the integrity of multilateral climate action 70682 26,2026-10-06,written,93,70682/26,Barry Ward,BARRY WARD,en,"To ask the Minister for Transport If his attention has been drawn to the actions of the French government which has introduced a specific penalty of €100 per tonne for non-compliance with CORSIA offsetting obligations together with the possibility of an operating ban; whether the Government will introduce an equivalent national penalty for non-compliance with CORSIA that is consistent with the excess emissions penalty applicable under the EU ETS, in order to ensure that Irish airlines operate on a level playing field with competitors in other Member States and to support the integrity of multilateral climate action.",Transport,396,398
94. Deputy Paul Lawless asked the Minister for Transport if his Department has examined the barriers faced by students from the Erris region of County Mayo in accessing third-level education due to the lack of direct public transport services to major education centres including Galway and Limerick: and if he will make a statement on the matter. [70455/26],Transport,the minister for transport if his department has examined the barriers faced by students from the erris region of county mayo in accessing third-level education due to the lack of direct public transport services to major education centres including galway and limerick and 70455 26,2026-10-06,written,94,70455/26,Paul Lawless,PAUL LAWLESS,en,To ask the Minister for Transport if his Department has examined the barriers faced by students from the Erris region of County Mayo in accessing third-level education due to the lack of direct public transport services to major education centres including Galway and Limerick: and if he will make a statement on the matter.,Transport,400,402
95. Deputy Peter 'Chap' Cleere asked the Tánaiste and Minister for Finance if he will clarify whether new tax exemptions or incentives that are being introduced to encourage personal savings and investment will also apply to individuals who have already established savings or investment policies; if existing investments will be eligible for the same tax treatment as new investments; and if he will make a statement on the matter. [69724/26],Finance,and minister for finance if he will clarify whether new tax exemptions or incentives that are being introduced to encourage personal savings and investment will also apply to individuals who have already established savings or investment policies if existing investments will be eligible for the same tax treatment as new investments and 69724 26,2026-10-06,written,95,69724/26,Peter 'Chap' Cleere,PETER 'CHAP' CLEERE,en,To ask the Tánaiste and Minister for Finance if he will clarify whether new tax exemptions or incentives that are being introduced to encourage personal savings and investment will also apply to individuals who have already established savings or investment policies; if existing investments will be eligible for the same tax treatment as new investments; and if he will make a statement on the matter.,Finance,407,409
"96. Deputy Carol Nolan asked the Tánaiste and Minister for Finance the number of individual taxpayers who have paid tax as a result of the so-called ""deemed disposal"" rule in relation to exchange traded funds in each year since it was introduced; and the total tax revenue generated in each year. [69767/26]",Finance,and minister for finance the number of individual taxpayers who have paid tax as a result of the so-called deemed disposal rule exchange traded funds in each year since it was introduced and the total tax revenue generated in each year 69767 26,2026-10-06,written,96,69767/26,Carol Nolan,CAROL NOLAN,en,"To ask the Tánaiste and Minister for Finance the number of individual taxpayers who have paid tax as a result of the so-called ""deemed disposal"" rule in relation to exchange traded funds in each year since it was introduced; and the total tax revenue generated in each year.",Finance,411,413
97. Deputy Cathal Crowe asked the Tánaiste and Minister for Finance if consideration has been given to the policy of introducing a personal tax credit for people with a disability in employment. [69849/26],Finance,and minister for finance if consideration has been given to the policy of introducing a personal tax credit for people with a disability in employment 69849 26,2026-10-06,written,97,69849/26,Cathal Crowe,CATHAL CROWE,en,To ask the Tánaiste and Minister for Finance if consideration has been given to the policy of introducing a personal tax credit for people with a disability in employment.,Finance,415,417
"98. Deputy Darren O'Rourke asked the Tánaiste and Minister for Finance the estimated full year costs of increasing the standard rate income tax band available to recipients of the single person child carer credit from €48,000 to €51,750; and the estimated cost of increasing the value of the single person child carer credit from €1,900 to €2,100. [69856/26]",Finance,and minister for finance the estimated full year costs of increasing the standard rate income tax band available to recipients of the single person child carer credit from 48 000 to 51 750 and the estimated cost of increasing the value of the single person child carer credit from 1 900 to 2 100 69856 26,2026-10-06,written,98,69856/26,Darren O'Rourke,DARREN O'ROURKE,en,"To ask the Tánaiste and Minister for Finance the estimated full year costs of increasing the standard rate income tax band available to recipients of the single person child carer credit from €48,000 to €51,750; and the estimated cost of increasing the value of the single person child carer credit from €1,900 to €2,100.",Finance,419,421
"99. Deputy Ken O'Flynn asked the Tánaiste and Minister for Finance the position of the Government on the European Commission's Savings and Investments Union Strategy and associated proposals, including the Commission's recommendation on savings and investment accounts; whether Ireland has sought or secured an opt out from any element of those proposals; and if he will make a statement on the matter. [69871/26]",Finance,and minister for finance the position of the government on the european commission s savings and investments union strategy and associated proposals including the commission s recommendation on savings and investment accounts whether ireland has sought or secured an opt out from any element of those proposals and 69871 26,2026-10-06,written,99,69871/26,Ken O'Flynn,KEN O'FLYNN,en,"To ask the Tánaiste and Minister for Finance the position of the Government on the European Commission's Savings and Investments Union Strategy and associated proposals, including the Commission's recommendation on savings and investment accounts; whether Ireland has sought or secured an opt out from any element of those proposals; and if he will make a statement on the matter.",Finance,423,425
"100. Deputy Ken O'Flynn asked the Tánaiste and Minister for Finance the planned timeline for the introduction of a savings and investment account in Ireland, including the expected dates for legislation and for accounts to become available; whether any balance thresholds, contribution limits or exemptions are proposed; and if he will make a statement on the matter. [69874/26]",Finance,and minister for finance the planned timeline for the introduction of a savings and investment account in ireland including the expected dates for legislation and for accounts to become available whether any balance thresholds contribution limits or exemptions are proposed and 69874 26,2026-10-06,written,100,69874/26,Ken O'Flynn,KEN O'FLYNN,en,"To ask the Tánaiste and Minister for Finance the planned timeline for the introduction of a savings and investment account in Ireland, including the expected dates for legislation and for accounts to become available; whether any balance thresholds, contribution limits or exemptions are proposed; and if he will make a statement on the matter.",Finance,427,429
"101. Deputy Ken O'Flynn asked the Tánaiste and Minister for Finance whether any portion of household savings channelled through the Savings and Investments Union or a domestic savings and investment account is intended to fund defence or security expenditure at national or EU level; the safeguards in place for risk averse savers, including pensioners; and if he will make a statement on the matter. [69873/26]",Finance,and minister for finance whether any portion of household savings channelled through the savings and investments union or a domestic savings and investment account is intended to fund defence or security expenditure at national or eu level the safeguards in place for risk averse savers including pensioners and 69873 26,2026-10-06,written,101,69873/26,Ken O'Flynn,KEN O'FLYNN,en,"To ask the Tánaiste and Minister for Finance whether any portion of household savings channelled through the Savings and Investments Union or a domestic savings and investment account is intended to fund defence or security expenditure at national or EU level; the safeguards in place for risk averse savers, including pensioners; and if he will make a statement on the matter.",Finance,431,433
"102. Deputy Ken O'Flynn asked the Tánaiste and Minister for Finance whether any measure proposed under the EU Savings and Investments Union, or under the proposed Irish savings and investment account, would permit the State or any EU body to direct, compel or restrict the use of household deposits held in current or savings accounts; whether participation in any such scheme will be wholly voluntary; and if he will make a statement on the matter. [69872/26]",Finance,and minister for finance whether any measure proposed under the eu savings and investments union or under the proposed irish savings and investment account would permit the state or any eu body to direct compel or restrict the use of household deposits held in current or savings accounts whether participation in any such scheme will be wholly voluntary and 69872 26,2026-10-06,written,102,69872/26,Ken O'Flynn,KEN O'FLYNN,en,"To ask the Tánaiste and Minister for Finance whether any measure proposed under the EU Savings and Investments Union, or under the proposed Irish savings and investment account, would permit the State or any EU body to direct, compel or restrict the use of household deposits held in current or savings accounts; whether participation in any such scheme will be wholly voluntary; and if he will make a statement on the matter.",Finance,435,437
103. Deputy Séamus Mcgrath asked the Tánaiste and Minister for Finance to consider removing VAT on sunscreen products to make them more affordable and encourage use given their importance for skin cancer prevention. [69957/26],Finance,and minister for finance to consider removing vat on sunscreen products to make them more affordable and encourage use given their importance for skin cancer prevention 69957 26,2026-10-06,written,103,69957/26,Séamus Mcgrath,SÉAMUS MCGRATH,en,To ask the Tánaiste and Minister for Finance to consider removing VAT on sunscreen products to make them more affordable and encourage use given their importance for skin cancer prevention.,Finance,439,441
104. Deputy Séamus Mcgrath asked the Tánaiste and Minister for Finance if he would consider introducing tax relief for PAYE individuals who engage the services of an accountant for the purposes of their tax return and incur fees. [69956/26],Finance,and minister for finance if he would consider introducing tax relief for paye individuals who engage the services of an accountant for the purposes of their tax return and incur fees 69956 26,2026-10-06,written,104,69956/26,Séamus Mcgrath,SÉAMUS MCGRATH,en,To ask the Tánaiste and Minister for Finance if he would consider introducing tax relief for PAYE individuals who engage the services of an accountant for the purposes of their tax return and incur fees.,Finance,443,445
105. Deputy Naoise Ó Muirí asked the Tánaiste and Minister for Finance for an update on the RZLT exemption which has been in place for the past two years; if he has considered continuing the exemption for 2027; and if he will make a statement on the matter. [70015/26],Finance,and minister for finance for an update on the rzlt exemption which has been in place for the past two years if he has considered continuing the exemption for 2027 and 70015 26,2026-10-06,written,105,70015/26,Naoise Ó Muirí,NAOISE Ó MUIRÍ,en,To ask the Tánaiste and Minister for Finance for an update on the RZLT exemption which has been in place for the past two years; if he has considered continuing the exemption for 2027; and if he will make a statement on the matter.,Finance,447,449
"106. Deputy Seán Ó Fearghaíl asked the Tánaiste and Minister for Finance If he will address the concerns raised in correspondence details attached regarding the financial pressures facing middle-income working families, including the impact of income tax, USC and rising household costs; and if he will outline the measures being considered to assist such families in Budget 2027. [69953/26]",Finance,and minister for finance if he will address the concerns raised in correspondence details attached regarding the financial pressures facing middle-income working families including the impact of income tax usc and rising household costs and if he will outline the measures being considered to assist such families in budget 2027 69953 26,2026-10-06,written,106,69953/26,Seán Ó Fearghaíl,SEÁN Ó FEARGHAÍL,en,"To ask the Tánaiste and Minister for Finance If he will address the concerns raised in correspondence details attached regarding the financial pressures facing middle-income working families, including the impact of income tax, USC and rising household costs; and if he will outline the measures being considered to assist such families in Budget 2027.",Finance,451,453
107. Deputy Séamus Mcgrath asked the Tánaiste and Minister for Finance if he will consider allowing medical expenses to qualify for tax relief at the higher rate of tax given this existed prior to 2009. [70039/26],Finance,and minister for finance if he will consider allowing medical expenses to qualify for tax relief at the higher rate of tax given this existed prior to 2009 70039 26,2026-10-06,written,107,70039/26,Séamus Mcgrath,SÉAMUS MCGRATH,en,To ask the Tánaiste and Minister for Finance if he will consider allowing medical expenses to qualify for tax relief at the higher rate of tax given this existed prior to 2009.,Finance,455,457
"108. Deputy Aengus Ó Snodaigh asked the Tánaiste and Minister for Finance to list the cultural institutions, if any, including museums, galleries, libraries, archives, theatres, concert halls, bands, ensembles, and performing companies, operated or hosted by his Department and public bodies or semi-State companies under his Department's remit, identifying the State funding provided for these institutions each year for the past ten years; where they are based; and the number of personnel dedicated to them. [70131/26]",Finance,and minister for finance to list the cultural institutions if any including museums galleries libraries archives theatres concert halls bands ensembles and performing companies operated or hosted by his department and public bodies or semi-state companies under his department s remit identifying the state funding provided for these institutions each year for the past ten years where they are based and the number of personnel dedicated to them 70131 26,2026-10-06,written,108,70131/26,Aengus Ó Snodaigh,AENGUS Ó SNODAIGH,en,"To ask the Tánaiste and Minister for Finance to list the cultural institutions, if any, including museums, galleries, libraries, archives, theatres, concert halls, bands, ensembles, and performing companies, operated or hosted by his Department and public bodies or semi-State companies under his Department's remit, identifying the State funding provided for these institutions each year for the past ten years; where they are based; and the number of personnel dedicated to them.",Finance,459,461
109. Deputy Ken O'Flynn asked the Tánaiste and Minister for Finance if he will consider introducing a specific capital acquisitions tax exemption or enhanced threshold for inheritances received by persons with a lifelong disability or permanent incapacity; the number of such beneficiaries who paid CAT in each of the past five years; and if he will make a statement on the matter. [70276/26],Finance,and minister for finance if he will consider introducing a specific capital acquisitions tax exemption or enhanced threshold for inheritances received by persons with a lifelong disability or permanent incapacity the number of such beneficiaries who paid cat in each of the past five years and 70276 26,2026-10-06,written,109,70276/26,Ken O'Flynn,KEN O'FLYNN,en,To ask the Tánaiste and Minister for Finance if he will consider introducing a specific capital acquisitions tax exemption or enhanced threshold for inheritances received by persons with a lifelong disability or permanent incapacity; the number of such beneficiaries who paid CAT in each of the past five years; and if he will make a statement on the matter.,Finance,463,465
"110. Deputy Ken O'Flynn asked the Tánaiste and Minister for Finance the number of criminal prosecutions initiated, convictions secured and fines imposed in respect of the sale or supply of illegal tobacco products in each of the years 2020 to 2025 and to date in 2026; the number of retail premises found to be selling illicit tobacco in the same period; and if he will make a statement on the matter. [70326/26]",Finance,and minister for finance the number of criminal prosecutions initiated convictions secured and fines imposed in respect of the sale or supply of illegal tobacco products in each of the years 2020 to 2025 and to date in 2026 the number of retail premises found to be selling illicit tobacco in the same period and 70326 26,2026-10-06,written,110,70326/26,Ken O'Flynn,KEN O'FLYNN,en,"To ask the Tánaiste and Minister for Finance the number of criminal prosecutions initiated, convictions secured and fines imposed in respect of the sale or supply of illegal tobacco products in each of the years 2020 to 2025 and to date in 2026; the number of retail premises found to be selling illicit tobacco in the same period; and if he will make a statement on the matter.",Finance,467,469
"111. Deputy Ken O'Flynn asked the Tánaiste and Minister for Finance the excise duty and total tax payable on a pack of 20 cigarettes in the most popular price category in the State, compared with Spain, France, the United Kingdom and the EU average, as of 1 September 2026; the analysis carried out by the Department on the extent to which this differential is driving purchases outside the State and on the illicit market; and if he will make a statement on the matter. [70325/26]",Finance,and minister for finance the excise duty and total tax payable on a pack of 20 cigarettes in the most popular price category in the state compared with spain france the united kingdom and the eu average as of 1 september 2026 the analysis carried out by the department on the extent to which this differential is driving purchases outside the state and on the illicit market and 70325 26,2026-10-06,written,111,70325/26,Ken O'Flynn,KEN O'FLYNN,en,"To ask the Tánaiste and Minister for Finance the excise duty and total tax payable on a pack of 20 cigarettes in the most popular price category in the State, compared with Spain, France, the United Kingdom and the EU average, as of 1 September 2026; the analysis carried out by the Department on the extent to which this differential is driving purchases outside the State and on the illicit market; and if he will make a statement on the matter.",Finance,471,473
"112. Deputy Ken O'Flynn asked the Tánaiste and Minister for Finance if his Department or the Revenue Commissioners have estimated the effect of each of the excise increases on tobacco products announced in Budgets 2020 to 2026 on the level of legal duty paid consumption, cross border and travel purchases, and illicit consumption; the projected and actual excise yield from each such increase; and if he will make a statement on the matter. [70324/26]",Finance,and minister for finance if his department or the revenue commissioners have estimated the effect of each of the excise increases on tobacco products announced in budgets 2020 to 2026 on the level of legal duty paid consumption cross border and travel purchases and illicit consumption the projected and actual excise yield from each such increase and 70324 26,2026-10-06,written,112,70324/26,Ken O'Flynn,KEN O'FLYNN,en,"To ask the Tánaiste and Minister for Finance if his Department or the Revenue Commissioners have estimated the effect of each of the excise increases on tobacco products announced in Budgets 2020 to 2026 on the level of legal duty paid consumption, cross border and travel purchases, and illicit consumption; the projected and actual excise yield from each such increase; and if he will make a statement on the matter.",Finance,475,477
"113. Deputy Ken O'Flynn asked the Tánaiste and Minister for Finance the number of Revenue staff, in whole-time equivalent terms, assigned to tobacco smuggling detection and enforcement at ports, airports and postal hubs in each of the years 2020 to 2025 and to date in 2026; the number of scanners and detector dog teams deployed for this purpose in each year; if additional resources for tobacco enforcement are planned for 2027; and if he will make a statement on the matter. [70323/26]",Finance,and minister for finance the number of revenue staff in whole-time equivalent terms assigned to tobacco smuggling detection and enforcement at ports airports and postal hubs in each of the years 2020 to 2025 and to date in 2026 the number of scanners and detector dog teams deployed for this purpose in each year if additional resources for tobacco enforcement are planned for 2027 and 70323 26,2026-10-06,written,113,70323/26,Ken O'Flynn,KEN O'FLYNN,en,"To ask the Tánaiste and Minister for Finance the number of Revenue staff, in whole-time equivalent terms, assigned to tobacco smuggling detection and enforcement at ports, airports and postal hubs in each of the years 2020 to 2025 and to date in 2026; the number of scanners and detector dog teams deployed for this purpose in each year; if additional resources for tobacco enforcement are planned for 2027; and if he will make a statement on the matter.",Finance,479,481
"114. Deputy Ken O'Flynn asked the Tánaiste and Minister for Finance the number of seizures of cigarettes and of other tobacco products made by Revenue in each of the years 2020 to 2025 and to date in 2026; the volume and estimated value seized in each year, broken down by point of detection, including Dublin Port, Rosslare Europort, Dublin Airport, Cork Airport, Shannon Airport, the postal and parcel system and inland operations; and if he will make a statement on the matter. [70322/26]",Finance,and minister for finance the number of seizures of cigarettes and of other tobacco products made by revenue in each of the years 2020 to 2025 and to date in 2026 the volume and estimated value seized in each year broken down by point of detection including dublin port rosslare europort dublin airport cork airport shannon airport the postal and parcel system and inland operations and 70322 26,2026-10-06,written,114,70322/26,Ken O'Flynn,KEN O'FLYNN,en,"To ask the Tánaiste and Minister for Finance the number of seizures of cigarettes and of other tobacco products made by Revenue in each of the years 2020 to 2025 and to date in 2026; the volume and estimated value seized in each year, broken down by point of detection, including Dublin Port, Rosslare Europort, Dublin Airport, Cork Airport, Shannon Airport, the postal and parcel system and inland operations; and if he will make a statement on the matter.",Finance,483,485
"115. Deputy Ken O'Flynn asked the Tánaiste and Minister for Finance the estimated loss to the Exchequer from illegal cigarettes and illegal roll-your-own tobacco, respectively, in each of the years 2020 to 2025, as estimated by the Revenue Commissioners in the Illegal Tobacco Products Research Survey; the proportion of cigarettes consumed in the State that were illegal, legal non-Irish duty paid and Irish duty paid, respectively, in each of those years; and if he will make a statement on the matter. [70321/26]",Finance,and minister for finance the estimated loss to the exchequer from illegal cigarettes and illegal roll-your-own tobacco respectively in each of the years 2020 to 2025 as estimated by the revenue commissioners in the illegal tobacco products research survey the proportion of cigarettes consumed in the state that were illegal legal non-irish duty paid and irish duty paid respectively in each of those years and 70321 26,2026-10-06,written,115,70321/26,Ken O'Flynn,KEN O'FLYNN,en,"To ask the Tánaiste and Minister for Finance the estimated loss to the Exchequer from illegal cigarettes and illegal roll-your-own tobacco, respectively, in each of the years 2020 to 2025, as estimated by the Revenue Commissioners in the Illegal Tobacco Products Research Survey; the proportion of cigarettes consumed in the State that were illegal, legal non-Irish duty paid and Irish duty paid, respectively, in each of those years; and if he will make a statement on the matter.",Finance,487,489
"116. Deputy Ryan O'Meara asked the Tánaiste and Minister for Finance if his Department have considered tax reliefs for private gyms, similar to those introduced for hospitality; if further consideration has been given to the introduction of a tax relief for gym and pool memberships to encourage uptake. [70209/26]",Finance,and minister for finance if his department have considered tax reliefs for private gyms similar to those introduced for hospitality if further consideration has been given to the introduction of a tax relief for gym and pool memberships to encourage uptake 70209 26,2026-10-06,written,116,70209/26,Ryan O'Meara,RYAN O'MEARA,en,"To ask the Tánaiste and Minister for Finance if his Department have considered tax reliefs for private gyms, similar to those introduced for hospitality; if further consideration has been given to the introduction of a tax relief for gym and pool memberships to encourage uptake.",Finance,491,493
"117. Deputy Ken O'Flynn asked the Tánaiste and Minister for Finance the estimated annual contribution by Ireland to the EU budget under the European Commission's proposal for the Multiannual Financial Framework 2028 to 2034, compared with the annual contribution under the current framework, in tabular form; his Department's estimate of the contribution should the proposal be reduced by several hundred billion euros; and if he will make a statement on the matter. [70312/26]",Finance,and minister for finance the estimated annual contribution by ireland to the eu budget under the european commission s proposal for the multiannual financial framework 2028 to 2034 compared with the annual contribution under the current framework in tabular form his department s estimate of the contribution should the proposal be reduced by several hundred billion euros and 70312 26,2026-10-06,written,117,70312/26,Ken O'Flynn,KEN O'FLYNN,en,"To ask the Tánaiste and Minister for Finance the estimated annual contribution by Ireland to the EU budget under the European Commission's proposal for the Multiannual Financial Framework 2028 to 2034, compared with the annual contribution under the current framework, in tabular form; his Department's estimate of the contribution should the proposal be reduced by several hundred billion euros; and if he will make a statement on the matter.",Finance,495,497
"118. Deputy Pat Buckley asked the Tánaiste and Minister for Finance if he intends to publish periodic implementation reports on the Action Plan for Insurance Reform 2025–2029 setting out progress against each of the 26 actions in the Plan, as was done under the previous Action Plan, under which four implementation reports were published between July 2021 and February 2024; the expected date of publication of the first such report; if the six-monthly implementation updates provided by Departments to the Cabinet Committee Sub-Group on Insurance Reform will be published; and if he will make a statement on the matter. [70409/26]",Finance,and minister for finance if he intends to publish periodic implementation reports on the action plan for insurance reform 2025 2029 setting out progress against each of the 26 actions in the plan as was done under the previous action plan under which four implementation reports were published between july 2021 and february 2024 the expected date of publication of the first such report if the six-monthly implementation updates provided by departments to the cabinet committee sub-group on insurance reform will be published and 70409 26,2026-10-06,written,118,70409/26,Pat Buckley,PAT BUCKLEY,en,"To ask the Tánaiste and Minister for Finance if he intends to publish periodic implementation reports on the Action Plan for Insurance Reform 2025–2029 setting out progress against each of the 26 actions in the Plan, as was done under the previous Action Plan, under which four implementation reports were published between July 2021 and February 2024; the expected date of publication of the first such report; if the six-monthly implementation updates provided by Departments to the Cabinet Committee Sub-Group on Insurance Reform will be published; and if he will make a statement on the matter.",Finance,499,501
"119. Deputy Robert O'Donoghue asked the Tánaiste and Minister for Finance to confirm, whether the Government is reviewing the tax treatment of the bereaved partner’s State pension (contributory); whether this will be considered as part of Budget 2027; whether consideration will be given to excluding this pension from the calculation that reduces a working recipient’s tax credits and rate band; and if no change is planned, the reason this payment remains taxable while a number of other DSP payments are exempt. [70344/26]",Finance,and minister for finance to confirm whether the government is reviewing the tax treatment of the bereaved partner s state pension contributory whether this will be considered as part of budget 2027 whether consideration will be given to excluding this pension from the calculation that reduces a working recipient s tax credits and rate band and if no change is planned the reason this payment remains taxable while a number of other dsp payments are exempt 70344 26,2026-10-06,written,119,70344/26,Robert O'Donoghue,ROBERT O'DONOGHUE,en,"To ask the Tánaiste and Minister for Finance to confirm, whether the Government is reviewing the tax treatment of the bereaved partner’s State pension (contributory); whether this will be considered as part of Budget 2027; whether consideration will be given to excluding this pension from the calculation that reduces a working recipient’s tax credits and rate band; and if no change is planned, the reason this payment remains taxable while a number of other DSP payments are exempt.",Finance,503,505
120. Deputy Paul Lawless asked the Tánaiste and Minister for Finance if he will consider removing carer’s allowance from the PAYE system and exempting these payments from income tax (details supplied); and if he will make a statement on the matter. [70444/26],Finance,and minister for finance if he will consider removing carer s allowance from the paye system and exempting these payments from income tax details supplied and 70444 26,2026-10-06,written,120,70444/26,Paul Lawless,PAUL LAWLESS,en,To ask the Tánaiste and Minister for Finance if he will consider removing carer’s allowance from the PAYE system and exempting these payments from income tax (details supplied); and if he will make a statement on the matter.,Finance,507,509
"121. Deputy Peadar Tóibín asked the Tánaiste and Minister for Finance the number of complaints before the Financial Services and Pensions Ombudsman relating to pension disputes that have been awaiting formal adjudication for periods of less than six months, six to twelve months, one to two years and more than two years; the average time taken to conclude an adjudication; and the measures being taken to reduce waiting times. [70320/26]",Finance,and minister for finance the number of complaints before the financial services and pensions ombudsman relating to pension disputes that have been awaiting formal adjudication for periods of less than six months six to twelve months one to two years and more than two years the average time taken to conclude an adjudication and the measures being taken to reduce waiting times 70320 26,2026-10-06,written,121,70320/26,Peadar Tóibín,PEADAR TÓIBÍN,en,"To ask the Tánaiste and Minister for Finance the number of complaints before the Financial Services and Pensions Ombudsman relating to pension disputes that have been awaiting formal adjudication for periods of less than six months, six to twelve months, one to two years and more than two years; the average time taken to conclude an adjudication; and the measures being taken to reduce waiting times.",Finance,511,513
122. Deputy Louise O'Reilly asked the Tánaiste and Minister for Finance if he will consider introducing legislation so that the bereaved partner’s contributory pension does not reduce the tax credits or tax rate band of a working recipient (details supplied); if he will consider treating this pension in the same way as other social welfare payments that are exempt from income tax; if the Government is currently reviewing the tax treatment of the bereaved partner’s contributory pension; the reason this particular social welfare payment continues to be taxable while a number of other social welfare payments are exempt; and if he will make a statement on the matter. [70238/26],Finance,and minister for finance if he will consider introducing legislation so that the bereaved partner s contributory pension does not reduce the tax credits or tax rate band of a working recipient details supplied if he will consider treating this pension in the same way as other social welfare payments that are exempt from income tax if the government is currently reviewing the tax treatment of the bereaved partner s contributory pension the reason this particular social welfare payment continues to be taxable while a number of other social welfare payments are exempt and 70238 26,2026-10-06,written,122,70238/26,Louise O'Reilly,LOUISE O'REILLY,en,To ask the Tánaiste and Minister for Finance if he will consider introducing legislation so that the bereaved partner’s contributory pension does not reduce the tax credits or tax rate band of a working recipient (details supplied); if he will consider treating this pension in the same way as other social welfare payments that are exempt from income tax; if the Government is currently reviewing the tax treatment of the bereaved partner’s contributory pension; the reason this particular social welfare payment continues to be taxable while a number of other social welfare payments are exempt; and if he will make a statement on the matter.,Finance,515,517
"123. Deputy Eoin Ó Broin asked the Tánaiste and Minister for Finance whether his Department holds, or has held in the preceding five years, contracts with a company (details supplied); and the value and purpose of any such contracts. [70471/26]",Finance,and minister for finance whether his department holds or has held in the preceding five years contracts with a company details supplied and the value and purpose of any such contracts 70471 26,2026-10-06,written,123,70471/26,Eoin Ó Broin,EOIN Ó BROIN,en,"To ask the Tánaiste and Minister for Finance whether his Department holds, or has held in the preceding five years, contracts with a company (details supplied); and the value and purpose of any such contracts.",Finance,519,521
"124. Deputy Shane Moynihan asked the Tánaiste and Minister for Finance whether he has considered the consequences that the return or non-registration of a mortgage complaint on administrative grounds may have for a complainant where court proceedings are subsequently commenced, having regard in particular to section 49 of the Financial Services and Pensions Ombudsman Act 2017; the date on which a complaint is regarded as having been made for the purposes of section 49 where additional signatures or documentation are subsequently sought; whether he will seek clarification from the FSPO on this matter; and if he will make a statement on the matter. [70503/26]",Finance,and minister for finance whether he has considered the consequences that the return or non-registration of a mortgage complaint on administrative grounds may have for a complainant where court proceedings are subsequently commenced having regard in particular to section 49 of the financial services and pensions ombudsman act 2017 the date on which a complaint is regarded as having been made for the purposes of section 49 where additional signatures or documentation are subsequently sought whether he will seek clarification from the fspo on this matter and 70503 26,2026-10-06,written,124,70503/26,Shane Moynihan,SHANE MOYNIHAN,en,"To ask the Tánaiste and Minister for Finance whether he has considered the consequences that the return or non-registration of a mortgage complaint on administrative grounds may have for a complainant where court proceedings are subsequently commenced, having regard in particular to section 49 of the Financial Services and Pensions Ombudsman Act 2017; the date on which a complaint is regarded as having been made for the purposes of section 49 where additional signatures or documentation are subsequently sought; whether he will seek clarification from the FSPO on this matter; and if he will make a statement on the matter.",Finance,523,525
"125. Deputy Shane Moynihan asked the Tánaiste and Minister for Finance whether he will seek confirmation from the Financial Services and Pensions Ombudsman that, where a complaint has been submitted and the FSPO subsequently requires additional signatures, information or documentation before registering or progressing it, the original date of receipt of the complaint will be preserved; and if he will make a statement on the matter. [70502/26]",Finance,and minister for finance whether he will seek confirmation from the financial services and pensions ombudsman that where a complaint has been submitted and the fspo subsequently requires additional signatures information or documentation before registering or progressing it the original date of receipt of the complaint will be preserved and 70502 26,2026-10-06,written,125,70502/26,Shane Moynihan,SHANE MOYNIHAN,en,"To ask the Tánaiste and Minister for Finance whether he will seek confirmation from the Financial Services and Pensions Ombudsman that, where a complaint has been submitted and the FSPO subsequently requires additional signatures, information or documentation before registering or progressing it, the original date of receipt of the complaint will be preserved; and if he will make a statement on the matter.",Finance,527,529
"126. Deputy Shane Moynihan asked the Tánaiste and Minister for Finance whether he is aware that more than 140 mortgage complaints have recently been returned by the Financial Services and Pensions Ombudsman, with complainants reportedly provided with approximately ten days to remedy administrative deficiencies; whether he has sought or received information from the FSPO concerning the circumstances in which these complaints were returned; and if he will make a statement on the matter. [70501/26]",Finance,and minister for finance whether he is aware that more than 140 mortgage complaints have recently been returned by the financial services and pensions ombudsman with complainants reportedly provided with approximately ten days to remedy administrative deficiencies whether he has sought or received information from the fspo concerning the circumstances in which these complaints were returned and 70501 26,2026-10-06,written,126,70501/26,Shane Moynihan,SHANE MOYNIHAN,en,"To ask the Tánaiste and Minister for Finance whether he is aware that more than 140 mortgage complaints have recently been returned by the Financial Services and Pensions Ombudsman, with complainants reportedly provided with approximately ten days to remedy administrative deficiencies; whether he has sought or received information from the FSPO concerning the circumstances in which these complaints were returned; and if he will make a statement on the matter.",Finance,531,533
"127. Deputy Shane Moynihan asked the Tánaiste and Minister for Finance whether he is aware of complaints having been rejected by the Financial Services and Pensions Ombudsman where electronic signatures were provided through an authorised third-party electronic-signature platform, notwithstanding that the FSPO now facilitates electronic signatures through its own online system; whether he is satisfied that the treatment of such signatures is consistent with section 13 of the Electronic Commerce Act 2000 and applicable EU law; whether complaints previously rejected on this basis will be reviewed; and if he will make a statement on the matter. [70500/26]",Finance,and minister for finance whether he is aware of complaints having been rejected by the financial services and pensions ombudsman where electronic signatures were provided through an authorised third-party electronic-signature platform notwithstanding that the fspo now facilitates electronic signatures through its own online system whether he is satisfied that the treatment of such signatures is consistent with section 13 of the electronic commerce act 2000 and applicable eu law whether complaints previously rejected on this basis will be reviewed and 70500 26,2026-10-06,written,127,70500/26,Shane Moynihan,SHANE MOYNIHAN,en,"To ask the Tánaiste and Minister for Finance whether he is aware of complaints having been rejected by the Financial Services and Pensions Ombudsman where electronic signatures were provided through an authorised third-party electronic-signature platform, notwithstanding that the FSPO now facilitates electronic signatures through its own online system; whether he is satisfied that the treatment of such signatures is consistent with section 13 of the Electronic Commerce Act 2000 and applicable EU law; whether complaints previously rejected on this basis will be reviewed; and if he will make a statement on the matter.",Finance,535,537
"128. Deputy Shane Moynihan asked the Tánaiste and Minister for Finance whether he is satisfied that the requirement for both borrowers to sign a complaint concerning a joint mortgage may prevent a borrower from accessing the Financial Services and Pensions Ombudsman where the other borrower is unwilling, unable or unavailable to participate, including where borrowers are separated or estranged; whether consideration has been given to permitting a borrower to pursue a complaint concerning their own rights and liabilities under a joint and several mortgage; and if he will make a statement on the matter. [70499/26]",Finance,and minister for finance whether he is satisfied that the requirement for both borrowers to sign a complaint concerning a joint mortgage may prevent a borrower from accessing the financial services and pensions ombudsman where the other borrower is unwilling unable or unavailable to participate including where borrowers are separated or estranged whether consideration has been given to permitting a borrower to pursue a complaint concerning their own rights and liabilities under a joint and several mortgage and 70499 26,2026-10-06,written,128,70499/26,Shane Moynihan,SHANE MOYNIHAN,en,"To ask the Tánaiste and Minister for Finance whether he is satisfied that the requirement for both borrowers to sign a complaint concerning a joint mortgage may prevent a borrower from accessing the Financial Services and Pensions Ombudsman where the other borrower is unwilling, unable or unavailable to participate, including where borrowers are separated or estranged; whether consideration has been given to permitting a borrower to pursue a complaint concerning their own rights and liabilities under a joint and several mortgage; and if he will make a statement on the matter.",Finance,539,541
129. Deputy Shane Moynihan asked the Tánaiste and Minister for Finance whether he is aware that the Financial Services and Pensions Ombudsman is returning complaints concerning joint mortgages unless both borrowers have signed the complaint; the statutory basis for requiring both borrowers to sign a complaint in respect of a mortgage for which liability is joint and several; and if he will make a statement on the matter. [70498/26],Finance,and minister for finance whether he is aware that the financial services and pensions ombudsman is returning complaints concerning joint mortgages unless both borrowers have signed the complaint the statutory basis for requiring both borrowers to sign a complaint in respect of a mortgage for which liability is joint and several and 70498 26,2026-10-06,written,129,70498/26,Shane Moynihan,SHANE MOYNIHAN,en,To ask the Tánaiste and Minister for Finance whether he is aware that the Financial Services and Pensions Ombudsman is returning complaints concerning joint mortgages unless both borrowers have signed the complaint; the statutory basis for requiring both borrowers to sign a complaint in respect of a mortgage for which liability is joint and several; and if he will make a statement on the matter.,Finance,543,545
"130. Deputy Ken O'Flynn asked the Tánaiste and Minister for Finance the number of complaints returned by the Financial Services and Pensions Ombudsman to complainants or their representatives on the grounds that the complaint was not signed by all parties or was not signed in ink, in each of the years 2024, 2025 and to date in 2026, in tabular form; if he will request this information from the Ombudsman where it is not held by his Department; and if he will make a statement on the matter. [70596/26]",Finance,and minister for finance the number of complaints returned by the financial services and pensions ombudsman to complainants or their representatives on the grounds that the complaint was not signed by all parties or was not signed in ink in each of the years 2024 2025 and to date in 2026 in tabular form if he will request this information from the ombudsman where it is not held by his department and 70596 26,2026-10-06,written,130,70596/26,Ken O'Flynn,KEN O'FLYNN,en,"To ask the Tánaiste and Minister for Finance the number of complaints returned by the Financial Services and Pensions Ombudsman to complainants or their representatives on the grounds that the complaint was not signed by all parties or was not signed in ink, in each of the years 2024, 2025 and to date in 2026, in tabular form; if he will request this information from the Ombudsman where it is not held by his Department; and if he will make a statement on the matter.",Finance,547,549
131. Deputy Ken O'Flynn asked the Tánaiste and Minister for Finance the legal basis under the Financial Services and Pensions Ombudsman Act 2017 for a requirement that a complaint relating to a jointly held mortgage be signed by all parties before it is accepted; if his Department was consulted before this requirement was applied; and if he will make a statement on the matter. [70597/26],Finance,and minister for finance the legal basis under the financial services and pensions ombudsman act 2017 for a requirement that a complaint relating to a jointly held mortgage be signed by all parties before it is accepted if his department was consulted before this requirement was applied and 70597 26,2026-10-06,written,131,70597/26,Ken O'Flynn,KEN O'FLYNN,en,To ask the Tánaiste and Minister for Finance the legal basis under the Financial Services and Pensions Ombudsman Act 2017 for a requirement that a complaint relating to a jointly held mortgage be signed by all parties before it is accepted; if his Department was consulted before this requirement was applied; and if he will make a statement on the matter.,Finance,551,553
"132. Deputy Ken O'Flynn asked the Tánaiste and Minister for Finance whether the National Incident Management System operated by the State Claims Agency contains a category, field or sub-category for incidents relating to delayed ambulance allocation or ambulance response times; and if he will make a statement on the matter. [70625/26]",Finance,and minister for finance whether the national incident management system operated by the state claims agency contains a category field or sub-category for incidents relating to delayed ambulance allocation or ambulance response times and 70625 26,2026-10-06,written,132,70625/26,Ken O'Flynn,KEN O'FLYNN,en,"To ask the Tánaiste and Minister for Finance whether the National Incident Management System operated by the State Claims Agency contains a category, field or sub-category for incidents relating to delayed ambulance allocation or ambulance response times; and if he will make a statement on the matter.",Finance,555,557
133. Deputy Ken O'Flynn asked the Tánaiste and Minister for Finance the number of claims managed by the State Claims Agency arising from alleged delay in ambulance response or allocation in each of the years 2022 to 2025 and to date in 2026; the total amount paid in respect of such claims; and if he will make a statement on the matter. [70619/26],Finance,and minister for finance the number of claims managed by the state claims agency arising from alleged delay in ambulance response or allocation in each of the years 2022 to 2025 and to date in 2026 the total amount paid in respect of such claims and 70619 26,2026-10-06,written,133,70619/26,Ken O'Flynn,KEN O'FLYNN,en,To ask the Tánaiste and Minister for Finance the number of claims managed by the State Claims Agency arising from alleged delay in ambulance response or allocation in each of the years 2022 to 2025 and to date in 2026; the total amount paid in respect of such claims; and if he will make a statement on the matter.,Finance,559,561
134. Deputy Ken O'Flynn asked the Tánaiste and Minister for Finance whether a mortgage complaint returned by the Financial Services and Pensions Ombudsman on procedural grounds and subsequently resubmitted retains its original date of lodgement for the purposes of section 49 of the Financial Services and Pensions Ombudsman Act 2017; the implications for a borrower where court proceedings have commenced in the interim; and if he will make a statement on the matter. [70606/26],Finance,and minister for finance whether a mortgage complaint returned by the financial services and pensions ombudsman on procedural grounds and subsequently resubmitted retains its original date of lodgement for the purposes of section 49 of the financial services and pensions ombudsman act 2017 the implications for a borrower where court proceedings have commenced in the interim and 70606 26,2026-10-06,written,134,70606/26,Ken O'Flynn,KEN O'FLYNN,en,To ask the Tánaiste and Minister for Finance whether a mortgage complaint returned by the Financial Services and Pensions Ombudsman on procedural grounds and subsequently resubmitted retains its original date of lodgement for the purposes of section 49 of the Financial Services and Pensions Ombudsman Act 2017; the implications for a borrower where court proceedings have commenced in the interim; and if he will make a statement on the matter.,Finance,563,565
"135. Deputy Ken O'Flynn asked the Tánaiste and Minister for Finance whether the Minister considers a period of ten days to be a reasonable timeframe for a consumer to remedy a signature deficiency in a complaint to the Financial Services and Pensions Ombudsman, particularly where a joint borrower is separated, estranged, deceased, living abroad or otherwise unavailable; the provision made for such cases; and if he will make a statement on the matter. [70604/26]",Finance,and minister for finance whether the minister considers a period of ten days to be a reasonable timeframe for a consumer to remedy a signature deficiency in a complaint to the financial services and pensions ombudsman particularly where a joint borrower is separated estranged deceased living abroad or otherwise unavailable the provision made for such cases and 70604 26,2026-10-06,written,135,70604/26,Ken O'Flynn,KEN O'FLYNN,en,"To ask the Tánaiste and Minister for Finance whether the Minister considers a period of ten days to be a reasonable timeframe for a consumer to remedy a signature deficiency in a complaint to the Financial Services and Pensions Ombudsman, particularly where a joint borrower is separated, estranged, deceased, living abroad or otherwise unavailable; the provision made for such cases; and if he will make a statement on the matter.",Finance,567,569
"136. Deputy Ken O'Flynn asked the Tánaiste and Minister for Finance the number of incidents recorded on the National Incident Management System by the State Claims Agency relating to the National Ambulance Service in each of the years 2022 to 2025 and to date in 2026, broken down by incident category; and if he will make a statement on the matter. [70617/26]",Finance,and minister for finance the number of incidents recorded on the national incident management system by the state claims agency relating to the national ambulance service in each of the years 2022 to 2025 and to date in 2026 broken down by incident category and 70617 26,2026-10-06,written,136,70617/26,Ken O'Flynn,KEN O'FLYNN,en,"To ask the Tánaiste and Minister for Finance the number of incidents recorded on the National Incident Management System by the State Claims Agency relating to the National Ambulance Service in each of the years 2022 to 2025 and to date in 2026, broken down by incident category; and if he will make a statement on the matter.",Finance,571,573
"137. Deputy Ken O'Flynn asked the Tánaiste and Minister for Finance whether the National Incident Management System operated by the State Claims Agency contains a category, field or sub-category for incidents relating to delayed ambulance allocation or ambulance response times; and if he will make a statement on the matter. [70614/26]",Finance,and minister for finance whether the national incident management system operated by the state claims agency contains a category field or sub-category for incidents relating to delayed ambulance allocation or ambulance response times and 70614 26,2026-10-06,written,137,70614/26,Ken O'Flynn,KEN O'FLYNN,en,"To ask the Tánaiste and Minister for Finance whether the National Incident Management System operated by the State Claims Agency contains a category, field or sub-category for incidents relating to delayed ambulance allocation or ambulance response times; and if he will make a statement on the matter.",Finance,575,577
138. Deputy Ken O'Flynn asked the Tánaiste and Minister for Finance the date on which the Financial Services and Pensions Ombudsman began requiring ink signatures on complaint forms; whether electronic signatures were accepted before that date; whether the requirement is being applied to complaints lodged before it took effect; whether the requirement is consistent with the Electronic Commerce Act 2000; and if a statement will be made on the matter. [70600/26],Finance,and minister for finance the date on which the financial services and pensions ombudsman began requiring ink signatures on complaint forms whether electronic signatures were accepted before that date whether the requirement is being applied to complaints lodged before it took effect whether the requirement is consistent with the electronic commerce act 2000 and if a statement will be made on the matter 70600 26,2026-10-06,written,138,70600/26,Ken O'Flynn,KEN O'FLYNN,en,To ask the Tánaiste and Minister for Finance the date on which the Financial Services and Pensions Ombudsman began requiring ink signatures on complaint forms; whether electronic signatures were accepted before that date; whether the requirement is being applied to complaints lodged before it took effect; whether the requirement is consistent with the Electronic Commerce Act 2000; and if a statement will be made on the matter.,Finance,579,581
"139. Deputy Shane Moynihan asked the Tánaiste and Minister for Finance the manner in which the Financial Services and Pensions Ombudsman gives effect to Article 8 of Directive 2013/11/EU concerning the making available of the outcome of an ADR procedure within 90 calendar days of receipt of the complete complaint file, subject to the provisions applying to highly complex disputes; when a complaint file is considered complete for this purpose; whether complainants are notified of that date; and if he will make a statement on the matter. [70505/26]",Finance,and minister for finance the manner in which the financial services and pensions ombudsman gives effect to article 8 of directive 2013 11 eu concerning the making available of the outcome of an adr procedure within 90 calendar days of receipt of the complete complaint file subject to the provisions applying to highly complex disputes when a complaint file is considered complete for this purpose whether complainants are notified of that date and 70505 26,2026-10-06,written,139,70505/26,Shane Moynihan,SHANE MOYNIHAN,en,"To ask the Tánaiste and Minister for Finance the manner in which the Financial Services and Pensions Ombudsman gives effect to Article 8 of Directive 2013/11/EU concerning the making available of the outcome of an ADR procedure within 90 calendar days of receipt of the complete complaint file, subject to the provisions applying to highly complex disputes; when a complaint file is considered complete for this purpose; whether complainants are notified of that date; and if he will make a statement on the matter.",Finance,583,585
"140. Deputy Shane Moynihan asked the Tánaiste and Minister for Finance the manner in which the Financial Services and Pensions Ombudsman gives effect, when investigating complaints concerning mortgages and other consumer financial services, to rights arising under Council Directive 93/13/EEC on unfair terms in consumer contracts; whether complaints alleging breaches of rights arising under that Directive are assessed by reference to the relevant EU consumer-protection requirements; and if he will make a statement on the matter. [70504/26]",Finance,and minister for finance the manner in which the financial services and pensions ombudsman gives effect when investigating complaints concerning mortgages and other consumer financial services to rights arising under council directive 93 13 eec on unfair terms in consumer contracts whether complaints alleging breaches of rights arising under that directive are assessed by reference to the relevant eu consumer-protection requirements and 70504 26,2026-10-06,written,140,70504/26,Shane Moynihan,SHANE MOYNIHAN,en,"To ask the Tánaiste and Minister for Finance the manner in which the Financial Services and Pensions Ombudsman gives effect, when investigating complaints concerning mortgages and other consumer financial services, to rights arising under Council Directive 93/13/EEC on unfair terms in consumer contracts; whether complaints alleging breaches of rights arising under that Directive are assessed by reference to the relevant EU consumer-protection requirements; and if he will make a statement on the matter.",Finance,587,589
"141. Deputy Ken O'Flynn asked the Tánaiste and Minister for Finance the number of claims managed by the State Claims Agency arising from alleged delay in ambulance response or allocation in each of the years 2022 to 2025 and to date in 2026, the total amount paid in respect of such claims; and if he will make a statement on the matter. [70628/26]",Finance,and minister for finance the number of claims managed by the state claims agency arising from alleged delay in ambulance response or allocation in each of the years 2022 to 2025 and to date in 2026 the total amount paid in respect of such claims and 70628 26,2026-10-06,written,141,70628/26,Ken O'Flynn,KEN O'FLYNN,en,"To ask the Tánaiste and Minister for Finance the number of claims managed by the State Claims Agency arising from alleged delay in ambulance response or allocation in each of the years 2022 to 2025 and to date in 2026, the total amount paid in respect of such claims; and if he will make a statement on the matter.",Finance,591,593
"142. Deputy Ken O'Flynn asked the Tánaiste and Minister for Finance the number of incidents recorded on the National Incident Management System by the State Claims Agency relating to the National Ambulance Service in each of the years 2022 to 2025 and to date in 2026, broken down by incident category; and if he will make a statement on the matter. [70627/26]",Finance,and minister for finance the number of incidents recorded on the national incident management system by the state claims agency relating to the national ambulance service in each of the years 2022 to 2025 and to date in 2026 broken down by incident category and 70627 26,2026-10-06,written,142,70627/26,Ken O'Flynn,KEN O'FLYNN,en,"To ask the Tánaiste and Minister for Finance the number of incidents recorded on the National Incident Management System by the State Claims Agency relating to the National Ambulance Service in each of the years 2022 to 2025 and to date in 2026, broken down by incident category; and if he will make a statement on the matter.",Finance,595,597
143. Deputy Ken O'Flynn asked the Tánaiste and Minister for Finance if the Department or the Central Bank of Ireland has been notified of a proposed sale or transfer of residential mortgage loans from organisations (details supplied); the number of residential mortgage accounts involved; the number of those accounts in arrears or subject to ongoing complaints to the Financial Services and Pensions Ombudsman; and if a statement will be made on the matter. [70608/26],Finance,and minister for finance if the department or the central bank of ireland has been notified of a proposed sale or transfer of residential mortgage loans from organisations details supplied the number of residential mortgage accounts involved the number of those accounts in arrears or subject to ongoing complaints to the financial services and pensions ombudsman and if a statement will be made on the matter 70608 26,2026-10-06,written,143,70608/26,Ken O'Flynn,KEN O'FLYNN,en,To ask the Tánaiste and Minister for Finance if the Department or the Central Bank of Ireland has been notified of a proposed sale or transfer of residential mortgage loans from organisations (details supplied); the number of residential mortgage accounts involved; the number of those accounts in arrears or subject to ongoing complaints to the Financial Services and Pensions Ombudsman; and if a statement will be made on the matter.,Finance,599,601
"144. Deputy Ken O'Flynn asked the Tánaiste and Minister for Finance the protections that apply to borrowers whose residential mortgages are transferred between non-bank loan owners or credit servicing firms, including under the Consumer Protection Code, the Code of Conduct on Mortgage Arrears and the Consumer Protection (Regulation of Credit Servicing Firms) Act 2018; whether a complaint lodged with the Financial Services and Pensions Ombudsman against the original loan owner continues against the new owner following a transfer; and if he will make statement on the matter. [70612/26]",Finance,and minister for finance the protections that apply to borrowers whose residential mortgages are transferred between non-bank loan owners or credit servicing firms including under the consumer protection code the code of conduct on mortgage arrears and the consumer protection regulation of credit servicing firms act 2018 whether a complaint lodged with the financial services and pensions ombudsman against the original loan owner continues against the new owner following a transfer and if he will make statement on the matter 70612 26,2026-10-06,written,144,70612/26,Ken O'Flynn,KEN O'FLYNN,en,"To ask the Tánaiste and Minister for Finance the protections that apply to borrowers whose residential mortgages are transferred between non-bank loan owners or credit servicing firms, including under the Consumer Protection Code, the Code of Conduct on Mortgage Arrears and the Consumer Protection (Regulation of Credit Servicing Firms) Act 2018; whether a complaint lodged with the Financial Services and Pensions Ombudsman against the original loan owner continues against the new owner following a transfer; and if he will make statement on the matter.",Finance,603,605
145. Deputy Ken O'Flynn asked the Tánaiste and Minister for Finance whether the Department has received correspondence regarding the return of mortgage complaints by the Financial Services and Pensions Ombudsman on signature grounds; the number of such representations received in 2026; the action taken in response; and if he will make a statement on the matter. [70611/26],Finance,and minister for finance whether the department has received correspondence regarding the return of mortgage complaints by the financial services and pensions ombudsman on signature grounds the number of such representations received in 2026 the action taken in response and 70611 26,2026-10-06,written,145,70611/26,Ken O'Flynn,KEN O'FLYNN,en,To ask the Tánaiste and Minister for Finance whether the Department has received correspondence regarding the return of mortgage complaints by the Financial Services and Pensions Ombudsman on signature grounds; the number of such representations received in 2026; the action taken in response; and if he will make a statement on the matter.,Finance,607,609
"146. Deputy Ken O'Flynn asked the Tánaiste and Minister for Finance the number of complaints received by the Financial Services and Pensions Ombudsman relating to residential mortgages held by non-bank loan owners or serviced by credit servicing firms, in each of the years 2024, 2025 and to date in 2026; the number of those returned or not accepted on procedural grounds; and if he will make a statement on the matter. [70610/26]",Finance,and minister for finance the number of complaints received by the financial services and pensions ombudsman relating to residential mortgages held by non-bank loan owners or serviced by credit servicing firms in each of the years 2024 2025 and to date in 2026 the number of those returned or not accepted on procedural grounds and 70610 26,2026-10-06,written,146,70610/26,Ken O'Flynn,KEN O'FLYNN,en,"To ask the Tánaiste and Minister for Finance the number of complaints received by the Financial Services and Pensions Ombudsman relating to residential mortgages held by non-bank loan owners or serviced by credit servicing firms, in each of the years 2024, 2025 and to date in 2026; the number of those returned or not accepted on procedural grounds; and if he will make a statement on the matter.",Finance,611,613
"147. Deputy Albert Dolan asked the Tánaiste and Minister for Finance the measures currently being considered to reduce the cost of hydrotreated vegetable oil (HVO) for consumers; whether an assessment has been undertaken of the potential environmental benefits of increased HVO usage as a substitute for conventional diesel; and if he will consider introducing taxation, excise or other support measures to reduce the price differential between HVO and diesel in order to encourage greater uptake and support emissions reductions. [70287/26]",Finance,and minister for finance the measures currently being considered to reduce the cost of hydrotreated vegetable oil hvo for consumers whether an assessment has been undertaken of the potential environmental benefits of increased hvo usage as a substitute for conventional diesel and if he will consider introducing taxation excise or other support measures to reduce the price differential between hvo and diesel in order to encourage greater uptake and support emissions reductions 70287 26,2026-10-06,written,147,70287/26,Albert Dolan,ALBERT DOLAN,en,"To ask the Tánaiste and Minister for Finance the measures currently being considered to reduce the cost of hydrotreated vegetable oil (HVO) for consumers; whether an assessment has been undertaken of the potential environmental benefits of increased HVO usage as a substitute for conventional diesel; and if he will consider introducing taxation, excise or other support measures to reduce the price differential between HVO and diesel in order to encourage greater uptake and support emissions reductions.",Finance,615,617
148. Deputy Barry Ward asked the Tánaiste and Minister for Finance the action he is taking in relation to the proposal from an organisation (details supplied) introduce a permanent 8% Section 481 regional uplift for productions filming outside the Dublin Metropolitan Area. [70637/26],Finance,and minister for finance the action he is taking the proposal from an organisation details supplied introduce a permanent 8 section 481 regional uplift for productions filming outside the dublin metropolitan area 70637 26,2026-10-06,written,148,70637/26,Barry Ward,BARRY WARD,en,To ask the Tánaiste and Minister for Finance the action he is taking in relation to the proposal from an organisation (details supplied) introduce a permanent 8% Section 481 regional uplift for productions filming outside the Dublin Metropolitan Area.,Finance,619,621
"149. Deputy Sorca Clarke asked the Minister for Public Expenditure, Infrastructure, Public Service Reform and Digitalisation the criteria applied by the Protected Disclosures Commissioner in determining that an “other suitable person” has the competence to provide feedback and follow-up for the purposes of section 10C of the Protected Disclosures Act 2014, as amended; and whether such competence is considered in respect of each category of alleged relevant wrongdoing contained in a report. [69794/26]",Public Expenditure,the minister for public expenditure infrastructure public service reform and digitalisation the criteria applied by the protected disclosures commissioner in determining that an other suitable person has the competence to provide feedback and follow-up for the purposes of section 10c of the protected disclosures act 2014 as amended and whether such competence is considered in respect of each category of alleged relevant wrongdoing contained in a report 69794 26,2026-10-06,written,149,69794/26,Sorca Clarke,SORCA CLARKE,en,"To ask the Minister for Public Expenditure, Infrastructure, Public Service Reform and Digitalisation the criteria applied by the Protected Disclosures Commissioner in determining that an “other suitable person” has the competence to provide feedback and follow-up for the purposes of section 10C of the Protected Disclosures Act 2014, as amended; and whether such competence is considered in respect of each category of alleged relevant wrongdoing contained in a report.","Public Expenditure, Infrastructure, Public Service Reform and Digitalisation",626,628
"150. Deputy Sorca Clarke asked the Minister for Public Expenditure, Infrastructure, Public Service Reform and Digitalisation the guidance that applies where information available to the Protected Disclosures Commissioner raises a potential issue concerning the suitability, independence or impartiality of a proposed “other suitable person”; and whether consideration of such matters and the reasons for selecting that recipient are required to be documented. [69795/26]",Public Expenditure,the minister for public expenditure infrastructure public service reform and digitalisation the guidance that applies where information available to the protected disclosures commissioner raises a potential issue concerning the suitability independence or impartiality of a proposed other suitable person and whether consideration of such matters and the reasons for selecting that recipient are required to be documented 69795 26,2026-10-06,written,150,69795/26,Sorca Clarke,SORCA CLARKE,en,"To ask the Minister for Public Expenditure, Infrastructure, Public Service Reform and Digitalisation the guidance that applies where information available to the Protected Disclosures Commissioner raises a potential issue concerning the suitability, independence or impartiality of a proposed “other suitable person”; and whether consideration of such matters and the reasons for selecting that recipient are required to be documented.","Public Expenditure, Infrastructure, Public Service Reform and Digitalisation",630,632
"151. Deputy Sorca Clarke asked the Minister for Public Expenditure, Infrastructure, Public Service Reform and Digitalisation the guidance that applies to the maintenance of records recording the conclusion of procedures concerning protected disclosures; the date and basis upon which the relevant procedures were concluded and notification of the reporting person; and whether such records should be capable of establishing subsequently that the relevant procedures concerning an earlier report had been concluded. [69796/26]",Public Expenditure,the minister for public expenditure infrastructure public service reform and digitalisation the guidance that applies to the maintenance of records recording the conclusion of procedures concerning protected disclosures the date and basis upon which the relevant procedures were concluded and notification of the reporting person and whether such records should be capable of establishing subsequently that the relevant procedures concerning an earlier report had been concluded 69796 26,2026-10-06,written,151,69796/26,Sorca Clarke,SORCA CLARKE,en,"To ask the Minister for Public Expenditure, Infrastructure, Public Service Reform and Digitalisation the guidance that applies to the maintenance of records recording the conclusion of procedures concerning protected disclosures; the date and basis upon which the relevant procedures were concluded and notification of the reporting person; and whether such records should be capable of establishing subsequently that the relevant procedures concerning an earlier report had been concluded.","Public Expenditure, Infrastructure, Public Service Reform and Digitalisation",634,636
"152. Deputy Sorca Clarke asked the Minister for Public Expenditure, Infrastructure, Public Service Reform and Digitalisation the procedures that apply where a protected disclosure contains several distinct alleged relevant wrongdoings which potentially fall within the functions or competence of different prescribed persons or other suitable persons; and whether individual matters contained in such a report may be transmitted to different appropriate recipients. [69791/26]",Public Expenditure,the minister for public expenditure infrastructure public service reform and digitalisation the procedures that apply where a protected disclosure contains several distinct alleged relevant wrongdoings which potentially fall within the functions or competence of different prescribed persons or other suitable persons and whether individual matters contained in such a report may be transmitted to different appropriate recipients 69791 26,2026-10-06,written,152,69791/26,Sorca Clarke,SORCA CLARKE,en,"To ask the Minister for Public Expenditure, Infrastructure, Public Service Reform and Digitalisation the procedures that apply where a protected disclosure contains several distinct alleged relevant wrongdoings which potentially fall within the functions or competence of different prescribed persons or other suitable persons; and whether individual matters contained in such a report may be transmitted to different appropriate recipients.","Public Expenditure, Infrastructure, Public Service Reform and Digitalisation",638,640
"153. Deputy Sorca Clarke asked the Minister for Public Expenditure, Infrastructure, Public Service Reform and Digitalisation the guidance that applies to an “other suitable person” in carrying out an initial assessment pursuant to section 10E of the Protected Disclosures Act 2014, as amended; whether such an assessment should be recorded contemporaneously in writing; and whether the record should identify the information considered and the determination as to whether there is prima facie evidence that a relevant wrongdoing may have occurred. [69788/26]",Public Expenditure,the minister for public expenditure infrastructure public service reform and digitalisation the guidance that applies to an other suitable person in carrying out an initial assessment pursuant to section 10e of the protected disclosures act 2014 as amended whether such an assessment should be recorded contemporaneously in writing and whether the record should identify the information considered and the determination as to whether there is prima facie evidence that a relevant wrongdoing may have occurred 69788 26,2026-10-06,written,153,69788/26,Sorca Clarke,SORCA CLARKE,en,"To ask the Minister for Public Expenditure, Infrastructure, Public Service Reform and Digitalisation the guidance that applies to an “other suitable person” in carrying out an initial assessment pursuant to section 10E of the Protected Disclosures Act 2014, as amended; whether such an assessment should be recorded contemporaneously in writing; and whether the record should identify the information considered and the determination as to whether there is prima facie evidence that a relevant wrongdoing may have occurred.","Public Expenditure, Infrastructure, Public Service Reform and Digitalisation",642,644
"154. Deputy Sorca Clarke asked the Minister for Public Expenditure, Infrastructure, Public Service Reform and Digitalisation the evidence or records that should be established by a recipient before determining, for the purposes of the Protected Disclosures Act 2014, as amended, that the relevant procedures concerning an earlier report have been concluded. [69787/26]",Public Expenditure,the minister for public expenditure infrastructure public service reform and digitalisation the evidence or records that should be established by a recipient before determining for the purposes of the protected disclosures act 2014 as amended that the relevant procedures concerning an earlier report have been concluded 69787 26,2026-10-06,written,154,69787/26,Sorca Clarke,SORCA CLARKE,en,"To ask the Minister for Public Expenditure, Infrastructure, Public Service Reform and Digitalisation the evidence or records that should be established by a recipient before determining, for the purposes of the Protected Disclosures Act 2014, as amended, that the relevant procedures concerning an earlier report have been concluded.","Public Expenditure, Infrastructure, Public Service Reform and Digitalisation",646,648
"155. Deputy Sorca Clarke asked the Minister for Public Expenditure, Infrastructure, Public Service Reform and Digitalisation where a report containing multiple alleged relevant wrongdoings is being considered for closure on the basis that it concerns matters previously reported, if the recipient is expected to conduct and retain an issue-by-issue or allegation-by-allegation comparison between the earlier and subsequent reports. [69785/26]",Public Expenditure,the minister for public expenditure infrastructure public service reform and digitalisation where a report containing multiple alleged relevant wrongdoings is being considered for closure on the basis that it concerns matters previously reported if the recipient is expected to conduct and retain an issue-by-issue or allegation-by-allegation comparison between the earlier and subsequent reports 69785 26,2026-10-06,written,155,69785/26,Sorca Clarke,SORCA CLARKE,en,"To ask the Minister for Public Expenditure, Infrastructure, Public Service Reform and Digitalisation where a report containing multiple alleged relevant wrongdoings is being considered for closure on the basis that it concerns matters previously reported, if the recipient is expected to conduct and retain an issue-by-issue or allegation-by-allegation comparison between the earlier and subsequent reports.","Public Expenditure, Infrastructure, Public Service Reform and Digitalisation",650,652
"156. Deputy Sorca Clarke asked the Minister for Public Expenditure, Infrastructure, Public Service Reform and Digitalisation the guidance or criteria that apply when determining, for the purposes of the Protected Disclosures Act 2014, as amended, whether a subsequent report contains meaningful new information compared with a previous report; and whether such a determination is required to be documented. [69784/26]",Public Expenditure,the minister for public expenditure infrastructure public service reform and digitalisation the guidance or criteria that apply when determining for the purposes of the protected disclosures act 2014 as amended whether a subsequent report contains meaningful new information compared with a previous report and whether such a determination is required to be documented 69784 26,2026-10-06,written,156,69784/26,Sorca Clarke,SORCA CLARKE,en,"To ask the Minister for Public Expenditure, Infrastructure, Public Service Reform and Digitalisation the guidance or criteria that apply when determining, for the purposes of the Protected Disclosures Act 2014, as amended, whether a subsequent report contains meaningful new information compared with a previous report; and whether such a determination is required to be documented.","Public Expenditure, Infrastructure, Public Service Reform and Digitalisation",654,656
"157. Deputy Sorca Clarke asked the Minister for Public Expenditure, Infrastructure, Public Service Reform and Digitalisation the procedures that apply where the Protected Disclosures Commissioner does not accept the opinion of an “other suitable person” that a matter does not fall within that person's remit; the procedures thereafter that apply to the report; and the safeguards that apply to ensure appropriate and independent follow-up. [69782/26]",Public Expenditure,the minister for public expenditure infrastructure public service reform and digitalisation the procedures that apply where the protected disclosures commissioner does not accept the opinion of an other suitable person that a matter does not fall within that person s remit the procedures thereafter that apply to the report and the safeguards that apply to ensure appropriate and independent follow-up 69782 26,2026-10-06,written,157,69782/26,Sorca Clarke,SORCA CLARKE,en,"To ask the Minister for Public Expenditure, Infrastructure, Public Service Reform and Digitalisation the procedures that apply where the Protected Disclosures Commissioner does not accept the opinion of an “other suitable person” that a matter does not fall within that person's remit; the procedures thereafter that apply to the report; and the safeguards that apply to ensure appropriate and independent follow-up.","Public Expenditure, Infrastructure, Public Service Reform and Digitalisation",658,660
"158. Deputy Sorca Clarke asked the Minister for Public Expenditure, Infrastructure, Public Service Reform and Digitalisation the number of times since the commencement of the relevant provisions of the Protected Disclosures (Amendment) Act 2022 that an “other suitable person” identified by the Protected Disclosures Commissioner has notified the Commissioner that the matter concerned does not fall within their remit; the number of such notifications were accepted; and the number that were rejected. [69781/26]",Public Expenditure,the minister for public expenditure infrastructure public service reform and digitalisation the number of times since the commencement of the relevant provisions of the protected disclosures amendment act 2022 that an other suitable person identified by the protected disclosures commissioner has notified the commissioner that the matter concerned does not fall within their remit the number of such notifications were accepted and the number that were rejected 69781 26,2026-10-06,written,158,69781/26,Sorca Clarke,SORCA CLARKE,en,"To ask the Minister for Public Expenditure, Infrastructure, Public Service Reform and Digitalisation the number of times since the commencement of the relevant provisions of the Protected Disclosures (Amendment) Act 2022 that an “other suitable person” identified by the Protected Disclosures Commissioner has notified the Commissioner that the matter concerned does not fall within their remit; the number of such notifications were accepted; and the number that were rejected.","Public Expenditure, Infrastructure, Public Service Reform and Digitalisation",662,664
"159. Deputy Darren O'Rourke asked the Minister for Public Expenditure, Infrastructure, Public Service Reform and Digitalisation the number of female apprentices, by trade currently employed by the OPW, in tabular form. [69858/26]",Public Expenditure,the minister for public expenditure infrastructure public service reform and digitalisation the number of female apprentices by trade currently employed by the opw in tabular form 69858 26,2026-10-06,written,159,69858/26,Darren O'Rourke,DARREN O'ROURKE,en,"To ask the Minister for Public Expenditure, Infrastructure, Public Service Reform and Digitalisation the number of female apprentices, by trade currently employed by the OPW, in tabular form.","Public Expenditure, Infrastructure, Public Service Reform and Digitalisation",666,668
"160. Deputy Pat the Cope Gallagher asked the Minister for Public Expenditure, Infrastructure, Public Service Reform and Digitalisation to provide a progress report on the condition of Donegal Courthouse; if work is to commence on the structure bringing it up to the standard in order that the court sittings may return; and if he will make a statement on the matter. [69983/26]",Public Expenditure,the minister for public expenditure infrastructure public service reform and digitalisation to provide a progress report on the condition of donegal courthouse if work is to commence on the structure bringing it up to the standard in order that the court sittings may return and 69983 26,2026-10-06,written,160,69983/26,Pat the Cope Gallagher,PAT THE COPE GALLAGHER,en,"To ask the Minister for Public Expenditure, Infrastructure, Public Service Reform and Digitalisation to provide a progress report on the condition of Donegal Courthouse; if work is to commence on the structure bringing it up to the standard in order that the court sittings may return; and if he will make a statement on the matter.","Public Expenditure, Infrastructure, Public Service Reform and Digitalisation",670,672
"161. Deputy Roderic O'Gorman asked the Minister for Public Expenditure, Infrastructure, Public Service Reform and Digitalisation the amount of remuneration and expenses paid to each individual member of the Accelerating Infrastructure Taskforce since their appointment, showing the amount paid to each member separately and distinguishing between fees, travel expenses and other expenses. [69949/26]",Public Expenditure,the minister for public expenditure infrastructure public service reform and digitalisation the amount of remuneration and expenses paid to each individual member of the accelerating infrastructure taskforce since their appointment showing the amount paid to each member separately and distinguishing between fees travel expenses and other expenses 69949 26,2026-10-06,written,161,69949/26,Roderic O'Gorman,RODERIC O'GORMAN,en,"To ask the Minister for Public Expenditure, Infrastructure, Public Service Reform and Digitalisation the amount of remuneration and expenses paid to each individual member of the Accelerating Infrastructure Taskforce since their appointment, showing the amount paid to each member separately and distinguishing between fees, travel expenses and other expenses.","Public Expenditure, Infrastructure, Public Service Reform and Digitalisation",674,676
"162. Deputy Roderic O'Gorman asked the Minister for Public Expenditure, Infrastructure, Public Service Reform and Digitalisation the process and criteria used for the selection and appointment of each member of the Accelerating Infrastructure Taskforce, including whether the positions were advertised or otherwise subject to an open selection process; the body or person responsible for selecting each member; and the basis on which each member was considered suitable for appointment. [69948/26]",Public Expenditure,the minister for public expenditure infrastructure public service reform and digitalisation the process and criteria used for the selection and appointment of each member of the accelerating infrastructure taskforce including whether the positions were advertised or otherwise subject to an open selection process the body or person responsible for selecting each member and the basis on which each member was considered suitable for appointment 69948 26,2026-10-06,written,162,69948/26,Roderic O'Gorman,RODERIC O'GORMAN,en,"To ask the Minister for Public Expenditure, Infrastructure, Public Service Reform and Digitalisation the process and criteria used for the selection and appointment of each member of the Accelerating Infrastructure Taskforce, including whether the positions were advertised or otherwise subject to an open selection process; the body or person responsible for selecting each member; and the basis on which each member was considered suitable for appointment.","Public Expenditure, Infrastructure, Public Service Reform and Digitalisation",678,680
"163. Deputy Roderic O'Gorman asked the Minister for Public Expenditure, Infrastructure, Public Service Reform and Digitalisation the governance framework under which the Accelerating Infrastructure Taskforce operates, including whether the Code of Practice for the Governance of State Bodies applies to the taskforce and whether a register of members’ interests and potential conflicts of interest is maintained. [69947/26]",Public Expenditure,the minister for public expenditure infrastructure public service reform and digitalisation the governance framework under which the accelerating infrastructure taskforce operates including whether the code of practice for the governance of state bodies applies to the taskforce and whether a register of members interests and potential conflicts of interest is maintained 69947 26,2026-10-06,written,163,69947/26,Roderic O'Gorman,RODERIC O'GORMAN,en,"To ask the Minister for Public Expenditure, Infrastructure, Public Service Reform and Digitalisation the governance framework under which the Accelerating Infrastructure Taskforce operates, including whether the Code of Practice for the Governance of State Bodies applies to the taskforce and whether a register of members’ interests and potential conflicts of interest is maintained.","Public Expenditure, Infrastructure, Public Service Reform and Digitalisation",682,684
"164. Deputy Cathal Crowe asked the Minister for Public Expenditure, Infrastructure, Public Service Reform and Digitalisation the investment or policy support planned for Irish and European cloud, cybersecurity, open-source and digital public infrastructure providers, to ensure Ireland is not only a consumer of digital infrastructure but also contributes to European capability. [70044/26]",Public Expenditure,the minister for public expenditure infrastructure public service reform and digitalisation the investment or policy support planned for irish and european cloud cybersecurity open-source and digital public infrastructure providers to ensure ireland is not only a consumer of digital infrastructure but also contributes to european capability 70044 26,2026-10-06,written,164,70044/26,Cathal Crowe,CATHAL CROWE,en,"To ask the Minister for Public Expenditure, Infrastructure, Public Service Reform and Digitalisation the investment or policy support planned for Irish and European cloud, cybersecurity, open-source and digital public infrastructure providers, to ensure Ireland is not only a consumer of digital infrastructure but also contributes to European capability.","Public Expenditure, Infrastructure, Public Service Reform and Digitalisation",686,688
"165. Deputy Cathal Crowe asked the Minister for Public Expenditure, Infrastructure, Public Service Reform and Digitalisation the way in which the Government is classifying sensitive workloads and datasets that may require EU-based hosting, customer-controlled encryption, private cloud, on-premise capability or enhanced exit provisions. [70041/26]",Public Expenditure,the minister for public expenditure infrastructure public service reform and digitalisation the way in which the government is classifying sensitive workloads and datasets that may require eu-based hosting customer-controlled encryption private cloud on-premise capability or enhanced exit provisions 70041 26,2026-10-06,written,165,70041/26,Cathal Crowe,CATHAL CROWE,en,"To ask the Minister for Public Expenditure, Infrastructure, Public Service Reform and Digitalisation the way in which the Government is classifying sensitive workloads and datasets that may require EU-based hosting, customer-controlled encryption, private cloud, on-premise capability or enhanced exit provisions.","Public Expenditure, Infrastructure, Public Service Reform and Digitalisation",690,692
"166. Deputy Cathal Crowe asked the Minister for Public Expenditure, Infrastructure, Public Service Reform and Digitalisation if future ICT procurement frameworks will include explicit evaluation criteria covering European providers, open-source solutions, interoperability, vendor lock-in and cloud sovereignty where appropriate. [70040/26]",Public Expenditure,the minister for public expenditure infrastructure public service reform and digitalisation if future ict procurement frameworks will include explicit evaluation criteria covering european providers open-source solutions interoperability vendor lock-in and cloud sovereignty where appropriate 70040 26,2026-10-06,written,166,70040/26,Cathal Crowe,CATHAL CROWE,en,"To ask the Minister for Public Expenditure, Infrastructure, Public Service Reform and Digitalisation if future ICT procurement frameworks will include explicit evaluation criteria covering European providers, open-source solutions, interoperability, vendor lock-in and cloud sovereignty where appropriate.","Public Expenditure, Infrastructure, Public Service Reform and Digitalisation",694,696
"167. Deputy Cathal Crowe asked the Minister for Public Expenditure, Infrastructure, Public Service Reform and Digitalisation if his Department plans to publish a national sovereign cloud strategy for the public sector and critical national infrastructure; and the way in which it will address strategic dependence on non-EU cloud providers. [70038/26]",Public Expenditure,the minister for public expenditure infrastructure public service reform and digitalisation if his department plans to publish a national sovereign cloud strategy for the public sector and critical national infrastructure and the way in which it will address strategic dependence on non-eu cloud providers 70038 26,2026-10-06,written,167,70038/26,Cathal Crowe,CATHAL CROWE,en,"To ask the Minister for Public Expenditure, Infrastructure, Public Service Reform and Digitalisation if his Department plans to publish a national sovereign cloud strategy for the public sector and critical national infrastructure; and the way in which it will address strategic dependence on non-EU cloud providers.","Public Expenditure, Infrastructure, Public Service Reform and Digitalisation",698,700
"168. Deputy Aengus Ó Snodaigh asked the Minister for Public Expenditure, Infrastructure, Public Service Reform and Digitalisation to list the cultural institutions, if any, including museums, galleries, libraries, archives, theatres, concert halls, bands, ensembles, and performing companies, operated or hosted by his Department and public bodies or semi-State companies under his Department's remit, identifying the State funding provided for these institutions each year for the past ten years; where they are based; and the number of personnel dedicated to them. [70085/26]",Public Expenditure,the minister for public expenditure infrastructure public service reform and digitalisation to list the cultural institutions if any including museums galleries libraries archives theatres concert halls bands ensembles and performing companies operated or hosted by his department and public bodies or semi-state companies under his department s remit identifying the state funding provided for these institutions each year for the past ten years where they are based and the number of personnel dedicated to them 70085 26,2026-10-06,written,168,70085/26,Aengus Ó Snodaigh,AENGUS Ó SNODAIGH,en,"To ask the Minister for Public Expenditure, Infrastructure, Public Service Reform and Digitalisation to list the cultural institutions, if any, including museums, galleries, libraries, archives, theatres, concert halls, bands, ensembles, and performing companies, operated or hosted by his Department and public bodies or semi-State companies under his Department's remit, identifying the State funding provided for these institutions each year for the past ten years; where they are based; and the number of personnel dedicated to them.","Public Expenditure, Infrastructure, Public Service Reform and Digitalisation",702,704
"169. Deputy Naoise Ó Cearúil asked the Minister for Public Expenditure, Infrastructure, Public Service Reform and Digitalisation the principal barriers identified by Government Departments and agencies to the implementation of digital transformation projects and artificial intelligence initiatives. [70152/26]",Public Expenditure,the minister for public expenditure infrastructure public service reform and digitalisation the principal barriers identified by government departments and agencies to the implementation of digital transformation projects and artificial intelligence initiatives 70152 26,2026-10-06,written,169,70152/26,Naoise Ó Cearúil,NAOISE Ó CEARÚIL,en,"To ask the Minister for Public Expenditure, Infrastructure, Public Service Reform and Digitalisation the principal barriers identified by Government Departments and agencies to the implementation of digital transformation projects and artificial intelligence initiatives.","Public Expenditure, Infrastructure, Public Service Reform and Digitalisation",706,708
"170. Deputy Darren O'Rourke asked the Minister for Public Expenditure, Infrastructure, Public Service Reform and Digitalisation if he is aware of leaking and water ingress at a location (details supplied); and the plans the OPW have to address this. [70526/26]",Public Expenditure,the minister for public expenditure infrastructure public service reform and digitalisation if he is aware of leaking and water ingress at a location details supplied and the plans the opw have to address this 70526 26,2026-10-06,written,170,70526/26,Darren O'Rourke,DARREN O'ROURKE,en,"To ask the Minister for Public Expenditure, Infrastructure, Public Service Reform and Digitalisation if he is aware of leaking and water ingress at a location (details supplied); and the plans the OPW have to address this.","Public Expenditure, Infrastructure, Public Service Reform and Digitalisation",710,712
"171. Deputy Eoin Ó Broin asked the Minister for Public Expenditure, Infrastructure, Public Service Reform and Digitalisation whether his Department holds, or has held in the preceding five years, contracts with a company (details supplied); and the value and purpose of any such contracts. [70476/26]",Public Expenditure,the minister for public expenditure infrastructure public service reform and digitalisation whether his department holds or has held in the preceding five years contracts with a company details supplied and the value and purpose of any such contracts 70476 26,2026-10-06,written,171,70476/26,Eoin Ó Broin,EOIN Ó BROIN,en,"To ask the Minister for Public Expenditure, Infrastructure, Public Service Reform and Digitalisation whether his Department holds, or has held in the preceding five years, contracts with a company (details supplied); and the value and purpose of any such contracts.","Public Expenditure, Infrastructure, Public Service Reform and Digitalisation",714,716
"172. Deputy Jennifer Whitmore asked the Minister for Public Expenditure, Infrastructure, Public Service Reform and Digitalisation if his Department will consider extending pay parity for public service pensions in payment beyond June 2026; and if he will make a statement on the matter. [69908/26]",Public Expenditure,the minister for public expenditure infrastructure public service reform and digitalisation if his department will consider extending pay parity for public service pensions in payment beyond june 2026 and 69908 26,2026-10-06,written,172,69908/26,Jennifer Whitmore,JENNIFER WHITMORE,en,"To ask the Minister for Public Expenditure, Infrastructure, Public Service Reform and Digitalisation if his Department will consider extending pay parity for public service pensions in payment beyond June 2026; and if he will make a statement on the matter.","Public Expenditure, Infrastructure, Public Service Reform and Digitalisation",718,720
"173. Deputy Catherine Callaghan asked the Minister for Enterprise, Tourism and Employment if he will review and remove the quota restrictions that apply to the issuing of employment permits for meat processing operatives, in view of the ongoing labour shortages reported by the meat processing sector; the measures he will take to ensure that processors can access an adequate workforce to maintain production levels and protect jobs throughout the agri-food supply chain. [69792/26]",Enterprise,the minister for enterprise tourism and employment if he will review and remove the quota restrictions that apply to the issuing of employment permits for meat processing operatives in view of the ongoing labour shortages reported by the meat processing sector the measures he will take to ensure that processors can access an adequate workforce to maintain production levels and protect jobs throughout the agri-food supply chain 69792 26,2026-10-06,written,173,69792/26,Catherine Callaghan,CATHERINE CALLAGHAN,en,"To ask the Minister for Enterprise, Tourism and Employment if he will review and remove the quota restrictions that apply to the issuing of employment permits for meat processing operatives, in view of the ongoing labour shortages reported by the meat processing sector; the measures he will take to ensure that processors can access an adequate workforce to maintain production levels and protect jobs throughout the agri-food supply chain.","Enterprise, Tourism and Employment",725,727
"174. Deputy Alan Kelly asked the Minister for Enterprise, Tourism and Employment the number of WTE staff vacancies, by job title and location at Tourism Ireland; and the estimated timeframe for filling each of those vacancies, in tabular form. [69814/26]",Enterprise,the minister for enterprise tourism and employment the number of wte staff vacancies by job title and location at tourism ireland and the estimated timeframe for filling each of those vacancies in tabular form 69814 26,2026-10-06,written,174,69814/26,Alan Kelly,ALAN KELLY,en,"To ask the Minister for Enterprise, Tourism and Employment the number of WTE staff vacancies, by job title and location at Tourism Ireland; and the estimated timeframe for filling each of those vacancies, in tabular form.","Enterprise, Tourism and Employment",729,731
"175. Deputy Aengus Ó Snodaigh asked the Minister for Enterprise, Tourism and Employment to list the cultural institutions, if any, including museums, galleries, libraries, archives, theatres, concert halls, bands, ensembles, and performing companies, operated or hosted by his Department and public bodies or semi-State companies under his Department's remit, identifying the State funding provided for these institutions each year for the past ten years; where they are based; and the number of personnel dedicated to them. [70130/26]",Enterprise,the minister for enterprise tourism and employment to list the cultural institutions if any including museums galleries libraries archives theatres concert halls bands ensembles and performing companies operated or hosted by his department and public bodies or semi-state companies under his department s remit identifying the state funding provided for these institutions each year for the past ten years where they are based and the number of personnel dedicated to them 70130 26,2026-10-06,written,175,70130/26,Aengus Ó Snodaigh,AENGUS Ó SNODAIGH,en,"To ask the Minister for Enterprise, Tourism and Employment to list the cultural institutions, if any, including museums, galleries, libraries, archives, theatres, concert halls, bands, ensembles, and performing companies, operated or hosted by his Department and public bodies or semi-State companies under his Department's remit, identifying the State funding provided for these institutions each year for the past ten years; where they are based; and the number of personnel dedicated to them.","Enterprise, Tourism and Employment",733,735
"176. Deputy Micheál Carrigy asked the Minister for Enterprise, Tourism and Employment whether he has considered recognising SME retail with under 100 employees as an energy intensive sector and extending eligibility for energy-intensive supports to include retailers; and if there has been consideration in Budget 2027 to implement supports for retailers of this size (details supplied). [69980/26]",Enterprise,the minister for enterprise tourism and employment whether he has considered recognising sme retail with under 100 employees as an energy intensive sector and extending eligibility for energy-intensive supports to include retailers and if there has been consideration in budget 2027 to implement supports for retailers of this size details supplied 69980 26,2026-10-06,written,176,69980/26,Micheál Carrigy,MICHEÁL CARRIGY,en,"To ask the Minister for Enterprise, Tourism and Employment whether he has considered recognising SME retail with under 100 employees as an energy intensive sector and extending eligibility for energy-intensive supports to include retailers; and if there has been consideration in Budget 2027 to implement supports for retailers of this size (details supplied).","Enterprise, Tourism and Employment",737,739
"177. Deputy Naoise Ó Cearúil asked the Minister for Enterprise, Tourism and Employment the key challenges identified in increasing the adoption of artificial intelligence technologies among businesses and public bodies, including skills, regulatory and infrastructure constraints. [70151/26]",Enterprise,the minister for enterprise tourism and employment the key challenges identified in increasing the adoption of artificial intelligence technologies among businesses and public bodies including skills regulatory and infrastructure constraints 70151 26,2026-10-06,written,177,70151/26,Naoise Ó Cearúil,NAOISE Ó CEARÚIL,en,"To ask the Minister for Enterprise, Tourism and Employment the key challenges identified in increasing the adoption of artificial intelligence technologies among businesses and public bodies, including skills, regulatory and infrastructure constraints.","Enterprise, Tourism and Employment",741,743
"178. Deputy Naoise Ó Cearúil asked the Minister for Enterprise, Tourism and Employment the progress made to date in implementing Ireland's National AI Strategy; the actions completed, underway and outstanding. [70150/26]",Enterprise,the minister for enterprise tourism and employment the progress made to date in implementing ireland s national ai strategy the actions completed underway and outstanding 70150 26,2026-10-06,written,178,70150/26,Naoise Ó Cearúil,NAOISE Ó CEARÚIL,en,"To ask the Minister for Enterprise, Tourism and Employment the progress made to date in implementing Ireland's National AI Strategy; the actions completed, underway and outstanding.","Enterprise, Tourism and Employment",745,747
"179. Deputy Ruth Coppinger asked the Minister for Enterprise, Tourism and Employment to legislate for the provision of a guaranteed right for paid bereavement leave for those who have experienced a loss of a family member. [70273/26]",Enterprise,the minister for enterprise tourism and employment to legislate for the provision of a guaranteed right for paid bereavement leave for those who have experienced a loss of a family member 70273 26,2026-10-06,written,179,70273/26,Ruth Coppinger,RUTH COPPINGER,en,"To ask the Minister for Enterprise, Tourism and Employment to legislate for the provision of a guaranteed right for paid bereavement leave for those who have experienced a loss of a family member.","Enterprise, Tourism and Employment",749,751
"180. Deputy John Connolly asked the Minister for Enterprise, Tourism and Employment whether his Department, the AI Office of Ireland, or any agency under his remit has assessed recent reports concerning autonomous artificial intelligence systems allegedly engaging in cyberattack-related activities (details supplied); the implications such developments may have for Ireland's national policy on artificial intelligence governance and risk management; the engagement that has taken place with relevant cybersecurity authorities on emerging AI-enabled threats; and if he will make a statement on the matter. [70190/26]",Enterprise,the minister for enterprise tourism and employment whether his department the ai office of ireland or any agency under his remit has assessed recent reports concerning autonomous artificial intelligence systems allegedly engaging in cyberattack-related activities details supplied the implications such developments may have for ireland s national policy on artificial intelligence governance and risk management the engagement that has taken place with relevant cybersecurity authorities on emerging ai-enabled threats and 70190 26,2026-10-06,written,180,70190/26,John Connolly,JOHN CONNOLLY,en,"To ask the Minister for Enterprise, Tourism and Employment whether his Department, the AI Office of Ireland, or any agency under his remit has assessed recent reports concerning autonomous artificial intelligence systems allegedly engaging in cyberattack-related activities (details supplied); the implications such developments may have for Ireland's national policy on artificial intelligence governance and risk management; the engagement that has taken place with relevant cybersecurity authorities on emerging AI-enabled threats; and if he will make a statement on the matter.","Enterprise, Tourism and Employment",753,755
"181. Deputy Peadar Tóibín asked the Minister for Enterprise, Tourism and Employment the steps being taken by his Department to assist Irish small and medium-sized enterprises that are required to register with multiple authorities across the European Union in order to sell and distribute goods to customers in other Member States; if he has assessed the cumulative cost of such registration and compliance requirements for small businesses; and if he will raise this matter at EU level with a view to reducing administrative burdens on SMEs. [70317/26]",Enterprise,the minister for enterprise tourism and employment the steps being taken by his department to assist irish small and medium-sized enterprises that are required to register with multiple authorities across the european union in order to sell and distribute goods to customers in other member states if he has assessed the cumulative cost of such registration and compliance requirements for small businesses and if he will raise this matter at eu level with a view to reducing administrative burdens on smes 70317 26,2026-10-06,written,181,70317/26,Peadar Tóibín,PEADAR TÓIBÍN,en,"To ask the Minister for Enterprise, Tourism and Employment the steps being taken by his Department to assist Irish small and medium-sized enterprises that are required to register with multiple authorities across the European Union in order to sell and distribute goods to customers in other Member States; if he has assessed the cumulative cost of such registration and compliance requirements for small businesses; and if he will raise this matter at EU level with a view to reducing administrative burdens on SMEs.","Enterprise, Tourism and Employment",757,759
"182. Deputy Donna Mcgettigan asked the Minister for Enterprise, Tourism and Employment when Section 888 of the Company Act 2014 will be commenced (details supplied). [70380/26]",Enterprise,the minister for enterprise tourism and employment when section 888 of the company act 2014 will be commenced details supplied 70380 26,2026-10-06,written,182,70380/26,Donna Mcgettigan,DONNA MCGETTIGAN,en,"To ask the Minister for Enterprise, Tourism and Employment when Section 888 of the Company Act 2014 will be commenced (details supplied).","Enterprise, Tourism and Employment",761,763
"183. Deputy Jen Cummins asked the Minister for Enterprise, Tourism and Employment his plans to support adults in the workplace with dyslexia. [70421/26]",Enterprise,the minister for enterprise tourism and employment his plans to support adults in the workplace with dyslexia 70421 26,2026-10-06,written,183,70421/26,Jen Cummins,JEN CUMMINS,en,"To ask the Minister for Enterprise, Tourism and Employment his plans to support adults in the workplace with dyslexia.","Enterprise, Tourism and Employment",765,767
"184. Deputy Cathal Crowe asked the Minister for Enterprise, Tourism and Employment the way in which Ireland is engaging with the European Commission's Sovereign Cloud Framework, and the proposed Cloud and AI Development Act. [70043/26]",Enterprise,the minister for enterprise tourism and employment the way in which ireland is engaging with the european commission s sovereign cloud framework and the proposed cloud and ai development act 70043 26,2026-10-06,written,184,70043/26,Cathal Crowe,CATHAL CROWE,en,"To ask the Minister for Enterprise, Tourism and Employment the way in which Ireland is engaging with the European Commission's Sovereign Cloud Framework, and the proposed Cloud and AI Development Act.","Enterprise, Tourism and Employment",769,771
"185. Deputy Eoin Ó Broin asked the Minister for Enterprise, Tourism and Employment whether his Department holds, or has held in the preceding five years, contracts with a company (details supplied); and the value and purpose of any such contracts. [70479/26]",Enterprise,the minister for enterprise tourism and employment whether his department holds or has held in the preceding five years contracts with a company details supplied and the value and purpose of any such contracts 70479 26,2026-10-06,written,185,70479/26,Eoin Ó Broin,EOIN Ó BROIN,en,"To ask the Minister for Enterprise, Tourism and Employment whether his Department holds, or has held in the preceding five years, contracts with a company (details supplied); and the value and purpose of any such contracts.","Enterprise, Tourism and Employment",773,775
"186. Deputy Mattie Mcgrath asked the Minister for Education and Youth the supports and services each school will lose in circumstances (details supplied); the supports that would be available from her Department to support such a merge; the position with regard to the re-deployment of staff including principal, teachers and support staff; and the procedure for the school community to follow in this instance. [69771/26]",Education,the minister for education and youth the supports and services each school will lose in circumstances details supplied the supports that would be available from her department to support such a merge the position with regard to the re-deployment of staff including principal teachers and support staff and the procedure for the school community to follow in this instance 69771 26,2026-10-06,written,186,69771/26,Mattie Mcgrath,MATTIE MCGRATH,en,"To ask the Minister for Education and Youth the supports and services each school will lose in circumstances (details supplied); the supports that would be available from her Department to support such a merge; the position with regard to the re-deployment of staff including principal, teachers and support staff; and the procedure for the school community to follow in this instance.",Education and Youth,780,782
187. Deputy Emer Currie asked the Minister for Education and Youth if any communication has been issued to a school (details supplied) regarding an application for a new school building. [69789/26],Education,the minister for education and youth if any communication has been issued to a school details supplied regarding an application for a new school building 69789 26,2026-10-06,written,187,69789/26,Emer Currie,EMER CURRIE,en,To ask the Minister for Education and Youth if any communication has been issued to a school (details supplied) regarding an application for a new school building.,Education and Youth,784,786
188. Deputy Denise Mitchell asked the Minister for Education and Youth if there are plans for her Department to allow for the recognition of certified teaching experience from established schools outside the EU; and if she will make a statement on the matter. [69820/26],Education,the minister for education and youth if there are plans for her department to allow for the recognition of certified teaching experience from established schools outside the eu and 69820 26,2026-10-06,written,188,69820/26,Denise Mitchell,DENISE MITCHELL,en,To ask the Minister for Education and Youth if there are plans for her Department to allow for the recognition of certified teaching experience from established schools outside the EU; and if she will make a statement on the matter.,Education and Youth,788,790
189. Deputy Emer Currie asked the Minister for Education and Youth if a school (details supplied) has been assessed for the Department-led Energy and Condition Survey; and if the overall project is due to be completed by the end of 2026. [69783/26],Education,the minister for education and youth if a school details supplied has been assessed for the department-led energy and condition survey and if the overall project is due to be completed by the end of 2026 69783 26,2026-10-06,written,189,69783/26,Emer Currie,EMER CURRIE,en,To ask the Minister for Education and Youth if a school (details supplied) has been assessed for the Department-led Energy and Condition Survey; and if the overall project is due to be completed by the end of 2026.,Education and Youth,792,794
190. Deputy Emer Currie asked the Minister for Education and Youth to consider carrying out a similar initiative as the Primary School Survey to survey communities on secondary school provision. [69772/26],Education,the minister for education and youth to consider carrying out a similar initiative as the primary school survey to survey communities on secondary school provision 69772 26,2026-10-06,written,190,69772/26,Emer Currie,EMER CURRIE,en,To ask the Minister for Education and Youth to consider carrying out a similar initiative as the Primary School Survey to survey communities on secondary school provision.,Education and Youth,796,798
191. Deputy Emer Currie asked the Minister for Education and Youth to consider carrying out a similar initiative as the Primary School Survey to survey communities on secondary school provision. [69763/26],Education,the minister for education and youth to consider carrying out a similar initiative as the primary school survey to survey communities on secondary school provision 69763 26,2026-10-06,written,191,69763/26,Emer Currie,EMER CURRIE,en,To ask the Minister for Education and Youth to consider carrying out a similar initiative as the Primary School Survey to survey communities on secondary school provision.,Education and Youth,800,802
"192. Deputy Eoghan Kenny asked the Minister for Education and Youth if she will clarify the circumstances surrounding the proposed withdrawal of a projected enrolment teaching post from a school (details supplied) on 23 October 2026; the reason the school is required to have 272 pupils enrolled to retain its 11th mainstream teaching post for the 2026-2027 school year, when the corresponding enrolment threshold for 2027-2028 is 261 pupils; and to review the proposed withdrawal, in light of the potential increase in class sizes from 22 to 33 pupils and the projected population growth in the area. [69745/26]",Education,the minister for education and youth if she will clarify the circumstances surrounding the proposed withdrawal of a projected enrolment teaching post from a school details supplied on 23 october 2026 the reason the school is required to have 272 pupils enrolled to retain its 11th mainstream teaching post for the 2026-2027 school year when the corresponding enrolment threshold for 2027-2028 is 261 pupils and to review the proposed withdrawal in light of the potential increase in class sizes from 22 to 33 pupils and the projected population growth in the area 69745 26,2026-10-06,written,192,69745/26,Eoghan Kenny,EOGHAN KENNY,en,"To ask the Minister for Education and Youth if she will clarify the circumstances surrounding the proposed withdrawal of a projected enrolment teaching post from a school (details supplied) on 23 October 2026; the reason the school is required to have 272 pupils enrolled to retain its 11th mainstream teaching post for the 2026-2027 school year, when the corresponding enrolment threshold for 2027-2028 is 261 pupils; and to review the proposed withdrawal, in light of the potential increase in class sizes from 22 to 33 pupils and the projected population growth in the area.",Education and Youth,804,806
193. Deputy Mattie Mcgrath asked the Minister for Education and Youth her views on the convention on Education and the panel discussion on school values and culture; the reason for no involvement from the Catholic Church or religious bodies on the panel considering the number of schools in the State under their patronage; the way the panellists were selected; the people that selected the panellists; her views on there being no representatives from the Catholic Church when discussing school values and culture when Educate together were represented. [69746/26],Education,the minister for education and youth her views on the convention on education and the panel discussion on school values and culture the reason for no involvement from the catholic church or religious bodies on the panel considering the number of schools in the state under their patronage the way the panellists were selected the people that selected the panellists her views on there being no representatives from the catholic church when discussing school values and culture when educate together were represented 69746 26,2026-10-06,written,193,69746/26,Mattie Mcgrath,MATTIE MCGRATH,en,To ask the Minister for Education and Youth her views on the convention on Education and the panel discussion on school values and culture; the reason for no involvement from the Catholic Church or religious bodies on the panel considering the number of schools in the State under their patronage; the way the panellists were selected; the people that selected the panellists; her views on there being no representatives from the Catholic Church when discussing school values and culture when Educate together were represented.,Education and Youth,808,810
194. Deputy Emer Currie asked the Minister for Education and Youth the status of a school project (details supplied); and if the project is still at Stage 2b. [69761/26],Education,the minister for education and youth the status of a school project details supplied and if the project is still at stage 2b 69761 26,2026-10-06,written,194,69761/26,Emer Currie,EMER CURRIE,en,To ask the Minister for Education and Youth the status of a school project (details supplied); and if the project is still at Stage 2b.,Education and Youth,812,814
195. Deputy Donna Mcgettigan asked the Minister for Education and Youth the reason the long-awaited building extension at a school (details supplied) has not gone to tender and construction; and the actions she will take to ensure no further delays. [69853/26],Education,the minister for education and youth the reason the long-awaited building extension at a school details supplied has not gone to tender and construction and the actions she will take to ensure no further delays 69853 26,2026-10-06,written,195,69853/26,Donna Mcgettigan,DONNA MCGETTIGAN,en,To ask the Minister for Education and Youth the reason the long-awaited building extension at a school (details supplied) has not gone to tender and construction; and the actions she will take to ensure no further delays.,Education and Youth,816,818
196. Deputy Darren O'Rourke asked the Minister for Education and Youth when the refurbishment works at a school (details supplied) will be completed. [69862/26],Education,the minister for education and youth when the refurbishment works at a school details supplied will be completed 69862 26,2026-10-06,written,196,69862/26,Darren O'Rourke,DARREN O'ROURKE,en,To ask the Minister for Education and Youth when the refurbishment works at a school (details supplied) will be completed.,Education and Youth,820,822
197. Deputy Darren O'Rourke asked the Minister for Education and Youth the projected demand for post primary school places in County Mayo for each of the next four years; and the additional places currently in development [69861/26],Education,the minister for education and youth the projected demand for post primary school places in county mayo for each of the next four years and the additional places currently in development 69861 26,2026-10-06,written,197,69861/26,Darren O'Rourke,DARREN O'ROURKE,en,To ask the Minister for Education and Youth the projected demand for post primary school places in County Mayo for each of the next four years; and the additional places currently in development,Education and Youth,824,826
198. Deputy Ged Nash asked the Minister for Education and Youth when the revised scope for the additional facilities at a school (details supplied) will be approved; if and when that will be formally confirmed to the school in writing; the current status of the project; if and when the outcome of the recent technical examination in terms of the revised scope will be communicated to the school; and if she will confirm that the approval and commencement of the project is not conditional on the school transferring patronage. [69822/26],Education,the minister for education and youth when the revised scope for the additional facilities at a school details supplied will be approved if and when that will be formally confirmed to the school in writing the current status of the project if and when the outcome of the recent technical examination in terms of the revised scope will be communicated to the school and if she will confirm that the approval and commencement of the project is not conditional on the school transferring patronage 69822 26,2026-10-06,written,198,69822/26,Ged Nash,GED NASH,en,To ask the Minister for Education and Youth when the revised scope for the additional facilities at a school (details supplied) will be approved; if and when that will be formally confirmed to the school in writing; the current status of the project; if and when the outcome of the recent technical examination in terms of the revised scope will be communicated to the school; and if she will confirm that the approval and commencement of the project is not conditional on the school transferring patronage.,Education and Youth,828,830
"199. Deputy Robert O'Donoghue asked the Minister for Education and Youth the rationale for requiring a school (details supplied) to have 272 pupils enrolled for the 2026-2027 school year to retain its 11th teacher given the threshold for retaining 11 teachers for the 2027-2028 school year is understood to be 261 pupils; and the consideration that has been given to projected enrolment, ongoing housing development and the impact of significantly increased class sizes on pupils’ educational experience and wellbeing. [69832/26]",Education,the minister for education and youth the rationale for requiring a school details supplied to have 272 pupils enrolled for the 2026-2027 school year to retain its 11th teacher given the threshold for retaining 11 teachers for the 2027-2028 school year is understood to be 261 pupils and the consideration that has been given to projected enrolment ongoing housing development and the impact of significantly increased class sizes on pupils educational experience and wellbeing 69832 26,2026-10-06,written,199,69832/26,Robert O'Donoghue,ROBERT O'DONOGHUE,en,"To ask the Minister for Education and Youth the rationale for requiring a school (details supplied) to have 272 pupils enrolled for the 2026-2027 school year to retain its 11th teacher given the threshold for retaining 11 teachers for the 2027-2028 school year is understood to be 261 pupils; and the consideration that has been given to projected enrolment, ongoing housing development and the impact of significantly increased class sizes on pupils’ educational experience and wellbeing.",Education and Youth,832,834
200. Deputy Ged Nash asked the Minister for Education and Youth if her Department will engage with a person (details supplied) and resolve an ongoing payroll issue. [69864/26],Education,the minister for education and youth if her department will engage with a person details supplied and resolve an ongoing payroll issue 69864 26,2026-10-06,written,200,69864/26,Ged Nash,GED NASH,en,To ask the Minister for Education and Youth if her Department will engage with a person (details supplied) and resolve an ongoing payroll issue.,Education and Youth,836,838
201. Deputy Darren O'Rourke asked the Minister for Education and Youth the timeframe for refurbishment works at a school (details supplied) to be completed. [69869/26],Education,the minister for education and youth the timeframe for refurbishment works at a school details supplied to be completed 69869 26,2026-10-06,written,201,69869/26,Darren O'Rourke,DARREN O'ROURKE,en,To ask the Minister for Education and Youth the timeframe for refurbishment works at a school (details supplied) to be completed.,Education and Youth,840,842
202. Deputy Darren O'Rourke asked the Minister for Education and Youth the nature of capital works projects her Department funded at a school (details supplied) in 2025 and to date in 2026 in tabular form; and the number of capital funding requests currently with her Department as of 28 September 2026. [69868/26],Education,the minister for education and youth the nature of capital works projects her department funded at a school details supplied in 2025 and to date in 2026 in tabular form and the number of capital funding requests currently with her department as of 28 september 2026 69868 26,2026-10-06,written,202,69868/26,Darren O'Rourke,DARREN O'ROURKE,en,To ask the Minister for Education and Youth the nature of capital works projects her Department funded at a school (details supplied) in 2025 and to date in 2026 in tabular form; and the number of capital funding requests currently with her Department as of 28 September 2026.,Education and Youth,844,846
203. Deputy Jen Cummins asked the Minister for Education and Youth when a school (details supplied) will receive communication from her Department about a building. [69914/26],Education,the minister for education and youth when a school details supplied will receive communication from her department about a building 69914 26,2026-10-06,written,203,69914/26,Jen Cummins,JEN CUMMINS,en,To ask the Minister for Education and Youth when a school (details supplied) will receive communication from her Department about a building.,Education and Youth,848,850
204. Deputy Barry Ward asked the Minister for Education and Youth the position regarding any engagement she has had with unions representing teachers with a view to preventing their planned strike actions (detail supplied). [69895/26],Education,the minister for education and youth the position regarding any engagement she has had with unions representing teachers with a view to preventing their planned strike actions detail supplied 69895 26,2026-10-06,written,204,69895/26,Barry Ward,BARRY WARD,en,To ask the Minister for Education and Youth the position regarding any engagement she has had with unions representing teachers with a view to preventing their planned strike actions (detail supplied).,Education and Youth,852,854
"205. Deputy Jennifer Whitmore asked the Minister for Education and Youth the date on which the policy of automatically including special class provision in all new school builds was first adopted; whether the policy was approved by Government decision, departmental instruction, NCSE recommendation or school design guidance; and if she will share the relevant documentation. [69888/26]",Education,the minister for education and youth the date on which the policy of automatically including special class provision in all new school builds was first adopted whether the policy was approved by government decision departmental instruction ncse recommendation or school design guidance and if she will share the relevant documentation 69888 26,2026-10-06,written,205,69888/26,Jennifer Whitmore,JENNIFER WHITMORE,en,"To ask the Minister for Education and Youth the date on which the policy of automatically including special class provision in all new school builds was first adopted; whether the policy was approved by Government decision, departmental instruction, NCSE recommendation or school design guidance; and if she will share the relevant documentation.",Education and Youth,856,858
206. Deputy Malcolm Byrne asked the Minister for Education and Youth to provide an update on the planned development of a school (details supplied). [69938/26],Education,the minister for education and youth to provide an update on the planned development of a school details supplied 69938 26,2026-10-06,written,206,69938/26,Malcolm Byrne,MALCOLM BYRNE,en,To ask the Minister for Education and Youth to provide an update on the planned development of a school (details supplied).,Education and Youth,860,862
"207. Deputy Matt Carthy asked the Minister for Education and Youth the steps her Department and the national council for curriculum and assessment are taking to provide comprehensive, in-person professional development and training to second-level teachers tasked with delivering the new Leaving Certificate specifications; the reason that no official sample layouts or benchmark portfolios have been published by the State examinations commission for the 40 per cent chemistry additional assessment component; and when these vital student resources will be published. [69940/26]",Education,the minister for education and youth the steps her department and the national council for curriculum and assessment are taking to provide comprehensive in-person professional development and training to second-level teachers tasked with delivering the new leaving certificate specifications the reason that no official sample layouts or benchmark portfolios have been published by the state examinations commission for the 40 per cent chemistry additional assessment component and when these vital student resources will be published 69940 26,2026-10-06,written,207,69940/26,Matt Carthy,MATT CARTHY,en,"To ask the Minister for Education and Youth the steps her Department and the national council for curriculum and assessment are taking to provide comprehensive, in-person professional development and training to second-level teachers tasked with delivering the new Leaving Certificate specifications; the reason that no official sample layouts or benchmark portfolios have been published by the State examinations commission for the 40 per cent chemistry additional assessment component; and when these vital student resources will be published.",Education and Youth,864,866
208. Deputy Niamh Smyth asked the Minister for Education and Youth if she will review the case of a person (details supplied); the status of the school bus ticket application; and if the matter will be reconsidered given the exceptional circumstances. [69979/26],Education,the minister for education and youth if she will review the case of a person details supplied the status of the school bus ticket application and if the matter will be reconsidered given the exceptional circumstances 69979 26,2026-10-06,written,208,69979/26,Niamh Smyth,NIAMH SMYTH,en,To ask the Minister for Education and Youth if she will review the case of a person (details supplied); the status of the school bus ticket application; and if the matter will be reconsidered given the exceptional circumstances.,Education and Youth,868,870
209. Deputy Michael Cahill asked the Minister for Education and Youth the number of teachers on the primary school main panel in County Kerry at the commencement of the 2026-2027 school year; the number of permanent vacancies available to those teachers (details supplied); and if she will make a statement on the matter. [69977/26],Education,the minister for education and youth the number of teachers on the primary school main panel in county kerry at the commencement of the 2026-2027 school year the number of permanent vacancies available to those teachers details supplied and 69977 26,2026-10-06,written,209,69977/26,Michael Cahill,MICHAEL CAHILL,en,To ask the Minister for Education and Youth the number of teachers on the primary school main panel in County Kerry at the commencement of the 2026-2027 school year; the number of permanent vacancies available to those teachers (details supplied); and if she will make a statement on the matter.,Education and Youth,872,874
210. Deputy Louise O'Reilly asked the Minister for Education and Youth if she is aware that removing a teacher from a school (details supplied) will result in a 50% increase in class sizes from 22 students to 33 students; if she is aware of concerns of parents about the ensuing detrimental impacts on the education and wellbeing of their children; if she is aware of the impact this will have on autistic students; if she is aware this goes against the Government commitments to reduce class sizes; if she will address this and ensure all current teaching posts are retained. [69976/26],Education,the minister for education and youth if she is aware that removing a teacher from a school details supplied will result in a 50 increase in class sizes from 22 students to 33 students if she is aware of concerns of parents about the ensuing detrimental impacts on the education and wellbeing of their children if she is aware of the impact this will have on autistic students if she is aware this goes against the government commitments to reduce class sizes if she will address this and ensure all current teaching posts are retained 69976 26,2026-10-06,written,210,69976/26,Louise O'Reilly,LOUISE O'REILLY,en,To ask the Minister for Education and Youth if she is aware that removing a teacher from a school (details supplied) will result in a 50% increase in class sizes from 22 students to 33 students; if she is aware of concerns of parents about the ensuing detrimental impacts on the education and wellbeing of their children; if she is aware of the impact this will have on autistic students; if she is aware this goes against the Government commitments to reduce class sizes; if she will address this and ensure all current teaching posts are retained.,Education and Youth,876,878
"211. Deputy George Lawlor asked the Minister for Education and Youth the percentage of the capital funding that has been spent in the first nine months of 2026; if she will provide the same figures for the same period in 2025, in tabular form. [69969/26]",Education,the minister for education and youth the percentage of the capital funding that has been spent in the first nine months of 2026 if she will provide the same figures for the same period in 2025 in tabular form 69969 26,2026-10-06,written,211,69969/26,George Lawlor,GEORGE LAWLOR,en,"To ask the Minister for Education and Youth the percentage of the capital funding that has been spent in the first nine months of 2026; if she will provide the same figures for the same period in 2025, in tabular form.",Education and Youth,880,882
212. Deputy Claire Kerrane asked the Minister for Education and Youth if she will address newly qualified teachers seeing their pay delayed by weeks due to her Department not releasing the teaching panel in sufficient time which meant that interviews and job appointments in schools were delayed meaning that many missed the 10 July 2026 deadline for returning appointment forms; if she will ensure that all teachers are paid and that this delay to panels does not happen again. [69944/26],Education,the minister for education and youth if she will address newly qualified teachers seeing their pay delayed by weeks due to her department not releasing the teaching panel in sufficient time which meant that interviews and job appointments in schools were delayed meaning that many missed the 10 july 2026 deadline for returning appointment forms if she will ensure that all teachers are paid and that this delay to panels does not happen again 69944 26,2026-10-06,written,212,69944/26,Claire Kerrane,CLAIRE KERRANE,en,To ask the Minister for Education and Youth if she will address newly qualified teachers seeing their pay delayed by weeks due to her Department not releasing the teaching panel in sufficient time which meant that interviews and job appointments in schools were delayed meaning that many missed the 10 July 2026 deadline for returning appointment forms; if she will ensure that all teachers are paid and that this delay to panels does not happen again.,Education and Youth,884,886
"213. Deputy Matt Carthy asked the Minister for Education and Youth if her attention has been drawn to the significant anxiety and inequity facing current Leaving Certificate students due to the lack of official past exam papers for newly updated subjects; the reason the State examinations commission has only provided two sample papers per updated subject, forcing students to rely on unstandardised third-party commercial materials; and if she will direct the SEC to urgently issue additional exam exemplars and cohesive marking schemes to ensure a predictable and fair assessment environment for the 2027 cohort. [69941/26]",Education,the minister for education and youth if her attention has been drawn to the significant anxiety and inequity facing current leaving certificate students due to the lack of official past exam papers for newly updated subjects the reason the state examinations commission has only provided two sample papers per updated subject forcing students to rely on unstandardised third-party commercial materials and if she will direct the sec to urgently issue additional exam exemplars and cohesive marking schemes to ensure a predictable and fair assessment environment for the 2027 cohort 69941 26,2026-10-06,written,213,69941/26,Matt Carthy,MATT CARTHY,en,"To ask the Minister for Education and Youth if her attention has been drawn to the significant anxiety and inequity facing current Leaving Certificate students due to the lack of official past exam papers for newly updated subjects; the reason the State examinations commission has only provided two sample papers per updated subject, forcing students to rely on unstandardised third-party commercial materials; and if she will direct the SEC to urgently issue additional exam exemplars and cohesive marking schemes to ensure a predictable and fair assessment environment for the 2027 cohort.",Education and Youth,888,890
214. Deputy Pat the Cope Gallagher asked the Minister for Education and Youth the position regarding the construction of new school (details supplied) on a green field site; and if she will make a statement on the matter. [69974/26],Education,the minister for education and youth the position regarding the construction of new school details supplied on a green field site and 69974 26,2026-10-06,written,214,69974/26,Pat the Cope Gallagher,PAT THE COPE GALLAGHER,en,To ask the Minister for Education and Youth the position regarding the construction of new school (details supplied) on a green field site; and if she will make a statement on the matter.,Education and Youth,892,894
"215. Deputy Eamon Scanlon asked the Minister for Education and Youth considering the Programme for Government commitment regarding drivers aged over 70, if she will review the age limit of 70 for larger school transport vehicles, given that medically fit drivers aged up to 72 may now drive vehicles carrying up to eight passengers. [70006/26]",Education,the minister for education and youth considering the programme for government commitment regarding drivers aged over 70 if she will review the age limit of 70 for larger school transport vehicles given that medically fit drivers aged up to 72 may now drive vehicles carrying up to eight passengers 70006 26,2026-10-06,written,215,70006/26,Eamon Scanlon,EAMON SCANLON,en,"To ask the Minister for Education and Youth considering the Programme for Government commitment regarding drivers aged over 70, if she will review the age limit of 70 for larger school transport vehicles, given that medically fit drivers aged up to 72 may now drive vehicles carrying up to eight passengers.",Education and Youth,896,898
"216. Deputy Aidan Farrelly asked the Minister for Education and Youth the value of UBU Your Place Your Space funding for each recipient organisation in each of the years 2024, 2025 and to date in 2026, in tabular from. [70002/26]",Education,the minister for education and youth the value of ubu your place your space funding for each recipient organisation in each of the years 2024 2025 and to date in 2026 in tabular from 70002 26,2026-10-06,written,216,70002/26,Aidan Farrelly,AIDAN FARRELLY,en,"To ask the Minister for Education and Youth the value of UBU Your Place Your Space funding for each recipient organisation in each of the years 2024, 2025 and to date in 2026, in tabular from.",Education and Youth,900,902
"217. Deputy Paul Lawless asked the Minister for Education and Youth if her attention has been drawn to the increasing concerns being raised by families regarding the cost of mock and State examinations at second level; whether consideration is being given to the introduction of additional financial supports, fee waivers, or other assistance measures for low-income families, including households where a parent holds a medical card but their child does not qualify in their own right; and if she will make a statement on the matter. [70024/26]",Education,the minister for education and youth if her attention has been drawn to the increasing concerns being raised by families regarding the cost of mock and state examinations at second level whether consideration is being given to the introduction of additional financial supports fee waivers or other assistance measures for low-income families including households where a parent holds a medical card but their child does not qualify in their own right and 70024 26,2026-10-06,written,217,70024/26,Paul Lawless,PAUL LAWLESS,en,"To ask the Minister for Education and Youth if her attention has been drawn to the increasing concerns being raised by families regarding the cost of mock and State examinations at second level; whether consideration is being given to the introduction of additional financial supports, fee waivers, or other assistance measures for low-income families, including households where a parent holds a medical card but their child does not qualify in their own right; and if she will make a statement on the matter.",Education and Youth,904,906
218. Deputy Barry Ward asked the Minister for Education and Youth the position regarding an assessment of demand for SEN places in primary schools in the Shankill area; and the way this demand will be matched. [70022/26],Education,the minister for education and youth the position regarding an assessment of demand for sen places in primary schools in the shankill area and the way this demand will be matched 70022 26,2026-10-06,written,218,70022/26,Barry Ward,BARRY WARD,en,To ask the Minister for Education and Youth the position regarding an assessment of demand for SEN places in primary schools in the Shankill area; and the way this demand will be matched.,Education and Youth,908,910
219. Deputy Barry Ward asked the Minister for Education and Youth the position regarding the provision of an additional SEN classroom in a school (details supplied) to meet the demand for places in the Shankill area. [70023/26],Education,the minister for education and youth the position regarding the provision of an additional sen classroom in a school details supplied to meet the demand for places in the shankill area 70023 26,2026-10-06,written,219,70023/26,Barry Ward,BARRY WARD,en,To ask the Minister for Education and Youth the position regarding the provision of an additional SEN classroom in a school (details supplied) to meet the demand for places in the Shankill area.,Education and Youth,912,914
220. Deputy Barry Ward asked the Minister for Education and Youth her plans regarding the proposed increase in the provision of SEN places in primary schools in the Shankill area; and if she will make a statement on the matter. [70021/26],Education,the minister for education and youth her plans regarding the proposed increase in the provision of sen places in primary schools in the shankill area and 70021 26,2026-10-06,written,220,70021/26,Barry Ward,BARRY WARD,en,To ask the Minister for Education and Youth her plans regarding the proposed increase in the provision of SEN places in primary schools in the Shankill area; and if she will make a statement on the matter.,Education and Youth,916,918
221. Deputy Albert Dolan asked the Minister for Education and Youth the current status of the proposed building project at a school (details supplied) which is currently at Stage 1a of the design process; if she is aware that the school has been awaiting Department approval for over six months to proceed to the planning permission stage; when approval to proceed to planning is expected to issue; and the reason for the delay in progressing the project. [70107/26],Education,the minister for education and youth the current status of the proposed building project at a school details supplied which is currently at stage 1a of the design process if she is aware that the school has been awaiting department approval for over six months to proceed to the planning permission stage when approval to proceed to planning is expected to issue and the reason for the delay in progressing the project 70107 26,2026-10-06,written,221,70107/26,Albert Dolan,ALBERT DOLAN,en,To ask the Minister for Education and Youth the current status of the proposed building project at a school (details supplied) which is currently at Stage 1a of the design process; if she is aware that the school has been awaiting Department approval for over six months to proceed to the planning permission stage; when approval to proceed to planning is expected to issue; and the reason for the delay in progressing the project.,Education and Youth,920,922
"222. Deputy Cathal Crowe asked the Minister for Education and Youth further to Parliamentary Question No. 65715/26, the estimated timeline for when the integrated project team will be selected and commence their work. [70106/26]",Education,the minister for education and youth further to parliamentary question no 65715 26 the estimated timeline for when the integrated project team will be selected and commence their work 70106 26,2026-10-06,written,222,70106/26,Cathal Crowe,CATHAL CROWE,en,"To ask the Minister for Education and Youth further to Parliamentary Question No. 65715/26, the estimated timeline for when the integrated project team will be selected and commence their work.",Education and Youth,924,926
223. Deputy Michael Cahill asked the Minister for Education and Youth the average and maximum length of time being taken to complete reviews of ISL home tuition tutor payment claims; if a target timeframe applies to the completion of such reviews; if tutors may continue to submit payment claims while a review is ongoing; if such outstanding claims will be processed and backdated once a review is concluded; and if she will make a statement on the matter. [70141/26],Education,the minister for education and youth the average and maximum length of time being taken to complete reviews of isl home tuition tutor payment claims if a target timeframe applies to the completion of such reviews if tutors may continue to submit payment claims while a review is ongoing if such outstanding claims will be processed and backdated once a review is concluded and 70141 26,2026-10-06,written,223,70141/26,Michael Cahill,MICHAEL CAHILL,en,To ask the Minister for Education and Youth the average and maximum length of time being taken to complete reviews of ISL home tuition tutor payment claims; if a target timeframe applies to the completion of such reviews; if tutors may continue to submit payment claims while a review is ongoing; if such outstanding claims will be processed and backdated once a review is concluded; and if she will make a statement on the matter.,Education and Youth,928,930
224. Deputy Joanna Byrne asked the Minister for Education and Youth if potential funding or financial supports are available to a school in County Louth (details supplied). [70242/26],Education,the minister for education and youth if potential funding or financial supports are available to a school in county louth details supplied 70242 26,2026-10-06,written,224,70242/26,Joanna Byrne,JOANNA BYRNE,en,To ask the Minister for Education and Youth if potential funding or financial supports are available to a school in County Louth (details supplied).,Education and Youth,932,934
225. Deputy Michael Cahill asked the Minister for Education and Youth if she is aware of the difficulties being experienced by graduates of the Graduate Diploma in Physical Education at Portobello Institute in obtaining Teaching Council recognition for physical education; and the steps being taken to address this matter. [70239/26],Education,the minister for education and youth if she is aware of the difficulties being experienced by graduates of the graduate diploma in physical education at portobello institute in obtaining teaching council recognition for physical education and the steps being taken to address this matter 70239 26,2026-10-06,written,225,70239/26,Michael Cahill,MICHAEL CAHILL,en,To ask the Minister for Education and Youth if she is aware of the difficulties being experienced by graduates of the Graduate Diploma in Physical Education at Portobello Institute in obtaining Teaching Council recognition for physical education; and the steps being taken to address this matter.,Education and Youth,936,938
226. Deputy Shane Moynihan asked the Minister for Education and Youth to provide an update on a school building project (details supplied); and if the project will commence before the expiry of planning permission. [70290/26],Education,the minister for education and youth to provide an update on a school building project details supplied and if the project will commence before the expiry of planning permission 70290 26,2026-10-06,written,226,70290/26,Shane Moynihan,SHANE MOYNIHAN,en,To ask the Minister for Education and Youth to provide an update on a school building project (details supplied); and if the project will commence before the expiry of planning permission.,Education and Youth,940,942
227. Deputy Pádraig Mac Lochlainn asked the Minister for Education and Youth her plans to advance the delivery of the new school facilities (details supplied). [70194/26],Education,the minister for education and youth her plans to advance the delivery of the new school facilities details supplied 70194 26,2026-10-06,written,227,70194/26,Pádraig Mac Lochlainn,PÁDRAIG MAC LOCHLAINN,en,To ask the Minister for Education and Youth her plans to advance the delivery of the new school facilities (details supplied).,Education and Youth,944,946
"228. Deputy Pádraig Mac Lochlainn asked the Minister for Education and Youth further to Parliamentary Question No. 844 of 9 June 2026, if she can confirm a date by which her officials will have responded to the school’s Stage 2B submission (details supplied). [70193/26]",Education,the minister for education and youth further to parliamentary question no 844 of 9 june 2026 if she can confirm a date by which her officials will have responded to the school s stage 2b submission details supplied 70193 26,2026-10-06,written,228,70193/26,Pádraig Mac Lochlainn,PÁDRAIG MAC LOCHLAINN,en,"To ask the Minister for Education and Youth further to Parliamentary Question No. 844 of 9 June 2026, if she can confirm a date by which her officials will have responded to the school’s Stage 2B submission (details supplied).",Education and Youth,948,950
229. Deputy Shane Moynihan asked the Minister for Education and Youth for an update on the school building project for a school (details supplied); if the current site has been assessed as part of the energy and conditions survey; and when the project will move to the next phase. [70285/26],Education,the minister for education and youth for an update on the school building project for a school details supplied if the current site has been assessed as part of the energy and conditions survey and when the project will move to the next phase 70285 26,2026-10-06,written,229,70285/26,Shane Moynihan,SHANE MOYNIHAN,en,To ask the Minister for Education and Youth for an update on the school building project for a school (details supplied); if the current site has been assessed as part of the energy and conditions survey; and when the project will move to the next phase.,Education and Youth,952,954
230. Deputy Shane Moynihan asked the Minister for Education and Youth for an update on the school building project for a school (details supplied); if the current site has been assessed as part of the energy and conditions survey; and when the school building project will move to the next phase. [70282/26],Education,the minister for education and youth for an update on the school building project for a school details supplied if the current site has been assessed as part of the energy and conditions survey and when the school building project will move to the next phase 70282 26,2026-10-06,written,230,70282/26,Shane Moynihan,SHANE MOYNIHAN,en,To ask the Minister for Education and Youth for an update on the school building project for a school (details supplied); if the current site has been assessed as part of the energy and conditions survey; and when the school building project will move to the next phase.,Education and Youth,956,958
231. Deputy Séamus Mcgrath asked the Minister for Education and Youth the position regarding the commitment in the programme for Government to reduce the pupil-teacher ratio. [70180/26],Education,the minister for education and youth the position regarding the commitment in the programme for government to reduce the pupil-teacher ratio 70180 26,2026-10-06,written,231,70180/26,Séamus Mcgrath,SÉAMUS MCGRATH,en,To ask the Minister for Education and Youth the position regarding the commitment in the programme for Government to reduce the pupil-teacher ratio.,Education and Youth,960,962
232. Deputy Cian O'Callaghan asked the Minister for Education and Youth further to Parliamentary Question No. 68915/26 the reason a school (details supplied) does not yet have a school principal. [70196/26],Education,the minister for education and youth further to parliamentary question no 68915 26 the reason a school details supplied does not yet have a school principal 70196 26,2026-10-06,written,232,70196/26,Cian O'Callaghan,CIAN O'CALLAGHAN,en,To ask the Minister for Education and Youth further to Parliamentary Question No. 68915/26 the reason a school (details supplied) does not yet have a school principal.,Education and Youth,964,966
"233. Deputy Pádraig Mac Lochlainn asked the Minister for Education and Youth to provide an update on the plans that will be advanced for a new school on a site offered free of charge to the State, within the town boundaries of Milford, having personally visited a school (details supplied) to view the unacceptable conditions for the children, teachers and staff. [70195/26]",Education,the minister for education and youth to provide an update on the plans that will be advanced for a new school on a site offered free of charge to the state within the town boundaries of milford having personally visited a school details supplied to view the unacceptable conditions for the children teachers and staff 70195 26,2026-10-06,written,233,70195/26,Pádraig Mac Lochlainn,PÁDRAIG MAC LOCHLAINN,en,"To ask the Minister for Education and Youth to provide an update on the plans that will be advanced for a new school on a site offered free of charge to the State, within the town boundaries of Milford, having personally visited a school (details supplied) to view the unacceptable conditions for the children, teachers and staff.",Education and Youth,968,970
"234. Deputy Seán Ó Fearghaíl asked the Minister for Education and Youth If, having regard to concerns raised in correspondence (details supplied), she will outline the actions being taken by her Department and the National Council for Special Education to secure an appropriate school placement for a child with significant additional needs who, despite applications to a special school and all suitable special classes available, remains without a school place. [70224/26]",Education,the minister for education and youth if having regard to concerns raised in correspondence details supplied she will outline the actions being taken by her department and the national council for special education to secure an appropriate school placement for a child with significant additional needs who despite applications to a special school and all suitable special classes available remains without a school place 70224 26,2026-10-06,written,234,70224/26,Seán Ó Fearghaíl,SEÁN Ó FEARGHAÍL,en,"To ask the Minister for Education and Youth If, having regard to concerns raised in correspondence (details supplied), she will outline the actions being taken by her Department and the National Council for Special Education to secure an appropriate school placement for a child with significant additional needs who, despite applications to a special school and all suitable special classes available, remains without a school place.",Education and Youth,972,974
235. Deputy Roderic O'Gorman asked the Minister for Education and Youth if she plans to seek increases in capitation for secondary schools in Budget 2027. [70219/26],Education,the minister for education and youth if she plans to seek increases in capitation for secondary schools in budget 2027 70219 26,2026-10-06,written,235,70219/26,Roderic O'Gorman,RODERIC O'GORMAN,en,To ask the Minister for Education and Youth if she plans to seek increases in capitation for secondary schools in Budget 2027.,Education and Youth,976,978
236. Deputy Roderic O'Gorman asked the Minister for Education and Youth if she plans to seek increases in capitation for primary schools in Budget 2027. [70218/26],Education,the minister for education and youth if she plans to seek increases in capitation for primary schools in budget 2027 70218 26,2026-10-06,written,236,70218/26,Roderic O'Gorman,RODERIC O'GORMAN,en,To ask the Minister for Education and Youth if she plans to seek increases in capitation for primary schools in Budget 2027.,Education and Youth,980,982
"237. Deputy Darren O'Rourke asked the Minister for Education and Youth if the serious issues of intergenerational drug use, poverty and intergenerational trauma associated with drug feuds and drug intimidation were not considered when assessing schools in the Rathmullan area of Drogheda for inclusion in the DEIS plus programme; if not, the reason; and if she will commit to ensuring these factors are considered, possibly by way of narrative/qualitative submissions from school leaders and others, into the future. [70246/26]",Education,the minister for education and youth if the serious issues of intergenerational drug use poverty and intergenerational trauma associated with drug feuds and drug intimidation were not considered when assessing schools in the rathmullan area of drogheda for inclusion in the deis plus programme if not the reason and if she will commit to ensuring these factors are considered possibly by way of narrative qualitative submissions from school leaders and others into the future 70246 26,2026-10-06,written,237,70246/26,Darren O'Rourke,DARREN O'ROURKE,en,"To ask the Minister for Education and Youth if the serious issues of intergenerational drug use, poverty and intergenerational trauma associated with drug feuds and drug intimidation were not considered when assessing schools in the Rathmullan area of Drogheda for inclusion in the DEIS plus programme; if not, the reason; and if she will commit to ensuring these factors are considered, possibly by way of narrative/qualitative submissions from school leaders and others, into the future.",Education and Youth,984,986
"238. Deputy Darren O'Rourke asked the Minister for Education and Youth when a project granted planning permission [24/60514] in 2025 to increase the capacity of a school (details supplied) to 1,000 students will be approved. [70245/26]",Education,the minister for education and youth when a project granted planning permission 24 60514 in 2025 to increase the capacity of a school details supplied to 1 000 students will be approved 70245 26,2026-10-06,written,238,70245/26,Darren O'Rourke,DARREN O'ROURKE,en,"To ask the Minister for Education and Youth when a project granted planning permission [24/60514] in 2025 to increase the capacity of a school (details supplied) to 1,000 students will be approved.",Education and Youth,988,990
239. Deputy Pádraig Rice asked the Minister for Education and Youth whether her attention has been drawn to the number of schools that cater for students with additional needs that have had to independently fundraise for school buses for vital transport; and whether funding will be made available to assist schools in acquiring these buses. [70330/26],Education,the minister for education and youth whether her attention has been drawn to the number of schools that cater for students with additional needs that have had to independently fundraise for school buses for vital transport and whether funding will be made available to assist schools in acquiring these buses 70330 26,2026-10-06,written,239,70330/26,Pádraig Rice,PÁDRAIG RICE,en,To ask the Minister for Education and Youth whether her attention has been drawn to the number of schools that cater for students with additional needs that have had to independently fundraise for school buses for vital transport; and whether funding will be made available to assist schools in acquiring these buses.,Education and Youth,992,994
240. Deputy Gary Gannon asked the Minister for Education and Youth the reason her Department refused to release the funds required to accommodate necessary works for the additional autism class at a school (details supplied) in Summer 2026. [70331/26],Education,the minister for education and youth the reason her department refused to release the funds required to accommodate necessary works for the additional autism class at a school details supplied in summer 2026 70331 26,2026-10-06,written,240,70331/26,Gary Gannon,GARY GANNON,en,To ask the Minister for Education and Youth the reason her Department refused to release the funds required to accommodate necessary works for the additional autism class at a school (details supplied) in Summer 2026.,Education and Youth,996,998
241. Deputy Tom Brabazon asked the Minister for Education and Youth the measures her Department is taking to ensure that qualified teachers returning to Ireland after gaining teaching experience abroad are not financially disadvantaged where their previous service is not recognised for incremental salary purposes; whether the impact of the current incremental credit arrangements on teacher recruitment and retention has been assessed; and whether reforms are being considered in the context of current teacher supply pressures. [70363/26],Education,the minister for education and youth the measures her department is taking to ensure that qualified teachers returning to ireland after gaining teaching experience abroad are not financially disadvantaged where their previous service is not recognised for incremental salary purposes whether the impact of the current incremental credit arrangements on teacher recruitment and retention has been assessed and whether reforms are being considered in the context of current teacher supply pressures 70363 26,2026-10-06,written,241,70363/26,Tom Brabazon,TOM BRABAZON,en,To ask the Minister for Education and Youth the measures her Department is taking to ensure that qualified teachers returning to Ireland after gaining teaching experience abroad are not financially disadvantaged where their previous service is not recognised for incremental salary purposes; whether the impact of the current incremental credit arrangements on teacher recruitment and retention has been assessed; and whether reforms are being considered in the context of current teacher supply pressures.,Education and Youth,1000,1002
"242. Deputy Malcolm Byrne asked the Minister for Education and Youth for an update on the planned development at a school (details supplied) in Bunclody, Co. Wexford. [70359/26]",Education,the minister for education and youth for an update on the planned development at a school details supplied in bunclody co wexford 70359 26,2026-10-06,written,242,70359/26,Malcolm Byrne,MALCOLM BYRNE,en,"To ask the Minister for Education and Youth for an update on the planned development at a school (details supplied) in Bunclody, Co. Wexford.",Education and Youth,1004,1006
243. Deputy Michael Cahill asked the Minister for Education and Youth if she will intervene to avoid industrial action (details supplied); and if she will make a statement on the matter. [70167/26],Education,the minister for education and youth if she will intervene to avoid industrial action details supplied and 70167 26,2026-10-06,written,243,70167/26,Michael Cahill,MICHAEL CAHILL,en,To ask the Minister for Education and Youth if she will intervene to avoid industrial action (details supplied); and if she will make a statement on the matter.,Education and Youth,1008,1010
244. Deputy Paul Murphy asked the Minister for Education and Youth if she will instruct her Department to examine a case (details applied) and ensure that the situation can be resolved. [70371/26],Education,the minister for education and youth if she will instruct her department to examine a case details applied and ensure that the situation can be resolved 70371 26,2026-10-06,written,244,70371/26,Paul Murphy,PAUL MURPHY,en,To ask the Minister for Education and Youth if she will instruct her Department to examine a case (details applied) and ensure that the situation can be resolved.,Education and Youth,1012,1014
245. Deputy Emer Currie asked the Minister for Education and Youth the number of seats on a school bus; the number of students with a seat on this service; the number of unused seats; and whether any remaining seats can be made available for a neighbouring school (details supplied). [70364/26],Education,the minister for education and youth the number of seats on a school bus the number of students with a seat on this service the number of unused seats and whether any remaining seats can be made available for a neighbouring school details supplied 70364 26,2026-10-06,written,245,70364/26,Emer Currie,EMER CURRIE,en,To ask the Minister for Education and Youth the number of seats on a school bus; the number of students with a seat on this service; the number of unused seats; and whether any remaining seats can be made available for a neighbouring school (details supplied).,Education and Youth,1016,1018
"246. Deputy Tom Brabazon asked the Minister for Education and Youth whether she will review Circular 0029/2010 and the current arrangements for the award of incremental salary credit to registered teachers, with a view to allowing relevant and verifiable teaching service in recognised or established private schools outside the European Union to be reckonable for incremental credit; and whether she is aware of the financial impact the current restriction can have on qualified teachers returning to Ireland after teaching abroad. [70362/26]",Education,the minister for education and youth whether she will review circular 0029 2010 and the current arrangements for the award of incremental salary credit to registered teachers with a view to allowing relevant and verifiable teaching service in recognised or established private schools outside the european union to be reckonable for incremental credit and whether she is aware of the financial impact the current restriction can have on qualified teachers returning to ireland after teaching abroad 70362 26,2026-10-06,written,246,70362/26,Tom Brabazon,TOM BRABAZON,en,"To ask the Minister for Education and Youth whether she will review Circular 0029/2010 and the current arrangements for the award of incremental salary credit to registered teachers, with a view to allowing relevant and verifiable teaching service in recognised or established private schools outside the European Union to be reckonable for incremental credit; and whether she is aware of the financial impact the current restriction can have on qualified teachers returning to Ireland after teaching abroad.",Education and Youth,1020,1022
247. Deputy Donna Mcgettigan asked the Minister for Education and Youth to address the concerns raised (details supplied) regarding the approval of the Graduate Diploma in physical education at Portobello Institute. [70333/26],Education,the minister for education and youth to address the concerns raised details supplied regarding the approval of the graduate diploma in physical education at portobello institute 70333 26,2026-10-06,written,247,70333/26,Donna Mcgettigan,DONNA MCGETTIGAN,en,To ask the Minister for Education and Youth to address the concerns raised (details supplied) regarding the approval of the Graduate Diploma in physical education at Portobello Institute.,Education and Youth,1024,1026
"248. Deputy Ken O'Flynn asked the Minister for Education and Youth the reason an organisation was included in the agreement on the Revised Parental Complaints Procedure for Primary Schools; whether any organisations representing parents, people of no religion or belief, or secular interests were consulted or invited to participate in its development; the criteria used to determine which organisations were included in the process; and if she will make a statement on the matter. [70397/26]",Education,the minister for education and youth the reason an organisation was included in the agreement on the revised parental complaints procedure for primary schools whether any organisations representing parents people of no religion or belief or secular interests were consulted or invited to participate in its development the criteria used to determine which organisations were included in the process and 70397 26,2026-10-06,written,248,70397/26,Ken O'Flynn,KEN O'FLYNN,en,"To ask the Minister for Education and Youth the reason an organisation was included in the agreement on the Revised Parental Complaints Procedure for Primary Schools; whether any organisations representing parents, people of no religion or belief, or secular interests were consulted or invited to participate in its development; the criteria used to determine which organisations were included in the process; and if she will make a statement on the matter.",Education and Youth,1028,1030
"249. Deputy Ken O'Flynn asked the Minister for Education and Youth the role her Department had in the development and agreement of the Revised Parental Complaints Procedure for Primary Schools, which came into effect on 1 January 2024; the organisations consulted during its revision; the reason an organisation was included as a party to the agreement; whether parent representative organisations or organisations representing people of no religion or belief were consulted; and if she will make a statement on the matter. [70396/26]",Education,the minister for education and youth the role her department had in the development and agreement of the revised parental complaints procedure for primary schools which came into effect on 1 january 2024 the organisations consulted during its revision the reason an organisation was included as a party to the agreement whether parent representative organisations or organisations representing people of no religion or belief were consulted and 70396 26,2026-10-06,written,249,70396/26,Ken O'Flynn,KEN O'FLYNN,en,"To ask the Minister for Education and Youth the role her Department had in the development and agreement of the Revised Parental Complaints Procedure for Primary Schools, which came into effect on 1 January 2024; the organisations consulted during its revision; the reason an organisation was included as a party to the agreement; whether parent representative organisations or organisations representing people of no religion or belief were consulted; and if she will make a statement on the matter.",Education and Youth,1032,1034
"250. Deputy Matt Carthy asked the Minister for Education and Youth the status of the Special Educational Needs (SEN) Repurposing Grant allocated toa school (details supplied); the specific structural and architectural modifications approved under this funding framework, including the provision of a dedicated sensory room and adequate space layout to accommodate children with complex, diverse sensory needs; the confirmed timeline for the completion of these works; and the approved teacher and Special Needs Assistant (SNA) staffing allocations for this specific special class provision. [70389/26]",Education,the minister for education and youth the status of the special educational needs sen repurposing grant allocated toa school details supplied the specific structural and architectural modifications approved under this funding framework including the provision of a dedicated sensory room and adequate space layout to accommodate children with complex diverse sensory needs the confirmed timeline for the completion of these works and the approved teacher and special needs assistant sna staffing allocations for this specific special class provision 70389 26,2026-10-06,written,250,70389/26,Matt Carthy,MATT CARTHY,en,"To ask the Minister for Education and Youth the status of the Special Educational Needs (SEN) Repurposing Grant allocated toa school (details supplied); the specific structural and architectural modifications approved under this funding framework, including the provision of a dedicated sensory room and adequate space layout to accommodate children with complex, diverse sensory needs; the confirmed timeline for the completion of these works; and the approved teacher and Special Needs Assistant (SNA) staffing allocations for this specific special class provision.",Education and Youth,1036,1038
251. Deputy Louis O'Hara asked the Minister for Education and Youth the annual cost of fuel and travel expenses for travelling special education teachers (SETs) required to work across multiple school settings. [70388/26],Education,the minister for education and youth the annual cost of fuel and travel expenses for travelling special education teachers sets required to work across multiple school settings 70388 26,2026-10-06,written,251,70388/26,Louis O'Hara,LOUIS O'HARA,en,To ask the Minister for Education and Youth the annual cost of fuel and travel expenses for travelling special education teachers (SETs) required to work across multiple school settings.,Education and Youth,1040,1042
"252. Deputy Paul Lawless asked the Minister for Education and Youth to clarify the arrangements that apply where a school secretary payroll overpayment remains outstanding when a person retires, specifically whether a remaining balance can be recovered from a person's pension payments; to further clarify whether outstanding overpayment debt is written off in the event of the death of the person concerned, or if recovery is pursued against the estate: and if she will make a statement on the matter. [70401/26]",Education,the minister for education and youth to clarify the arrangements that apply where a school secretary payroll overpayment remains outstanding when a person retires specifically whether a remaining balance can be recovered from a person s pension payments to further clarify whether outstanding overpayment debt is written off in the event of the death of the person concerned or if recovery is pursued against the estate and 70401 26,2026-10-06,written,252,70401/26,Paul Lawless,PAUL LAWLESS,en,"To ask the Minister for Education and Youth to clarify the arrangements that apply where a school secretary payroll overpayment remains outstanding when a person retires, specifically whether a remaining balance can be recovered from a person's pension payments; to further clarify whether outstanding overpayment debt is written off in the event of the death of the person concerned, or if recovery is pursued against the estate: and if she will make a statement on the matter.",Education and Youth,1044,1046
"253. Deputy Paul Lawless asked the Minister for Education and Youth if her attention has been drawn to the case of a person (details supplied) who has been notified of a payroll overpayment due to an administrative error by her Department, in this case the employee's payslips did not record the number of hours worked; if this matter has been taken into account in assessing the overpayment; and if she will make a statement on the matter. [70402/26]",Education,the minister for education and youth if her attention has been drawn to the case of a person details supplied who has been notified of a payroll overpayment due to an administrative error by her department in this case the employee s payslips did not record the number of hours worked if this matter has been taken into account in assessing the overpayment and 70402 26,2026-10-06,written,253,70402/26,Paul Lawless,PAUL LAWLESS,en,"To ask the Minister for Education and Youth if her attention has been drawn to the case of a person (details supplied) who has been notified of a payroll overpayment due to an administrative error by her Department, in this case the employee's payslips did not record the number of hours worked; if this matter has been taken into account in assessing the overpayment; and if she will make a statement on the matter.",Education and Youth,1048,1050
254. Deputy Paul Lawless asked the Minister for Education and Youth the policies and procedures governing the recovery of payroll overpayments arising from Departmental error in cases where the employee acted in good faith and had no knowledge that an overpayment was occurring; and is she will make a statement on the matter. [70404/26],Education,the minister for education and youth the policies and procedures governing the recovery of payroll overpayments arising from departmental error in cases where the employee acted in good faith and had no knowledge that an overpayment was occurring and is she will make a statement on the matter 70404 26,2026-10-06,written,254,70404/26,Paul Lawless,PAUL LAWLESS,en,To ask the Minister for Education and Youth the policies and procedures governing the recovery of payroll overpayments arising from Departmental error in cases where the employee acted in good faith and had no knowledge that an overpayment was occurring; and is she will make a statement on the matter.,Education and Youth,1052,1054
"255. Deputy Albert Dolan asked the Minister for Education and Youth the total annual cost arising from special education teachers (SETs) being required to travel between schools, broken down by travel expenses and the estimated cost of teaching time lost while travelling; and the total number of teaching hours lost annually in this regard. [70406/26]",Education,the minister for education and youth the total annual cost arising from special education teachers sets being required to travel between schools broken down by travel expenses and the estimated cost of teaching time lost while travelling and the total number of teaching hours lost annually in this regard 70406 26,2026-10-06,written,255,70406/26,Albert Dolan,ALBERT DOLAN,en,"To ask the Minister for Education and Youth the total annual cost arising from special education teachers (SETs) being required to travel between schools, broken down by travel expenses and the estimated cost of teaching time lost while travelling; and the total number of teaching hours lost annually in this regard.",Education and Youth,1056,1058
256. Deputy Emer Currie asked the Minister for Education and Youth the reason an emergency works application by a school (details supplied) in Dublin 15 was refused; and if the application can be reviewed in light of the condition of the existing accommodation. [70414/26],Education,the minister for education and youth the reason an emergency works application by a school details supplied in dublin 15 was refused and if the application can be reviewed in light of the condition of the existing accommodation 70414 26,2026-10-06,written,256,70414/26,Emer Currie,EMER CURRIE,en,To ask the Minister for Education and Youth the reason an emergency works application by a school (details supplied) in Dublin 15 was refused; and if the application can be reviewed in light of the condition of the existing accommodation.,Education and Youth,1060,1062
257. Deputy Pa Daly asked the Minister for Education and Youth the funding streams available to post-primary schools seeking to undertake exterior repainting and improvement works; and whether funding may be available to a school (details supplied) seeking to undertake such works to improve the exterior of its building and school environment. [70475/26],Education,the minister for education and youth the funding streams available to post-primary schools seeking to undertake exterior repainting and improvement works and whether funding may be available to a school details supplied seeking to undertake such works to improve the exterior of its building and school environment 70475 26,2026-10-06,written,257,70475/26,Pa Daly,PA DALY,en,To ask the Minister for Education and Youth the funding streams available to post-primary schools seeking to undertake exterior repainting and improvement works; and whether funding may be available to a school (details supplied) seeking to undertake such works to improve the exterior of its building and school environment.,Education and Youth,1064,1066
"258. Deputy Emer Currie asked the Minister for Education and Youth the total amount allocated for the school transport scheme for exemption routes under the scheme from 2020 to date in 2026, by year, in tabular form. [70532/26]",Education,the minister for education and youth the total amount allocated for the school transport scheme for exemption routes under the scheme from 2020 to date in 2026 by year in tabular form 70532 26,2026-10-06,written,258,70532/26,Emer Currie,EMER CURRIE,en,"To ask the Minister for Education and Youth the total amount allocated for the school transport scheme for exemption routes under the scheme from 2020 to date in 2026, by year, in tabular form.",Education and Youth,1068,1070
"259. Deputy Emer Currie asked the Minister for Education and Youth the total amount allocated for the school transport scheme for post-primary schools from 2020 to date in 2026, by year, in tabular form. [70531/26]",Education,the minister for education and youth the total amount allocated for the school transport scheme for post-primary schools from 2020 to date in 2026 by year in tabular form 70531 26,2026-10-06,written,259,70531/26,Emer Currie,EMER CURRIE,en,"To ask the Minister for Education and Youth the total amount allocated for the school transport scheme for post-primary schools from 2020 to date in 2026, by year, in tabular form.",Education and Youth,1072,1074
"260. Deputy Emer Currie asked the Minister for Education and Youth the total amount allocated for the school transport scheme for primary schools from 2020 to date in 2026, by year, in tabular form. [70530/26]",Education,the minister for education and youth the total amount allocated for the school transport scheme for primary schools from 2020 to date in 2026 by year in tabular form 70530 26,2026-10-06,written,260,70530/26,Emer Currie,EMER CURRIE,en,"To ask the Minister for Education and Youth the total amount allocated for the school transport scheme for primary schools from 2020 to date in 2026, by year, in tabular form.",Education and Youth,1076,1078
"261. Deputy Emer Currie asked the Minister for Education and Youth the total amount allocated for the school transport scheme from 2020 to date in 2026, by year, in tabular form. [70528/26]",Education,the minister for education and youth the total amount allocated for the school transport scheme from 2020 to date in 2026 by year in tabular form 70528 26,2026-10-06,written,261,70528/26,Emer Currie,EMER CURRIE,en,"To ask the Minister for Education and Youth the total amount allocated for the school transport scheme from 2020 to date in 2026, by year, in tabular form.",Education and Youth,1080,1082
"262. Deputy Emer Currie asked the Minister for Education and Youth the estimated additional funding her Department would receive if school transport tickets increased by 10%, 15% and 20%, in tabular form. [70545/26]",Education,the minister for education and youth the estimated additional funding her department would receive if school transport tickets increased by 10 15 and 20 in tabular form 70545 26,2026-10-06,written,262,70545/26,Emer Currie,EMER CURRIE,en,"To ask the Minister for Education and Youth the estimated additional funding her Department would receive if school transport tickets increased by 10%, 15% and 20%, in tabular form.",Education and Youth,1084,1086
"263. Deputy Emer Currie asked the Minister for Education and Youth the total amount raised from school transport fees, broken down by primary and secondary school, per year from 2020 to date, in tabular form. [70544/26]",Education,the minister for education and youth the total amount raised from school transport fees broken down by primary and secondary school per year from 2020 to date in tabular form 70544 26,2026-10-06,written,263,70544/26,Emer Currie,EMER CURRIE,en,"To ask the Minister for Education and Youth the total amount raised from school transport fees, broken down by primary and secondary school, per year from 2020 to date, in tabular form.",Education and Youth,1088,1090
"264. Deputy Emer Currie asked the Minister for Education and Youth the number of bus escorts hired to support special education transport, broken down per year from 2020 to date, in tabular form. [70542/26]",Education,the minister for education and youth the number of bus escorts hired to support special education transport broken down per year from 2020 to date in tabular form 70542 26,2026-10-06,written,264,70542/26,Emer Currie,EMER CURRIE,en,"To ask the Minister for Education and Youth the number of bus escorts hired to support special education transport, broken down per year from 2020 to date, in tabular form.",Education and Youth,1092,1094
"265. Deputy Emer Currie asked the Minister for Education and Youth the average number of students carried per vehicle school transport scheme routes, broken down per year from 2020 to date, in tabular form. [70541/26]",Education,the minister for education and youth the average number of students carried per vehicle school transport scheme routes broken down per year from 2020 to date in tabular form 70541 26,2026-10-06,written,265,70541/26,Emer Currie,EMER CURRIE,en,"To ask the Minister for Education and Youth the average number of students carried per vehicle school transport scheme routes, broken down per year from 2020 to date, in tabular form.",Education and Youth,1096,1098
"266. Deputy Emer Currie asked the Minister for Education and Youth the average vehicle size used on school transport scheme routes, broken down per year from 2020 to date, in tabular form. [70540/26]",Education,the minister for education and youth the average vehicle size used on school transport scheme routes broken down per year from 2020 to date in tabular form 70540 26,2026-10-06,written,266,70540/26,Emer Currie,EMER CURRIE,en,"To ask the Minister for Education and Youth the average vehicle size used on school transport scheme routes, broken down per year from 2020 to date, in tabular form.",Education and Youth,1100,1102
"267. Deputy Emer Currie asked the Minister for Education and Youth the number of students availing of concessionary school transport tickets, broken down per year from 2020 to date, in tabular form. [70539/26]",Education,the minister for education and youth the number of students availing of concessionary school transport tickets broken down per year from 2020 to date in tabular form 70539 26,2026-10-06,written,267,70539/26,Emer Currie,EMER CURRIE,en,"To ask the Minister for Education and Youth the number of students availing of concessionary school transport tickets, broken down per year from 2020 to date, in tabular form.",Education and Youth,1104,1106
"268. Deputy Emer Currie asked the Minister for Education and Youth the number of students availing of the special transport grant, broken down per year from 2020 to date, in tabular form. [70538/26]",Education,the minister for education and youth the number of students availing of the special transport grant broken down per year from 2020 to date in tabular form 70538 26,2026-10-06,written,268,70538/26,Emer Currie,EMER CURRIE,en,"To ask the Minister for Education and Youth the number of students availing of the special transport grant, broken down per year from 2020 to date, in tabular form.",Education and Youth,1108,1110
"269. Deputy Emer Currie asked the Minister for Education and Youth the number of students availing of the school transport scheme, broken down per year from 2020 to date, in tabular form. [70536/26]",Education,the minister for education and youth the number of students availing of the school transport scheme broken down per year from 2020 to date in tabular form 70536 26,2026-10-06,written,269,70536/26,Emer Currie,EMER CURRIE,en,"To ask the Minister for Education and Youth the number of students availing of the school transport scheme, broken down per year from 2020 to date, in tabular form.",Education and Youth,1112,1114
"270. Deputy Emer Currie asked the Minister for Education and Youth the breakdown of Bus Éireann owned vehicles versus private contractors on school transport routes, broken down per year from 2020 to date, in tabular form. [70535/26]",Education,the minister for education and youth the breakdown of bus éireann owned vehicles versus private contractors on school transport routes broken down per year from 2020 to date in tabular form 70535 26,2026-10-06,written,270,70535/26,Emer Currie,EMER CURRIE,en,"To ask the Minister for Education and Youth the breakdown of Bus Éireann owned vehicles versus private contractors on school transport routes, broken down per year from 2020 to date, in tabular form.",Education and Youth,1116,1118
"271. Deputy Darren O'Rourke asked the Minister for Education and Youth to outline the process involved between deciding a school needs additional modular accommodation, to delivering it; the measures that are being taken to reduce the length of time for this process while retaining good governance. [70525/26]",Education,the minister for education and youth the process involved between deciding a school needs additional modular accommodation to delivering it the measures that are being taken to reduce the length of time for this process while retaining good governance 70525 26,2026-10-06,written,271,70525/26,Darren O'Rourke,DARREN O'ROURKE,en,"To ask the Minister for Education and Youth to outline the process involved between deciding a school needs additional modular accommodation, to delivering it; the measures that are being taken to reduce the length of time for this process while retaining good governance.",Education and Youth,1120,1122
"272. Deputy Emer Currie asked the Minister for Education and Youth the total amount allocated for the school transport scheme for post-primary school from 2020 to date, broken down per year, in tabular form. [70534/26]",Education,the minister for education and youth the total amount allocated for the school transport scheme for post-primary school from 2020 to date broken down per year in tabular form 70534 26,2026-10-06,written,272,70534/26,Emer Currie,EMER CURRIE,en,"To ask the Minister for Education and Youth the total amount allocated for the school transport scheme for post-primary school from 2020 to date, broken down per year, in tabular form.",Education and Youth,1124,1126
"273. Deputy Emer Currie asked the Minister for Education and Youth the total amount allocated for the special education school transport scheme for post-primary school from 2020 to date, broken down per year, in tabular form. [70533/26]",Education,the minister for education and youth the total amount allocated for the special education school transport scheme for post-primary school from 2020 to date broken down per year in tabular form 70533 26,2026-10-06,written,273,70533/26,Emer Currie,EMER CURRIE,en,"To ask the Minister for Education and Youth the total amount allocated for the special education school transport scheme for post-primary school from 2020 to date, broken down per year, in tabular form.",Education and Youth,1128,1130
274. Deputy Darren O'Rourke asked the Minister for Education and Youth when a new modular building will be delivered to a school (details supplied); and if this will be expedited. [70524/26],Education,the minister for education and youth when a new modular building will be delivered to a school details supplied and if this will be expedited 70524 26,2026-10-06,written,274,70524/26,Darren O'Rourke,DARREN O'ROURKE,en,To ask the Minister for Education and Youth when a new modular building will be delivered to a school (details supplied); and if this will be expedited.,Education and Youth,1132,1134
275. Deputy John Paul O'Shea asked the Minister for Education and Youth the number of children that applied for the school transport scheme once the portal re-opened in July 2026. [70522/26],Education,the minister for education and youth the number of children that applied for the school transport scheme once the portal re-opened in july 2026 70522 26,2026-10-06,written,275,70522/26,John Paul O'Shea,JOHN PAUL O'SHEA,en,To ask the Minister for Education and Youth the number of children that applied for the school transport scheme once the portal re-opened in July 2026.,Education and Youth,1136,1138
"276. Deputy John Paul O'Shea asked the Minister for Education and Youth the average cost of contracts issued as part of the school transport scheme to provide a 8, 16, 32, 45, 53, 60 and a 70 seater bus. [70521/26]",Education,the minister for education and youth the average cost of contracts issued as part of the school transport scheme to provide a 8 16 32 45 53 60 and a 70 seater bus 70521 26,2026-10-06,written,276,70521/26,John Paul O'Shea,JOHN PAUL O'SHEA,en,"To ask the Minister for Education and Youth the average cost of contracts issued as part of the school transport scheme to provide a 8, 16, 32, 45, 53, 60 and a 70 seater bus.",Education and Youth,1140,1142
"277. Deputy John Paul O'Shea asked the Minister for Education and Youth the number of bus routes that are operated directly by Bus Éireann buses and Bus Éireann drivers, by county, in tabular form. [70520/26]",Education,the minister for education and youth the number of bus routes that are operated directly by bus éireann buses and bus éireann drivers by county in tabular form 70520 26,2026-10-06,written,277,70520/26,John Paul O'Shea,JOHN PAUL O'SHEA,en,"To ask the Minister for Education and Youth the number of bus routes that are operated directly by Bus Éireann buses and Bus Éireann drivers, by county, in tabular form.",Education and Youth,1144,1146
278. Deputy John Paul O'Shea asked the Minister for Education and Youth the number of contracts issued to private bus companies by Bus Éireann as part of the school transport scheme annually. [70519/26],Education,the minister for education and youth the number of contracts issued to private bus companies by bus éireann as part of the school transport scheme annually 70519 26,2026-10-06,written,278,70519/26,John Paul O'Shea,JOHN PAUL O'SHEA,en,To ask the Minister for Education and Youth the number of contracts issued to private bus companies by Bus Éireann as part of the school transport scheme annually.,Education and Youth,1148,1150
279. Deputy John Paul O'Shea asked the Minister for Education and Youth the mechanisms in place with Bus Éireann to ensure children who have obtained a ticket for a bus are availing of the school transport scheme service on a frequent basis. [70518/26],Education,the minister for education and youth the mechanisms in place with bus éireann to ensure children who have obtained a ticket for a bus are availing of the school transport scheme service on a frequent basis 70518 26,2026-10-06,written,279,70518/26,John Paul O'Shea,JOHN PAUL O'SHEA,en,To ask the Minister for Education and Youth the mechanisms in place with Bus Éireann to ensure children who have obtained a ticket for a bus are availing of the school transport scheme service on a frequent basis.,Education and Youth,1152,1154
"280. Deputy John Paul O'Shea asked the Minister for Education and Youth the number of children approved for the school transport scheme that were eligible and the number that were concessionary, by county, in each of the years 2020 to 2025, in tabular form. [70517/26]",Education,the minister for education and youth the number of children approved for the school transport scheme that were eligible and the number that were concessionary by county in each of the years 2020 to 2025 in tabular form 70517 26,2026-10-06,written,280,70517/26,John Paul O'Shea,JOHN PAUL O'SHEA,en,"To ask the Minister for Education and Youth the number of children approved for the school transport scheme that were eligible and the number that were concessionary, by county, in each of the years 2020 to 2025, in tabular form.",Education and Youth,1156,1158
281. Deputy John Paul O'Shea asked the Minister for Education and Youth the number of children that paid for tickets online and on time as part of the school transport scheme; and the number that were outside of the timeframe. [70516/26],Education,the minister for education and youth the number of children that paid for tickets online and on time as part of the school transport scheme and the number that were outside of the timeframe 70516 26,2026-10-06,written,281,70516/26,John Paul O'Shea,JOHN PAUL O'SHEA,en,To ask the Minister for Education and Youth the number of children that paid for tickets online and on time as part of the school transport scheme; and the number that were outside of the timeframe.,Education and Youth,1160,1162
282. Deputy John Paul O'Shea asked the Minister for Education and Youth the cost of the school transport scheme for children with special educational needs from 2020 to 2025. [70515/26],Education,the minister for education and youth the cost of the school transport scheme for children with special educational needs from 2020 to 2025 70515 26,2026-10-06,written,282,70515/26,John Paul O'Shea,JOHN PAUL O'SHEA,en,To ask the Minister for Education and Youth the cost of the school transport scheme for children with special educational needs from 2020 to 2025.,Education and Youth,1164,1166
"283. Deputy John Paul O'Shea asked the Minister for Education and Youth the number of children with special educational needs benefitting from the school transport scheme, by county; and the type of transport used in these cases. [70514/26]",Education,the minister for education and youth the number of children with special educational needs benefitting from the school transport scheme by county and the type of transport used in these cases 70514 26,2026-10-06,written,283,70514/26,John Paul O'Shea,JOHN PAUL O'SHEA,en,"To ask the Minister for Education and Youth the number of children with special educational needs benefitting from the school transport scheme, by county; and the type of transport used in these cases.",Education and Youth,1168,1170
284. Deputy Paul Nicholas Gogarty asked the Minister for Education and Youth the latest date during the calendar year by which schools are sent details of in-service dates for the following school year; whether there is any requirement for schools to inform parents of such dates well in advance so as to plan ahead; and if she will make a statement on the matter. [70496/26],Education,the minister for education and youth the latest date during the calendar year by which schools are sent details of in-service dates for the following school year whether there is any requirement for schools to inform parents of such dates well in advance so as to plan ahead and 70496 26,2026-10-06,written,284,70496/26,Paul Nicholas Gogarty,PAUL NICHOLAS GOGARTY,en,To ask the Minister for Education and Youth the latest date during the calendar year by which schools are sent details of in-service dates for the following school year; whether there is any requirement for schools to inform parents of such dates well in advance so as to plan ahead; and if she will make a statement on the matter.,Education and Youth,1172,1174
"285. Deputy John Paul O'Shea asked the Minister for Education and Youth the number of children benefitting from the school transport scheme, by county. [70513/26]",Education,the minister for education and youth the number of children benefitting from the school transport scheme by county 70513 26,2026-10-06,written,285,70513/26,John Paul O'Shea,JOHN PAUL O'SHEA,en,"To ask the Minister for Education and Youth the number of children benefitting from the school transport scheme, by county.",Education and Youth,1176,1178
286. Deputy Malcolm Byrne asked the Minister for Education and Youth the rationale that contractors for school buses must physically visit schools to collect signatures that schools are operational; the reason the process cannot be done digitally; and if she will make a statement on the matter. [70488/26],Education,the minister for education and youth the rationale that contractors for school buses must physically visit schools to collect signatures that schools are operational the reason the process cannot be done digitally and 70488 26,2026-10-06,written,286,70488/26,Malcolm Byrne,MALCOLM BYRNE,en,To ask the Minister for Education and Youth the rationale that contractors for school buses must physically visit schools to collect signatures that schools are operational; the reason the process cannot be done digitally; and if she will make a statement on the matter.,Education and Youth,1180,1182
287. Deputy John Paul O'Shea asked the Minister for Education and Youth the budget for the school transport scheme from 2020 to 2026. [70512/26],Education,the minister for education and youth the budget for the school transport scheme from 2020 to 2026 70512 26,2026-10-06,written,287,70512/26,John Paul O'Shea,JOHN PAUL O'SHEA,en,To ask the Minister for Education and Youth the budget for the school transport scheme from 2020 to 2026.,Education and Youth,1184,1186
"288. Deputy Albert Dolan asked the Minister for Education and Youth for her response to over 500 signatories (details supplied), including eminent mathematicians, teachers, technologists, and others, calling for the proposed mathematics Leaving Certificate specification to be scrapped and a new advisory group set up. [70588/26]",Education,the minister for education and youth for her response to over 500 signatories details supplied including eminent mathematicians teachers technologists and others calling for the proposed mathematics leaving certificate specification to be scrapped and a new advisory group set up 70588 26,2026-10-06,written,288,70588/26,Albert Dolan,ALBERT DOLAN,en,"To ask the Minister for Education and Youth for her response to over 500 signatories (details supplied), including eminent mathematicians, teachers, technologists, and others, calling for the proposed mathematics Leaving Certificate specification to be scrapped and a new advisory group set up.",Education and Youth,1188,1190
289. Deputy Cian O'Callaghan asked the Minister for Education and Youth if she has viewed a television documentary (details supplied); and the status of the additional school accommodation application submitted by a school. [70592/26],Education,the minister for education and youth if she has viewed a television documentary details supplied and the status of the additional school accommodation application submitted by a school 70592 26,2026-10-06,written,289,70592/26,Cian O'Callaghan,CIAN O'CALLAGHAN,en,To ask the Minister for Education and Youth if she has viewed a television documentary (details supplied); and the status of the additional school accommodation application submitted by a school.,Education and Youth,1192,1194
290. Deputy Pádraig O'Sullivan asked the Minister for Education and Youth the status of the standalone extension project at a school (details supplied). [70506/26],Education,the minister for education and youth the status of the standalone extension project at a school details supplied 70506 26,2026-10-06,written,290,70506/26,Pádraig O'Sullivan,PÁDRAIG O'SULLIVAN,en,To ask the Minister for Education and Youth the status of the standalone extension project at a school (details supplied).,Education and Youth,1196,1198
291. Deputy Albert Dolan asked the Minister for Education and Youth the concerns that have prompted a delay to introducing the reformed maths Leaving Certificate; and whether any changes will be made to the NCCA's process to address these concerns. [70582/26],Education,the minister for education and youth the concerns that have prompted a delay to introducing the reformed maths leaving certificate and whether any changes will be made to the ncca s process to address these concerns 70582 26,2026-10-06,written,291,70582/26,Albert Dolan,ALBERT DOLAN,en,To ask the Minister for Education and Youth the concerns that have prompted a delay to introducing the reformed maths Leaving Certificate; and whether any changes will be made to the NCCA's process to address these concerns.,Education and Youth,1200,1202
292. Deputy Shónagh Ní Raghallaigh asked the Minister for Education and Youth the meetings held to date between her officials and representatives of teachers' unions in relation to the ongoing pay dispute. [70644/26],Education,the minister for education and youth the meetings held to date between her officials and representatives of teachers unions the ongoing pay dispute 70644 26,2026-10-06,written,292,70644/26,Shónagh Ní Raghallaigh,SHÓNAGH NÍ RAGHALLAIGH,en,To ask the Minister for Education and Youth the meetings held to date between her officials and representatives of teachers' unions in relation to the ongoing pay dispute.,Education and Youth,1204,1206
293. Deputy Conor Sheehan asked the Minister for Education and Youth when the long-promised guidance for policies regarding code of behaviours in primary schools will be published. [70599/26],Education,the minister for education and youth when the long-promised guidance for policies regarding code of behaviours in primary schools will be published 70599 26,2026-10-06,written,293,70599/26,Conor Sheehan,CONOR SHEEHAN,en,To ask the Minister for Education and Youth when the long-promised guidance for policies regarding code of behaviours in primary schools will be published.,Education and Youth,1208,1210
294. Deputy Shónagh Ní Raghallaigh asked the Minister for Education and Youth her Department's engagements with the teachers' trade unions to resolve the ongoing industrial dispute. [70629/26],Education,the minister for education and youth her department s engagements with the teachers trade unions to resolve the ongoing industrial dispute 70629 26,2026-10-06,written,294,70629/26,Shónagh Ní Raghallaigh,SHÓNAGH NÍ RAGHALLAIGH,en,To ask the Minister for Education and Youth her Department's engagements with the teachers' trade unions to resolve the ongoing industrial dispute.,Education and Youth,1212,1214
295. Deputy Shónagh Ní Raghallaigh asked the Minister for Education and Youth the date on which therapists commenced working directly in schools as part of ETS. [70661/26],Education,the minister for education and youth the date on which therapists commenced working directly in schools as part of ets 70661 26,2026-10-06,written,295,70661/26,Shónagh Ní Raghallaigh,SHÓNAGH NÍ RAGHALLAIGH,en,To ask the Minister for Education and Youth the date on which therapists commenced working directly in schools as part of ETS.,Education and Youth,1216,1218
"296. Deputy Shónagh Ní Raghallaigh asked the Minister for Education and Youth the Kildare schools in which pupils are receiving support through the ETS, broken down by therapy type; the number of hours allocated to each school since the scheme's rollout; and the frequency of same. [70660/26]",Education,the minister for education and youth the kildare schools in which pupils are receiving support through the ets broken down by therapy type the number of hours allocated to each school since the scheme s rollout and the frequency of same 70660 26,2026-10-06,written,296,70660/26,Shónagh Ní Raghallaigh,SHÓNAGH NÍ RAGHALLAIGH,en,"To ask the Minister for Education and Youth the Kildare schools in which pupils are receiving support through the ETS, broken down by therapy type; the number of hours allocated to each school since the scheme's rollout; and the frequency of same.",Education and Youth,1220,1222
"297. Deputy Naoise Ó Muirí asked the Minister for Education and Youth the accommodations are available for Leaving Certificate students approved for home tuition due to school avoidance, who are unable to attend school regularly to complete the mandatory in-school coursework components in subjects such as physics and chemistry, and if she will consider alternative arrangements to ensure such students are not disadvantaged. [70686/26]",Education,the minister for education and youth the accommodations are available for leaving certificate students approved for home tuition due to school avoidance who are unable to attend school regularly to complete the mandatory in-school coursework components in subjects such as physics and chemistry and if she will consider alternative arrangements to ensure such students are not disadvantaged 70686 26,2026-10-06,written,297,70686/26,Naoise Ó Muirí,NAOISE Ó MUIRÍ,en,"To ask the Minister for Education and Youth the accommodations are available for Leaving Certificate students approved for home tuition due to school avoidance, who are unable to attend school regularly to complete the mandatory in-school coursework components in subjects such as physics and chemistry, and if she will consider alternative arrangements to ensure such students are not disadvantaged.",Education and Youth,1224,1226
298. Deputy Mark Ward asked the Minister for Education and Youth if her Department will engage with teacher unions to prevent industrial action in the coming weeks; and to outline the current engagement to date. [70485/26],Education,the minister for education and youth if her department will engage with teacher unions to prevent industrial action in the coming weeks and the current engagement to date 70485 26,2026-10-06,written,298,70485/26,Mark Ward,MARK WARD,en,To ask the Minister for Education and Youth if her Department will engage with teacher unions to prevent industrial action in the coming weeks; and to outline the current engagement to date.,Education and Youth,1228,1230
299. Deputy Maurice Quinlivan asked the Minister for Education and Youth if she will report on the case of those graduates who have completed a Graduate Diploma in Physical Education at Portobello Institute (details supplied). [70240/26],Education,the minister for education and youth if she will report on the case of those graduates who have completed a graduate diploma in physical education at portobello institute details supplied 70240 26,2026-10-06,written,299,70240/26,Maurice Quinlivan,MAURICE QUINLIVAN,en,To ask the Minister for Education and Youth if she will report on the case of those graduates who have completed a Graduate Diploma in Physical Education at Portobello Institute (details supplied).,Education and Youth,1232,1234
"300. Deputy Ciarán Ahern asked the Minister for Culture, Communications and Sport the status of the agreed pension increase for retired An Post workers; when the approval process is expected to conclude; and to provide a timeline for implementation of the pension increase. [69719/26]",Culture,the minister for culture communications and sport the status of the agreed pension increase for retired an post workers when the approval process is expected to conclude and to provide a timeline for implementation of the pension increase 69719 26,2026-10-06,written,300,69719/26,Ciarán Ahern,CIARÁN AHERN,en,"To ask the Minister for Culture, Communications and Sport the status of the agreed pension increase for retired An Post workers; when the approval process is expected to conclude; and to provide a timeline for implementation of the pension increase.","Culture, Communications and Sport",1239,1241
"301. Deputy Eoin Ó Broin asked the Minister for Culture, Communications and Sport when applicants will be notified of the outcome of the application process for the basic income for the arts scheme, given that it closed in May 2026; and when the first payment will be paid to successful applicants. [69730/26]",Culture,the minister for culture communications and sport when applicants will be notified of the outcome of the application process for the basic income for the arts scheme given that it closed in may 2026 and when the first payment will be paid to successful applicants 69730 26,2026-10-06,written,301,69730/26,Eoin Ó Broin,EOIN Ó BROIN,en,"To ask the Minister for Culture, Communications and Sport when applicants will be notified of the outcome of the application process for the basic income for the arts scheme, given that it closed in May 2026; and when the first payment will be paid to successful applicants.","Culture, Communications and Sport",1243,1245
"302. Deputy Pádraig Mac Lochlainn asked the Minister for Culture, Communications and Sport when applicants for the new basic income for the arts scheme can expect to be notified of the outcome of the selection process; and when the first payments are expected to reach successful applicants. [69720/26]",Culture,the minister for culture communications and sport when applicants for the new basic income for the arts scheme can expect to be notified of the outcome of the selection process and when the first payments are expected to reach successful applicants 69720 26,2026-10-06,written,302,69720/26,Pádraig Mac Lochlainn,PÁDRAIG MAC LOCHLAINN,en,"To ask the Minister for Culture, Communications and Sport when applicants for the new basic income for the arts scheme can expect to be notified of the outcome of the selection process; and when the first payments are expected to reach successful applicants.","Culture, Communications and Sport",1247,1249
"303. Deputy Conor Sheehan asked the Minister for Culture, Communications and Sport when applicants for the basic income for artists scheme will be notified of the outcome of the selection process; and when the first payments will be issued to successful applicants. [69775/26]",Culture,the minister for culture communications and sport when applicants for the basic income for artists scheme will be notified of the outcome of the selection process and when the first payments will be issued to successful applicants 69775 26,2026-10-06,written,303,69775/26,Conor Sheehan,CONOR SHEEHAN,en,"To ask the Minister for Culture, Communications and Sport when applicants for the basic income for artists scheme will be notified of the outcome of the selection process; and when the first payments will be issued to successful applicants.","Culture, Communications and Sport",1251,1253
"304. Deputy Pádraig Rice asked the Minister for Culture, Communications and Sport the reason for the delay in the delivery of the basic income for the arts scheme; the date on which applicants will be notified of the outcome of the selection process; and the timeline for its delivery. [69765/26]",Culture,the minister for culture communications and sport the reason for the delay in the delivery of the basic income for the arts scheme the date on which applicants will be notified of the outcome of the selection process and the timeline for its delivery 69765 26,2026-10-06,written,304,69765/26,Pádraig Rice,PÁDRAIG RICE,en,"To ask the Minister for Culture, Communications and Sport the reason for the delay in the delivery of the basic income for the arts scheme; the date on which applicants will be notified of the outcome of the selection process; and the timeline for its delivery.","Culture, Communications and Sport",1255,1257
"305. Deputy Paula Butterly asked the Minister for Culture, Communications and Sport when applicants to the basic income for the arts scheme can expect to be notified of the outcome of the selection process; when successful applicants are expected to receive their first payments under the scheme; if payments will be backdated as previously indicated; and if he will provide a detailed timeline for the completion of the selection process, notification of applicants and commencement of payments. [69733/26]",Culture,the minister for culture communications and sport when applicants to the basic income for the arts scheme can expect to be notified of the outcome of the selection process when successful applicants are expected to receive their first payments under the scheme if payments will be backdated as previously indicated and if he will provide a detailed timeline for the completion of the selection process notification of applicants and commencement of payments 69733 26,2026-10-06,written,305,69733/26,Paula Butterly,PAULA BUTTERLY,en,"To ask the Minister for Culture, Communications and Sport when applicants to the basic income for the arts scheme can expect to be notified of the outcome of the selection process; when successful applicants are expected to receive their first payments under the scheme; if payments will be backdated as previously indicated; and if he will provide a detailed timeline for the completion of the selection process, notification of applicants and commencement of payments.","Culture, Communications and Sport",1259,1261
"306. Deputy Darren O'Rourke asked the Minister for Culture, Communications and Sport when he is next scheduled to meet formally with the Chairperson of National Concert Hall. [69859/26]",Culture,the minister for culture communications and sport when he is next scheduled to meet formally with the chairperson of national concert hall 69859 26,2026-10-06,written,306,69859/26,Darren O'Rourke,DARREN O'ROURKE,en,"To ask the Minister for Culture, Communications and Sport when he is next scheduled to meet formally with the Chairperson of National Concert Hall.","Culture, Communications and Sport",1263,1265
"307. Deputy Paul Murphy asked the Minister for Culture, Communications and Sport if he will instruct his Department to expedite the review of the An Post pension situation. [69846/26]",Culture,the minister for culture communications and sport if he will instruct his department to expedite the review of the an post pension situation 69846 26,2026-10-06,written,307,69846/26,Paul Murphy,PAUL MURPHY,en,"To ask the Minister for Culture, Communications and Sport if he will instruct his Department to expedite the review of the An Post pension situation.","Culture, Communications and Sport",1267,1269
"308. Deputy Donna Mcgettigan asked the Minister for Culture, Communications and Sport when applicants for the new basic income for the arts scheme will be notified of whether they have been successful; and when successful applicants can expect to receive their first payments. [69863/26]",Culture,the minister for culture communications and sport when applicants for the new basic income for the arts scheme will be notified of whether they have been successful and when successful applicants can expect to receive their first payments 69863 26,2026-10-06,written,308,69863/26,Donna Mcgettigan,DONNA MCGETTIGAN,en,"To ask the Minister for Culture, Communications and Sport when applicants for the new basic income for the arts scheme will be notified of whether they have been successful; and when successful applicants can expect to receive their first payments.","Culture, Communications and Sport",1271,1273
"309. Deputy Paul Lawless asked the Minister for Culture, Communications and Sport to provide an update on the timeline for the new basic income for the arts scheme, for which applications closed on 12 May 2026; when applicants will be informed whether they have been successful; the date on which the first payment of €325 per week is expected to issue to successful applicants; whether such payments will be backdated to September 2026. [69749/26]",Culture,the minister for culture communications and sport to provide an update on the timeline for the new basic income for the arts scheme for which applications closed on 12 may 2026 when applicants will be informed whether they have been successful the date on which the first payment of 325 per week is expected to issue to successful applicants whether such payments will be backdated to september 2026 69749 26,2026-10-06,written,309,69749/26,Paul Lawless,PAUL LAWLESS,en,"To ask the Minister for Culture, Communications and Sport to provide an update on the timeline for the new basic income for the arts scheme, for which applications closed on 12 May 2026; when applicants will be informed whether they have been successful; the date on which the first payment of €325 per week is expected to issue to successful applicants; whether such payments will be backdated to September 2026.","Culture, Communications and Sport",1275,1277
"310. Deputy Holly Cairns asked the Minister for Culture, Communications and Sport when applicants to the basic income for the arts scheme will be notified of the outcome of the selection process; and the date the first payment will issue to successful applicants. [69926/26]",Culture,the minister for culture communications and sport when applicants to the basic income for the arts scheme will be notified of the outcome of the selection process and the date the first payment will issue to successful applicants 69926 26,2026-10-06,written,310,69926/26,Holly Cairns,HOLLY CAIRNS,en,"To ask the Minister for Culture, Communications and Sport when applicants to the basic income for the arts scheme will be notified of the outcome of the selection process; and the date the first payment will issue to successful applicants.","Culture, Communications and Sport",1279,1281
"311. Deputy Pearse Doherty asked the Minister for Culture, Communications and Sport when applicants for the new basic income for the arts scheme can expect to be notified of the outcome of the selection process; when the first payments are expected to reach successful applicants; and if he will make a statement on the matter. [69923/26]",Culture,the minister for culture communications and sport when applicants for the new basic income for the arts scheme can expect to be notified of the outcome of the selection process when the first payments are expected to reach successful applicants and 69923 26,2026-10-06,written,311,69923/26,Pearse Doherty,PEARSE DOHERTY,en,"To ask the Minister for Culture, Communications and Sport when applicants for the new basic income for the arts scheme can expect to be notified of the outcome of the selection process; when the first payments are expected to reach successful applicants; and if he will make a statement on the matter.","Culture, Communications and Sport",1283,1285
"312. Deputy Eoin Hayes asked the Minister for Culture, Communications and Sport when applicants for the basic income for the arts will be notified of the outcome of the selection process. [69887/26]",Culture,the minister for culture communications and sport when applicants for the basic income for the arts will be notified of the outcome of the selection process 69887 26,2026-10-06,written,312,69887/26,Eoin Hayes,EOIN HAYES,en,"To ask the Minister for Culture, Communications and Sport when applicants for the basic income for the arts will be notified of the outcome of the selection process.","Culture, Communications and Sport",1287,1289
"313. Deputy William Aird asked the Minister for Culture, Communications and Sport when applicants to the new basic income for the arts scheme can expect to be notified of the outcome of the selection process; and when successful applicants are expected to receive their first payments under the scheme. [69955/26]",Culture,the minister for culture communications and sport when applicants to the new basic income for the arts scheme can expect to be notified of the outcome of the selection process and when successful applicants are expected to receive their first payments under the scheme 69955 26,2026-10-06,written,313,69955/26,William Aird,WILLIAM AIRD,en,"To ask the Minister for Culture, Communications and Sport when applicants to the new basic income for the arts scheme can expect to be notified of the outcome of the selection process; and when successful applicants are expected to receive their first payments under the scheme.","Culture, Communications and Sport",1291,1293
"314. Deputy Seán Ó Fearghaíl asked the Minister for Culture, Communications and Sport If he will provide an update on the new basic income for the arts scheme; when applicants can expect to be notified of the outcome of the selection process and when successful applicants are expected to receive their first payment under the scheme. [69946/26]",Culture,the minister for culture communications and sport if he will provide an update on the new basic income for the arts scheme when applicants can expect to be notified of the outcome of the selection process and when successful applicants are expected to receive their first payment under the scheme 69946 26,2026-10-06,written,314,69946/26,Seán Ó Fearghaíl,SEÁN Ó FEARGHAÍL,en,"To ask the Minister for Culture, Communications and Sport If he will provide an update on the new basic income for the arts scheme; when applicants can expect to be notified of the outcome of the selection process and when successful applicants are expected to receive their first payment under the scheme.","Culture, Communications and Sport",1295,1297
"315. Deputy John Brady asked the Minister for Culture, Communications and Sport when applicants to the basic income for the arts scheme will hear of the outcome of the process; when the first payments will issue to successful applicants; and if he will make a statement on the matter. [69994/26]",Culture,the minister for culture communications and sport when applicants to the basic income for the arts scheme will hear of the outcome of the process when the first payments will issue to successful applicants and 69994 26,2026-10-06,written,315,69994/26,John Brady,JOHN BRADY,en,"To ask the Minister for Culture, Communications and Sport when applicants to the basic income for the arts scheme will hear of the outcome of the process; when the first payments will issue to successful applicants; and if he will make a statement on the matter.","Culture, Communications and Sport",1299,1301
"316. Deputy Naoise Ó Muirí asked the Minister for Culture, Communications and Sport if funding approved under the Sports Capital and Equipment Programmes that has not yet been drawn down will be transferred to and administered through the new SPAROI grants management system; if existing grant approvals will remain valid following the transition from the OSCAR system; and if he will make a statement on the matter. [70010/26]",Culture,the minister for culture communications and sport if funding approved under the sports capital and equipment programmes that has not yet been drawn down will be transferred to and administered through the new sparoi grants management system if existing grant approvals will remain valid following the transition from the oscar system and 70010 26,2026-10-06,written,316,70010/26,Naoise Ó Muirí,NAOISE Ó MUIRÍ,en,"To ask the Minister for Culture, Communications and Sport if funding approved under the Sports Capital and Equipment Programmes that has not yet been drawn down will be transferred to and administered through the new SPAROI grants management system; if existing grant approvals will remain valid following the transition from the OSCAR system; and if he will make a statement on the matter.","Culture, Communications and Sport",1303,1305
"317. Deputy Naoise Ó Muirí asked the Minister for Culture, Communications and Sport to provide a list of clubs, organisations and sporting bodies in in County Mayo that have remaining funding from previous allocations under Sports Capital & Equipment or Community Sports Facilities Fund since 2012; the amount of funding each group has remaining in their allocations, and if these groups will be considered for funding in the next round of Community Sports Facilities Fund if they have not drawn down on previous rounds; and if he will make a statement on the matter. [70009/26]",Culture,the minister for culture communications and sport to provide a list of clubs organisations and sporting bodies in in county mayo that have remaining funding from previous allocations under sports capital equipment or community sports facilities fund since 2012 the amount of funding each group has remaining in their allocations and if these groups will be considered for funding in the next round of community sports facilities fund if they have not drawn down on previous rounds and 70009 26,2026-10-06,written,317,70009/26,Naoise Ó Muirí,NAOISE Ó MUIRÍ,en,"To ask the Minister for Culture, Communications and Sport to provide a list of clubs, organisations and sporting bodies in in County Mayo that have remaining funding from previous allocations under Sports Capital & Equipment or Community Sports Facilities Fund since 2012; the amount of funding each group has remaining in their allocations, and if these groups will be considered for funding in the next round of Community Sports Facilities Fund if they have not drawn down on previous rounds; and if he will make a statement on the matter.","Culture, Communications and Sport",1307,1309
"318. Deputy Naoise Ó Muirí asked the Minister for Culture, Communications and Sport to list the clubs, organisations and sporting bodies in County Mayo that received funding under the 2018 and 2023 Sports Capital and Equipment Programme; the amount allocated to each successful applicant; the amount drawn down to date by each organisation; the balance remaining available for drawdown in each case; and if he will make a statement on the matter. [70008/26]",Culture,the minister for culture communications and sport to list the clubs organisations and sporting bodies in county mayo that received funding under the 2018 and 2023 sports capital and equipment programme the amount allocated to each successful applicant the amount drawn down to date by each organisation the balance remaining available for drawdown in each case and 70008 26,2026-10-06,written,318,70008/26,Naoise Ó Muirí,NAOISE Ó MUIRÍ,en,"To ask the Minister for Culture, Communications and Sport to list the clubs, organisations and sporting bodies in County Mayo that received funding under the 2018 and 2023 Sports Capital and Equipment Programme; the amount allocated to each successful applicant; the amount drawn down to date by each organisation; the balance remaining available for drawdown in each case; and if he will make a statement on the matter.","Culture, Communications and Sport",1311,1313
"319. Deputy Naoise Ó Muirí asked the Minister for Culture, Communications and Sport if he will consider extending the drawdown period for clubs and organisations with outstanding allocations under the 2018 and 2023 Sports Capital and Equipment Programmes, particularly where inflation, planning delays, contractor shortages or project redesigns have delayed delivery; and if he will make a statement on the matter. [70011/26]",Culture,the minister for culture communications and sport if he will consider extending the drawdown period for clubs and organisations with outstanding allocations under the 2018 and 2023 sports capital and equipment programmes particularly where inflation planning delays contractor shortages or project redesigns have delayed delivery and 70011 26,2026-10-06,written,319,70011/26,Naoise Ó Muirí,NAOISE Ó MUIRÍ,en,"To ask the Minister for Culture, Communications and Sport if he will consider extending the drawdown period for clubs and organisations with outstanding allocations under the 2018 and 2023 Sports Capital and Equipment Programmes, particularly where inflation, planning delays, contractor shortages or project redesigns have delayed delivery; and if he will make a statement on the matter.","Culture, Communications and Sport",1315,1317
"320. Deputy Naoise Ó Muirí asked the Minister for Culture, Communications and Sport the arrangements being put in place to facilitate sports clubs and community organisations with approved grants under previous rounds of the Sports Capital and Equipment Programme during the transition from the OSCAR platform to the SPAROI system; whether drawdowns can continue to be processed where projects have not yet commenced or have not yet reached claim stage; and if he will make a statement on the matter. [70013/26]",Culture,the minister for culture communications and sport the arrangements being put in place to facilitate sports clubs and community organisations with approved grants under previous rounds of the sports capital and equipment programme during the transition from the oscar platform to the sparoi system whether drawdowns can continue to be processed where projects have not yet commenced or have not yet reached claim stage and 70013 26,2026-10-06,written,320,70013/26,Naoise Ó Muirí,NAOISE Ó MUIRÍ,en,"To ask the Minister for Culture, Communications and Sport the arrangements being put in place to facilitate sports clubs and community organisations with approved grants under previous rounds of the Sports Capital and Equipment Programme during the transition from the OSCAR platform to the SPAROI system; whether drawdowns can continue to be processed where projects have not yet commenced or have not yet reached claim stage; and if he will make a statement on the matter.","Culture, Communications and Sport",1319,1321
"321. Deputy Ciarán Ahern asked the Minister for Culture, Communications and Sport the status of the agreed pension increase for retired An Post workers; when he expects the approval process to conclude; and to provide a timeline for implementation of the pension increase. [69721/26]",Culture,the minister for culture communications and sport the status of the agreed pension increase for retired an post workers when he expects the approval process to conclude and to provide a timeline for implementation of the pension increase 69721 26,2026-10-06,written,321,69721/26,Ciarán Ahern,CIARÁN AHERN,en,"To ask the Minister for Culture, Communications and Sport the status of the agreed pension increase for retired An Post workers; when he expects the approval process to conclude; and to provide a timeline for implementation of the pension increase.","Culture, Communications and Sport",1323,1325
"322. Deputy Aengus Ó Snodaigh asked the Minister for Culture, Communications and Sport to outline the Departments relationship with, and the funding provided by Government each year for the past ten years to each of the resident organisations, entities, ensembles and competition associations hosted in the National Concert Hall. [70082/26]",Culture,the minister for culture communications and sport the departments relationship with and the funding provided by government each year for the past ten years to each of the resident organisations entities ensembles and competition associations hosted in the national concert hall 70082 26,2026-10-06,written,322,70082/26,Aengus Ó Snodaigh,AENGUS Ó SNODAIGH,en,"To ask the Minister for Culture, Communications and Sport to outline the Departments relationship with, and the funding provided by Government each year for the past ten years to each of the resident organisations, entities, ensembles and competition associations hosted in the National Concert Hall.","Culture, Communications and Sport",1327,1329
"323. Deputy Michael Healy-rae asked the Minister for Culture, Communications and Sport the position regarding the EIR pension increase that was agreed on from 1st July 2026. [70083/26]",Culture,the minister for culture communications and sport the position regarding the eir pension increase that was agreed on from 1st july 2026 70083 26,2026-10-06,written,323,70083/26,Michael Healy-rae,MICHAEL HEALY-RAE,en,"To ask the Minister for Culture, Communications and Sport the position regarding the EIR pension increase that was agreed on from 1st July 2026.","Culture, Communications and Sport",1331,1333
"324. Deputy Eoghan Kenny asked the Minister for Culture, Communications and Sport when applicants of the basic income for the arts scheme can expect to be notified of the outcome of the selection process; and when the first payments are expected to actually reach successful applicants. [70096/26]",Culture,the minister for culture communications and sport when applicants of the basic income for the arts scheme can expect to be notified of the outcome of the selection process and when the first payments are expected to actually reach successful applicants 70096 26,2026-10-06,written,324,70096/26,Eoghan Kenny,EOGHAN KENNY,en,"To ask the Minister for Culture, Communications and Sport when applicants of the basic income for the arts scheme can expect to be notified of the outcome of the selection process; and when the first payments are expected to actually reach successful applicants.","Culture, Communications and Sport",1335,1337
"325. Deputy Aengus Ó Snodaigh asked the Minister for Culture, Communications and Sport to list the cultural institutions, if any, including museums, galleries, libraries, archives, theatres, concert halls, bands, ensembles, and performing companies, operated or hosted by his Department and public bodies or semi-State companies under his Department's remit, identifying the State funding provided for these institutions each year for the past ten years; where they are based; and the number of personnel dedicated to them. [70128/26]",Culture,the minister for culture communications and sport to list the cultural institutions if any including museums galleries libraries archives theatres concert halls bands ensembles and performing companies operated or hosted by his department and public bodies or semi-state companies under his department s remit identifying the state funding provided for these institutions each year for the past ten years where they are based and the number of personnel dedicated to them 70128 26,2026-10-06,written,325,70128/26,Aengus Ó Snodaigh,AENGUS Ó SNODAIGH,en,"To ask the Minister for Culture, Communications and Sport to list the cultural institutions, if any, including museums, galleries, libraries, archives, theatres, concert halls, bands, ensembles, and performing companies, operated or hosted by his Department and public bodies or semi-State companies under his Department's remit, identifying the State funding provided for these institutions each year for the past ten years; where they are based; and the number of personnel dedicated to them.","Culture, Communications and Sport",1339,1341
"326. Deputy Brian Brennan asked the Minister for Culture, Communications and Sport when applicants for the basic income for the arts scheme will be notified of the outcome of their application; and when payments will commence for successful applicants. [70143/26]",Culture,the minister for culture communications and sport when applicants for the basic income for the arts scheme will be notified of the outcome of their application and when payments will commence for successful applicants 70143 26,2026-10-06,written,326,70143/26,Brian Brennan,BRIAN BRENNAN,en,"To ask the Minister for Culture, Communications and Sport when applicants for the basic income for the arts scheme will be notified of the outcome of their application; and when payments will commence for successful applicants.","Culture, Communications and Sport",1343,1345
"327. Deputy Pat Buckley asked the Minister for Culture, Communications and Sport when applicants to the basic income for artists scheme will be notified of the outcome of the selection process; and when the first payments will reach successful applicants. [70161/26]",Culture,the minister for culture communications and sport when applicants to the basic income for artists scheme will be notified of the outcome of the selection process and when the first payments will reach successful applicants 70161 26,2026-10-06,written,327,70161/26,Pat Buckley,PAT BUCKLEY,en,"To ask the Minister for Culture, Communications and Sport when applicants to the basic income for artists scheme will be notified of the outcome of the selection process; and when the first payments will reach successful applicants.","Culture, Communications and Sport",1347,1349
"328. Deputy Alan Kelly asked the Minister for Culture, Communications and Sport to detail all meetings his Department officials had with an organisation (details supplied) in 2025 and 2026. [70236/26]",Culture,the minister for culture communications and sport to detail all meetings his department officials had with an organisation details supplied in 2025 and 2026 70236 26,2026-10-06,written,328,70236/26,Alan Kelly,ALAN KELLY,en,"To ask the Minister for Culture, Communications and Sport to detail all meetings his Department officials had with an organisation (details supplied) in 2025 and 2026.","Culture, Communications and Sport",1351,1353
"329. Deputy Niall Collins asked the Minister for Culture, Communications and Sport to address the queries raised in correspondence (details supplied). [70202/26]",Culture,the minister for culture communications and sport to address the queries raised in correspondence details supplied 70202 26,2026-10-06,written,329,70202/26,Niall Collins,NIALL COLLINS,en,"To ask the Minister for Culture, Communications and Sport to address the queries raised in correspondence (details supplied).","Culture, Communications and Sport",1355,1357
"330. Deputy Peadar Tóibín asked the Minister for Culture, Communications and Sport the reason for the delay in notifying applicants to the new basic income for the arts scheme of the outcome of their applications; when successful applicants will be informed; when the first payments under the scheme will issue; whether his Department remains on track to commence payments before the end of 2026; and if he will provide a detailed timeline for the completion of the selection process and commencement of payments. [70203/26]",Culture,the minister for culture communications and sport the reason for the delay in notifying applicants to the new basic income for the arts scheme of the outcome of their applications when successful applicants will be informed when the first payments under the scheme will issue whether his department remains on track to commence payments before the end of 2026 and if he will provide a detailed timeline for the completion of the selection process and commencement of payments 70203 26,2026-10-06,written,330,70203/26,Peadar Tóibín,PEADAR TÓIBÍN,en,"To ask the Minister for Culture, Communications and Sport the reason for the delay in notifying applicants to the new basic income for the arts scheme of the outcome of their applications; when successful applicants will be informed; when the first payments under the scheme will issue; whether his Department remains on track to commence payments before the end of 2026; and if he will provide a detailed timeline for the completion of the selection process and commencement of payments.","Culture, Communications and Sport",1359,1361
"331. Deputy Duncan Smith asked the Minister for Culture, Communications and Sport when applicants for the new basic Income for the arts scheme can expect to be notified of the outcome of the selection process. [70329/26]",Culture,the minister for culture communications and sport when applicants for the new basic income for the arts scheme can expect to be notified of the outcome of the selection process 70329 26,2026-10-06,written,331,70329/26,Duncan Smith,DUNCAN SMITH,en,"To ask the Minister for Culture, Communications and Sport when applicants for the new basic Income for the arts scheme can expect to be notified of the outcome of the selection process.","Culture, Communications and Sport",1363,1365
"332. Deputy Brian Brennan asked the Minister for Culture, Communications and Sport whether the arts capital scheme can be used for construction of a new build facility, or if it is restricted to refurbishment and upgrade works only. [70335/26]",Culture,the minister for culture communications and sport whether the arts capital scheme can be used for construction of a new build facility or if it is restricted to refurbishment and upgrade works only 70335 26,2026-10-06,written,332,70335/26,Brian Brennan,BRIAN BRENNAN,en,"To ask the Minister for Culture, Communications and Sport whether the arts capital scheme can be used for construction of a new build facility, or if it is restricted to refurbishment and upgrade works only.","Culture, Communications and Sport",1367,1369
"333. Deputy Peadar Tóibín asked the Minister for Culture, Communications and Sport the way in which his Department ensures that freedom of expression, speech and opinion is protected by social media companies operating in the State. [70383/26]",Culture,the minister for culture communications and sport the way in which his department ensures that freedom of expression speech and opinion is protected by social media companies operating in the state 70383 26,2026-10-06,written,333,70383/26,Peadar Tóibín,PEADAR TÓIBÍN,en,"To ask the Minister for Culture, Communications and Sport the way in which his Department ensures that freedom of expression, speech and opinion is protected by social media companies operating in the State.","Culture, Communications and Sport",1371,1373
"334. Deputy Peadar Tóibín asked the Minister for Culture, Communications and Sport his Department's definition of ""disinformation""; and the steps being taken by his Department to address disinformation. [70382/26]",Culture,the minister for culture communications and sport his department s definition of disinformation and the steps being taken by his department to address disinformation 70382 26,2026-10-06,written,334,70382/26,Peadar Tóibín,PEADAR TÓIBÍN,en,"To ask the Minister for Culture, Communications and Sport his Department's definition of ""disinformation""; and the steps being taken by his Department to address disinformation.","Culture, Communications and Sport",1375,1377
"335. Deputy Peadar Tóibín asked the Minister for Culture, Communications and Sport the steps being taken by his Department to address online misinformation. [70381/26]",Culture,the minister for culture communications and sport the steps being taken by his department to address online misinformation 70381 26,2026-10-06,written,335,70381/26,Peadar Tóibín,PEADAR TÓIBÍN,en,"To ask the Minister for Culture, Communications and Sport the steps being taken by his Department to address online misinformation.","Culture, Communications and Sport",1379,1381
"336. Deputy Peadar Tóibín asked the Minister for Culture, Communications and Sport if his Department is funding any NGOs or companies to identify or restrict online misinformation and disinformation; if so, the names of these NGOs and Companies; and the amount of funding that has been received by these organisations and companies from his Department in the past ten years. [70387/26]",Culture,the minister for culture communications and sport if his department is funding any ngos or companies to identify or restrict online misinformation and disinformation if so the names of these ngos and companies and the amount of funding that has been received by these organisations and companies from his department in the past ten years 70387 26,2026-10-06,written,336,70387/26,Peadar Tóibín,PEADAR TÓIBÍN,en,"To ask the Minister for Culture, Communications and Sport if his Department is funding any NGOs or companies to identify or restrict online misinformation and disinformation; if so, the names of these NGOs and Companies; and the amount of funding that has been received by these organisations and companies from his Department in the past ten years.","Culture, Communications and Sport",1383,1385
"337. Deputy Peadar Tóibín asked the Minister for Culture, Communications and Sport the way in which his Department ensures that freedom of expression, speech and opinion is protected by social media companies operating in the Irish State. [70386/26]",Culture,the minister for culture communications and sport the way in which his department ensures that freedom of expression speech and opinion is protected by social media companies operating in the irish state 70386 26,2026-10-06,written,337,70386/26,Peadar Tóibín,PEADAR TÓIBÍN,en,"To ask the Minister for Culture, Communications and Sport the way in which his Department ensures that freedom of expression, speech and opinion is protected by social media companies operating in the Irish State.","Culture, Communications and Sport",1387,1389
"338. Deputy Jen Cummins asked the Minister for Culture, Communications and Sport when applicants of the basic income for the arts scheme can expect to be notified of the outcome of the selection process; and when the first payments are expected to reach successful applicants. [70422/26]",Culture,the minister for culture communications and sport when applicants of the basic income for the arts scheme can expect to be notified of the outcome of the selection process and when the first payments are expected to reach successful applicants 70422 26,2026-10-06,written,338,70422/26,Jen Cummins,JEN CUMMINS,en,"To ask the Minister for Culture, Communications and Sport when applicants of the basic income for the arts scheme can expect to be notified of the outcome of the selection process; and when the first payments are expected to reach successful applicants.","Culture, Communications and Sport",1391,1393
"339. Deputy Louis O'Hara asked the Minister for Culture, Communications and Sport when applicants to the basic income for the arts scheme can expect to be notified of the outcome of the selection process; and when the first payments are expected to be processed to successful applicants. [70416/26]",Culture,the minister for culture communications and sport when applicants to the basic income for the arts scheme can expect to be notified of the outcome of the selection process and when the first payments are expected to be processed to successful applicants 70416 26,2026-10-06,written,339,70416/26,Louis O'Hara,LOUIS O'HARA,en,"To ask the Minister for Culture, Communications and Sport when applicants to the basic income for the arts scheme can expect to be notified of the outcome of the selection process; and when the first payments are expected to be processed to successful applicants.","Culture, Communications and Sport",1395,1397
"340. Deputy Pat Buckley asked the Minister for Culture, Communications and Sport that a second Sporting Ireland Campus be developed in Cork, to encourage and develop sport in the region and to build long overdue sporting infrastructure for future generations. [70413/26]",Culture,the minister for culture communications and sport that a second sporting ireland campus be developed in cork to encourage and develop sport in the region and to build long overdue sporting infrastructure for future generations 70413 26,2026-10-06,written,340,70413/26,Pat Buckley,PAT BUCKLEY,en,"To ask the Minister for Culture, Communications and Sport that a second Sporting Ireland Campus be developed in Cork, to encourage and develop sport in the region and to build long overdue sporting infrastructure for future generations.","Culture, Communications and Sport",1399,1401
"341. Deputy Emer Currie asked the Minister for Culture, Communications and Sport the Government’s position on the European Commission’s proposed EU Delivery Act; the engagement his Department has undertaken with the Commission in relation to the proposal; and if he will make a statement on the matter. [70537/26]",Culture,the minister for culture communications and sport the government s position on the european commission s proposed eu delivery act the engagement his department has undertaken with the commission the proposal and 70537 26,2026-10-06,written,341,70537/26,Emer Currie,EMER CURRIE,en,"To ask the Minister for Culture, Communications and Sport the Government’s position on the European Commission’s proposed EU Delivery Act; the engagement his Department has undertaken with the Commission in relation to the proposal; and if he will make a statement on the matter.","Culture, Communications and Sport",1403,1405
"342. Deputy Paul Murphy asked the Minister for Culture, Communications and Sport the timeline for the selection process, notification of successful applicants and commencement of payments for the basic Income for the arts scheme. [70643/26]",Culture,the minister for culture communications and sport the timeline for the selection process notification of successful applicants and commencement of payments for the basic income for the arts scheme 70643 26,2026-10-06,written,342,70643/26,Paul Murphy,PAUL MURPHY,en,"To ask the Minister for Culture, Communications and Sport the timeline for the selection process, notification of successful applicants and commencement of payments for the basic Income for the arts scheme.","Culture, Communications and Sport",1407,1409
"343. Deputy Barry Ward asked the Minister for Culture, Communications and Sport if his attention has been drawn to instances in urban and suburban areas where premises are officially recorded as 'passed' and 'commercially covered' on broadband mapping databases, yet network operators refuse to complete connections due to minor lead-in civil works on public footpaths; what regulatory oversight exists to prevent operators from reporting false availability metrics; and if his Department will establish a framework requiring commercial operators to bridge last-metre public domain footpath gaps to mature residential estates. [70391/26]",Culture,the minister for culture communications and sport if his attention has been drawn to instances in urban and suburban areas where premises are officially recorded as passed and commercially covered on broadband mapping databases yet network operators refuse to complete connections due to minor lead-in civil works on public footpaths what regulatory oversight exists to prevent operators from reporting false availability metrics and if his department will establish a framework requiring commercial operators to bridge last-metre public domain footpath gaps to mature residential estates 70391 26,2026-10-06,written,343,70391/26,Barry Ward,BARRY WARD,en,"To ask the Minister for Culture, Communications and Sport if his attention has been drawn to instances in urban and suburban areas where premises are officially recorded as 'passed' and 'commercially covered' on broadband mapping databases, yet network operators refuse to complete connections due to minor lead-in civil works on public footpaths; what regulatory oversight exists to prevent operators from reporting false availability metrics; and if his Department will establish a framework requiring commercial operators to bridge last-metre public domain footpath gaps to mature residential estates.","Culture, Communications and Sport",1411,1413
"344. Deputy Peadar Tóibín asked the Minister for Housing, Local Government and Heritage the number of adults and children accommodated in emergency accommodation under each local authority area. [69815/26]",Housing,the minister for housing local government and heritage the number of adults and children accommodated in emergency accommodation under each local authority area 69815 26,2026-10-06,written,344,69815/26,Peadar Tóibín,PEADAR TÓIBÍN,en,"To ask the Minister for Housing, Local Government and Heritage the number of adults and children accommodated in emergency accommodation under each local authority area.","Housing, Local Government and Heritage",1418,1420
"345. Deputy Thomas Gould asked the Minister for Housing, Local Government and Heritage the overall cost of the ICT system for stock audits. [69848/26]",Housing,the minister for housing local government and heritage the overall cost of the ict system for stock audits 69848 26,2026-10-06,written,345,69848/26,Thomas Gould,THOMAS GOULD,en,"To ask the Minister for Housing, Local Government and Heritage the overall cost of the ICT system for stock audits.","Housing, Local Government and Heritage",1422,1424
"346. Deputy Rory Hearne asked the Minister for Housing, Local Government and Heritage to confirm the amount his Department spent on homelessness prevention in 2020, 2021, 2022, 2023, 2024 and 2025 respectively; and if he will make a statement on the matter. [69828/26]",Housing,the minister for housing local government and heritage to confirm the amount his department spent on homelessness prevention in 2020 2021 2022 2023 2024 and 2025 respectively and 69828 26,2026-10-06,written,346,69828/26,Rory Hearne,RORY HEARNE,en,"To ask the Minister for Housing, Local Government and Heritage to confirm the amount his Department spent on homelessness prevention in 2020, 2021, 2022, 2023, 2024 and 2025 respectively; and if he will make a statement on the matter.","Housing, Local Government and Heritage",1426,1428
"347. Deputy Rory Hearne asked the Minister for Housing, Local Government and Heritage to provide a breakdown of the capital spend on housing by scheme and project type in 2021, 2022, 2023, 2024 and 2025 respectively, in tabular form; and if he will make a statement on the matter. [69826/26]",Housing,the minister for housing local government and heritage to provide a breakdown of the capital spend on housing by scheme and project type in 2021 2022 2023 2024 and 2025 respectively in tabular form and 69826 26,2026-10-06,written,347,69826/26,Rory Hearne,RORY HEARNE,en,"To ask the Minister for Housing, Local Government and Heritage to provide a breakdown of the capital spend on housing by scheme and project type in 2021, 2022, 2023, 2024 and 2025 respectively, in tabular form; and if he will make a statement on the matter.","Housing, Local Government and Heritage",1430,1432
"348. Deputy Rory Hearne asked the Minister for Housing, Local Government and Heritage the number of HAP tenancies registered to cost-rental properties with an approved housing body or a local authority as a landlord; and if he will make a statement on the matter. [69831/26]",Housing,the minister for housing local government and heritage the number of hap tenancies registered to cost-rental properties with an approved housing body or a local authority as a landlord and 69831 26,2026-10-06,written,348,69831/26,Rory Hearne,RORY HEARNE,en,"To ask the Minister for Housing, Local Government and Heritage the number of HAP tenancies registered to cost-rental properties with an approved housing body or a local authority as a landlord; and if he will make a statement on the matter.","Housing, Local Government and Heritage",1434,1436
"349. Deputy Jennifer Whitmore asked the Minister for Housing, Local Government and Heritage to share the findings of the more than 60 inspections of domestic wastewater treatment systems carried out by Wexford County Council in the Lady's Island Lake catchment area under the National Inspection Plan; the number of systems found to be non-compliant; the nature of the non-compliances identified; and the number of remediation notices issued. [69898/26]",Housing,the minister for housing local government and heritage to share the findings of the more than 60 inspections of domestic wastewater treatment systems carried out by wexford county council in the lady s island lake catchment area under the national inspection plan the number of systems found to be non-compliant the nature of the non-compliances identified and the number of remediation notices issued 69898 26,2026-10-06,written,349,69898/26,Jennifer Whitmore,JENNIFER WHITMORE,en,"To ask the Minister for Housing, Local Government and Heritage to share the findings of the more than 60 inspections of domestic wastewater treatment systems carried out by Wexford County Council in the Lady's Island Lake catchment area under the National Inspection Plan; the number of systems found to be non-compliant; the nature of the non-compliances identified; and the number of remediation notices issued.","Housing, Local Government and Heritage",1438,1440
"350. Deputy Ciarán Ahern asked the Minister for Housing, Local Government and Heritage for an update on the Apartment and Duplex Defects Remediation Scheme Bill 2024; and when he expects the Bill to be published. [69912/26]",Housing,the minister for housing local government and heritage for an update on the apartment and duplex defects remediation scheme bill 2024 and when he expects the bill to be published 69912 26,2026-10-06,written,350,69912/26,Ciarán Ahern,CIARÁN AHERN,en,"To ask the Minister for Housing, Local Government and Heritage for an update on the Apartment and Duplex Defects Remediation Scheme Bill 2024; and when he expects the Bill to be published.","Housing, Local Government and Heritage",1442,1444
"351. Deputy Charles Ward asked the Minister for Housing, Local Government and Heritage the changes that have been made to Ireland's building standards, building regulations, inspection regimes and compliance mechanisms arising from, or in response to, European Union infringement proceedings and litigation concerning the State's implementation and enforcement of building standards; to provide a timeline of measures introduced since the commencement of such proceedings; and to detail any amendments made to the Building Regulations, Building Control Regulations and associated technical guidance documents. [69917/26]",Housing,the minister for housing local government and heritage the changes that have been made to ireland s building standards building regulations inspection regimes and compliance mechanisms arising from or in response to european union infringement proceedings and litigation concerning the state s implementation and enforcement of building standards to provide a timeline of measures introduced since the commencement of such proceedings and to detail any amendments made to the building regulations building control regulations and associated technical guidance documents 69917 26,2026-10-06,written,351,69917/26,Charles Ward,CHARLES WARD,en,"To ask the Minister for Housing, Local Government and Heritage the changes that have been made to Ireland's building standards, building regulations, inspection regimes and compliance mechanisms arising from, or in response to, European Union infringement proceedings and litigation concerning the State's implementation and enforcement of building standards; to provide a timeline of measures introduced since the commencement of such proceedings; and to detail any amendments made to the Building Regulations, Building Control Regulations and associated technical guidance documents.","Housing, Local Government and Heritage",1446,1448
"352. Deputy Malcolm Byrne asked the Minister for Housing, Local Government and Heritage the current target date for the commencement of section 188 of the Planning and Development Act 2024; whether that section will be commenced as part of proposed Block C of his Department’s commencement schedule; and whether its commencement will coincide with the repeal of the corresponding provisions of the Planning and Development Act 2000. [69927/26]",Housing,the minister for housing local government and heritage the current target date for the commencement of section 188 of the planning and development act 2024 whether that section will be commenced as part of proposed block c of his department s commencement schedule and whether its commencement will coincide with the repeal of the corresponding provisions of the planning and development act 2000 69927 26,2026-10-06,written,352,69927/26,Malcolm Byrne,MALCOLM BYRNE,en,"To ask the Minister for Housing, Local Government and Heritage the current target date for the commencement of section 188 of the Planning and Development Act 2024; whether that section will be commenced as part of proposed Block C of his Department’s commencement schedule; and whether its commencement will coincide with the repeal of the corresponding provisions of the Planning and Development Act 2000.","Housing, Local Government and Heritage",1450,1452
"353. Deputy Malcolm Byrne asked the Minister for Housing, Local Government and Heritage to provide details of the number of social, and affordable houses respectively, completed in Arklow, County Wicklow in 2025 and to date in 2026; the number currently under construction; the number for which planning has been granted; and if he will make a statement on the matter. [69931/26]",Housing,the minister for housing local government and heritage of the number of social and affordable houses respectively completed in arklow county wicklow in 2025 and to date in 2026 the number currently under construction the number for which planning has been granted and 69931 26,2026-10-06,written,353,69931/26,Malcolm Byrne,MALCOLM BYRNE,en,"To ask the Minister for Housing, Local Government and Heritage to provide details of the number of social, and affordable houses respectively, completed in Arklow, County Wicklow in 2025 and to date in 2026; the number currently under construction; the number for which planning has been granted; and if he will make a statement on the matter.","Housing, Local Government and Heritage",1454,1456
"354. Deputy Colm Burke asked the Minister for Housing, Local Government and Heritage to provide an update on the review of eligibility criteria and the identification of priority areas for grant aid schemes administered by local authorities to upgrade, repair or replace domestic wastewater treatment systems/septic tank systems; and the timeframe for these changes to come into effect. [69920/26]",Housing,the minister for housing local government and heritage to provide an update on the review of eligibility criteria and the identification of priority areas for grant aid schemes administered by local authorities to upgrade repair or replace domestic wastewater treatment systems septic tank systems and the timeframe for these changes to come into effect 69920 26,2026-10-06,written,354,69920/26,Colm Burke,COLM BURKE,en,"To ask the Minister for Housing, Local Government and Heritage to provide an update on the review of eligibility criteria and the identification of priority areas for grant aid schemes administered by local authorities to upgrade, repair or replace domestic wastewater treatment systems/septic tank systems; and the timeframe for these changes to come into effect.","Housing, Local Government and Heritage",1458,1460
"355. Deputy Danny Healy-rae asked the Minister for Housing, Local Government and Heritage to consider reviewing the current mandatory retirement age of 62 for retained fire fighters (details supplied); and if he will make a statement on the matter. [69981/26]",Housing,the minister for housing local government and heritage to consider reviewing the current mandatory retirement age of 62 for retained fire fighters details supplied and 69981 26,2026-10-06,written,355,69981/26,Danny Healy-rae,DANNY HEALY-RAE,en,"To ask the Minister for Housing, Local Government and Heritage to consider reviewing the current mandatory retirement age of 62 for retained fire fighters (details supplied); and if he will make a statement on the matter.","Housing, Local Government and Heritage",1462,1464
"356. Deputy Danny Healy-rae asked the Minister for Housing, Local Government and Heritage to consider reviewing the current mandatory retirement age of 62 for retained fire fighters (details supplied); and if he will make a statement on the matter. [70012/26]",Housing,the minister for housing local government and heritage to consider reviewing the current mandatory retirement age of 62 for retained fire fighters details supplied and 70012 26,2026-10-06,written,356,70012/26,Danny Healy-rae,DANNY HEALY-RAE,en,"To ask the Minister for Housing, Local Government and Heritage to consider reviewing the current mandatory retirement age of 62 for retained fire fighters (details supplied); and if he will make a statement on the matter.","Housing, Local Government and Heritage",1466,1468
"357. Deputy Robert O'Donoghue asked the Minister for Housing, Local Government and Heritage the details of the formal complaints mechanisms available to residents of emergency accommodation where they have concerns regarding the conduct of accommodation providers or staff (details supplied); if complaints can be made directly to the relevant local authority, the regional homeless executive or his Department; the procedure for investigating such complaints; the expected timeframe for a response; and whether complaints are recorded centrally. [70016/26]",Housing,the minister for housing local government and heritage the details of the formal complaints mechanisms available to residents of emergency accommodation where they have concerns regarding the conduct of accommodation providers or staff details supplied if complaints can be made directly to the relevant local authority the regional homeless executive or his department the procedure for investigating such complaints the expected timeframe for a response and whether complaints are recorded centrally 70016 26,2026-10-06,written,357,70016/26,Robert O'Donoghue,ROBERT O'DONOGHUE,en,"To ask the Minister for Housing, Local Government and Heritage the details of the formal complaints mechanisms available to residents of emergency accommodation where they have concerns regarding the conduct of accommodation providers or staff (details supplied); if complaints can be made directly to the relevant local authority, the regional homeless executive or his Department; the procedure for investigating such complaints; the expected timeframe for a response; and whether complaints are recorded centrally.","Housing, Local Government and Heritage",1470,1472
"358. Deputy Séamus Mcgrath asked the Minister for Housing, Local Government and Heritage to set out his Department's view of providing funding for rightsizing schemes with particular reference to the paused Cork City Council scheme. [70032/26]",Housing,the minister for housing local government and heritage to set out his department s view of providing funding for rightsizing schemes with particular reference to the paused cork city council scheme 70032 26,2026-10-06,written,358,70032/26,Séamus Mcgrath,SÉAMUS MCGRATH,en,"To ask the Minister for Housing, Local Government and Heritage to set out his Department's view of providing funding for rightsizing schemes with particular reference to the paused Cork City Council scheme.","Housing, Local Government and Heritage",1474,1476
"359. Deputy Cian O'Callaghan asked the Minister for Housing, Local Government and Heritage his Department's plans to ensure that every local authority home still without attic, cavity or any other suitable insulation has it installed; and his plans to boost the BER rating for all local authority homes to at least a B rating. [70056/26]",Housing,the minister for housing local government and heritage his department s plans to ensure that every local authority home still without attic cavity or any other suitable insulation has it installed and his plans to boost the ber rating for all local authority homes to at least a b rating 70056 26,2026-10-06,written,359,70056/26,Cian O'Callaghan,CIAN O'CALLAGHAN,en,"To ask the Minister for Housing, Local Government and Heritage his Department's plans to ensure that every local authority home still without attic, cavity or any other suitable insulation has it installed; and his plans to boost the BER rating for all local authority homes to at least a B rating.","Housing, Local Government and Heritage",1478,1480
"360. Deputy Jen Cummins asked the Minister for Housing, Local Government and Heritage for his plans to support old age pensioners whose boilers have broken down and cannot afford a new one. [70077/26]",Housing,the minister for housing local government and heritage for his plans to support old age pensioners whose boilers have broken down and cannot afford a new one 70077 26,2026-10-06,written,360,70077/26,Jen Cummins,JEN CUMMINS,en,"To ask the Minister for Housing, Local Government and Heritage for his plans to support old age pensioners whose boilers have broken down and cannot afford a new one.","Housing, Local Government and Heritage",1482,1484
"361. Deputy Seán Ó Fearghaíl asked the Minister for Housing, Local Government and Heritage if he is aware of the concerns raised in correspondence (details supplied) regarding the decision not to provide an increased local property tax allocation to Kildare County Council for 2027; and the measures under consideration to address the long-standing funding deficit faced by Kildare County Council and ensure that it is adequately resourced to meet growing service demand. [70108/26]",Housing,the minister for housing local government and heritage if he is aware of the concerns raised in correspondence details supplied regarding the decision not to provide an increased local property tax allocation to kildare county council for 2027 and the measures under consideration to address the long-standing funding deficit faced by kildare county council and ensure that it is adequately resourced to meet growing service demand 70108 26,2026-10-06,written,361,70108/26,Seán Ó Fearghaíl,SEÁN Ó FEARGHAÍL,en,"To ask the Minister for Housing, Local Government and Heritage if he is aware of the concerns raised in correspondence (details supplied) regarding the decision not to provide an increased local property tax allocation to Kildare County Council for 2027; and the measures under consideration to address the long-standing funding deficit faced by Kildare County Council and ensure that it is adequately resourced to meet growing service demand.","Housing, Local Government and Heritage",1486,1488
"362. Deputy Sean Fleming asked the Minister for Housing, Local Government and Heritage to provide the list of household income thresholds for people who want to enter a mortgage to rent agreement, by county. [70105/26]",Housing,the minister for housing local government and heritage to provide the list of household income thresholds for people who want to enter a mortgage to rent agreement by county 70105 26,2026-10-06,written,362,70105/26,Sean Fleming,SEAN FLEMING,en,"To ask the Minister for Housing, Local Government and Heritage to provide the list of household income thresholds for people who want to enter a mortgage to rent agreement, by county.","Housing, Local Government and Heritage",1490,1492
"363. Deputy James O'Connor asked the Minister for Housing, Local Government and Heritage if his Department will consider increasing the current income limit thresholds for eligibility for social housing for Cork County. [70118/26]",Housing,the minister for housing local government and heritage if his department will consider increasing the current income limit thresholds for eligibility for social housing for cork county 70118 26,2026-10-06,written,363,70118/26,James O'Connor,JAMES O'CONNOR,en,"To ask the Minister for Housing, Local Government and Heritage if his Department will consider increasing the current income limit thresholds for eligibility for social housing for Cork County.","Housing, Local Government and Heritage",1494,1496
"364. Deputy Naoise Ó Muirí asked the Minister for Housing, Local Government and Heritage if he will consider, as part of Budget 2027, increasing the funding available under the vacant property refurbishment grant and derelict property top-up grant; if an increase is being actively examined in light of rising construction and refurbishment costs; and if he will make a statement on the matter. [70169/26]",Housing,the minister for housing local government and heritage if he will consider as part of budget 2027 increasing the funding available under the vacant property refurbishment grant and derelict property top-up grant if an increase is being actively examined in light of rising construction and refurbishment costs and 70169 26,2026-10-06,written,364,70169/26,Naoise Ó Muirí,NAOISE Ó MUIRÍ,en,"To ask the Minister for Housing, Local Government and Heritage if he will consider, as part of Budget 2027, increasing the funding available under the vacant property refurbishment grant and derelict property top-up grant; if an increase is being actively examined in light of rising construction and refurbishment costs; and if he will make a statement on the matter.","Housing, Local Government and Heritage",1498,1500
"365. Deputy Eoin Ó Broin asked the Minister for Housing, Local Government and Heritage to provide an update on the number of applications for the EPA DPI register have been received to date; to provide a breakdown of the applications by local authority area; and number of homes per application. [70199/26]",Housing,the minister for housing local government and heritage to provide an update on the number of applications for the epa dpi register have been received to date to provide a breakdown of the applications by local authority area and number of homes per application 70199 26,2026-10-06,written,365,70199/26,Eoin Ó Broin,EOIN Ó BROIN,en,"To ask the Minister for Housing, Local Government and Heritage to provide an update on the number of applications for the EPA DPI register have been received to date; to provide a breakdown of the applications by local authority area; and number of homes per application.","Housing, Local Government and Heritage",1502,1504
"366. Deputy Barry Ward asked the Minister for Housing, Local Government and Heritage whether standard Section 254 and MapRoad Licensing (MRL) frameworks between local authorities and telecommunications providers accommodate minor public footpath excavations for last-metre domestic broadband connections; and what guidance is provided to local authorities, including Dún Laoghaire-Rathdown County Council, to resolve lead-in infrastructure deficits between public footpaths and private curtilages in mature housing estates."" [70392/26]",Housing,the minister for housing local government and heritage whether standard section 254 and maproad licensing mrl frameworks between local authorities and telecommunications providers accommodate minor public footpath excavations for last-metre domestic broadband connections and what guidance is provided to local authorities including dún laoghaire-rathdown county council to resolve lead-in infrastructure deficits between public footpaths and private curtilages in mature housing estates 70392 26,2026-10-06,written,366,70392/26,Barry Ward,BARRY WARD,en,"To ask the Minister for Housing, Local Government and Heritage whether standard Section 254 and MapRoad Licensing (MRL) frameworks between local authorities and telecommunications providers accommodate minor public footpath excavations for last-metre domestic broadband connections; and what guidance is provided to local authorities, including Dún Laoghaire-Rathdown County Council, to resolve lead-in infrastructure deficits between public footpaths and private curtilages in mature housing estates.""","Housing, Local Government and Heritage",1506,1508
"367. Deputy Catherine Callaghan asked the Minister for Housing, Local Government and Heritage the criteria used in determining the regional property price caps under the first home scheme; whether a review of the cap applicable to county Carlow has been undertaken in the past 12 months; and if he will consider aligning Carlow's cap of €375,000 with those of neighbouring counties cap of €400,000, including Laois, Kilkenny and Wexford, in order to ensure fair and equitable access to the scheme for homebuyers in the county. [70400/26]",Housing,the minister for housing local government and heritage the criteria used in determining the regional property price caps under the first home scheme whether a review of the cap applicable to county carlow has been undertaken in the past 12 months and if he will consider aligning carlow s cap of 375 000 with those of neighbouring counties cap of 400 000 including laois kilkenny and wexford in order to ensure fair and equitable access to the scheme for homebuyers in the county 70400 26,2026-10-06,written,367,70400/26,Catherine Callaghan,CATHERINE CALLAGHAN,en,"To ask the Minister for Housing, Local Government and Heritage the criteria used in determining the regional property price caps under the first home scheme; whether a review of the cap applicable to county Carlow has been undertaken in the past 12 months; and if he will consider aligning Carlow's cap of €375,000 with those of neighbouring counties cap of €400,000, including Laois, Kilkenny and Wexford, in order to ensure fair and equitable access to the scheme for homebuyers in the county.","Housing, Local Government and Heritage",1510,1512
"368. Deputy Pádraig Mac Lochlainn asked the Minister for Housing, Local Government and Heritage the mechanism in place for members of the public and legitimate operators to report suspected non-compliance with the safety requirements for commercially hired inflatable amusement equipment under the Planning and Development (Fairgrounds and Fairgrounds Equipment) Regulations 2025; if operators advertising inflatable equipment through social media are proactively identified and subject to compliance checks; and the measures being taken to ensure that legitimate, compliant businesses are not commercially disadvantaged by operators who fail to meet the required safety standards. [70441/26]",Housing,the minister for housing local government and heritage the mechanism in place for members of the public and legitimate operators to report suspected non-compliance with the safety requirements for commercially hired inflatable amusement equipment under the planning and development fairgrounds and fairgrounds equipment regulations 2025 if operators advertising inflatable equipment through social media are proactively identified and subject to compliance checks and the measures being taken to ensure that legitimate compliant businesses are not commercially disadvantaged by operators who fail to meet the required safety standards 70441 26,2026-10-06,written,368,70441/26,Pádraig Mac Lochlainn,PÁDRAIG MAC LOCHLAINN,en,"To ask the Minister for Housing, Local Government and Heritage the mechanism in place for members of the public and legitimate operators to report suspected non-compliance with the safety requirements for commercially hired inflatable amusement equipment under the Planning and Development (Fairgrounds and Fairgrounds Equipment) Regulations 2025; if operators advertising inflatable equipment through social media are proactively identified and subject to compliance checks; and the measures being taken to ensure that legitimate, compliant businesses are not commercially disadvantaged by operators who fail to meet the required safety standards.","Housing, Local Government and Heritage",1514,1516
"369. Deputy Pádraig Mac Lochlainn asked the Minister for Housing, Local Government and Heritage the measures being taken to enforce the safety-certification requirements for commercially hired inflatable amusement equipment, including bouncy castles, under the Planning and Development (Fairgrounds and Fairground Equipment) Regulations 2025; the number of inflatable-hire operators inspected since the regulations came into operation; the number found to be non-compliant; and if he will make a statement on the matter. [70439/26]",Housing,the minister for housing local government and heritage the measures being taken to enforce the safety-certification requirements for commercially hired inflatable amusement equipment including bouncy castles under the planning and development fairgrounds and fairground equipment regulations 2025 the number of inflatable-hire operators inspected since the regulations came into operation the number found to be non-compliant and 70439 26,2026-10-06,written,369,70439/26,Pádraig Mac Lochlainn,PÁDRAIG MAC LOCHLAINN,en,"To ask the Minister for Housing, Local Government and Heritage the measures being taken to enforce the safety-certification requirements for commercially hired inflatable amusement equipment, including bouncy castles, under the Planning and Development (Fairgrounds and Fairground Equipment) Regulations 2025; the number of inflatable-hire operators inspected since the regulations came into operation; the number found to be non-compliant; and if he will make a statement on the matter.","Housing, Local Government and Heritage",1518,1520
"370. Deputy Pat Buckley asked the Minister for Housing, Local Government and Heritage the reason the cut-off year for eligibility for qualification under the warmer homes scheme has not changed since the revamped scheme was introduced; and when this date of before 1st January, 2006 is expected to move forward to include homes built in the years after 2006. [70417/26]",Housing,the minister for housing local government and heritage the reason the cut-off year for eligibility for qualification under the warmer homes scheme has not changed since the revamped scheme was introduced and when this date of before 1st january 2006 is expected to move forward to include homes built in the years after 2006 70417 26,2026-10-06,written,370,70417/26,Pat Buckley,PAT BUCKLEY,en,"To ask the Minister for Housing, Local Government and Heritage the reason the cut-off year for eligibility for qualification under the warmer homes scheme has not changed since the revamped scheme was introduced; and when this date of before 1st January, 2006 is expected to move forward to include homes built in the years after 2006.","Housing, Local Government and Heritage",1522,1524
"371. Deputy Cathy Bennett asked the Minister for Housing, Local Government and Heritage the basis on which mortgage-to-rent caps are calculated; the current limit in each county: and if he has considered increasing the limit in County Monaghan. [70456/26]",Housing,the minister for housing local government and heritage the basis on which mortgage-to-rent caps are calculated the current limit in each county and if he has considered increasing the limit in county monaghan 70456 26,2026-10-06,written,371,70456/26,Cathy Bennett,CATHY BENNETT,en,"To ask the Minister for Housing, Local Government and Heritage the basis on which mortgage-to-rent caps are calculated; the current limit in each county: and if he has considered increasing the limit in County Monaghan.","Housing, Local Government and Heritage",1526,1528
"372. Deputy Ryan O'Meara asked the Minister for Housing, Local Government and Heritage the schemes available to assist a private resident-owner of an apartment, situated in an urban area, who wishes to vacate their current property and relocate to another property within the locality; if there is a 'swap' scheme available to two such individuals who may be in this position; and if the housing purchase support schemes available would support an individual looking to sell a property and purchase another due to anti-social behaviour. [70486/26]",Housing,the minister for housing local government and heritage the schemes available to assist a private resident-owner of an apartment situated in an urban area who wishes to vacate their current property and relocate to another property within the locality if there is a swap scheme available to two such individuals who may be in this position and if the housing purchase support schemes available would support an individual looking to sell a property and purchase another due to anti-social behaviour 70486 26,2026-10-06,written,372,70486/26,Ryan O'Meara,RYAN O'MEARA,en,"To ask the Minister for Housing, Local Government and Heritage the schemes available to assist a private resident-owner of an apartment, situated in an urban area, who wishes to vacate their current property and relocate to another property within the locality; if there is a 'swap' scheme available to two such individuals who may be in this position; and if the housing purchase support schemes available would support an individual looking to sell a property and purchase another due to anti-social behaviour.","Housing, Local Government and Heritage",1530,1532
"373. Deputy Eoin Ó Broin asked the Minister for Housing, Local Government and Heritage whether he will review the mortgage to rent scheme purchase price caps in light of house price inflation, particularly in those non urban areas that have experienced significant second hand house price inflation in recent years [70483/26]",Housing,the minister for housing local government and heritage whether he will review the mortgage to rent scheme purchase price caps in light of house price inflation particularly in those non urban areas that have experienced significant second hand house price inflation in recent years 70483 26,2026-10-06,written,373,70483/26,Eoin Ó Broin,EOIN Ó BROIN,en,"To ask the Minister for Housing, Local Government and Heritage whether he will review the mortgage to rent scheme purchase price caps in light of house price inflation, particularly in those non urban areas that have experienced significant second hand house price inflation in recent years","Housing, Local Government and Heritage",1534,1536
"374. Deputy Duncan Smith asked the Minister for Housing, Local Government and Heritage if there are plans for lands (details supplied) purchased by the Land Development Agency; when is it planned these lands will be developed and approximately; and the number of homes planned for these lands. [70641/26]",Housing,the minister for housing local government and heritage if there are plans for lands details supplied purchased by the land development agency when is it planned these lands will be developed and approximately and the number of homes planned for these lands 70641 26,2026-10-06,written,374,70641/26,Duncan Smith,DUNCAN SMITH,en,"To ask the Minister for Housing, Local Government and Heritage if there are plans for lands (details supplied) purchased by the Land Development Agency; when is it planned these lands will be developed and approximately; and the number of homes planned for these lands.","Housing, Local Government and Heritage",1538,1540
"375. Deputy Pa Daly asked the Minister for Housing, Local Government and Heritage if consideration will be given to installing an automatic weather station or other appropriate monitoring equipment in the lower foothills of the MacGillycuddy’s Reeks, County Kerry to improve monitoring of local wind conditions in the Laune Valley and Killorglin area. [70613/26]",Housing,the minister for housing local government and heritage if consideration will be given to installing an automatic weather station or other appropriate monitoring equipment in the lower foothills of the macgillycuddy s reeks county kerry to improve monitoring of local wind conditions in the laune valley and killorglin area 70613 26,2026-10-06,written,375,70613/26,Pa Daly,PA DALY,en,"To ask the Minister for Housing, Local Government and Heritage if consideration will be given to installing an automatic weather station or other appropriate monitoring equipment in the lower foothills of the MacGillycuddy’s Reeks, County Kerry to improve monitoring of local wind conditions in the Laune Valley and Killorglin area.","Housing, Local Government and Heritage",1542,1544
"376. Deputy Richard Boyd Barrett asked the Minister for Housing, Local Government and Heritage given that he has indicated previously that his Department would be reviewing and raising social housing income limits this year, to provide an update on his work in this area. [70626/26]",Housing,the minister for housing local government and heritage given that he has indicated previously that his department would be reviewing and raising social housing income limits this year to provide an update on his work in this area 70626 26,2026-10-06,written,376,70626/26,Richard Boyd Barrett,RICHARD BOYD BARRETT,en,"To ask the Minister for Housing, Local Government and Heritage given that he has indicated previously that his Department would be reviewing and raising social housing income limits this year, to provide an update on his work in this area.","Housing, Local Government and Heritage",1546,1548
"377. Deputy Roderic O'Gorman asked the Minister for Housing, Local Government and Heritage when Ireland’s draft Nature Restoration Plan submitted to the European Commission on 1 September 2026 will be made publicly available. [70649/26]",Housing,the minister for housing local government and heritage when ireland s draft nature restoration plan submitted to the european commission on 1 september 2026 will be made publicly available 70649 26,2026-10-06,written,377,70649/26,Roderic O'Gorman,RODERIC O'GORMAN,en,"To ask the Minister for Housing, Local Government and Heritage when Ireland’s draft Nature Restoration Plan submitted to the European Commission on 1 September 2026 will be made publicly available.","Housing, Local Government and Heritage",1550,1552
"378. Deputy Pa Daly asked the Minister for Housing, Local Government and Heritage if he will ask Met Éireann to examine whether the existing weather monitoring network adequately captures localised wind speeds and severe weather conditions in the Laune Valley and Killorglin area, particularly given the surrounding mountainous topography. [70609/26]",Housing,the minister for housing local government and heritage if he will ask met éireann to examine whether the existing weather monitoring network adequately captures localised wind speeds and severe weather conditions in the laune valley and killorglin area particularly given the surrounding mountainous topography 70609 26,2026-10-06,written,378,70609/26,Pa Daly,PA DALY,en,"To ask the Minister for Housing, Local Government and Heritage if he will ask Met Éireann to examine whether the existing weather monitoring network adequately captures localised wind speeds and severe weather conditions in the Laune Valley and Killorglin area, particularly given the surrounding mountainous topography.","Housing, Local Government and Heritage",1554,1556
"379. Deputy Catherine Callaghan asked the Minister for Housing, Local Government and Heritage whether his Department monitors the geographic concentration of proposed and approved onshore wind energy developments; the number of turbines approved and proposed in county Kilkenny; and whether consideration is given to ensuring an equitable distribution of renewable energy infrastructure across regions. [70343/26]",Housing,the minister for housing local government and heritage whether his department monitors the geographic concentration of proposed and approved onshore wind energy developments the number of turbines approved and proposed in county kilkenny and whether consideration is given to ensuring an equitable distribution of renewable energy infrastructure across regions 70343 26,2026-10-06,written,379,70343/26,Catherine Callaghan,CATHERINE CALLAGHAN,en,"To ask the Minister for Housing, Local Government and Heritage whether his Department monitors the geographic concentration of proposed and approved onshore wind energy developments; the number of turbines approved and proposed in county Kilkenny; and whether consideration is given to ensuring an equitable distribution of renewable energy infrastructure across regions.","Housing, Local Government and Heritage",1558,1560
"380. Deputy Robert O'Donoghue asked the Minister for Housing, Local Government and Heritage whether he will consider mandatory follow-up of sale-based terminations, including requiring the former tenant to be offered the tenancy back where the sale does not proceed. [70336/26]",Housing,the minister for housing local government and heritage whether he will consider mandatory follow-up of sale-based terminations including requiring the former tenant to be offered the tenancy back where the sale does not proceed 70336 26,2026-10-06,written,380,70336/26,Robert O'Donoghue,ROBERT O'DONOGHUE,en,"To ask the Minister for Housing, Local Government and Heritage whether he will consider mandatory follow-up of sale-based terminations, including requiring the former tenant to be offered the tenancy back where the sale does not proceed.","Housing, Local Government and Heritage",1562,1564
"381. Deputy Catherine Callaghan asked the Minister for Housing, Local Government and Heritage whether he is satisfied that communities affected by Strategic Infrastructure Developments have adequate opportunities to participate in the planning process; and if he will outline any proposals to enhance public participation. [70347/26]",Housing,the minister for housing local government and heritage whether he is satisfied that communities affected by strategic infrastructure developments have adequate opportunities to participate in the planning process and if he will outline any proposals to enhance public participation 70347 26,2026-10-06,written,381,70347/26,Catherine Callaghan,CATHERINE CALLAGHAN,en,"To ask the Minister for Housing, Local Government and Heritage whether he is satisfied that communities affected by Strategic Infrastructure Developments have adequate opportunities to participate in the planning process; and if he will outline any proposals to enhance public participation.","Housing, Local Government and Heritage",1566,1568
"382. Deputy Carol Nolan asked the Minister for Social Protection the number of individuals who have been in receipt of either jobseeker's allowance or jobseeker's benefit continuously since September 2021, by age category and by county. [69769/26]",Social,the minister for social protection the number of individuals who have been in receipt of either jobseeker s allowance or jobseeker s benefit continuously since september 2021 by age category and by county 69769 26,2026-10-06,written,382,69769/26,Carol Nolan,CAROL NOLAN,en,"To ask the Minister for Social Protection the number of individuals who have been in receipt of either jobseeker's allowance or jobseeker's benefit continuously since September 2021, by age category and by county.",Social Protection,1573,1575
"383. Deputy Carol Nolan asked the Minister for Social Protection the rates of jobseeker's allowance, jobseeker's benefit and the contributory and (non-contributory pensions) in each year from 2012 to date. [69768/26]",Social,the minister for social protection the rates of jobseeker s allowance jobseeker s benefit and the contributory and non-contributory pensions in each year from 2012 to date 69768 26,2026-10-06,written,383,69768/26,Carol Nolan,CAROL NOLAN,en,"To ask the Minister for Social Protection the rates of jobseeker's allowance, jobseeker's benefit and the contributory and (non-contributory pensions) in each year from 2012 to date.",Social Protection,1577,1579
"384. Deputy Ciarán Ahern asked the Minister for Social Protection the reason founders of social enterprises established as companies limited by guarantee may be classified as self-employed and required to pay Class S PRSI, despite being paid through payroll, holding no shares in the organisation and being accountable to a voluntary board of directors; if this classification excludes them from MyFutureFund; the steps available to correct an inappropriate classification; and if he will review the rules in order that social enterprise founders are supported to save for retirement rather than penalised for establishing organisations they do not own. [69819/26]",Social,the minister for social protection the reason founders of social enterprises established as companies limited by guarantee may be classified as self-employed and required to pay class s prsi despite being paid through payroll holding no shares in the organisation and being accountable to a voluntary board of directors if this classification excludes them from myfuturefund the steps available to correct an inappropriate classification and if he will review the rules in order that social enterprise founders are supported to save for retirement rather than penalised for establishing organisations they do not own 69819 26,2026-10-06,written,384,69819/26,Ciarán Ahern,CIARÁN AHERN,en,"To ask the Minister for Social Protection the reason founders of social enterprises established as companies limited by guarantee may be classified as self-employed and required to pay Class S PRSI, despite being paid through payroll, holding no shares in the organisation and being accountable to a voluntary board of directors; if this classification excludes them from MyFutureFund; the steps available to correct an inappropriate classification; and if he will review the rules in order that social enterprise founders are supported to save for retirement rather than penalised for establishing organisations they do not own.",Social Protection,1581,1583
385. Deputy Alan Kelly asked the Minister for Social Protection the estimated full year cost if the living alone allowance increased by €6 per week. [69808/26],Social,the minister for social protection the estimated full year cost if the living alone allowance increased by 6 per week 69808 26,2026-10-06,written,385,69808/26,Alan Kelly,ALAN KELLY,en,To ask the Minister for Social Protection the estimated full year cost if the living alone allowance increased by €6 per week.,Social Protection,1585,1587
"386. Deputy Gillian Toole asked the Minister for Social Protection if a comprehensive review of the social welfare system is to be carried out to ensure capacity for all requirements including migration reforms and to ensure fairness, equity and transparency. [69755/26]",Social,the minister for social protection if a comprehensive review of the social welfare system is to be carried out to ensure capacity for all requirements including migration reforms and to ensure fairness equity and transparency 69755 26,2026-10-06,written,386,69755/26,Gillian Toole,GILLIAN TOOLE,en,"To ask the Minister for Social Protection if a comprehensive review of the social welfare system is to be carried out to ensure capacity for all requirements including migration reforms and to ensure fairness, equity and transparency.",Social Protection,1589,1591
"387. Deputy John Mcguinness asked the Minister for Social Protection if retired nurses that paid a D stamp during their employment will be given the same pension entitlements as nurses that now pay an A stamp under a revised arrangement, particularly those that applied at the time to change to the A stamp; and if the matter will be considered as part of Budget 2027. [69918/26]",Social,the minister for social protection if retired nurses that paid a d stamp during their employment will be given the same pension entitlements as nurses that now pay an a stamp under a revised arrangement particularly those that applied at the time to change to the a stamp and if the matter will be considered as part of budget 2027 69918 26,2026-10-06,written,387,69918/26,John Mcguinness,JOHN MCGUINNESS,en,"To ask the Minister for Social Protection if retired nurses that paid a D stamp during their employment will be given the same pension entitlements as nurses that now pay an A stamp under a revised arrangement, particularly those that applied at the time to change to the A stamp; and if the matter will be considered as part of Budget 2027.",Social Protection,1593,1595
388. Deputy Maurice Quinlivan asked the Minister for Social Protection the number of employers that are currently in receipt of the wage subsidy scheme in each of the three bands; the number of employers that avail of Employment Assistance Officers under Band 3; the number of employment assistance officers employed; and the cost of strand three in each of the past five years. [69916/26],Social,the minister for social protection the number of employers that are currently in receipt of the wage subsidy scheme in each of the three bands the number of employers that avail of employment assistance officers under band 3 the number of employment assistance officers employed and the cost of strand three in each of the past five years 69916 26,2026-10-06,written,388,69916/26,Maurice Quinlivan,MAURICE QUINLIVAN,en,To ask the Minister for Social Protection the number of employers that are currently in receipt of the wage subsidy scheme in each of the three bands; the number of employers that avail of Employment Assistance Officers under Band 3; the number of employment assistance officers employed; and the cost of strand three in each of the past five years.,Social Protection,1597,1599
389. Deputy John Mcguinness asked the Minister for Social Protection if entitlement to a State Pension (Non-Contributory) for a person (details supplied) will be reviewed; and if the information provided in this case will be accepted as sufficient to continue the payment. [69919/26],Social,the minister for social protection if entitlement to a state pension non-contributory for a person details supplied will be reviewed and if the information provided in this case will be accepted as sufficient to continue the payment 69919 26,2026-10-06,written,389,69919/26,John Mcguinness,JOHN MCGUINNESS,en,To ask the Minister for Social Protection if entitlement to a State Pension (Non-Contributory) for a person (details supplied) will be reviewed; and if the information provided in this case will be accepted as sufficient to continue the payment.,Social Protection,1601,1603
390. Deputy Paula Butterly asked the Minister for Social Protection if he will review the eligibility criteria for the fuel allowance scheme for people aged 66 and over (details supplied); and if he will make a statement on the matter. [69886/26],Social,the minister for social protection if he will review the eligibility criteria for the fuel allowance scheme for people aged 66 and over details supplied and 69886 26,2026-10-06,written,390,69886/26,Paula Butterly,PAULA BUTTERLY,en,To ask the Minister for Social Protection if he will review the eligibility criteria for the fuel allowance scheme for people aged 66 and over (details supplied); and if he will make a statement on the matter.,Social Protection,1605,1607
391. Deputy Claire Kerrane asked the Minister for Social Protection if there is any funding available in his Department to support a new online tool (details supplied) which is assisting navigating supports from his Department. [69945/26],Social,the minister for social protection if there is any funding available in his department to support a new online tool details supplied which is assisting navigating supports from his department 69945 26,2026-10-06,written,391,69945/26,Claire Kerrane,CLAIRE KERRANE,en,To ask the Minister for Social Protection if there is any funding available in his Department to support a new online tool (details supplied) which is assisting navigating supports from his Department.,Social Protection,1609,1611
"392. Deputy Mairéad Farrell asked the Minister for Social Protection if his attention has been drawn to pension entitlements for staff in voluntary residential and aftercare services, which have been effectively frozen since the financial collapse; if he is aware of the serious recruitment and retention challenges this has created within the sector which may leave voluntary care services at risk of closure; and if he will consider providing entitlement for voluntary social care staff to the State pension scheme. [69971/26]",Social,the minister for social protection if his attention has been drawn to pension entitlements for staff in voluntary residential and aftercare services which have been effectively frozen since the financial collapse if he is aware of the serious recruitment and retention challenges this has created within the sector which may leave voluntary care services at risk of closure and if he will consider providing entitlement for voluntary social care staff to the state pension scheme 69971 26,2026-10-06,written,392,69971/26,Mairéad Farrell,MAIRÉAD FARRELL,en,"To ask the Minister for Social Protection if his attention has been drawn to pension entitlements for staff in voluntary residential and aftercare services, which have been effectively frozen since the financial collapse; if he is aware of the serious recruitment and retention challenges this has created within the sector which may leave voluntary care services at risk of closure; and if he will consider providing entitlement for voluntary social care staff to the State pension scheme.",Social Protection,1613,1615
393. Deputy Seán Ó Fearghaíl asked the Minister for Social Protection If he will address the concerns raised in correspondence details attached regarding the financial difficulties experienced by households where a person remains unable to return to work following cancer treatment and is approaching the end of their illness benefit entitlement; and if she will make a statement on the matter. [69954/26],Social,the minister for social protection if he will address the concerns raised in correspondence details attached regarding the financial difficulties experienced by households where a person remains unable to return to work following cancer treatment and is approaching the end of their illness benefit entitlement and 69954 26,2026-10-06,written,393,69954/26,Seán Ó Fearghaíl,SEÁN Ó FEARGHAÍL,en,To ask the Minister for Social Protection If he will address the concerns raised in correspondence details attached regarding the financial difficulties experienced by households where a person remains unable to return to work following cancer treatment and is approaching the end of their illness benefit entitlement; and if she will make a statement on the matter.,Social Protection,1617,1619
"394. Deputy Ruairí Ó Murchú asked the Minister for Social Protection he will consider permitting people to get fuel allowance if a family member, who is not on a qualifying payment lives with them. [70047/26]",Social,the minister for social protection he will consider permitting people to get fuel allowance if a family member who is not on a qualifying payment lives with them 70047 26,2026-10-06,written,394,70047/26,Ruairí Ó Murchú,RUAIRÍ Ó MURCHÚ,en,"To ask the Minister for Social Protection he will consider permitting people to get fuel allowance if a family member, who is not on a qualifying payment lives with them.",Social Protection,1621,1623
"395. Deputy Jen Cummins asked the Minister for Social Protection the steps he will take to ensure that suppliers for school meals comply with the removal of HFSS (high fat salt and sugar) items from meals, as a review showed suppliers still include these in 18 per cent of meals and they are the most consumed menu items by children. [69737/26]",Social,the minister for social protection the steps he will take to ensure that suppliers for school meals comply with the removal of hfss high fat salt and sugar items from meals as a review showed suppliers still include these in 18 per cent of meals and they are the most consumed menu items by children 69737 26,2026-10-06,written,395,69737/26,Jen Cummins,JEN CUMMINS,en,"To ask the Minister for Social Protection the steps he will take to ensure that suppliers for school meals comply with the removal of HFSS (high fat salt and sugar) items from meals, as a review showed suppliers still include these in 18 per cent of meals and they are the most consumed menu items by children.",Social Protection,1625,1627
"396. Deputy Jen Cummins asked the Minister for Social Protection the specific action he is taking to move school meals (details supplied) towards a model where meals are cooked from fresh raw ingredients from scratch in one kitchen, and away from the current predominant ‘assembly and reheat’ model used in the Irish school meal programme. [69735/26]",Social,the minister for social protection the specific action he is taking to move school meals details supplied towards a model where meals are cooked from fresh raw ingredients from scratch in one kitchen and away from the current predominant assembly and reheat model used in the irish school meal programme 69735 26,2026-10-06,written,396,69735/26,Jen Cummins,JEN CUMMINS,en,"To ask the Minister for Social Protection the specific action he is taking to move school meals (details supplied) towards a model where meals are cooked from fresh raw ingredients from scratch in one kitchen, and away from the current predominant ‘assembly and reheat’ model used in the Irish school meal programme.",Social Protection,1629,1631
"397. Deputy Jen Cummins asked the Minister for Social Protection if there are plans to address issues of packaging waste in the hot school meal programme and to adjust procurement guidance, or carry out trials, to support models which reduce both packaging and food waste, support sourcing of quality local ingredients, and ensure the food is cooked and served fresh, as the nutritional review and Ipsos survey do not address these issues. [69736/26]",Social,the minister for social protection if there are plans to address issues of packaging waste in the hot school meal programme and to adjust procurement guidance or carry out trials to support models which reduce both packaging and food waste support sourcing of quality local ingredients and ensure the food is cooked and served fresh as the nutritional review and ipsos survey do not address these issues 69736 26,2026-10-06,written,397,69736/26,Jen Cummins,JEN CUMMINS,en,"To ask the Minister for Social Protection if there are plans to address issues of packaging waste in the hot school meal programme and to adjust procurement guidance, or carry out trials, to support models which reduce both packaging and food waste, support sourcing of quality local ingredients, and ensure the food is cooked and served fresh, as the nutritional review and Ipsos survey do not address these issues.",Social Protection,1633,1635
398. Deputy Michael Cahill asked the Minister for Social Protection if a carer’s allowance application (details supplied) will be expedited; and if he will make a statement on the matter. [70080/26],Social,the minister for social protection if a carer s allowance application details supplied will be expedited and 70080 26,2026-10-06,written,398,70080/26,Michael Cahill,MICHAEL CAHILL,en,To ask the Minister for Social Protection if a carer’s allowance application (details supplied) will be expedited; and if he will make a statement on the matter.,Social Protection,1637,1639
399. Deputy Paul Lawless asked the Minister for Social Protection if he is aware of the difficulties being experienced by families who are being refused fuel allowance on household means grounds where adult children remain living in the family home due to the lack of affordable rental accommodation and housing options; whether consideration is being given to amending the means assessment for fuel allowance in such cases; and if he will make a statement on the matter. [70104/26],Social,the minister for social protection if he is aware of the difficulties being experienced by families who are being refused fuel allowance on household means grounds where adult children remain living in the family home due to the lack of affordable rental accommodation and housing options whether consideration is being given to amending the means assessment for fuel allowance in such cases and 70104 26,2026-10-06,written,399,70104/26,Paul Lawless,PAUL LAWLESS,en,To ask the Minister for Social Protection if he is aware of the difficulties being experienced by families who are being refused fuel allowance on household means grounds where adult children remain living in the family home due to the lack of affordable rental accommodation and housing options; whether consideration is being given to amending the means assessment for fuel allowance in such cases; and if he will make a statement on the matter.,Social Protection,1641,1643
"400. Deputy Pa Daly asked the Minister for Social Protection if she has met with the Minister for Climate, Energy and the Environment to discuss supports for those living with disabilities for waste disposal; the dates on which these meetings took places; the conclusions that were reached; and if he will make a statement on the matter. [70101/26]",Social,the minister for social protection if she has met with the minister for climate energy and the environment to discuss supports for those living with disabilities for waste disposal the dates on which these meetings took places the conclusions that were reached and 70101 26,2026-10-06,written,400,70101/26,Pa Daly,PA DALY,en,"To ask the Minister for Social Protection if she has met with the Minister for Climate, Energy and the Environment to discuss supports for those living with disabilities for waste disposal; the dates on which these meetings took places; the conclusions that were reached; and if he will make a statement on the matter.",Social Protection,1645,1647
401. Deputy Pa Daly asked the Minister for Social Protection if she has considered providing a reduction or payment assistance in relation to domestic waste charges for disabled people particularly to persons who have excess charges because they suffer from incontinence or other similar issues that incur extra waste disposal charges. [70100/26],Social,the minister for social protection if she has considered providing a reduction or payment assistance domestic waste charges for disabled people particularly to persons who have excess charges because they suffer from incontinence or other similar issues that incur extra waste disposal charges 70100 26,2026-10-06,written,401,70100/26,Pa Daly,PA DALY,en,To ask the Minister for Social Protection if she has considered providing a reduction or payment assistance in relation to domestic waste charges for disabled people particularly to persons who have excess charges because they suffer from incontinence or other similar issues that incur extra waste disposal charges.,Social Protection,1649,1651
402. Deputy Conor D. Mcguinness asked the Minister for Social Protection If he will expedite an appeal for working family payment for a person in Waterford (details supplied). [70142/26],Social,the minister for social protection if he will expedite an appeal for working family payment for a person in waterford details supplied 70142 26,2026-10-06,written,402,70142/26,Conor D. Mcguinness,CONOR D. MCGUINNESS,en,To ask the Minister for Social Protection If he will expedite an appeal for working family payment for a person in Waterford (details supplied).,Social Protection,1653,1655
"403. Deputy Michael Healy-rae asked the Minister for Social Protection the steps a school (details supplied) should take, now that they cannot source a provider for hot or cold school meals. [69989/26]",Social,the minister for social protection the steps a school details supplied should take now that they cannot source a provider for hot or cold school meals 69989 26,2026-10-06,written,403,69989/26,Michael Healy-rae,MICHAEL HEALY-RAE,en,"To ask the Minister for Social Protection the steps a school (details supplied) should take, now that they cannot source a provider for hot or cold school meals.",Social Protection,1657,1659
404. Deputy Ruth Coppinger asked the Minister for Social Protection when a person (details supplied) who has applied for a back to education allowance will receive an update. [70171/26],Social,the minister for social protection when a person details supplied who has applied for a back to education allowance will receive an update 70171 26,2026-10-06,written,404,70171/26,Ruth Coppinger,RUTH COPPINGER,en,To ask the Minister for Social Protection when a person (details supplied) who has applied for a back to education allowance will receive an update.,Social Protection,1661,1663
"405. Deputy Ivana Bacik asked the Minister for Social Protection the reason for the delay in commencing section 59 of the Civil Registration Act 2004, to provide for registration of decrees of divorce and of nullity by the Civil Registration Service; if there are inter-agency difficulties arising from the statutory designation of the Courts Service as the registrar in relation to registers to be established and maintained by an tArd-Chláraitheoir; if such difficulties have an administrative solution or require amending legislation; his plans to make any necessary amendment; and when such a solution will enable the section to come into operation. [70173/26]",Social,the minister for social protection the reason for the delay in commencing section 59 of the civil registration act 2004 to provide for registration of decrees of divorce and of nullity by the civil registration service if there are inter-agency difficulties arising from the statutory designation of the courts service as the registrar registers to be established and maintained by an tard-chláraitheoir if such difficulties have an administrative solution or require amending legislation his plans to make any necessary amendment and when such a solution will enable the section to come into operation 70173 26,2026-10-06,written,405,70173/26,Ivana Bacik,IVANA BACIK,en,"To ask the Minister for Social Protection the reason for the delay in commencing section 59 of the Civil Registration Act 2004, to provide for registration of decrees of divorce and of nullity by the Civil Registration Service; if there are inter-agency difficulties arising from the statutory designation of the Courts Service as the registrar in relation to registers to be established and maintained by an tArd-Chláraitheoir; if such difficulties have an administrative solution or require amending legislation; his plans to make any necessary amendment; and when such a solution will enable the section to come into operation.",Social Protection,1665,1667
406. Deputy Michael Cahill asked the Minister for Social Protection to urgently provide an update on the State Pension (Contributory) for a person (details supplied); and if he will make a statement on the matter. [70253/26],Social,the minister for social protection to urgently provide an update on the state pension contributory for a person details supplied and 70253 26,2026-10-06,written,406,70253/26,Michael Cahill,MICHAEL CAHILL,en,To ask the Minister for Social Protection to urgently provide an update on the State Pension (Contributory) for a person (details supplied); and if he will make a statement on the matter.,Social Protection,1669,1671
407. Deputy Ken O'Flynn asked the Minister for Social Protection if she will review the treatment of inherited capital in the means test for disability allowance where the recipient has a lifelong disability and the inheritance is intended to fund their long-term care and independent living; the number of recipients whose payment was reduced or ceased due to inherited capital in each of the past three years; and if she will make a statement on the matter. [70277/26],Social,the minister for social protection if she will review the treatment of inherited capital in the means test for disability allowance where the recipient has a lifelong disability and the inheritance is intended to fund their long-term care and independent living the number of recipients whose payment was reduced or ceased due to inherited capital in each of the past three years and 70277 26,2026-10-06,written,407,70277/26,Ken O'Flynn,KEN O'FLYNN,en,To ask the Minister for Social Protection if she will review the treatment of inherited capital in the means test for disability allowance where the recipient has a lifelong disability and the inheritance is intended to fund their long-term care and independent living; the number of recipients whose payment was reduced or ceased due to inherited capital in each of the past three years; and if she will make a statement on the matter.,Social Protection,1673,1675
408. Deputy Michael Cahill asked the Minister for Social Protection to provide an update on a State pension (contributary) application (details supplied) that has been pending for some time. [70201/26],Social,the minister for social protection to provide an update on a state pension contributary application details supplied that has been pending for some time 70201 26,2026-10-06,written,408,70201/26,Michael Cahill,MICHAEL CAHILL,en,To ask the Minister for Social Protection to provide an update on a State pension (contributary) application (details supplied) that has been pending for some time.,Social Protection,1677,1679
409. Deputy Duncan Smith asked the Minister for Social Protection to intervene in a situation regarding an individual's (details supplied) carer's allowance. [70375/26],Social,the minister for social protection to intervene in a situation regarding an individual s details supplied carer s allowance 70375 26,2026-10-06,written,409,70375/26,Duncan Smith,DUNCAN SMITH,en,To ask the Minister for Social Protection to intervene in a situation regarding an individual's (details supplied) carer's allowance.,Social Protection,1681,1683
"410. Deputy Peadar Tóibín asked the Minister for Social Protection the proportion of the total social welfare overpayments raised in each of the years 2016 to 2025 that was attributable to proven fraud, customer error and official or administrative error respectively; and the monetary value associated with each category. [70352/26]",Social,the minister for social protection the proportion of the total social welfare overpayments raised in each of the years 2016 to 2025 that was attributable to proven fraud customer error and official or administrative error respectively and the monetary value associated with each category 70352 26,2026-10-06,written,410,70352/26,Peadar Tóibín,PEADAR TÓIBÍN,en,"To ask the Minister for Social Protection the proportion of the total social welfare overpayments raised in each of the years 2016 to 2025 that was attributable to proven fraud, customer error and official or administrative error respectively; and the monetary value associated with each category.",Social Protection,1685,1687
"411. Deputy Peadar Tóibín asked the Minister for Social Protection the total value of social welfare overpayments that remained unrecovered at 31 December in each of the years 2016 to 2025 inclusive, in tabular form; and the amount of debt written off or deemed unrecoverable. [70351/26]",Social,the minister for social protection the total value of social welfare overpayments that remained unrecovered at 31 december in each of the years 2016 to 2025 inclusive in tabular form and the amount of debt written off or deemed unrecoverable 70351 26,2026-10-06,written,411,70351/26,Peadar Tóibín,PEADAR TÓIBÍN,en,"To ask the Minister for Social Protection the total value of social welfare overpayments that remained unrecovered at 31 December in each of the years 2016 to 2025 inclusive, in tabular form; and the amount of debt written off or deemed unrecoverable.",Social Protection,1689,1691
"412. Deputy Peadar Tóibín asked the Minister for Social Protection further to Parliamentary Question No. 6110/26, to provide the actual outstanding social welfare overpayment debt balance owed to his Department at the end of each year from 2016 to 2025 inclusive; and the amount written off in each of those years. [70350/26]",Social,the minister for social protection further to parliamentary question no 6110 26 to provide the actual outstanding social welfare overpayment debt balance owed to his department at the end of each year from 2016 to 2025 inclusive and the amount written off in each of those years 70350 26,2026-10-06,written,412,70350/26,Peadar Tóibín,PEADAR TÓIBÍN,en,"To ask the Minister for Social Protection further to Parliamentary Question No. 6110/26, to provide the actual outstanding social welfare overpayment debt balance owed to his Department at the end of each year from 2016 to 2025 inclusive; and the amount written off in each of those years.",Social Protection,1693,1695
413. Deputy Paul Mcauliffe asked the Minister for Social Protection if the fuel allowance payment for a person (details supplied) can be reinstated as soon as possible. [70334/26],Social,the minister for social protection if the fuel allowance payment for a person details supplied can be reinstated as soon as possible 70334 26,2026-10-06,written,413,70334/26,Paul Mcauliffe,PAUL MCAULIFFE,en,To ask the Minister for Social Protection if the fuel allowance payment for a person (details supplied) can be reinstated as soon as possible.,Social Protection,1697,1699
414. Deputy John Connolly asked the Minister for Social Protection when the comprehensive review of means testing within the social protection system commenced; the status of that review; when he expects the review to be completed and its finding published; and the reasons for the length of time taken to complete the review. [70566/26],Social,the minister for social protection when the comprehensive review of means testing within the social protection system commenced the status of that review when he expects the review to be completed and its finding published and the reasons for the length of time taken to complete the review 70566 26,2026-10-06,written,414,70566/26,John Connolly,JOHN CONNOLLY,en,To ask the Minister for Social Protection when the comprehensive review of means testing within the social protection system commenced; the status of that review; when he expects the review to be completed and its finding published; and the reasons for the length of time taken to complete the review.,Social Protection,1701,1703
"415. Deputy Ken O'Flynn asked the Minister for Social Protection whether consideration has been given to a waste collection support for State pensioners living alone, in view of annual minimum bin charges exceeding one week's pension; and if he will make a statement on the matter. [70578/26]",Social,the minister for social protection whether consideration has been given to a waste collection support for state pensioners living alone in view of annual minimum bin charges exceeding one week s pension and 70578 26,2026-10-06,written,415,70578/26,Ken O'Flynn,KEN O'FLYNN,en,"To ask the Minister for Social Protection whether consideration has been given to a waste collection support for State pensioners living alone, in view of annual minimum bin charges exceeding one week's pension; and if he will make a statement on the matter.",Social Protection,1705,1707
"416. Deputy Malcolm Byrne asked the Minister for Social Protection if it is possible to introduce a reduced rate of employers' PRSI for employees under the age of 24, to incentivise the employment of young people. [70490/26]",Social,the minister for social protection if it is possible to introduce a reduced rate of employers prsi for employees under the age of 24 to incentivise the employment of young people 70490 26,2026-10-06,written,416,70490/26,Malcolm Byrne,MALCOLM BYRNE,en,"To ask the Minister for Social Protection if it is possible to introduce a reduced rate of employers' PRSI for employees under the age of 24, to incentivise the employment of young people.",Social Protection,1709,1711
"417. Deputy Gillian Toole asked the Minister for Social Protection if a comprehensive review of the social welfare system is to be carried out to ensure capacity for all requirements including migration reforms and to ensure fairness, equity and transparency. [69756/26]",Social,the minister for social protection if a comprehensive review of the social welfare system is to be carried out to ensure capacity for all requirements including migration reforms and to ensure fairness equity and transparency 69756 26,2026-10-06,written,417,69756/26,Gillian Toole,GILLIAN TOOLE,en,"To ask the Minister for Social Protection if a comprehensive review of the social welfare system is to be carried out to ensure capacity for all requirements including migration reforms and to ensure fairness, equity and transparency.",Social Protection,1713,1715
"418. Deputy Colm Burke asked the Minister for Justice, Home Affairs and Migration the status of an application (details supplied); to confirm whether the new card has been dispatched; and when the applicant can expect delivery of same. [69722/26]",Justice,the minister for justice home affairs and migration the status of an application details supplied to confirm whether the new card has been dispatched and when the applicant can expect delivery of same 69722 26,2026-10-06,written,418,69722/26,Colm Burke,COLM BURKE,en,"To ask the Minister for Justice, Home Affairs and Migration the status of an application (details supplied); to confirm whether the new card has been dispatched; and when the applicant can expect delivery of same.","Justice, Home Affairs and Migration",1720,1722
"419. Deputy Alan Kelly asked the Minister for Justice, Home Affairs and Migration the number of Gardaí, by rank attached to a unit (details supplied) as of 25 September 2026. [69806/26]",Justice,the minister for justice home affairs and migration the number of gardaí by rank attached to a unit details supplied as of 25 september 2026 69806 26,2026-10-06,written,419,69806/26,Alan Kelly,ALAN KELLY,en,"To ask the Minister for Justice, Home Affairs and Migration the number of Gardaí, by rank attached to a unit (details supplied) as of 25 September 2026.","Justice, Home Affairs and Migration",1724,1726
"420. Deputy Robert O'Donoghue asked the Minister for Justice, Home Affairs and Migration the number of complaints or disclosures received by An Garda Síochána to date in 2026 relating to sex-for-rent arrangements following the enactment of the new legislation; the number of cases referred for investigation or prosecution for such incidents; and if he will provide a breakdown by Garda division where available. [69836/26]",Justice,the minister for justice home affairs and migration the number of complaints or disclosures received by an garda síochána to date in 2026 relating to sex-for-rent arrangements following the enactment of the new legislation the number of cases referred for investigation or prosecution for such incidents and if he will provide a breakdown by garda division where available 69836 26,2026-10-06,written,420,69836/26,Robert O'Donoghue,ROBERT O'DONOGHUE,en,"To ask the Minister for Justice, Home Affairs and Migration the number of complaints or disclosures received by An Garda Síochána to date in 2026 relating to sex-for-rent arrangements following the enactment of the new legislation; the number of cases referred for investigation or prosecution for such incidents; and if he will provide a breakdown by Garda division where available.","Justice, Home Affairs and Migration",1728,1730
"421. Deputy Ken O'Flynn asked the Minister for Justice, Home Affairs and Migration the number of persons aged 65 years and over who received jury summonses in each of the past five years, by age category including 65-69, 70-74, 75-79 and 80 years and over; the number subsequently excused on grounds of age; and if he will make a statement on the matter. [69855/26]",Justice,the minister for justice home affairs and migration the number of persons aged 65 years and over who received jury summonses in each of the past five years by age category including 65-69 70-74 75-79 and 80 years and over the number subsequently excused on grounds of age and 69855 26,2026-10-06,written,421,69855/26,Ken O'Flynn,KEN O'FLYNN,en,"To ask the Minister for Justice, Home Affairs and Migration the number of persons aged 65 years and over who received jury summonses in each of the past five years, by age category including 65-69, 70-74, 75-79 and 80 years and over; the number subsequently excused on grounds of age; and if he will make a statement on the matter.","Justice, Home Affairs and Migration",1732,1734
"422. Deputy Darren O'Rourke asked the Minister for Justice, Home Affairs and Migration the number of WTE civilian cybersecurity managers at the grade of assistant principal officer level that are employed by An Garda Síochána as of 28 September 2026, in tabular form. [69854/26]",Justice,the minister for justice home affairs and migration the number of wte civilian cybersecurity managers at the grade of assistant principal officer level that are employed by an garda síochána as of 28 september 2026 in tabular form 69854 26,2026-10-06,written,422,69854/26,Darren O'Rourke,DARREN O'ROURKE,en,"To ask the Minister for Justice, Home Affairs and Migration the number of WTE civilian cybersecurity managers at the grade of assistant principal officer level that are employed by An Garda Síochána as of 28 September 2026, in tabular form.","Justice, Home Affairs and Migration",1736,1738
"423. Deputy Ken O'Flynn asked the Minister for Justice, Home Affairs and Migration whether his attention has been drawn to cases of persons aged 75 years and over receiving jury summonses; the number of such summonses issued in each of the past five years; whether the Courts Service considers it appropriate for persons in this age group to receive summonses carrying warnings of financial penalties for non-attendance when they are entitled to seek excusal as of right; and if he will make a statement on the matter. [69851/26]",Justice,the minister for justice home affairs and migration whether his attention has been drawn to cases of persons aged 75 years and over receiving jury summonses the number of such summonses issued in each of the past five years whether the courts service considers it appropriate for persons in this age group to receive summonses carrying warnings of financial penalties for non-attendance when they are entitled to seek excusal as of right and 69851 26,2026-10-06,written,423,69851/26,Ken O'Flynn,KEN O'FLYNN,en,"To ask the Minister for Justice, Home Affairs and Migration whether his attention has been drawn to cases of persons aged 75 years and over receiving jury summonses; the number of such summonses issued in each of the past five years; whether the Courts Service considers it appropriate for persons in this age group to receive summonses carrying warnings of financial penalties for non-attendance when they are entitled to seek excusal as of right; and if he will make a statement on the matter.","Justice, Home Affairs and Migration",1740,1742
"424. Deputy Alan Kelly asked the Minister for Justice, Home Affairs and Migration the number of persons fingerprints that were checked against Eurodac in 2025 and to-date in 2026, in tabular form. [69807/26]",Justice,the minister for justice home affairs and migration the number of persons fingerprints that were checked against eurodac in 2025 and to-date in 2026 in tabular form 69807 26,2026-10-06,written,424,69807/26,Alan Kelly,ALAN KELLY,en,"To ask the Minister for Justice, Home Affairs and Migration the number of persons fingerprints that were checked against Eurodac in 2025 and to-date in 2026, in tabular form.","Justice, Home Affairs and Migration",1744,1746
"425. Deputy Alan Kelly asked the Minister for Justice, Home Affairs and Migration the number of each level of public order training courses offered to Gardaí within Sligo-Leitrim division in 2025 and to-date in 2026; and the number of Gardai that participated in each of those course in each of the years in question, in tabular form. [69805/26]",Justice,the minister for justice home affairs and migration the number of each level of public order training courses offered to gardaí within sligo-leitrim division in 2025 and to-date in 2026 and the number of gardai that participated in each of those course in each of the years in question in tabular form 69805 26,2026-10-06,written,425,69805/26,Alan Kelly,ALAN KELLY,en,"To ask the Minister for Justice, Home Affairs and Migration the number of each level of public order training courses offered to Gardaí within Sligo-Leitrim division in 2025 and to-date in 2026; and the number of Gardai that participated in each of those course in each of the years in question, in tabular form.","Justice, Home Affairs and Migration",1748,1750
"426. Deputy Eamon Scanlon asked the Minister for Justice, Home Affairs and Migration for an update on proposed changes to the licensing laws; and when the relevant legislation is expected to be published and enacted. [69910/26]",Justice,the minister for justice home affairs and migration for an update on proposed changes to the licensing laws and when the relevant legislation is expected to be published and enacted 69910 26,2026-10-06,written,426,69910/26,Eamon Scanlon,EAMON SCANLON,en,"To ask the Minister for Justice, Home Affairs and Migration for an update on proposed changes to the licensing laws; and when the relevant legislation is expected to be published and enacted.","Justice, Home Affairs and Migration",1752,1754
"427. Deputy John Mcguinness asked the Minister for Justice, Home Affairs and Migration if the financial support given to volunteer centres relative to their work in the area of integration, will be continued and increased in Budget 2027. [69922/26]",Justice,the minister for justice home affairs and migration if the financial support given to volunteer centres relative to their work in the area of integration will be continued and increased in budget 2027 69922 26,2026-10-06,written,427,69922/26,John Mcguinness,JOHN MCGUINNESS,en,"To ask the Minister for Justice, Home Affairs and Migration if the financial support given to volunteer centres relative to their work in the area of integration, will be continued and increased in Budget 2027.","Justice, Home Affairs and Migration",1756,1758
"428. Deputy Pat the Cope Gallagher asked the Minister for Justice, Home Affairs and Migration when the District and Circuit Court will return to Donegal town courthouse; and if he will make a statement on the matter. [69985/26]",Justice,the minister for justice home affairs and migration when the district and circuit court will return to donegal town courthouse and 69985 26,2026-10-06,written,428,69985/26,Pat the Cope Gallagher,PAT THE COPE GALLAGHER,en,"To ask the Minister for Justice, Home Affairs and Migration when the District and Circuit Court will return to Donegal town courthouse; and if he will make a statement on the matter.","Justice, Home Affairs and Migration",1760,1762
"429. Deputy George Lawlor asked the Minister for Justice, Home Affairs and Migration further to Parliamentary Question No. 954 on 16 September 2026, if he has received the relevant the information from Garda Authorities to answer this PQ. [69968/26]",Justice,the minister for justice home affairs and migration further to parliamentary question no 954 on 16 september 2026 if he has received the relevant the information from garda authorities to answer this pq 69968 26,2026-10-06,written,429,69968/26,George Lawlor,GEORGE LAWLOR,en,"To ask the Minister for Justice, Home Affairs and Migration further to Parliamentary Question No. 954 on 16 September 2026, if he has received the relevant the information from Garda Authorities to answer this PQ.","Justice, Home Affairs and Migration",1764,1766
"430. Deputy Sean Fleming asked the Minister for Justice, Home Affairs and Migration to respond to correspondence (details supplied). [69965/26]",Justice,the minister for justice home affairs and migration to respond to correspondence details supplied 69965 26,2026-10-06,written,430,69965/26,Sean Fleming,SEAN FLEMING,en,"To ask the Minister for Justice, Home Affairs and Migration to respond to correspondence (details supplied).","Justice, Home Affairs and Migration",1768,1770
"431. Deputy Mattie Mcgrath asked the Minister for Justice, Home Affairs and Migration the full costs of the Heywood Road modular buildings, County Tipperary (details supplied), including all building, site preparation and security costs; and if he will make a statement on the matter. [70017/26]",Justice,the minister for justice home affairs and migration the full costs of the heywood road modular buildings county tipperary details supplied including all building site preparation and security costs and 70017 26,2026-10-06,written,431,70017/26,Mattie Mcgrath,MATTIE MCGRATH,en,"To ask the Minister for Justice, Home Affairs and Migration the full costs of the Heywood Road modular buildings, County Tipperary (details supplied), including all building, site preparation and security costs; and if he will make a statement on the matter.","Justice, Home Affairs and Migration",1772,1774
"432. Deputy Duncan Smith asked the Minister for Justice, Home Affairs and Migration to give careful and compassionate consideration of the full circumstances of an application by a family (details supplied) to remain in Ireland. [70055/26]",Justice,the minister for justice home affairs and migration to give careful and compassionate consideration of the full circumstances of an application by a family details supplied to remain in ireland 70055 26,2026-10-06,written,432,70055/26,Duncan Smith,DUNCAN SMITH,en,"To ask the Minister for Justice, Home Affairs and Migration to give careful and compassionate consideration of the full circumstances of an application by a family (details supplied) to remain in Ireland.","Justice, Home Affairs and Migration",1776,1778
"433. Deputy Gary Gannon asked the Minister for Justice, Home Affairs and Migration the number of people from Ukraine who have applied for international protection to date in 2026; and if he will make a statement on the matter. [70071/26]",Justice,the minister for justice home affairs and migration the number of people from ukraine who have applied for international protection to date in 2026 and 70071 26,2026-10-06,written,433,70071/26,Gary Gannon,GARY GANNON,en,"To ask the Minister for Justice, Home Affairs and Migration the number of people from Ukraine who have applied for international protection to date in 2026; and if he will make a statement on the matter.","Justice, Home Affairs and Migration",1780,1782
"434. Deputy Gary Gannon asked the Minister for Justice, Home Affairs and Migration the number of people who have been refused temporary protection in each month to date in 2026; and if he will make a statement on the matter. [70070/26]",Justice,the minister for justice home affairs and migration the number of people who have been refused temporary protection in each month to date in 2026 and 70070 26,2026-10-06,written,434,70070/26,Gary Gannon,GARY GANNON,en,"To ask the Minister for Justice, Home Affairs and Migration the number of people who have been refused temporary protection in each month to date in 2026; and if he will make a statement on the matter.","Justice, Home Affairs and Migration",1784,1786
"435. Deputy Gary Gannon asked the Minister for Justice, Home Affairs and Migration the number of people referred to the border procedure; the nationalities of those applicants; the reason for each application of the border procedure under the Act; and if he will make a statement on the matter. [70064/26]",Justice,the minister for justice home affairs and migration the number of people referred to the border procedure the nationalities of those applicants the reason for each application of the border procedure under the act and 70064 26,2026-10-06,written,435,70064/26,Gary Gannon,GARY GANNON,en,"To ask the Minister for Justice, Home Affairs and Migration the number of people referred to the border procedure; the nationalities of those applicants; the reason for each application of the border procedure under the Act; and if he will make a statement on the matter.","Justice, Home Affairs and Migration",1788,1790
"436. Deputy Gary Gannon asked the Minister for Justice, Home Affairs and Migration the number of family reunification applications on hand under the International Protection Acts 2015 and 2026; the number of applications waiting over 1, 2, 3, 4 , 5, and 6 years; and the number of decisions issued each month from 2021 to date in 2026, in tabular form; and if he will make a statement on the matter. [70069/26]",Justice,the minister for justice home affairs and migration the number of family reunification applications on hand under the international protection acts 2015 and 2026 the number of applications waiting over 1 2 3 4 5 and 6 years and the number of decisions issued each month from 2021 to date in 2026 in tabular form and 70069 26,2026-10-06,written,436,70069/26,Gary Gannon,GARY GANNON,en,"To ask the Minister for Justice, Home Affairs and Migration the number of family reunification applications on hand under the International Protection Acts 2015 and 2026; the number of applications waiting over 1, 2, 3, 4 , 5, and 6 years; and the number of decisions issued each month from 2021 to date in 2026, in tabular form; and if he will make a statement on the matter.","Justice, Home Affairs and Migration",1792,1794
"437. Deputy Gary Gannon asked the Minister for Justice, Home Affairs and Migration the number of implicit withdrawals under the International Protection Act 2026; the reason for the decisions; the number of appeals; the outcomes of those appeals; and if he will make a statement on the matter. [70063/26]",Justice,the minister for justice home affairs and migration the number of implicit withdrawals under the international protection act 2026 the reason for the decisions the number of appeals the outcomes of those appeals and 70063 26,2026-10-06,written,437,70063/26,Gary Gannon,GARY GANNON,en,"To ask the Minister for Justice, Home Affairs and Migration the number of implicit withdrawals under the International Protection Act 2026; the reason for the decisions; the number of appeals; the outcomes of those appeals; and if he will make a statement on the matter.","Justice, Home Affairs and Migration",1796,1798
"438. Deputy Gary Gannon asked the Minister for Justice, Home Affairs and Migration the legal basis for the issuing of a labour market access permit to an international protection applicant under the international protection act 2026; and if he will make a statement on the matter. [70068/26]",Justice,the minister for justice home affairs and migration the legal basis for the issuing of a labour market access permit to an international protection applicant under the international protection act 2026 and 70068 26,2026-10-06,written,438,70068/26,Gary Gannon,GARY GANNON,en,"To ask the Minister for Justice, Home Affairs and Migration the legal basis for the issuing of a labour market access permit to an international protection applicant under the international protection act 2026; and if he will make a statement on the matter.","Justice, Home Affairs and Migration",1800,1802
"439. Deputy Gary Gannon asked the Minister for Justice, Home Affairs and Migration the number applicants under the AMMR strand of the International Protection Act 2026; the number of appeals under AMMR; the outcomes of those appeals; the number transferred to another member State under AMMR; and if he will make a statement on the matter. [70062/26]",Justice,the minister for justice home affairs and migration the number applicants under the ammr strand of the international protection act 2026 the number of appeals under ammr the outcomes of those appeals the number transferred to another member state under ammr and 70062 26,2026-10-06,written,439,70062/26,Gary Gannon,GARY GANNON,en,"To ask the Minister for Justice, Home Affairs and Migration the number applicants under the AMMR strand of the International Protection Act 2026; the number of appeals under AMMR; the outcomes of those appeals; the number transferred to another member State under AMMR; and if he will make a statement on the matter.","Justice, Home Affairs and Migration",1804,1806
"440. Deputy Gary Gannon asked the Minister for Justice, Home Affairs and Migration the number of people referred to the accelerated procedure; the nationalities of those applicants; the reason for each application of the accelerated procedure under the Act; and if he will make a statement on the matter. [70065/26]",Justice,the minister for justice home affairs and migration the number of people referred to the accelerated procedure the nationalities of those applicants the reason for each application of the accelerated procedure under the act and 70065 26,2026-10-06,written,440,70065/26,Gary Gannon,GARY GANNON,en,"To ask the Minister for Justice, Home Affairs and Migration the number of people referred to the accelerated procedure; the nationalities of those applicants; the reason for each application of the accelerated procedure under the Act; and if he will make a statement on the matter.","Justice, Home Affairs and Migration",1808,1810
"441. Deputy Gary Gannon asked the Minister for Justice, Home Affairs and Migration the number of people found to have special procedural needs; a breakdown of the identified needs; the number who have received special procedural conditions as a result of an assessment; the number of applicants who have not been referred to accelerated or border procedures due to their special procedural needs; and if he will make a statement on the matter. [70067/26]",Justice,the minister for justice home affairs and migration the number of people found to have special procedural needs a breakdown of the identified needs the number who have received special procedural conditions as a result of an assessment the number of applicants who have not been referred to accelerated or border procedures due to their special procedural needs and 70067 26,2026-10-06,written,441,70067/26,Gary Gannon,GARY GANNON,en,"To ask the Minister for Justice, Home Affairs and Migration the number of people found to have special procedural needs; a breakdown of the identified needs; the number who have received special procedural conditions as a result of an assessment; the number of applicants who have not been referred to accelerated or border procedures due to their special procedural needs; and if he will make a statement on the matter.","Justice, Home Affairs and Migration",1812,1814
"442. Deputy Aidan Farrelly asked the Minister for Justice, Home Affairs and Migration the total value of Youth Diversion funding for each recipient organisation in each of the 2024, 2025 and to date in 2026, in tabular from. [70003/26]",Justice,the minister for justice home affairs and migration the total value of youth diversion funding for each recipient organisation in each of the 2024 2025 and to date in 2026 in tabular from 70003 26,2026-10-06,written,442,70003/26,Aidan Farrelly,AIDAN FARRELLY,en,"To ask the Minister for Justice, Home Affairs and Migration the total value of Youth Diversion funding for each recipient organisation in each of the 2024, 2025 and to date in 2026, in tabular from.","Justice, Home Affairs and Migration",1816,1818
"443. Deputy Gary Gannon asked the Minister for Justice, Home Affairs and Migration the number of people found to have special reception needs; a breakdown of the identified needs; the number who have received special reception conditions as a result of an assessment; the number of applicants who have not been referred to accelerated or border procedures due to their special reception needs; and if he will make a statement on the matter. [70066/26]",Justice,the minister for justice home affairs and migration the number of people found to have special reception needs a breakdown of the identified needs the number who have received special reception conditions as a result of an assessment the number of applicants who have not been referred to accelerated or border procedures due to their special reception needs and 70066 26,2026-10-06,written,443,70066/26,Gary Gannon,GARY GANNON,en,"To ask the Minister for Justice, Home Affairs and Migration the number of people found to have special reception needs; a breakdown of the identified needs; the number who have received special reception conditions as a result of an assessment; the number of applicants who have not been referred to accelerated or border procedures due to their special reception needs; and if he will make a statement on the matter.","Justice, Home Affairs and Migration",1820,1822
"444. Deputy Peadar Tóibín asked the Minister for Justice, Home Affairs and Migration the total expenditure incurred by the State on emergency accommodation for international protection applicants in each of the past five years and to date in 2026; and the average cost per person accommodated. [69798/26]",Justice,the minister for justice home affairs and migration the total expenditure incurred by the state on emergency accommodation for international protection applicants in each of the past five years and to date in 2026 and the average cost per person accommodated 69798 26,2026-10-06,written,444,69798/26,Peadar Tóibín,PEADAR TÓIBÍN,en,"To ask the Minister for Justice, Home Affairs and Migration the total expenditure incurred by the State on emergency accommodation for international protection applicants in each of the past five years and to date in 2026; and the average cost per person accommodated.","Justice, Home Affairs and Migration",1824,1826
"445. Deputy Peadar Tóibín asked the Minister for Justice, Home Affairs and Migration the number of active contracts currently held by the State for the provision of emergency accommodation for international protection applicants; the number of individual providers involved; and the county location of each accommodation centre. [69799/26]",Justice,the minister for justice home affairs and migration the number of active contracts currently held by the state for the provision of emergency accommodation for international protection applicants the number of individual providers involved and the county location of each accommodation centre 69799 26,2026-10-06,written,445,69799/26,Peadar Tóibín,PEADAR TÓIBÍN,en,"To ask the Minister for Justice, Home Affairs and Migration the number of active contracts currently held by the State for the provision of emergency accommodation for international protection applicants; the number of individual providers involved; and the county location of each accommodation centre.","Justice, Home Affairs and Migration",1828,1830
"446. Deputy Peadar Tóibín asked the Minister for Justice, Home Affairs and Migration the ten largest providers of emergency accommodation for international protection applicants currently contracted by the State; and the value of payments made to each provider in 2025 and to date in 2026. [69800/26]",Justice,the minister for justice home affairs and migration the ten largest providers of emergency accommodation for international protection applicants currently contracted by the state and the value of payments made to each provider in 2025 and to date in 2026 69800 26,2026-10-06,written,446,69800/26,Peadar Tóibín,PEADAR TÓIBÍN,en,"To ask the Minister for Justice, Home Affairs and Migration the ten largest providers of emergency accommodation for international protection applicants currently contracted by the State; and the value of payments made to each provider in 2025 and to date in 2026.","Justice, Home Affairs and Migration",1832,1834
"447. Deputy Conor Sheehan asked the Minister for Justice, Home Affairs and Migration the timeline for introducing revised qualifying and eligibility criteria for individuals seeking access to both civil and criminal legal aid schemes; if his Department plans to amend the financial means-assessment thresholds to ensure greater access to justice; and the current progress of any draft regulations or legislation regarding these changes. [70088/26]",Justice,the minister for justice home affairs and migration the timeline for introducing revised qualifying and eligibility criteria for individuals seeking access to both civil and criminal legal aid schemes if his department plans to amend the financial means-assessment thresholds to ensure greater access to justice and the current progress of any draft regulations or legislation regarding these changes 70088 26,2026-10-06,written,447,70088/26,Conor Sheehan,CONOR SHEEHAN,en,"To ask the Minister for Justice, Home Affairs and Migration the timeline for introducing revised qualifying and eligibility criteria for individuals seeking access to both civil and criminal legal aid schemes; if his Department plans to amend the financial means-assessment thresholds to ensure greater access to justice; and the current progress of any draft regulations or legislation regarding these changes.","Justice, Home Affairs and Migration",1836,1838
"448. Deputy Roderic O'Gorman asked the Minister for Justice, Home Affairs and Migration to provide updated information on pathways to resettlement for Palestinians in Gaza coming to Ireland. [70188/26]",Justice,the minister for justice home affairs and migration to provide updated information on pathways to resettlement for palestinians in gaza coming to ireland 70188 26,2026-10-06,written,448,70188/26,Roderic O'Gorman,RODERIC O'GORMAN,en,"To ask the Minister for Justice, Home Affairs and Migration to provide updated information on pathways to resettlement for Palestinians in Gaza coming to Ireland.","Justice, Home Affairs and Migration",1840,1842
"449. Deputy Thomas Gould asked the Minister for Justice, Home Affairs and Migration to confirm that he no longer intends to demolish Cork's Detention Barracks on Rathmore Road given it now has proposed protected structure status similar to that of the O'Rahilly House when it was demolished. [70283/26]",Justice,the minister for justice home affairs and migration to confirm that he no longer intends to demolish cork s detention barracks on rathmore road given it now has proposed protected structure status similar to that of the o rahilly house when it was demolished 70283 26,2026-10-06,written,449,70283/26,Thomas Gould,THOMAS GOULD,en,"To ask the Minister for Justice, Home Affairs and Migration to confirm that he no longer intends to demolish Cork's Detention Barracks on Rathmore Road given it now has proposed protected structure status similar to that of the O'Rahilly House when it was demolished.","Justice, Home Affairs and Migration",1844,1846
"450. Deputy Roderic O'Gorman asked the Minister for Justice, Home Affairs and Migration the number of student visa applications from students in Palestine for each year from 2020 to 2026 inclusive, broken down by the number of applications approved and rejected each year, in tabular form. [70189/26]",Justice,the minister for justice home affairs and migration the number of student visa applications from students in palestine for each year from 2020 to 2026 inclusive broken down by the number of applications approved and rejected each year in tabular form 70189 26,2026-10-06,written,450,70189/26,Roderic O'Gorman,RODERIC O'GORMAN,en,"To ask the Minister for Justice, Home Affairs and Migration the number of student visa applications from students in Palestine for each year from 2020 to 2026 inclusive, broken down by the number of applications approved and rejected each year, in tabular form.","Justice, Home Affairs and Migration",1848,1850
"451. Deputy Pat Buckley asked the Minister for Justice, Home Affairs and Migration to allocate multi annual funding to a programme (details supplied), as it is currently in jeopardy; and if he will make a statement on the matter. [70361/26]",Justice,the minister for justice home affairs and migration to allocate multi annual funding to a programme details supplied as it is currently in jeopardy and 70361 26,2026-10-06,written,451,70361/26,Pat Buckley,PAT BUCKLEY,en,"To ask the Minister for Justice, Home Affairs and Migration to allocate multi annual funding to a programme (details supplied), as it is currently in jeopardy; and if he will make a statement on the matter.","Justice, Home Affairs and Migration",1852,1854
"452. Deputy Malcolm Byrne asked the Minister for Justice, Home Affairs and Migration the number of unlicensed firearms seized in the State each year from 2016 to 2025, inclusive. [70373/26]",Justice,the minister for justice home affairs and migration the number of unlicensed firearms seized in the state each year from 2016 to 2025 inclusive 70373 26,2026-10-06,written,452,70373/26,Malcolm Byrne,MALCOLM BYRNE,en,"To ask the Minister for Justice, Home Affairs and Migration the number of unlicensed firearms seized in the State each year from 2016 to 2025, inclusive.","Justice, Home Affairs and Migration",1856,1858
"453. Deputy Malcolm Byrne asked the Minister for Justice, Home Affairs and Migration the number of licensed firearms held in the State at the end of each year 2016 to 2025, inclusive. [70372/26]",Justice,the minister for justice home affairs and migration the number of licensed firearms held in the state at the end of each year 2016 to 2025 inclusive 70372 26,2026-10-06,written,453,70372/26,Malcolm Byrne,MALCOLM BYRNE,en,"To ask the Minister for Justice, Home Affairs and Migration the number of licensed firearms held in the State at the end of each year 2016 to 2025, inclusive.","Justice, Home Affairs and Migration",1860,1862
"454. Deputy Cian O'Callaghan asked the Minister for Justice, Home Affairs and Migration if additional youth diversion projects will be funded in the upcoming budget; the youth diversion supports that are available in an area (details supplied); and if his Department believes further resources are needed in this area. [70342/26]",Justice,the minister for justice home affairs and migration if additional youth diversion projects will be funded in the upcoming budget the youth diversion supports that are available in an area details supplied and if his department believes further resources are needed in this area 70342 26,2026-10-06,written,454,70342/26,Cian O'Callaghan,CIAN O'CALLAGHAN,en,"To ask the Minister for Justice, Home Affairs and Migration if additional youth diversion projects will be funded in the upcoming budget; the youth diversion supports that are available in an area (details supplied); and if his Department believes further resources are needed in this area.","Justice, Home Affairs and Migration",1864,1866
"455. Deputy Aidan Farrelly asked the Minister for Justice, Home Affairs and Migration the number of and summary of disclosures made to him under Section 41 of the Garda Síochána Act 2005 to date in 2026. [70425/26]",Justice,the minister for justice home affairs and migration the number of and summary of disclosures made to him under section 41 of the garda síochána act 2005 to date in 2026 70425 26,2026-10-06,written,455,70425/26,Aidan Farrelly,AIDAN FARRELLY,en,"To ask the Minister for Justice, Home Affairs and Migration the number of and summary of disclosures made to him under Section 41 of the Garda Síochána Act 2005 to date in 2026.","Justice, Home Affairs and Migration",1868,1870
"456. Deputy Michael Murphy asked the Minister for Justice, Home Affairs and Migration the number of electric vehicles in the fleet of An Garda Síochána. [70448/26]",Justice,the minister for justice home affairs and migration the number of electric vehicles in the fleet of an garda síochána 70448 26,2026-10-06,written,456,70448/26,Michael Murphy,MICHAEL MURPHY,en,"To ask the Minister for Justice, Home Affairs and Migration the number of electric vehicles in the fleet of An Garda Síochána.","Justice, Home Affairs and Migration",1872,1874
"457. Deputy Michael Murphy asked the Minister for Justice, Home Affairs and Migration the number of fast chargers installed in Garda stations. [70446/26]",Justice,the minister for justice home affairs and migration the number of fast chargers installed in garda stations 70446 26,2026-10-06,written,457,70446/26,Michael Murphy,MICHAEL MURPHY,en,"To ask the Minister for Justice, Home Affairs and Migration the number of fast chargers installed in Garda stations.","Justice, Home Affairs and Migration",1876,1878
"458. Deputy Aidan Farrelly asked the Minister for Justice, Home Affairs and Migration the value of plaintiff legal or other costs arising from the settlement agreements made in respect of terminated pre-contract agreements with the International Protection Accommodation Service and accommodation providers. [70445/26]",Justice,the minister for justice home affairs and migration the value of plaintiff legal or other costs arising from the settlement agreements made in respect of terminated pre-contract agreements with the international protection accommodation service and accommodation providers 70445 26,2026-10-06,written,458,70445/26,Aidan Farrelly,AIDAN FARRELLY,en,"To ask the Minister for Justice, Home Affairs and Migration the value of plaintiff legal or other costs arising from the settlement agreements made in respect of terminated pre-contract agreements with the International Protection Accommodation Service and accommodation providers.","Justice, Home Affairs and Migration",1880,1882
"459. Deputy Emer Currie asked the Minister for Justice, Home Affairs and Migration if the Garda Dublin Metropolitan Region (DMR) held a regional roads policing competition in 2025-2026 to provide roads policing cover to all Garda divisions within the DMR; and the number of Garda members that applied and were successful and the number waiting for placement. [70461/26]",Justice,the minister for justice home affairs and migration if the garda dublin metropolitan region dmr held a regional roads policing competition in 2025-2026 to provide roads policing cover to all garda divisions within the dmr and the number of garda members that applied and were successful and the number waiting for placement 70461 26,2026-10-06,written,459,70461/26,Emer Currie,EMER CURRIE,en,"To ask the Minister for Justice, Home Affairs and Migration if the Garda Dublin Metropolitan Region (DMR) held a regional roads policing competition in 2025-2026 to provide roads policing cover to all Garda divisions within the DMR; and the number of Garda members that applied and were successful and the number waiting for placement.","Justice, Home Affairs and Migration",1884,1886
"460. Deputy Emer Currie asked the Minister for Justice, Home Affairs and Migration the number of divisional roads policing competitions that were held in 2025-2026 for sworn Gardaí to apply to join divisional roads policing units nationwide; the number of Gardaí that applied for each competition; the number who were successful; and the number of sucessful applicants awaiting placement to a roads policing unit. [70460/26]",Justice,the minister for justice home affairs and migration the number of divisional roads policing competitions that were held in 2025-2026 for sworn gardaí to apply to join divisional roads policing units nationwide the number of gardaí that applied for each competition the number who were successful and the number of sucessful applicants awaiting placement to a roads policing unit 70460 26,2026-10-06,written,460,70460/26,Emer Currie,EMER CURRIE,en,"To ask the Minister for Justice, Home Affairs and Migration the number of divisional roads policing competitions that were held in 2025-2026 for sworn Gardaí to apply to join divisional roads policing units nationwide; the number of Gardaí that applied for each competition; the number who were successful; and the number of sucessful applicants awaiting placement to a roads policing unit.","Justice, Home Affairs and Migration",1888,1890
"461. Deputy Naoise Ó Muirí asked the Minister for Justice, Home Affairs and Migration if the forthcoming legislation on violent and extreme pornography will adopt the Council of Europe’s definition of such material, including depictions or simulations of violence, coercion, sexual assault, degradation and non-consensual conduct; and if the council will also criminalise content involving necrophilia and bestiality. [70454/26]",Justice,the minister for justice home affairs and migration if the forthcoming legislation on violent and extreme pornography will adopt the council of europe s definition of such material including depictions or simulations of violence coercion sexual assault degradation and non-consensual conduct and if the council will also criminalise content involving necrophilia and bestiality 70454 26,2026-10-06,written,461,70454/26,Naoise Ó Muirí,NAOISE Ó MUIRÍ,en,"To ask the Minister for Justice, Home Affairs and Migration if the forthcoming legislation on violent and extreme pornography will adopt the Council of Europe’s definition of such material, including depictions or simulations of violence, coercion, sexual assault, degradation and non-consensual conduct; and if the council will also criminalise content involving necrophilia and bestiality.","Justice, Home Affairs and Migration",1892,1894
"462. Deputy Cian O'Callaghan asked the Minister for Justice, Home Affairs and Migration if the Intention to grant/payment letter has been issued to a person (details supplied); and if so, the date on which the letter was sent. [70451/26]",Justice,the minister for justice home affairs and migration if the intention to grant payment letter has been issued to a person details supplied the date on which the letter was sent 70451 26,2026-10-06,written,462,70451/26,Cian O'Callaghan,CIAN O'CALLAGHAN,en,"To ask the Minister for Justice, Home Affairs and Migration if the Intention to grant/payment letter has been issued to a person (details supplied); and if so, the date on which the letter was sent.","Justice, Home Affairs and Migration",1896,1898
"463. Deputy Eoin Ó Broin asked the Minister for Justice, Home Affairs and Migration whether his Department holds, or has held in the preceding five years, contracts with a company (details supplied); and the value and purpose of any such contracts. [70477/26]",Justice,the minister for justice home affairs and migration whether his department holds or has held in the preceding five years contracts with a company details supplied and the value and purpose of any such contracts 70477 26,2026-10-06,written,463,70477/26,Eoin Ó Broin,EOIN Ó BROIN,en,"To ask the Minister for Justice, Home Affairs and Migration whether his Department holds, or has held in the preceding five years, contracts with a company (details supplied); and the value and purpose of any such contracts.","Justice, Home Affairs and Migration",1900,1902
"464. Deputy Catherine Callaghan asked the Minister for Justice, Home Affairs and Migration the number of solicitors on the criminal legal aid panel and the number of solicitors from the panel who did not receive any legal aid fees in 2025. [70573/26]",Justice,the minister for justice home affairs and migration the number of solicitors on the criminal legal aid panel and the number of solicitors from the panel who did not receive any legal aid fees in 2025 70573 26,2026-10-06,written,464,70573/26,Catherine Callaghan,CATHERINE CALLAGHAN,en,"To ask the Minister for Justice, Home Affairs and Migration the number of solicitors on the criminal legal aid panel and the number of solicitors from the panel who did not receive any legal aid fees in 2025.","Justice, Home Affairs and Migration",1904,1906
"465. Deputy Michael Murphy asked the Minister for Justice, Home Affairs and Migration further to PQ63901/26, the cumulative cost to the Exchequer, on a week-by-week basis, of the interim arrangement for the provision of coronial post-mortem examinations at UHW by locum pathologists since the arrangement commenced on 1 Jan 2026; and, if he maintains that disclosure of these aggregate expenditure figures is commercially sensitive, to set out in detail the precise basis on which the disclosure of public expenditure already incurred would prejudice the commercial interests of the State or any contracting party, including the nature of the prejudice anticipated. [70556/26]",Justice,the minister for justice home affairs and migration further to pq63901 26 the cumulative cost to the exchequer on a week-by-week basis of the interim arrangement for the provision of coronial post-mortem examinations at uhw by locum pathologists since the arrangement commenced on 1 jan 2026 and if he maintains that disclosure of these aggregate expenditure figures is commercially sensitive to set out in detail the precise basis on which the disclosure of public expenditure already incurred would prejudice the commercial interests of the state or any contracting party including the nature of the prejudice anticipated 70556 26,2026-10-06,written,465,70556/26,Michael Murphy,MICHAEL MURPHY,en,"To ask the Minister for Justice, Home Affairs and Migration further to PQ63901/26, the cumulative cost to the Exchequer, on a week-by-week basis, of the interim arrangement for the provision of coronial post-mortem examinations at UHW by locum pathologists since the arrangement commenced on 1 Jan 2026; and, if he maintains that disclosure of these aggregate expenditure figures is commercially sensitive, to set out in detail the precise basis on which the disclosure of public expenditure already incurred would prejudice the commercial interests of the State or any contracting party, including the nature of the prejudice anticipated.","Justice, Home Affairs and Migration",1908,1910
"466. Deputy Carol Nolan asked the Minister for Justice, Home Affairs and Migration his views on the latest report from the Comptroller and Auditor General which found that with respect to asylum and IPAS accommodation “no value” had been secured from the money paid out, which represented “a substantial loss to taxpayers""; and to provide the details of the total amount lost to taxpayers from these contracts. [70511/26]",Justice,the minister for justice home affairs and migration his views on the latest report from the comptroller and auditor general which found that with respect to asylum and ipas accommodation no value had been secured from the money paid out which represented a substantial loss to taxpayers and to provide the details of the total amount lost to taxpayers from these contracts 70511 26,2026-10-06,written,466,70511/26,Carol Nolan,CAROL NOLAN,en,"To ask the Minister for Justice, Home Affairs and Migration his views on the latest report from the Comptroller and Auditor General which found that with respect to asylum and IPAS accommodation “no value” had been secured from the money paid out, which represented “a substantial loss to taxpayers""; and to provide the details of the total amount lost to taxpayers from these contracts.","Justice, Home Affairs and Migration",1912,1914
"467. Deputy Duncan Smith asked the Minister for Justice, Home Affairs and Migration can he provide an update on the drafting of National Cyber Security Bill; and when is it expected this Bill will be published. [70630/26]",Justice,the minister for justice home affairs and migration can he provide an update on the drafting of national cyber security bill and when is it expected this bill will be published 70630 26,2026-10-06,written,467,70630/26,Duncan Smith,DUNCAN SMITH,en,"To ask the Minister for Justice, Home Affairs and Migration can he provide an update on the drafting of National Cyber Security Bill; and when is it expected this Bill will be published.","Justice, Home Affairs and Migration",1916,1918
"468. Deputy Conor Sheehan asked the Minister for Justice, Home Affairs and Migration the accommodation centres under the remit of the Office of the Chief Inspector of Asylum Border Procedures; the way in which the Chief Inspectors role interacts with and differs from that of HIQA; and the new designated asylum border facilities that are planned. [70668/26]",Justice,the minister for justice home affairs and migration the accommodation centres under the remit of the office of the chief inspector of asylum border procedures the way in which the chief inspectors role interacts with and differs from that of hiqa and the new designated asylum border facilities that are planned 70668 26,2026-10-06,written,468,70668/26,Conor Sheehan,CONOR SHEEHAN,en,"To ask the Minister for Justice, Home Affairs and Migration the accommodation centres under the remit of the Office of the Chief Inspector of Asylum Border Procedures; the way in which the Chief Inspectors role interacts with and differs from that of HIQA; and the new designated asylum border facilities that are planned.","Justice, Home Affairs and Migration",1920,1922
"469. Deputy Conor Sheehan asked the Minister for Justice, Home Affairs and Migration if the National Standards on Accommodation offered to people in the International Protection process are being reviewed and updated in line with recent legislative and policy changes; the status of any such work; the person or body leading it; and the stakeholders are being consulted. [70667/26]",Justice,the minister for justice home affairs and migration if the national standards on accommodation offered to people in the international protection process are being reviewed and updated in line with recent legislative and policy changes the status of any such work the person or body leading it and the stakeholders are being consulted 70667 26,2026-10-06,written,469,70667/26,Conor Sheehan,CONOR SHEEHAN,en,"To ask the Minister for Justice, Home Affairs and Migration if the National Standards on Accommodation offered to people in the International Protection process are being reviewed and updated in line with recent legislative and policy changes; the status of any such work; the person or body leading it; and the stakeholders are being consulted.","Justice, Home Affairs and Migration",1924,1926
"470. Deputy Conor Sheehan asked the Minister for Justice, Home Affairs and Migration the number of accommodation centres currently under the remit of HIQA, the number of accommodation centres not under the remit of HIQA; and the accommodation centres that do and do not come under the remit of HIQA, in tabular form. [70679/26]",Justice,the minister for justice home affairs and migration the number of accommodation centres currently under the remit of hiqa the number of accommodation centres not under the remit of hiqa and the accommodation centres that do and do not come under the remit of hiqa in tabular form 70679 26,2026-10-06,written,470,70679/26,Conor Sheehan,CONOR SHEEHAN,en,"To ask the Minister for Justice, Home Affairs and Migration the number of accommodation centres currently under the remit of HIQA, the number of accommodation centres not under the remit of HIQA; and the accommodation centres that do and do not come under the remit of HIQA, in tabular form.","Justice, Home Affairs and Migration",1928,1930
"471. Deputy Pa Daly asked the Minister for Justice, Home Affairs and Migration the current status of a family reunification application in respect of a person (details supplied); the reason for the delay in reaching a decision given the length of time since the application was submitted; if the application can be urgently reviewed in light of the serious protection concerns affecting the applicant’s children currently in Pakistan and the reported risk of forced return to Afghanistan; and when a decision is expected. [70674/26]",Justice,the minister for justice home affairs and migration the current status of a family reunification application in respect of a person details supplied the reason for the delay in reaching a decision given the length of time since the application was submitted if the application can be urgently reviewed in light of the serious protection concerns affecting the applicant s children currently in pakistan and the reported risk of forced return to afghanistan and when a decision is expected 70674 26,2026-10-06,written,471,70674/26,Pa Daly,PA DALY,en,"To ask the Minister for Justice, Home Affairs and Migration the current status of a family reunification application in respect of a person (details supplied); the reason for the delay in reaching a decision given the length of time since the application was submitted; if the application can be urgently reviewed in light of the serious protection concerns affecting the applicant’s children currently in Pakistan and the reported risk of forced return to Afghanistan; and when a decision is expected.","Justice, Home Affairs and Migration",1932,1934
"472. Deputy Conor Sheehan asked the Minister for Justice, Home Affairs and Migration if Garda vetting is required for staff working in designated accommodation centres for beneficiaries of temporary protection; the complaints process in place in these centres; and the safeguarding measures in place in these centres. [70672/26]",Justice,the minister for justice home affairs and migration if garda vetting is required for staff working in designated accommodation centres for beneficiaries of temporary protection the complaints process in place in these centres and the safeguarding measures in place in these centres 70672 26,2026-10-06,written,472,70672/26,Conor Sheehan,CONOR SHEEHAN,en,"To ask the Minister for Justice, Home Affairs and Migration if Garda vetting is required for staff working in designated accommodation centres for beneficiaries of temporary protection; the complaints process in place in these centres; and the safeguarding measures in place in these centres.","Justice, Home Affairs and Migration",1936,1938
"473. Deputy Catherine Callaghan asked the Minister for Justice, Home Affairs and Migration the number of criminal legal aid certificates granted since 01 July 2026 without an application by a defence solicitor. [70671/26]",Justice,the minister for justice home affairs and migration the number of criminal legal aid certificates granted since 01 july 2026 without an application by a defence solicitor 70671 26,2026-10-06,written,473,70671/26,Catherine Callaghan,CATHERINE CALLAGHAN,en,"To ask the Minister for Justice, Home Affairs and Migration the number of criminal legal aid certificates granted since 01 July 2026 without an application by a defence solicitor.","Justice, Home Affairs and Migration",1940,1942
"474. Deputy Conor Sheehan asked the Minister for Justice, Home Affairs and Migration if the National Standards on Accommodation offered to people in the International Protection process apply to all accommodation centres for international protection applicants, including those living in so called ""emergency centres"" and designated border facilities as proposed under the newly adopted International Protection Act 2026. [70670/26]",Justice,the minister for justice home affairs and migration if the national standards on accommodation offered to people in the international protection process apply to all accommodation centres for international protection applicants including those living in so called emergency centres and designated border facilities as proposed under the newly adopted international protection act 2026 70670 26,2026-10-06,written,474,70670/26,Conor Sheehan,CONOR SHEEHAN,en,"To ask the Minister for Justice, Home Affairs and Migration if the National Standards on Accommodation offered to people in the International Protection process apply to all accommodation centres for international protection applicants, including those living in so called ""emergency centres"" and designated border facilities as proposed under the newly adopted International Protection Act 2026.","Justice, Home Affairs and Migration",1944,1946
"475. Deputy Mattie Mcgrath asked the Minister for Agriculture, Food and the Marine further to Parliamentary Question No. 62040/26, to provide a breakdown of where the €500,000 was invested in the development and enhancement of fire line infrastructure and associated forest fire mitigation measures across Coilte's estate (details supplied); the areas where new fire lines were constructed and the areas where existing fire lines were renewed; the investment in firebreaks that occurred in south Tipperary; and if he plans to upgrade and maintain fire lines in south Tipperary, particularly on Slievenamon. [69996/26]",Agriculture,the minister for agriculture food and the marine further to parliamentary question no 62040 26 to provide a breakdown of where the 500 000 was invested in the development and enhancement of fire line infrastructure and associated forest fire mitigation measures across coilte s estate details supplied the areas where new fire lines were constructed and the areas where existing fire lines were renewed the investment in firebreaks that occurred in south tipperary and if he plans to upgrade and maintain fire lines in south tipperary particularly on slievenamon 69996 26,2026-10-06,written,475,69996/26,Mattie Mcgrath,MATTIE MCGRATH,en,"To ask the Minister for Agriculture, Food and the Marine further to Parliamentary Question No. 62040/26, to provide a breakdown of where the €500,000 was invested in the development and enhancement of fire line infrastructure and associated forest fire mitigation measures across Coilte's estate (details supplied); the areas where new fire lines were constructed and the areas where existing fire lines were renewed; the investment in firebreaks that occurred in south Tipperary; and if he plans to upgrade and maintain fire lines in south Tipperary, particularly on Slievenamon.","Agriculture, Food and the Marine",1951,1953
"476. Deputy Martin Kenny asked the Minister for Agriculture, Food and the Marine the number of the 40 new dog warden roles promised that have now been allocated; and if a breakdown of such allocations will be given by Council areas. [70019/26]",Agriculture,the minister for agriculture food and the marine the number of the 40 new dog warden roles promised that have now been allocated and if a breakdown of such allocations will be given by council areas 70019 26,2026-10-06,written,476,70019/26,Martin Kenny,MARTIN KENNY,en,"To ask the Minister for Agriculture, Food and the Marine the number of the 40 new dog warden roles promised that have now been allocated; and if a breakdown of such allocations will be given by Council areas.","Agriculture, Food and the Marine",1955,1957
"477. Deputy Barry Ward asked the Minister for Agriculture, Food and the Marine if Ireland supports the inclusion of a robust review mechanism in the revised EU Animal Transport Regulation to ensure that journey times, space allowances, temperature limits and other welfare requirements can be strengthened where subsequent scientific evidence demonstrates that further measures are necessary. [70091/26]",Agriculture,the minister for agriculture food and the marine if ireland supports the inclusion of a robust review mechanism in the revised eu animal transport regulation to ensure that journey times space allowances temperature limits and other welfare requirements can be strengthened where subsequent scientific evidence demonstrates that further measures are necessary 70091 26,2026-10-06,written,477,70091/26,Barry Ward,BARRY WARD,en,"To ask the Minister for Agriculture, Food and the Marine if Ireland supports the inclusion of a robust review mechanism in the revised EU Animal Transport Regulation to ensure that journey times, space allowances, temperature limits and other welfare requirements can be strengthened where subsequent scientific evidence demonstrates that further measures are necessary.","Agriculture, Food and the Marine",1959,1961
"478. Deputy Barry Ward asked the Minister for Agriculture, Food and the Marine if Ireland supports the inclusion of time spent transporting animals on roll-on roll-off ferries within the calculation of maximum journey times under the proposed EU Animal Transport Regulation; if not, the reasons for Ireland's position. [70090/26]",Agriculture,the minister for agriculture food and the marine if ireland supports the inclusion of time spent transporting animals on roll-on roll-off ferries within the calculation of maximum journey times under the proposed eu animal transport regulation if not the reasons for ireland s position 70090 26,2026-10-06,written,478,70090/26,Barry Ward,BARRY WARD,en,"To ask the Minister for Agriculture, Food and the Marine if Ireland supports the inclusion of time spent transporting animals on roll-on roll-off ferries within the calculation of maximum journey times under the proposed EU Animal Transport Regulation; if not, the reasons for Ireland's position.","Agriculture, Food and the Marine",1963,1965
"479. Deputy Barry Ward asked the Minister for Agriculture, Food and the Marine in the context of negotiations on the revision of the EU Animal Transport Regulation, the specific position Ireland is taking on specific provisions related to animal welfare concerns (details supplied). [70089/26]",Agriculture,the minister for agriculture food and the marine in the context of negotiations on the revision of the eu animal transport regulation the specific position ireland is taking on specific provisions related to animal welfare concerns details supplied 70089 26,2026-10-06,written,479,70089/26,Barry Ward,BARRY WARD,en,"To ask the Minister for Agriculture, Food and the Marine in the context of negotiations on the revision of the EU Animal Transport Regulation, the specific position Ireland is taking on specific provisions related to animal welfare concerns (details supplied).","Agriculture, Food and the Marine",1967,1969
"480. Deputy Barry Ward asked the Minister for Agriculture, Food and the Marine in the context of the revision of the EU Animal Transport Regulation and the European Commission’s EU Livestock Strategy, the position Ireland is taking on the development of a clear EU roadmap to facilitate a gradual transition, where economically and practically viable, from long-distance live animal transport towards the transport and trade of meat, carcasses and genetic material. [70092/26]",Agriculture,the minister for agriculture food and the marine in the context of the revision of the eu animal transport regulation and the european commission s eu livestock strategy the position ireland is taking on the development of a clear eu roadmap to facilitate a gradual transition where economically and practically viable from long-distance live animal transport towards the transport and trade of meat carcasses and genetic material 70092 26,2026-10-06,written,480,70092/26,Barry Ward,BARRY WARD,en,"To ask the Minister for Agriculture, Food and the Marine in the context of the revision of the EU Animal Transport Regulation and the European Commission’s EU Livestock Strategy, the position Ireland is taking on the development of a clear EU roadmap to facilitate a gradual transition, where economically and practically viable, from long-distance live animal transport towards the transport and trade of meat, carcasses and genetic material.","Agriculture, Food and the Marine",1971,1973
"481. Deputy Séamus Mcgrath asked the Minister for Agriculture, Food and the Marine to reply to query in (details supplied). [70084/26]",Agriculture,the minister for agriculture food and the marine to reply to query in details supplied 70084 26,2026-10-06,written,481,70084/26,Séamus Mcgrath,SÉAMUS MCGRATH,en,"To ask the Minister for Agriculture, Food and the Marine to reply to query in (details supplied).","Agriculture, Food and the Marine",1975,1977
"482. Deputy Barry Ward asked the Minister for Agriculture, Food and the Marine in light of recent research published in 2026 (details supplied) which found that a significant proportion of unweaned calves transported from Ireland to the Netherlands had underlying respiratory disease which was not identified through standard clinical assessment, if Ireland is seeking changes to the fitness-for-transport requirements for unweaned calves under the proposed revision of EU animal transport legislation. [70086/26]",Agriculture,the minister for agriculture food and the marine in light of recent research published in 2026 details supplied which found that a significant proportion of unweaned calves transported from ireland to the netherlands had underlying respiratory disease which was not identified through standard clinical assessment if ireland is seeking changes to the fitness-for-transport requirements for unweaned calves under the proposed revision of eu animal transport legislation 70086 26,2026-10-06,written,482,70086/26,Barry Ward,BARRY WARD,en,"To ask the Minister for Agriculture, Food and the Marine in light of recent research published in 2026 (details supplied) which found that a significant proportion of unweaned calves transported from Ireland to the Netherlands had underlying respiratory disease which was not identified through standard clinical assessment, if Ireland is seeking changes to the fitness-for-transport requirements for unweaned calves under the proposed revision of EU animal transport legislation.","Agriculture, Food and the Marine",1979,1981
"483. Deputy Aengus Ó Snodaigh asked the Minister for Agriculture, Food and the Marine to list the cultural institutions, if any, including museums, galleries, libraries, archives, theatres, concert halls, bands, ensembles, and performing companies, operated or hosted by his Department and public bodies or semi-State companies under his Department's remit, identifying the State funding provided for these institutions each year for the past ten years; where they are based; and the number of personnel dedicated to them. [70124/26]",Agriculture,the minister for agriculture food and the marine to list the cultural institutions if any including museums galleries libraries archives theatres concert halls bands ensembles and performing companies operated or hosted by his department and public bodies or semi-state companies under his department s remit identifying the state funding provided for these institutions each year for the past ten years where they are based and the number of personnel dedicated to them 70124 26,2026-10-06,written,483,70124/26,Aengus Ó Snodaigh,AENGUS Ó SNODAIGH,en,"To ask the Minister for Agriculture, Food and the Marine to list the cultural institutions, if any, including museums, galleries, libraries, archives, theatres, concert halls, bands, ensembles, and performing companies, operated or hosted by his Department and public bodies or semi-State companies under his Department's remit, identifying the State funding provided for these institutions each year for the past ten years; where they are based; and the number of personnel dedicated to them.","Agriculture, Food and the Marine",1983,1985
"484. Deputy Robert O'Donoghue asked the Minister for Agriculture, Food and the Marine the maximum journey times Ireland is advocating for each species/animal category in negotiations on revising the EU Animal Transport Regulation; if Ireland supports substantially reducing journey times in line with evidence that animals should be transported for the shortest possible time; if Ireland supports a science-based limit regardless of purpose; if total journey time should run from loading to final unloading, including ferries, periods when animals remain in vehicles; and whether limits should reflect cumulative risks such as stress, fatigue, hunger and thirst. [70241/26]",Agriculture,the minister for agriculture food and the marine the maximum journey times ireland is advocating for each species animal category in negotiations on revising the eu animal transport regulation if ireland supports substantially reducing journey times in line with evidence that animals should be transported for the shortest possible time if ireland supports a science-based limit regardless of purpose if total journey time should run from loading to final unloading including ferries periods when animals remain in vehicles and whether limits should reflect cumulative risks such as stress fatigue hunger and thirst 70241 26,2026-10-06,written,484,70241/26,Robert O'Donoghue,ROBERT O'DONOGHUE,en,"To ask the Minister for Agriculture, Food and the Marine the maximum journey times Ireland is advocating for each species/animal category in negotiations on revising the EU Animal Transport Regulation; if Ireland supports substantially reducing journey times in line with evidence that animals should be transported for the shortest possible time; if Ireland supports a science-based limit regardless of purpose; if total journey time should run from loading to final unloading, including ferries, periods when animals remain in vehicles; and whether limits should reflect cumulative risks such as stress, fatigue, hunger and thirst.","Agriculture, Food and the Marine",1987,1989
"485. Deputy Robert O'Donoghue asked the Minister for Agriculture, Food and the Marine to detail the methodology used in calculating grants and premiums for the current forestry programme. [70310/26]",Agriculture,the minister for agriculture food and the marine to detail the methodology used in calculating grants and premiums for the current forestry programme 70310 26,2026-10-06,written,485,70310/26,Robert O'Donoghue,ROBERT O'DONOGHUE,en,"To ask the Minister for Agriculture, Food and the Marine to detail the methodology used in calculating grants and premiums for the current forestry programme.","Agriculture, Food and the Marine",1991,1993
"486. Deputy Robert O'Donoghue asked the Minister for Agriculture, Food and the Marine the position Ireland is taking on the Commission’s proposed EFSA-based allometric approach to space allowances in the context of negotiations on revising the EU Animal Transport Regulation; if Ireland supports retaining species and category-specific k-values without reducing allowances for shorter journeys, applying the same science-based approach regardless of journey duration and using the allometric equation across the full weight range, including animals under 25 kg, to ensure sufficient space for balance, posture and, where appropriate, rest. [70298/26]",Agriculture,the minister for agriculture food and the marine the position ireland is taking on the commission s proposed efsa-based allometric approach to space allowances in the context of negotiations on revising the eu animal transport regulation if ireland supports retaining species and category-specific k-values without reducing allowances for shorter journeys applying the same science-based approach regardless of journey duration and using the allometric equation across the full weight range including animals under 25 kg to ensure sufficient space for balance posture and where appropriate rest 70298 26,2026-10-06,written,486,70298/26,Robert O'Donoghue,ROBERT O'DONOGHUE,en,"To ask the Minister for Agriculture, Food and the Marine the position Ireland is taking on the Commission’s proposed EFSA-based allometric approach to space allowances in the context of negotiations on revising the EU Animal Transport Regulation; if Ireland supports retaining species and category-specific k-values without reducing allowances for shorter journeys, applying the same science-based approach regardless of journey duration and using the allometric equation across the full weight range, including animals under 25 kg, to ensure sufficient space for balance, posture and, where appropriate, rest.","Agriculture, Food and the Marine",1995,1997
"487. Deputy Ken O'Flynn asked the Minister for Agriculture, Food and the Marine the projected allocation to Ireland under the Common Agricultural Policy in the European Commission's proposal for the Multiannual Financial Framework 2028 to 2034, compared with the allocation for 2021 to 2027, in tabular form; if CAP funding will remain ring fenced under the proposed single national and regional partnership plans; and if he will make a statement on the matter. [70318/26]",Agriculture,the minister for agriculture food and the marine the projected allocation to ireland under the common agricultural policy in the european commission s proposal for the multiannual financial framework 2028 to 2034 compared with the allocation for 2021 to 2027 in tabular form if cap funding will remain ring fenced under the proposed single national and regional partnership plans and 70318 26,2026-10-06,written,487,70318/26,Ken O'Flynn,KEN O'FLYNN,en,"To ask the Minister for Agriculture, Food and the Marine the projected allocation to Ireland under the Common Agricultural Policy in the European Commission's proposal for the Multiannual Financial Framework 2028 to 2034, compared with the allocation for 2021 to 2027, in tabular form; if CAP funding will remain ring fenced under the proposed single national and regional partnership plans; and if he will make a statement on the matter.","Agriculture, Food and the Marine",1999,2001
"488. Deputy Robert O'Donoghue asked the Minister for Agriculture, Food and the Marine in the context of negotiations on revising the EU Animal Transport Regulation, increasingly frequent extreme heat events, the position Ireland is taking on proposed temperature requirements; and if Ireland supports species/category-specific temperature ranges based on EFSA evidence (details supplied). [70328/26]",Agriculture,the minister for agriculture food and the marine in the context of negotiations on revising the eu animal transport regulation increasingly frequent extreme heat events the position ireland is taking on proposed temperature requirements and if ireland supports species category-specific temperature ranges based on efsa evidence details supplied 70328 26,2026-10-06,written,488,70328/26,Robert O'Donoghue,ROBERT O'DONOGHUE,en,"To ask the Minister for Agriculture, Food and the Marine in the context of negotiations on revising the EU Animal Transport Regulation, increasingly frequent extreme heat events, the position Ireland is taking on proposed temperature requirements; and if Ireland supports species/category-specific temperature ranges based on EFSA evidence (details supplied).","Agriculture, Food and the Marine",2003,2005
"489. Deputy Robert O'Donoghue asked the Minister for Agriculture, Food and the Marine given the importance of afforestation towards climate change mitigation, if his Department will conduct annual reviews when targets are constantly missed in order to address shortcomings, if changes are advised. [70314/26]",Agriculture,the minister for agriculture food and the marine given the importance of afforestation towards climate change mitigation if his department will conduct annual reviews when targets are constantly missed in order to address shortcomings if changes are advised 70314 26,2026-10-06,written,489,70314/26,Robert O'Donoghue,ROBERT O'DONOGHUE,en,"To ask the Minister for Agriculture, Food and the Marine given the importance of afforestation towards climate change mitigation, if his Department will conduct annual reviews when targets are constantly missed in order to address shortcomings, if changes are advised.","Agriculture, Food and the Marine",2007,2009
"490. Deputy Robert O'Donoghue asked the Minister for Agriculture, Food and the Marine to list the number of engagements between his Department and the European Commission in relation to the next forestry programme. [70313/26]",Agriculture,the minister for agriculture food and the marine to list the number of engagements between his department and the european commission the next forestry programme 70313 26,2026-10-06,written,490,70313/26,Robert O'Donoghue,ROBERT O'DONOGHUE,en,"To ask the Minister for Agriculture, Food and the Marine to list the number of engagements between his Department and the European Commission in relation to the next forestry programme.","Agriculture, Food and the Marine",2011,2013
"491. Deputy Robert O'Donoghue asked the Minister for Agriculture, Food and the Marine to detail the methodology which will be used to calculate grants and premiums rates for the next forestry program. [70311/26]",Agriculture,the minister for agriculture food and the marine to detail the methodology which will be used to calculate grants and premiums rates for the next forestry program 70311 26,2026-10-06,written,491,70311/26,Robert O'Donoghue,ROBERT O'DONOGHUE,en,"To ask the Minister for Agriculture, Food and the Marine to detail the methodology which will be used to calculate grants and premiums rates for the next forestry program.","Agriculture, Food and the Marine",2015,2017
"492. Deputy Catherine Callaghan asked the Minister for Agriculture, Food and the Marine the amount of Coillte-owned land currently designated or leased for onshore wind energy developments in county Kilkenny; the criteria used by Coillte when selecting sites for renewable energy projects; and if he will make a statement on the matter. [70345/26]",Agriculture,the minister for agriculture food and the marine the amount of coillte-owned land currently designated or leased for onshore wind energy developments in county kilkenny the criteria used by coillte when selecting sites for renewable energy projects and 70345 26,2026-10-06,written,492,70345/26,Catherine Callaghan,CATHERINE CALLAGHAN,en,"To ask the Minister for Agriculture, Food and the Marine the amount of Coillte-owned land currently designated or leased for onshore wind energy developments in county Kilkenny; the criteria used by Coillte when selecting sites for renewable energy projects; and if he will make a statement on the matter.","Agriculture, Food and the Marine",2019,2021
"493. Deputy Pádraig Mac Lochlainn asked the Minister for Agriculture, Food and the Marine if he will designate Greencastle Harbour, County Donegal as a pelagic landing port for catches over ten tonnes, considering the safety concerns for those vessels that currently have to land at the next nearest designated harbour in Killybegs. [70458/26]",Agriculture,the minister for agriculture food and the marine if he will designate greencastle harbour county donegal as a pelagic landing port for catches over ten tonnes considering the safety concerns for those vessels that currently have to land at the next nearest designated harbour in killybegs 70458 26,2026-10-06,written,493,70458/26,Pádraig Mac Lochlainn,PÁDRAIG MAC LOCHLAINN,en,"To ask the Minister for Agriculture, Food and the Marine if he will designate Greencastle Harbour, County Donegal as a pelagic landing port for catches over ten tonnes, considering the safety concerns for those vessels that currently have to land at the next nearest designated harbour in Killybegs.","Agriculture, Food and the Marine",2023,2025
"494. Deputy Donna Mcgettigan asked the Minister for Agriculture, Food and the Marine the additional measures can be introduced to prevent the illegal hunting on livestock by lurcher hounds in the Loop Head Peninsula. [70665/26]",Agriculture,the minister for agriculture food and the marine the additional measures can be introduced to prevent the illegal hunting on livestock by lurcher hounds in the loop head peninsula 70665 26,2026-10-06,written,494,70665/26,Donna Mcgettigan,DONNA MCGETTIGAN,en,"To ask the Minister for Agriculture, Food and the Marine the additional measures can be introduced to prevent the illegal hunting on livestock by lurcher hounds in the Loop Head Peninsula.","Agriculture, Food and the Marine",2027,2029
"495. Deputy Barry Ward asked the Minister for Children, Disability and Equality the actions she is taking to engage with a large childcare centre in relation to their withdrawal from the core funding model (details supplied); the actions she will take to support parents with the knock-on price increase. [69818/26]",Children,the minister for children disability and equality the actions she is taking to engage with a large childcare centre their withdrawal from the core funding model details supplied the actions she will take to support parents with the knock-on price increase 69818 26,2026-10-06,written,495,69818/26,Barry Ward,BARRY WARD,en,"To ask the Minister for Children, Disability and Equality the actions she is taking to engage with a large childcare centre in relation to their withdrawal from the core funding model (details supplied); the actions she will take to support parents with the knock-on price increase.","Children, Disability and Equality",2034,2036
"496. Deputy Charles Ward asked the Minister for Children, Disability and Equality the projects, locations and communities that have been submitted to her Department for consideration under the €135 million State-led early learning and childcare infrastructure programme; the county in which each project is located; and the status of each proposal. [69738/26]",Children,the minister for children disability and equality the projects locations and communities that have been submitted to her department for consideration under the 135 million state-led early learning and childcare infrastructure programme the county in which each project is located and the status of each proposal 69738 26,2026-10-06,written,496,69738/26,Charles Ward,CHARLES WARD,en,"To ask the Minister for Children, Disability and Equality the projects, locations and communities that have been submitted to her Department for consideration under the €135 million State-led early learning and childcare infrastructure programme; the county in which each project is located; and the status of each proposal.","Children, Disability and Equality",2038,2040
"497. Deputy Charles Ward asked the Minister for Children, Disability and Equality the policy measures in place to ensure that childcare capacity is maintained within communities where an existing early learning and childcare facility is affected by defective concrete; and the supports available to prevent the permanent loss of childcare places in such areas. [69739/26]",Children,the minister for children disability and equality the policy measures in place to ensure that childcare capacity is maintained within communities where an existing early learning and childcare facility is affected by defective concrete and the supports available to prevent the permanent loss of childcare places in such areas 69739 26,2026-10-06,written,497,69739/26,Charles Ward,CHARLES WARD,en,"To ask the Minister for Children, Disability and Equality the policy measures in place to ensure that childcare capacity is maintained within communities where an existing early learning and childcare facility is affected by defective concrete; and the supports available to prevent the permanent loss of childcare places in such areas.","Children, Disability and Equality",2042,2044
"498. Deputy Charles Ward asked the Minister for Children, Disability and Equality the circumstances in which sustainability funding may be provided to an early learning and childcare service required to relocate as a consequence of defective concrete; the categories of expenditure which may be supported under such funding; and whether the funding can contribute towards temporary relocation, long-term relocation or replacement accommodation. [69740/26]",Children,the minister for children disability and equality the circumstances in which sustainability funding may be provided to an early learning and childcare service required to relocate as a consequence of defective concrete the categories of expenditure which may be supported under such funding and whether the funding can contribute towards temporary relocation long-term relocation or replacement accommodation 69740 26,2026-10-06,written,498,69740/26,Charles Ward,CHARLES WARD,en,"To ask the Minister for Children, Disability and Equality the circumstances in which sustainability funding may be provided to an early learning and childcare service required to relocate as a consequence of defective concrete; the categories of expenditure which may be supported under such funding; and whether the funding can contribute towards temporary relocation, long-term relocation or replacement accommodation.","Children, Disability and Equality",2046,2048
"499. Deputy Barry Ward asked the Minister for Children, Disability and Equality in relation to the National Strategy for Women and Girls 2025–2030, which academics and independent experts were consulted in developing the Strategy; and the published research that they provided or relied upon. [69741/26]",Children,the minister for children disability and equality the national strategy for women and girls 2025 2030 which academics and independent experts were consulted in developing the strategy and the published research that they provided or relied upon 69741 26,2026-10-06,written,499,69741/26,Barry Ward,BARRY WARD,en,"To ask the Minister for Children, Disability and Equality in relation to the National Strategy for Women and Girls 2025–2030, which academics and independent experts were consulted in developing the Strategy; and the published research that they provided or relied upon.","Children, Disability and Equality",2050,2052
"500. Deputy Darren O'Rourke asked the Minister for Children, Disability and Equality the estimated full year costs to recruit five additional speech and language therapist managers for Children Disability Network Teams. [69852/26]",Children,the minister for children disability and equality the estimated full year costs to recruit five additional speech and language therapist managers for children disability network teams 69852 26,2026-10-06,written,500,69852/26,Darren O'Rourke,DARREN O'ROURKE,en,"To ask the Minister for Children, Disability and Equality the estimated full year costs to recruit five additional speech and language therapist managers for Children Disability Network Teams.","Children, Disability and Equality",2054,2056
"501. Deputy Alan Kelly asked the Minister for Children, Disability and Equality the number of referrals made to north Tipperary children's disability network team in 2025 and to date in 2026, in tabular form. [69811/26]",Children,the minister for children disability and equality the number of referrals made to north tipperary children s disability network team in 2025 and to date in 2026 in tabular form 69811 26,2026-10-06,written,501,69811/26,Alan Kelly,ALAN KELLY,en,"To ask the Minister for Children, Disability and Equality the number of referrals made to north Tipperary children's disability network team in 2025 and to date in 2026, in tabular form.","Children, Disability and Equality",2058,2060
"502. Deputy Ged Nash asked the Minister for Children, Disability and Equality her views on a pensions matter (details supplied). [69747/26]",Children,the minister for children disability and equality her views on a pensions matter details supplied 69747 26,2026-10-06,written,502,69747/26,Ged Nash,GED NASH,en,"To ask the Minister for Children, Disability and Equality her views on a pensions matter (details supplied).","Children, Disability and Equality",2062,2064
"503. Deputy Seán Ó Fearghaíl asked the Minister for Children, Disability and Equality the number of facilities in county Kildare that provide respite services; whether these facilities are meeting the current respite needs of children and adults with disabilities; and the body or bodies responsible for operating each facility. [69942/26]",Children,the minister for children disability and equality the number of facilities in county kildare that provide respite services whether these facilities are meeting the current respite needs of children and adults with disabilities and the body or bodies responsible for operating each facility 69942 26,2026-10-06,written,503,69942/26,Seán Ó Fearghaíl,SEÁN Ó FEARGHAÍL,en,"To ask the Minister for Children, Disability and Equality the number of facilities in county Kildare that provide respite services; whether these facilities are meeting the current respite needs of children and adults with disabilities; and the body or bodies responsible for operating each facility.","Children, Disability and Equality",2066,2068
"504. Deputy Naoise Ó Muirí asked the Minister for Children, Disability and Equality for an update on Building Blocks Phase 2; the number of applications received and the titles of those applications from County Mayo; the number of these applications deemed eligible to be considered; the name of each; and when a decision will be made on these applications. [70014/26]",Children,the minister for children disability and equality for an update on building blocks phase 2 the number of applications received and the titles of those applications from county mayo the number of these applications deemed eligible to be considered the name of each and when a decision will be made on these applications 70014 26,2026-10-06,written,504,70014/26,Naoise Ó Muirí,NAOISE Ó MUIRÍ,en,"To ask the Minister for Children, Disability and Equality for an update on Building Blocks Phase 2; the number of applications received and the titles of those applications from County Mayo; the number of these applications deemed eligible to be considered; the name of each; and when a decision will be made on these applications.","Children, Disability and Equality",2070,2072
"505. Deputy Barry Ward asked the Minister for Children, Disability and Equality the mechanisms in place to support families that have children in childcare centres that have withdrawn from the core funding scheme and the related knock on increase in costs. [70030/26]",Children,the minister for children disability and equality the mechanisms in place to support families that have children in childcare centres that have withdrawn from the core funding scheme and the related knock on increase in costs 70030 26,2026-10-06,written,505,70030/26,Barry Ward,BARRY WARD,en,"To ask the Minister for Children, Disability and Equality the mechanisms in place to support families that have children in childcare centres that have withdrawn from the core funding scheme and the related knock on increase in costs.","Children, Disability and Equality",2074,2076
"506. Deputy Barry Ward asked the Minister for Children, Disability and Equality if her attention has been drawn to the withdrawal of a childcare centre from the core funding scheme (details supplied) and what actions her Department has taken to engage with the management of this facility to try and maintain their membership of the scheme. [70028/26]",Children,the minister for children disability and equality if her attention has been drawn to the withdrawal of a childcare centre from the core funding scheme details supplied and what actions her department has taken to engage with the management of this facility to try and maintain their membership of the scheme 70028 26,2026-10-06,written,506,70028/26,Barry Ward,BARRY WARD,en,"To ask the Minister for Children, Disability and Equality if her attention has been drawn to the withdrawal of a childcare centre from the core funding scheme (details supplied) and what actions her Department has taken to engage with the management of this facility to try and maintain their membership of the scheme.","Children, Disability and Equality",2078,2080
"507. Deputy Eoin Ó Broin asked the Minister for Children, Disability and Equality to consider and reply to correspondence from an organisation (details supplied) regarding lack of funding. [70027/26]",Children,the minister for children disability and equality to consider and reply to correspondence from an organisation details supplied regarding lack of funding 70027 26,2026-10-06,written,507,70027/26,Eoin Ó Broin,EOIN Ó BROIN,en,"To ask the Minister for Children, Disability and Equality to consider and reply to correspondence from an organisation (details supplied) regarding lack of funding.","Children, Disability and Equality",2082,2084
"508. Deputy David Cullinane asked the Minister for Children, Disability and Equality the waiting lists for an assessment of need at end September in each of the years 2022 to 2026, nationally, by region and integrated healthcare area; the number of applications at each stage of the process; the number of assessment reports overdue for completion; the number of applications overdue by more than 6, 9 and 12 months; the number of service statements overdue and issued within and outside the one-month timeframe; the number of applications involving privately procured assessment; and the number of applicants referred to or supported another service, in tabular form. [70072/26]",Children,the minister for children disability and equality the waiting lists for an assessment of need at end september in each of the years 2022 to 2026 nationally by region and integrated healthcare area the number of applications at each stage of the process the number of assessment reports overdue for completion the number of applications overdue by more than 6 9 and 12 months the number of service statements overdue and issued within and outside the one-month timeframe the number of applications involving privately procured assessment and the number of applicants referred to or supported another service in tabular form 70072 26,2026-10-06,written,508,70072/26,David Cullinane,DAVID CULLINANE,en,"To ask the Minister for Children, Disability and Equality the waiting lists for an assessment of need at end September in each of the years 2022 to 2026, nationally, by region and integrated healthcare area; the number of applications at each stage of the process; the number of assessment reports overdue for completion; the number of applications overdue by more than 6, 9 and 12 months; the number of service statements overdue and issued within and outside the one-month timeframe; the number of applications involving privately procured assessment; and the number of applicants referred to or supported another service, in tabular form.","Children, Disability and Equality",2086,2088
"509. Deputy Barry Ward asked the Minister for Children, Disability and Equality the mechanisms in place to support families that have children in a childcare centre (details supplied) that has indicated that they are withdrawing from the core funding scheme and the related knock on increase in costs. [70075/26]",Children,the minister for children disability and equality the mechanisms in place to support families that have children in a childcare centre details supplied that has indicated that they are withdrawing from the core funding scheme and the related knock on increase in costs 70075 26,2026-10-06,written,509,70075/26,Barry Ward,BARRY WARD,en,"To ask the Minister for Children, Disability and Equality the mechanisms in place to support families that have children in a childcare centre (details supplied) that has indicated that they are withdrawing from the core funding scheme and the related knock on increase in costs.","Children, Disability and Equality",2090,2092
"510. Deputy Barry Ward asked the Minister for Children, Disability and Equality if her attention has been drawn to the withdrawal of a childcare centre from the core funding scheme (details supplied); and the steps her Department has taken to engage with the management of this facility to try and maintain their membership of the scheme. [70074/26]",Children,the minister for children disability and equality if her attention has been drawn to the withdrawal of a childcare centre from the core funding scheme details supplied and the steps her department has taken to engage with the management of this facility to try and maintain their membership of the scheme 70074 26,2026-10-06,written,510,70074/26,Barry Ward,BARRY WARD,en,"To ask the Minister for Children, Disability and Equality if her attention has been drawn to the withdrawal of a childcare centre from the core funding scheme (details supplied); and the steps her Department has taken to engage with the management of this facility to try and maintain their membership of the scheme.","Children, Disability and Equality",2094,2096
"511. Deputy Pádraig Mac Lochlainn asked the Minister for Children, Disability and Equality whether she will review HSE guidance and training for adult disability services on the Assisted Decision-Making (Capacity) Act 2015, particularly how staff should assess and manage foreseeable safety risks when a person wishes to leave a service unaccompanied; how families’ views should be considered, consistent with the person’s rights; and whether she will issue clarification to providers. [70081/26]",Children,the minister for children disability and equality whether she will review hse guidance and training for adult disability services on the assisted decision-making capacity act 2015 particularly how staff should assess and manage foreseeable safety risks when a person wishes to leave a service unaccompanied how families views should be considered consistent with the person s rights and whether she will issue clarification to providers 70081 26,2026-10-06,written,511,70081/26,Pádraig Mac Lochlainn,PÁDRAIG MAC LOCHLAINN,en,"To ask the Minister for Children, Disability and Equality whether she will review HSE guidance and training for adult disability services on the Assisted Decision-Making (Capacity) Act 2015, particularly how staff should assess and manage foreseeable safety risks when a person wishes to leave a service unaccompanied; how families’ views should be considered, consistent with the person’s rights; and whether she will issue clarification to providers.","Children, Disability and Equality",2098,2100
"512. Deputy Naoise Ó Cearúil asked the Minister for Children, Disability and Equality the assessments undertaken by her Department to plan for future childcare demand in the Kildare north constituency; and the metrics used to assess childcare demand and capacity in an area. [70110/26]",Children,the minister for children disability and equality the assessments undertaken by her department to plan for future childcare demand in the kildare north constituency and the metrics used to assess childcare demand and capacity in an area 70110 26,2026-10-06,written,512,70110/26,Naoise Ó Cearúil,NAOISE Ó CEARÚIL,en,"To ask the Minister for Children, Disability and Equality the assessments undertaken by her Department to plan for future childcare demand in the Kildare north constituency; and the metrics used to assess childcare demand and capacity in an area.","Children, Disability and Equality",2102,2104
"513. Deputy Naoise Ó Cearúil asked the Minister for Children, Disability and Equality the measures being taken to improve the affordability of childcare for families in the Kildare north constituency; and the level of Government support available to childcare providers and parents in the constituency. [70111/26]",Children,the minister for children disability and equality the measures being taken to improve the affordability of childcare for families in the kildare north constituency and the level of government support available to childcare providers and parents in the constituency 70111 26,2026-10-06,written,513,70111/26,Naoise Ó Cearúil,NAOISE Ó CEARÚIL,en,"To ask the Minister for Children, Disability and Equality the measures being taken to improve the affordability of childcare for families in the Kildare north constituency; and the level of Government support available to childcare providers and parents in the constituency.","Children, Disability and Equality",2106,2108
"514. Deputy Richard Boyd Barrett asked the Minister for Children, Disability and Equality to provide the headline findings from a report recently drafted but not published by her Department (details supplied); to provide a reason that the document was not published; and whether she will provide a copy of the report directly. [70094/26]",Children,the minister for children disability and equality to provide the headline findings from a report recently drafted but not published by her department details supplied to provide a reason that the document was not published and whether she will provide a copy of the report directly 70094 26,2026-10-06,written,514,70094/26,Richard Boyd Barrett,RICHARD BOYD BARRETT,en,"To ask the Minister for Children, Disability and Equality to provide the headline findings from a report recently drafted but not published by her Department (details supplied); to provide a reason that the document was not published; and whether she will provide a copy of the report directly.","Children, Disability and Equality",2110,2112
"515. Deputy Carol Nolan asked the Minister for Children, Disability and Equality if she will consider introducing pay parity for early years and school age care graduates, a doubling of the graduate premium in core funding and investment in three in-service days per year for every early years setting. [70136/26]",Children,the minister for children disability and equality if she will consider introducing pay parity for early years and school age care graduates a doubling of the graduate premium in core funding and investment in three in-service days per year for every early years setting 70136 26,2026-10-06,written,515,70136/26,Carol Nolan,CAROL NOLAN,en,"To ask the Minister for Children, Disability and Equality if she will consider introducing pay parity for early years and school age care graduates, a doubling of the graduate premium in core funding and investment in three in-service days per year for every early years setting.","Children, Disability and Equality",2114,2116
"516. Deputy Claire Kerrane asked the Minister for Children, Disability and Equality if she will ensure that social care workers working with children and young people in State care, in the community and voluntary social care sector Section 56 organisations funded by Tusla can access the public service pension, and that this is not restricted as planned to specific entities and residential roles outlined in the decades old Section 66 of the Child Care Act 1991, at a time when retention of these professionals is challenging and to avoid two-tier pension access for these critical professionals. [69924/26]",Children,the minister for children disability and equality if she will ensure that social care workers working with children and young people in state care in the community and voluntary social care sector section 56 organisations funded by tusla can access the public service pension and that this is not restricted as planned to specific entities and residential roles outlined in the decades old section 66 of the child care act 1991 at a time when retention of these professionals is challenging and to avoid two-tier pension access for these critical professionals 69924 26,2026-10-06,written,516,69924/26,Claire Kerrane,CLAIRE KERRANE,en,"To ask the Minister for Children, Disability and Equality if she will ensure that social care workers working with children and young people in State care, in the community and voluntary social care sector Section 56 organisations funded by Tusla can access the public service pension, and that this is not restricted as planned to specific entities and residential roles outlined in the decades old Section 66 of the Child Care Act 1991, at a time when retention of these professionals is challenging and to avoid two-tier pension access for these critical professionals.","Children, Disability and Equality",2118,2120
"517. Deputy Aengus Ó Snodaigh asked the Minister for Children, Disability and Equality to list the cultural institutions, if any, including museums, galleries, libraries, archives, theatres, concert halls, bands, ensembles, and performing companies, operated or hosted by her Department and public bodies or semi-State companies under her Department's remit, identifying the State funding provided for these institutions each year for the past ten years; where they are based; and the number of personnel dedicated to them. [70123/26]",Children,the minister for children disability and equality to list the cultural institutions if any including museums galleries libraries archives theatres concert halls bands ensembles and performing companies operated or hosted by her department and public bodies or semi-state companies under her department s remit identifying the state funding provided for these institutions each year for the past ten years where they are based and the number of personnel dedicated to them 70123 26,2026-10-06,written,517,70123/26,Aengus Ó Snodaigh,AENGUS Ó SNODAIGH,en,"To ask the Minister for Children, Disability and Equality to list the cultural institutions, if any, including museums, galleries, libraries, archives, theatres, concert halls, bands, ensembles, and performing companies, operated or hosted by her Department and public bodies or semi-State companies under her Department's remit, identifying the State funding provided for these institutions each year for the past ten years; where they are based; and the number of personnel dedicated to them.","Children, Disability and Equality",2122,2124
"518. Deputy Cian O'Callaghan asked the Minister for Children, Disability and Equality the individualised or person-managed funding arrangements are currently available to disabled people who require substantial personal assistance; can an existing HSE-funded care allocation be transferred into an individualised or person-managed arrangement; and if not, the current pathway for someone in these circumstances to obtain such an arrangement. [70114/26]",Children,the minister for children disability and equality the individualised or person-managed funding arrangements are currently available to disabled people who require substantial personal assistance can an existing hse-funded care allocation be transferred into an individualised or person-managed arrangement the current pathway for someone in these circumstances to obtain such an arrangement 70114 26,2026-10-06,written,518,70114/26,Cian O'Callaghan,CIAN O'CALLAGHAN,en,"To ask the Minister for Children, Disability and Equality the individualised or person-managed funding arrangements are currently available to disabled people who require substantial personal assistance; can an existing HSE-funded care allocation be transferred into an individualised or person-managed arrangement; and if not, the current pathway for someone in these circumstances to obtain such an arrangement.","Children, Disability and Equality",2126,2128
"519. Deputy Mark Wall asked the Minister for Children, Disability and Equality the amount spent by her Department on private third party providers carrying out assessment of needs in the past four years, in tabular. [70374/26]",Children,the minister for children disability and equality the amount spent by her department on private third party providers carrying out assessment of needs in the past four years in tabular 70374 26,2026-10-06,written,519,70374/26,Mark Wall,MARK WALL,en,"To ask the Minister for Children, Disability and Equality the amount spent by her Department on private third party providers carrying out assessment of needs in the past four years, in tabular.","Children, Disability and Equality",2130,2132
"520. Deputy Ruairí Ó Murchú asked the Minister for Children, Disability and Equality to provide a list of posts, in each CDNT in the State, which have been removed since September 2025 under the HSE pay and numbers strategy, in tabular form. [70217/26]",Children,the minister for children disability and equality to provide a list of posts in each cdnt in the state which have been removed since september 2025 under the hse pay and numbers strategy in tabular form 70217 26,2026-10-06,written,520,70217/26,Ruairí Ó Murchú,RUAIRÍ Ó MURCHÚ,en,"To ask the Minister for Children, Disability and Equality to provide a list of posts, in each CDNT in the State, which have been removed since September 2025 under the HSE pay and numbers strategy, in tabular form.","Children, Disability and Equality",2134,2136
"521. Deputy Robert O'Donoghue asked the Minister for Children, Disability and Equality the reason private supervised-access providers, including an organisation (details supplied), can continue to be used under court orders where a State agency has raised safeguarding concerns and ceased using the provider; the regulation and oversight that applies to such providers; whether courts are notified of safeguarding or vetting concerns; the reason no State supervised-access service exists; and whether the use of Garda branding by private providers is authorised. [70395/26]",Children,the minister for children disability and equality the reason private supervised-access providers including an organisation details supplied can continue to be used under court orders where a state agency has raised safeguarding concerns and ceased using the provider the regulation and oversight that applies to such providers whether courts are notified of safeguarding or vetting concerns the reason no state supervised-access service exists and whether the use of garda branding by private providers is authorised 70395 26,2026-10-06,written,521,70395/26,Robert O'Donoghue,ROBERT O'DONOGHUE,en,"To ask the Minister for Children, Disability and Equality the reason private supervised-access providers, including an organisation (details supplied), can continue to be used under court orders where a State agency has raised safeguarding concerns and ceased using the provider; the regulation and oversight that applies to such providers; whether courts are notified of safeguarding or vetting concerns; the reason no State supervised-access service exists; and whether the use of Garda branding by private providers is authorised.","Children, Disability and Equality",2138,2140
"522. Deputy Ruairí Ó Murchú asked the Minister for Children, Disability and Equality the posts that are vacant in each CDNT in the State, in tabular form, which of these posts will be removed by December 31 under the HSE Pay and Numbers Strategy, in tabular form. [70216/26]",Children,the minister for children disability and equality the posts that are vacant in each cdnt in the state in tabular form which of these posts will be removed by december 31 under the hse pay and numbers strategy in tabular form 70216 26,2026-10-06,written,522,70216/26,Ruairí Ó Murchú,RUAIRÍ Ó MURCHÚ,en,"To ask the Minister for Children, Disability and Equality the posts that are vacant in each CDNT in the State, in tabular form, which of these posts will be removed by December 31 under the HSE Pay and Numbers Strategy, in tabular form.","Children, Disability and Equality",2142,2144
"523. Deputy Marie Sherlock asked the Minister for Children, Disability and Equality if her Department will address the ongoing exclusion of counties Sligo and Leitrim as the only remaining counties without an organisation's dedicated, locally-based MS community worker (details supplied); if she will provide the specific funding allocation to the organisation to establish this full-time post for the more than 300 people living with MS in the region; and the steps her Department is taking to correct this regional health deficit in the north-west. [70435/26]",Children,the minister for children disability and equality if her department will address the ongoing exclusion of counties sligo and leitrim as the only remaining counties without an organisation s dedicated locally-based ms community worker details supplied if she will provide the specific funding allocation to the organisation to establish this full-time post for the more than 300 people living with ms in the region and the steps her department is taking to correct this regional health deficit in the north-west 70435 26,2026-10-06,written,523,70435/26,Marie Sherlock,MARIE SHERLOCK,en,"To ask the Minister for Children, Disability and Equality if her Department will address the ongoing exclusion of counties Sligo and Leitrim as the only remaining counties without an organisation's dedicated, locally-based MS community worker (details supplied); if she will provide the specific funding allocation to the organisation to establish this full-time post for the more than 300 people living with MS in the region; and the steps her Department is taking to correct this regional health deficit in the north-west.","Children, Disability and Equality",2146,2148
"524. Deputy Peadar Tóibín asked the Minister for Children, Disability and Equality the number of children from households in which all adults are unemployed, economically inactive or otherwise not in paid employment who receive more than 20 hours per week of subsidised childcare; the average number of hours claimed; and the total cost to the Exchequer of these claims in each year from 2020 to date. [70430/26]",Children,the minister for children disability and equality the number of children from households in which all adults are unemployed economically inactive or otherwise not in paid employment who receive more than 20 hours per week of subsidised childcare the average number of hours claimed and the total cost to the exchequer of these claims in each year from 2020 to date 70430 26,2026-10-06,written,524,70430/26,Peadar Tóibín,PEADAR TÓIBÍN,en,"To ask the Minister for Children, Disability and Equality the number of children from households in which all adults are unemployed, economically inactive or otherwise not in paid employment who receive more than 20 hours per week of subsidised childcare; the average number of hours claimed; and the total cost to the Exchequer of these claims in each year from 2020 to date.","Children, Disability and Equality",2150,2152
"525. Deputy Peadar Tóibín asked the Minister for Children, Disability and Equality the number of households in which no adult is in employment that are availing of more than 20-hours-per-week of publicly subsidised childcare under the national childcare scheme or any other State-supported childcare programme; and the corresponding figure in each year from 2020 to date. [70429/26]",Children,the minister for children disability and equality the number of households in which no adult is in employment that are availing of more than 20-hours-per-week of publicly subsidised childcare under the national childcare scheme or any other state-supported childcare programme and the corresponding figure in each year from 2020 to date 70429 26,2026-10-06,written,525,70429/26,Peadar Tóibín,PEADAR TÓIBÍN,en,"To ask the Minister for Children, Disability and Equality the number of households in which no adult is in employment that are availing of more than 20-hours-per-week of publicly subsidised childcare under the national childcare scheme or any other State-supported childcare programme; and the corresponding figure in each year from 2020 to date.","Children, Disability and Equality",2154,2156
"526. Deputy Colm Burke asked the Minister for Children, Disability and Equality to confirm that she will permit the extension of a sponsored claim through the national childcare scheme which is due to expire on the 13 December 2026 for a child (details supplied). [70418/26]",Children,the minister for children disability and equality to confirm that she will permit the extension of a sponsored claim through the national childcare scheme which is due to expire on the 13 december 2026 for a child details supplied 70418 26,2026-10-06,written,526,70418/26,Colm Burke,COLM BURKE,en,"To ask the Minister for Children, Disability and Equality to confirm that she will permit the extension of a sponsored claim through the national childcare scheme which is due to expire on the 13 December 2026 for a child (details supplied).","Children, Disability and Equality",2158,2160
"527. Deputy Duncan Smith asked the Minister for Children, Disability and Equality to confirm if a child (details supplied) is on the waiting list for an assessment of need with the local service; and if she will make a statement on the matter. [70368/26]",Children,the minister for children disability and equality to confirm if a child details supplied is on the waiting list for an assessment of need with the local service and 70368 26,2026-10-06,written,527,70368/26,Duncan Smith,DUNCAN SMITH,en,"To ask the Minister for Children, Disability and Equality to confirm if a child (details supplied) is on the waiting list for an assessment of need with the local service; and if she will make a statement on the matter.","Children, Disability and Equality",2162,2164
"528. Deputy Paul Murphy asked the Minister for Children, Disability and Equality the reason WALK was not allocated sustainability funding; the assessment undertaken of WALK’s financial position and accumulated residential deficits; the sustainability of WALK’s residential services being expected to be maintained in the absence of additional funding; the measures available to address the historic underfunding that has resulted in these significant debts; and the immediate support that can be provided to ensure that the financial position of the organisation does not place the continuity or quality of residential services at risk. [70473/26]",Children,the minister for children disability and equality the reason walk was not allocated sustainability funding the assessment undertaken of walk s financial position and accumulated residential deficits the sustainability of walk s residential services being expected to be maintained in the absence of additional funding the measures available to address the historic underfunding that has resulted in these significant debts and the immediate support that can be provided to ensure that the financial position of the organisation does not place the continuity or quality of residential services at risk 70473 26,2026-10-06,written,528,70473/26,Paul Murphy,PAUL MURPHY,en,"To ask the Minister for Children, Disability and Equality the reason WALK was not allocated sustainability funding; the assessment undertaken of WALK’s financial position and accumulated residential deficits; the sustainability of WALK’s residential services being expected to be maintained in the absence of additional funding; the measures available to address the historic underfunding that has resulted in these significant debts; and the immediate support that can be provided to ensure that the financial position of the organisation does not place the continuity or quality of residential services at risk.","Children, Disability and Equality",2166,2168
"529. Deputy Seán Ó Fearghaíl asked the Minister for Children, Disability and Equality if she will address the concerns raised in correspondence, details supplied, regarding the absence of sustainability funding for WALK's residential disability services, the impact of historic underfunding and accumulated deficits on the sustainability of those services, and the measures available to support the continuation of residential supports for people with intellectual disabilities. [70497/26]",Children,the minister for children disability and equality if she will address the concerns raised in correspondence details supplied regarding the absence of sustainability funding for walk s residential disability services the impact of historic underfunding and accumulated deficits on the sustainability of those services and the measures available to support the continuation of residential supports for people with intellectual disabilities 70497 26,2026-10-06,written,529,70497/26,Seán Ó Fearghaíl,SEÁN Ó FEARGHAÍL,en,"To ask the Minister for Children, Disability and Equality if she will address the concerns raised in correspondence, details supplied, regarding the absence of sustainability funding for WALK's residential disability services, the impact of historic underfunding and accumulated deficits on the sustainability of those services, and the measures available to support the continuation of residential supports for people with intellectual disabilities.","Children, Disability and Equality",2170,2172
"530. Deputy Seán Ó Fearghaíl asked the Minister for Children, Disability and Equality if she will address the concerns raised in correspondence, details supplied, regarding proposals to develop additional respite supports for children with additional needs through facilities operated by an organisation. [70495/26]",Children,the minister for children disability and equality if she will address the concerns raised in correspondence details supplied regarding proposals to develop additional respite supports for children with additional needs through facilities operated by an organisation 70495 26,2026-10-06,written,530,70495/26,Seán Ó Fearghaíl,SEÁN Ó FEARGHAÍL,en,"To ask the Minister for Children, Disability and Equality if she will address the concerns raised in correspondence, details supplied, regarding proposals to develop additional respite supports for children with additional needs through facilities operated by an organisation.","Children, Disability and Equality",2174,2176
"531. Deputy Seán Ó Fearghaíl asked the Minister for Children, Disability and Equality if she will address the concerns raised in correspondence (details supplied) regarding the supports available to assist an organisation in sustaining and further developing services for children with additional needs. [70494/26]",Children,the minister for children disability and equality if she will address the concerns raised in correspondence details supplied regarding the supports available to assist an organisation in sustaining and further developing services for children with additional needs 70494 26,2026-10-06,written,531,70494/26,Seán Ó Fearghaíl,SEÁN Ó FEARGHAÍL,en,"To ask the Minister for Children, Disability and Equality if she will address the concerns raised in correspondence (details supplied) regarding the supports available to assist an organisation in sustaining and further developing services for children with additional needs.","Children, Disability and Equality",2178,2180
"532. Deputy Duncan Smith asked the Minister for Children, Disability and Equality the progress being made in reducing the number of children on the Swords CDNT waiting lists; the number of staff recruited to Swords CDNT to September 2026; and which vacancies remain. [70655/26]",Children,the minister for children disability and equality the progress being made in reducing the number of children on the swords cdnt waiting lists the number of staff recruited to swords cdnt to september 2026 and which vacancies remain 70655 26,2026-10-06,written,532,70655/26,Duncan Smith,DUNCAN SMITH,en,"To ask the Minister for Children, Disability and Equality the progress being made in reducing the number of children on the Swords CDNT waiting lists; the number of staff recruited to Swords CDNT to September 2026; and which vacancies remain.","Children, Disability and Equality",2182,2184
"533. Deputy Duncan Smith asked the Minister for Children, Disability and Equality the number of children in Dublin North area of CHO 9 who received an assessment of need within the statutory timeframe in the years 2020 to date; and the number who have not. [70652/26]",Children,the minister for children disability and equality the number of children in dublin north area of cho 9 who received an assessment of need within the statutory timeframe in the years 2020 to date and the number who have not 70652 26,2026-10-06,written,533,70652/26,Duncan Smith,DUNCAN SMITH,en,"To ask the Minister for Children, Disability and Equality the number of children in Dublin North area of CHO 9 who received an assessment of need within the statutory timeframe in the years 2020 to date; and the number who have not.","Children, Disability and Equality",2186,2188
"534. Deputy Carol Nolan asked the Minister for Children, Disability and Equality if she is familiar with the remit of the UK Office of Public Guardian; and which Irish statutory body performs the same or similar functions by investigating allegations of mistreatment of elderly people at the hands of family members who may have powers of attorney over their affairs. [69764/26]",Children,the minister for children disability and equality if she is familiar with the remit of the uk office of public guardian and which irish statutory body performs the same or similar functions by investigating allegations of mistreatment of elderly people at the hands of family members who may have powers of attorney over their affairs 69764 26,2026-10-06,written,534,69764/26,Carol Nolan,CAROL NOLAN,en,"To ask the Minister for Children, Disability and Equality if she is familiar with the remit of the UK Office of Public Guardian; and which Irish statutory body performs the same or similar functions by investigating allegations of mistreatment of elderly people at the hands of family members who may have powers of attorney over their affairs.","Children, Disability and Equality",2190,2192
"535. Deputy Seán Ó Fearghaíl asked the Minister for Children, Disability and Equality if she will address the concerns raised in correspondence (details supplied) regarding the funding challenges facing an organisation and the proposals submitted to the HSE to support the continuation and expansion of services for children with additional needs. [70491/26]",Children,the minister for children disability and equality if she will address the concerns raised in correspondence details supplied regarding the funding challenges facing an organisation and the proposals submitted to the hse to support the continuation and expansion of services for children with additional needs 70491 26,2026-10-06,written,535,70491/26,Seán Ó Fearghaíl,SEÁN Ó FEARGHAÍL,en,"To ask the Minister for Children, Disability and Equality if she will address the concerns raised in correspondence (details supplied) regarding the funding challenges facing an organisation and the proposals submitted to the HSE to support the continuation and expansion of services for children with additional needs.","Children, Disability and Equality",2194,2196
536. Deputy Peter 'Chap' Cleere asked the Minister for Health the number children and families whose scoliosis care predates January 2019 will fall outside module 1; and if she will reconsider the timeframe in order that relevant children are not excluded simply because their experiences occurred before January 2019. [69770/26],Health,the minister for health the number children and families whose scoliosis care predates january 2019 will fall outside module 1 and if she will reconsider the timeframe in order that relevant children are not excluded simply because their experiences occurred before january 2019 69770 26,2026-10-06,written,536,69770/26,Peter 'Chap' Cleere,PETER 'CHAP' CLEERE,en,To ask the Minister for Health the number children and families whose scoliosis care predates January 2019 will fall outside module 1; and if she will reconsider the timeframe in order that relevant children are not excluded simply because their experiences occurred before January 2019.,Health,2201,2203
"537. Deputy Peter 'Chap' Cleere asked the Minister for Health in relation to the Commission of Investigation and module 1, the reason the timeframe for module 1 set to commence from January 2019. [69766/26]",Health,the minister for health the commission of investigation and module 1 the reason the timeframe for module 1 set to commence from january 2019 69766 26,2026-10-06,written,537,69766/26,Peter 'Chap' Cleere,PETER 'CHAP' CLEERE,en,"To ask the Minister for Health in relation to the Commission of Investigation and module 1, the reason the timeframe for module 1 set to commence from January 2019.",Health,2205,2207
"538. Deputy Donna Mcgettigan asked the Minister for Health the current number of anorexia and other eating disorder beds in the midwest HSE region; the number in each other HSE region; the number per head of population in each region for each year from 2020 to date, in tabular form; the status of plans to increase the number of anorexia and other eating disorder beds in the HSE midwest region; if there is an eating disorder team in the midwest yet; and if not when one will be put in place. [69793/26]",Health,the minister for health the current number of anorexia and other eating disorder beds in the midwest hse region the number in each other hse region the number per head of population in each region for each year from 2020 to date in tabular form the status of plans to increase the number of anorexia and other eating disorder beds in the hse midwest region if there is an eating disorder team in the midwest yet when one will be put in place 69793 26,2026-10-06,written,538,69793/26,Donna Mcgettigan,DONNA MCGETTIGAN,en,"To ask the Minister for Health the current number of anorexia and other eating disorder beds in the midwest HSE region; the number in each other HSE region; the number per head of population in each region for each year from 2020 to date, in tabular form; the status of plans to increase the number of anorexia and other eating disorder beds in the HSE midwest region; if there is an eating disorder team in the midwest yet; and if not when one will be put in place.",Health,2209,2211
539. Deputy Maurice Quinlivan asked the Minister for Health when she plans to publish the complete report of the National Disability Needs Analysis 2026. [69817/26],Health,the minister for health when she plans to publish the complete report of the national disability needs analysis 2026 69817 26,2026-10-06,written,539,69817/26,Maurice Quinlivan,MAURICE QUINLIVAN,en,To ask the Minister for Health when she plans to publish the complete report of the National Disability Needs Analysis 2026.,Health,2213,2215
540. Deputy Cathy Bennett asked the Minister for Health if she will provide a list of all the hospitals which provide dermatology services in Ireland. [69816/26],Health,the minister for health if she will provide a list of all the hospitals which provide dermatology services in ireland 69816 26,2026-10-06,written,540,69816/26,Cathy Bennett,CATHY BENNETT,en,To ask the Minister for Health if she will provide a list of all the hospitals which provide dermatology services in Ireland.,Health,2217,2219
541. Deputy Barry Ward asked the Minister for Health the position regarding the engagement she has had with the HSE in relation to the proposal to add the shingles vaccine to the reimbursement scheme. [69821/26],Health,the minister for health the position regarding the engagement she has had with the hse the proposal to add the shingles vaccine to the reimbursement scheme 69821 26,2026-10-06,written,541,69821/26,Barry Ward,BARRY WARD,en,To ask the Minister for Health the position regarding the engagement she has had with the HSE in relation to the proposal to add the shingles vaccine to the reimbursement scheme.,Health,2221,2223
542. Deputy Cathy Bennett asked the Minister for Health the number of WTE consultant cardiologists on site in a hospital (details supplied). [69804/26],Health,the minister for health the number of wte consultant cardiologists on site in a hospital details supplied 69804 26,2026-10-06,written,542,69804/26,Cathy Bennett,CATHY BENNETT,en,To ask the Minister for Health the number of WTE consultant cardiologists on site in a hospital (details supplied).,Health,2225,2227
"543. Deputy Sorca Clarke asked the Minister for Health the current average waiting time for a first appointment at a symptomatic breast disease clinic; the number of urgent referrals seen within the two-week target in each of the past 12 months; the number of women currently waiting beyond that target, broken down by hospital; and the steps she is taking to ensure all urgent referrals are seen on time. [69774/26]",Health,the minister for health the current average waiting time for a first appointment at a symptomatic breast disease clinic the number of urgent referrals seen within the two-week target in each of the past 12 months the number of women currently waiting beyond that target broken down by hospital and the steps she is taking to ensure all urgent referrals are seen on time 69774 26,2026-10-06,written,543,69774/26,Sorca Clarke,SORCA CLARKE,en,"To ask the Minister for Health the current average waiting time for a first appointment at a symptomatic breast disease clinic; the number of urgent referrals seen within the two-week target in each of the past 12 months; the number of women currently waiting beyond that target, broken down by hospital; and the steps she is taking to ensure all urgent referrals are seen on time.",Health,2229,2231
544. Deputy Pádraig Mac Lochlainn asked the Minister for Health the reason for a delay of up to nine months for the HSE to reimburse patients availing of the EU cross border directive; the action being taken to help patients who avail of loans in order to access speedy healthcare due to growing waiting lists here and who find themselves considerably out of pocket as a result of the delays in reimbursement; and the reason patients had only to wait six weeks for reimbursement two years ago. [69732/26],Health,the minister for health the reason for a delay of up to nine months for the hse to reimburse patients availing of the eu cross border directive the action being taken to help patients who avail of loans in order to access speedy healthcare due to growing waiting lists here and who find themselves considerably out of pocket as a result of the delays in reimbursement and the reason patients had only to wait six weeks for reimbursement two years ago 69732 26,2026-10-06,written,544,69732/26,Pádraig Mac Lochlainn,PÁDRAIG MAC LOCHLAINN,en,To ask the Minister for Health the reason for a delay of up to nine months for the HSE to reimburse patients availing of the EU cross border directive; the action being taken to help patients who avail of loans in order to access speedy healthcare due to growing waiting lists here and who find themselves considerably out of pocket as a result of the delays in reimbursement; and the reason patients had only to wait six weeks for reimbursement two years ago.,Health,2233,2235
"545. Deputy Gillian Toole asked the Minister for Health the incidence of shingles (varicella zoster), by age for each year 2015-2019 and 2021-2025, in tabular form. [69750/26]",Health,the minister for health the incidence of shingles varicella zoster by age for each year 2015-2019 and 2021-2025 in tabular form 69750 26,2026-10-06,written,545,69750/26,Gillian Toole,GILLIAN TOOLE,en,"To ask the Minister for Health the incidence of shingles (varicella zoster), by age for each year 2015-2019 and 2021-2025, in tabular form.",Health,2237,2239
546. Deputy Maurice Quinlivan asked the Minister for Health her plans to make the shingles vaccine (shingrix) available through the HSE. [69824/26],Health,the minister for health her plans to make the shingles vaccine shingrix available through the hse 69824 26,2026-10-06,written,546,69824/26,Maurice Quinlivan,MAURICE QUINLIVAN,en,To ask the Minister for Health her plans to make the shingles vaccine (shingrix) available through the HSE.,Health,2241,2243
"547. Deputy Jen Cummins asked the Minister for Health the number of capital projects that are under way to ensure that every sample in Ireland is not sent abroad, including the amount of equipment and machinery needed; and the stages of current procurement. [69841/26]",Health,the minister for health the number of capital projects that are under way to ensure that every sample in ireland is not sent abroad including the amount of equipment and machinery needed and the stages of current procurement 69841 26,2026-10-06,written,547,69841/26,Jen Cummins,JEN CUMMINS,en,"To ask the Minister for Health the number of capital projects that are under way to ensure that every sample in Ireland is not sent abroad, including the amount of equipment and machinery needed; and the stages of current procurement.",Health,2245,2247
548. Deputy Jen Cummins asked the Minister for Health the number of staff positions that are currently vacant in the testing of cervical smear samples; and the full complement of staff required in order to test every sample in Ireland and not be sent abroad. [69840/26],Health,the minister for health the number of staff positions that are currently vacant in the testing of cervical smear samples and the full complement of staff required in order to test every sample in ireland and not be sent abroad 69840 26,2026-10-06,written,548,69840/26,Jen Cummins,JEN CUMMINS,en,To ask the Minister for Health the number of staff positions that are currently vacant in the testing of cervical smear samples; and the full complement of staff required in order to test every sample in Ireland and not be sent abroad.,Health,2249,2251
549. Deputy Jen Cummins asked the Minister for Health the current pathway to reducing the number of cervical screening samples being tested outside of ireland. [69839/26],Health,the minister for health the current pathway to reducing the number of cervical screening samples being tested outside of ireland 69839 26,2026-10-06,written,549,69839/26,Jen Cummins,JEN CUMMINS,en,To ask the Minister for Health the current pathway to reducing the number of cervical screening samples being tested outside of ireland.,Health,2253,2255
"550. Deputy Richard Boyd Barrett asked the Minister for Health further to Parliamentary Question No. 16642/26 (details supplied), if she is aware that graduate paramedics are currently being redeployed from understaffed stations close to where they live, to other more distant stations that are fully staffed against their will and under the threat of unemployment; her views on this regarding previous commitments made by the National Ambulance Service director to graduate paramedics; and the steps she will take in relation to same. [69838/26]",Health,the minister for health further to parliamentary question no 16642 26 details supplied if she is aware that graduate paramedics are currently being redeployed from understaffed stations close to where they live to other more distant stations that are fully staffed against their will and under the threat of unemployment her views on this regarding previous commitments made by the national ambulance service director to graduate paramedics and the steps she will take same 69838 26,2026-10-06,written,550,69838/26,Richard Boyd Barrett,RICHARD BOYD BARRETT,en,"To ask the Minister for Health further to Parliamentary Question No. 16642/26 (details supplied), if she is aware that graduate paramedics are currently being redeployed from understaffed stations close to where they live, to other more distant stations that are fully staffed against their will and under the threat of unemployment; her views on this regarding previous commitments made by the National Ambulance Service director to graduate paramedics; and the steps she will take in relation to same.",Health,2257,2259
551. Deputy Donna Mcgettigan asked the Minister for Health if a replacement has been recruited for a senior psychologist from Ennis Day Hospital who retired in 2025; the number of psychologists of each grade currently in Ennis Day Hospital; the number of vacancies there are; and when vacancies are likely to be filled. [69845/26],Health,the minister for health if a replacement has been recruited for a senior psychologist from ennis day hospital who retired in 2025 the number of psychologists of each grade currently in ennis day hospital the number of vacancies there are and when vacancies are likely to be filled 69845 26,2026-10-06,written,551,69845/26,Donna Mcgettigan,DONNA MCGETTIGAN,en,To ask the Minister for Health if a replacement has been recruited for a senior psychologist from Ennis Day Hospital who retired in 2025; the number of psychologists of each grade currently in Ennis Day Hospital; the number of vacancies there are; and when vacancies are likely to be filled.,Health,2261,2263
"552. Deputy Jen Cummins asked the Minister for Health the average turnaround time for results of a cervical check; and where they were tested, in the past five years, in tabular form. [69844/26]",Health,the minister for health the average turnaround time for results of a cervical check and where they were tested in the past five years in tabular form 69844 26,2026-10-06,written,552,69844/26,Jen Cummins,JEN CUMMINS,en,"To ask the Minister for Health the average turnaround time for results of a cervical check; and where they were tested, in the past five years, in tabular form.",Health,2265,2267
553. Deputy Jen Cummins asked the Minister for Health the equipment related to processing cervical check samples that is not currently in use; the location in which such equipment is being stored; and the reason for such equipment lying idle. [69843/26],Health,the minister for health the equipment related to processing cervical check samples that is not currently in use the location in which such equipment is being stored and the reason for such equipment lying idle 69843 26,2026-10-06,written,553,69843/26,Jen Cummins,JEN CUMMINS,en,To ask the Minister for Health the equipment related to processing cervical check samples that is not currently in use; the location in which such equipment is being stored; and the reason for such equipment lying idle.,Health,2269,2271
"554. Deputy Darren O'Rourke asked the Minister for Health the number of WTE consultant paediatric gastroenterologists and WTE paediatric gastroenterologist registrar posts filled at CHI Temple Street as of 28 September 2026, in tabular form. [69860/26]",Health,the minister for health the number of wte consultant paediatric gastroenterologists and wte paediatric gastroenterologist registrar posts filled at chi temple street as of 28 september 2026 in tabular form 69860 26,2026-10-06,written,554,69860/26,Darren O'Rourke,DARREN O'ROURKE,en,"To ask the Minister for Health the number of WTE consultant paediatric gastroenterologists and WTE paediatric gastroenterologist registrar posts filled at CHI Temple Street as of 28 September 2026, in tabular form.",Health,2273,2275
555. Deputy Alan Kelly asked the Minister for Health the number of persons on a waiting list to see a consultant gastroenterologist for a first appointment at a hospital (details supplied); and the steps being taken to reduce the waiting times. [69809/26],Health,the minister for health the number of persons on a waiting list to see a consultant gastroenterologist for a first appointment at a hospital details supplied and the steps being taken to reduce the waiting times 69809 26,2026-10-06,written,555,69809/26,Alan Kelly,ALAN KELLY,en,To ask the Minister for Health the number of persons on a waiting list to see a consultant gastroenterologist for a first appointment at a hospital (details supplied); and the steps being taken to reduce the waiting times.,Health,2277,2279
"556. Deputy Gillian Toole asked the Minister for Health the incidence of sepsis by age for each year 2015-2019 and 2021-2025, presented in tabular form. [69752/26]",Health,the minister for health the incidence of sepsis by age for each year 2015-2019 and 2021-2025 presented in tabular form 69752 26,2026-10-06,written,556,69752/26,Gillian Toole,GILLIAN TOOLE,en,"To ask the Minister for Health the incidence of sepsis by age for each year 2015-2019 and 2021-2025, presented in tabular form.",Health,2281,2283
"557. Deputy Jen Cummins asked the Minister for Health the percentage of people who received the HPV vaccine; that received their boosters; their genders; over the last five years, in tabular form. [69866/26]",Health,the minister for health the percentage of people who received the hpv vaccine that received their boosters their genders over the last five years in tabular form 69866 26,2026-10-06,written,557,69866/26,Jen Cummins,JEN CUMMINS,en,"To ask the Minister for Health the percentage of people who received the HPV vaccine; that received their boosters; their genders; over the last five years, in tabular form.",Health,2285,2287
"558. Deputy Peadar Tóibín asked the Minister for Health the current staffing complement of the 22q11 Clinic at Children's Health Ireland, Crumlin (details supplied); the staffing levels recommended for the service; whether any sanctioned posts remain vacant; the funding allocated to the clinic in each of the past five years; and if additional resources will be provided to meet increasing patient demand. [69760/26]",Health,the minister for health the current staffing complement of the 22q11 clinic at children s health ireland crumlin details supplied the staffing levels recommended for the service whether any sanctioned posts remain vacant the funding allocated to the clinic in each of the past five years and if additional resources will be provided to meet increasing patient demand 69760 26,2026-10-06,written,558,69760/26,Peadar Tóibín,PEADAR TÓIBÍN,en,"To ask the Minister for Health the current staffing complement of the 22q11 Clinic at Children's Health Ireland, Crumlin (details supplied); the staffing levels recommended for the service; whether any sanctioned posts remain vacant; the funding allocated to the clinic in each of the past five years; and if additional resources will be provided to meet increasing patient demand.",Health,2289,2291
"559. Deputy Peadar Tóibín asked the Minister for Health if her Department and the HSE are aware of reports that the 22q11 Clinic at Children's Health Ireland, Crumlin, no longer has capacity to accept new patients; the assessment that has been undertaken of current and future demand for the service; the measures being taken to increase clinic capacity; whether consideration is being given to expanding specialist services for patients with 22q11.2 deletion syndrome, including transitional and adult services; and if she will make a statement on the matter. [69759/26]",Health,the minister for health if her department and the hse are aware of reports that the 22q11 clinic at children s health ireland crumlin no longer has capacity to accept new patients the assessment that has been undertaken of current and future demand for the service the measures being taken to increase clinic capacity whether consideration is being given to expanding specialist services for patients with 22q11 2 deletion syndrome including transitional and adult services and 69759 26,2026-10-06,written,559,69759/26,Peadar Tóibín,PEADAR TÓIBÍN,en,"To ask the Minister for Health if her Department and the HSE are aware of reports that the 22q11 Clinic at Children's Health Ireland, Crumlin, no longer has capacity to accept new patients; the assessment that has been undertaken of current and future demand for the service; the measures being taken to increase clinic capacity; whether consideration is being given to expanding specialist services for patients with 22q11.2 deletion syndrome, including transitional and adult services; and if she will make a statement on the matter.",Health,2293,2295
"560. Deputy Gillian Toole asked the Minister for Health the incidence of sudden adult death syndrome, by age in each of the years 2015-2019 and 2021-2025, in tabular form. [69751/26]",Health,the minister for health the incidence of sudden adult death syndrome by age in each of the years 2015-2019 and 2021-2025 in tabular form 69751 26,2026-10-06,written,560,69751/26,Gillian Toole,GILLIAN TOOLE,en,"To ask the Minister for Health the incidence of sudden adult death syndrome, by age in each of the years 2015-2019 and 2021-2025, in tabular form.",Health,2297,2299
561. Deputy Cian O'Callaghan asked the Minister for Health if she is aware that advanced nurse practitioners working within CHO9 are still being paid at the candidate rate despite being formally registered for several months. [69870/26],Health,the minister for health if she is aware that advanced nurse practitioners working within cho9 are still being paid at the candidate rate despite being formally registered for several months 69870 26,2026-10-06,written,561,69870/26,Cian O'Callaghan,CIAN O'CALLAGHAN,en,To ask the Minister for Health if she is aware that advanced nurse practitioners working within CHO9 are still being paid at the candidate rate despite being formally registered for several months.,Health,2301,2303
562. Deputy Jen Cummins asked the Minister for Health to provide the percentage uptake of the HPV vaccine in all girl schools and all boy schools. [69867/26],Health,the minister for health to provide the percentage uptake of the hpv vaccine in all girl schools and all boy schools 69867 26,2026-10-06,written,562,69867/26,Jen Cummins,JEN CUMMINS,en,To ask the Minister for Health to provide the percentage uptake of the HPV vaccine in all girl schools and all boy schools.,Health,2305,2307
"563. Deputy Jen Cummins asked the Minister for Health the percentage of children in the ages of 0-6 months, 6-12 months, 1-2 years, 3-5 years that have recieved a visit from a public health nurse in Dublin south central over the last five years, in tabular form. [69878/26]",Health,the minister for health the percentage of children in the ages of 0-6 months 6-12 months 1-2 years 3-5 years that have recieved a visit from a public health nurse in dublin south central over the last five years in tabular form 69878 26,2026-10-06,written,563,69878/26,Jen Cummins,JEN CUMMINS,en,"To ask the Minister for Health the percentage of children in the ages of 0-6 months, 6-12 months, 1-2 years, 3-5 years that have recieved a visit from a public health nurse in Dublin south central over the last five years, in tabular form.",Health,2309,2311
"564. Deputy Jen Cummins asked the Minister for Health if free cervical smear tests are available to all women regardless of citizenship, visa or status in ireland. [69877/26]",Health,the minister for health if free cervical smear tests are available to all women regardless of citizenship visa or status in ireland 69877 26,2026-10-06,written,564,69877/26,Jen Cummins,JEN CUMMINS,en,"To ask the Minister for Health if free cervical smear tests are available to all women regardless of citizenship, visa or status in ireland.",Health,2313,2315
"565. Deputy Jen Cummins asked the Minister for Health the percentages of age groups diagnosed with cervical cancer for each of the past ten years, in tabular form. [69876/26]",Health,the minister for health the percentages of age groups diagnosed with cervical cancer for each of the past ten years in tabular form 69876 26,2026-10-06,written,565,69876/26,Jen Cummins,JEN CUMMINS,en,"To ask the Minister for Health the percentages of age groups diagnosed with cervical cancer for each of the past ten years, in tabular form.",Health,2317,2319
"566. Deputy Jen Cummins asked the Minister for Health her plans to increase education about HPV, and the vaccine in schools. [69875/26]",Health,the minister for health her plans to increase education about hpv and the vaccine in schools 69875 26,2026-10-06,written,566,69875/26,Jen Cummins,JEN CUMMINS,en,"To ask the Minister for Health her plans to increase education about HPV, and the vaccine in schools.",Health,2321,2323
567. Deputy Pádraig Rice asked the Minister for Health the status of the Irish National ICU Audit Annual Report for 2025; and the timeline for publication. [69907/26],Health,the minister for health the status of the irish national icu audit annual report for 2025 and the timeline for publication 69907 26,2026-10-06,written,567,69907/26,Pádraig Rice,PÁDRAIG RICE,en,To ask the Minister for Health the status of the Irish National ICU Audit Annual Report for 2025; and the timeline for publication.,Health,2325,2327
568. Deputy Cathal Crowe asked the Minister for Health when a person (details supplied) in County Clare will receive a date for surgery at University Hospital Limerick given that they have been waiting since November 2025; and if she will make a statement on the matter. [69905/26],Health,the minister for health when a person details supplied in county clare will receive a date for surgery at university hospital limerick given that they have been waiting since november 2025 and 69905 26,2026-10-06,written,568,69905/26,Cathal Crowe,CATHAL CROWE,en,To ask the Minister for Health when a person (details supplied) in County Clare will receive a date for surgery at University Hospital Limerick given that they have been waiting since November 2025; and if she will make a statement on the matter.,Health,2329,2331
"569. Deputy Pádraig Rice asked the Minister for Health of the 162 workers who were on the special scheme of paid leave for healthcare workers with long-Covid when it concluded, the number that have returned to work; the number that have retired; and the number that have transitioned to other sick leave schemes, by scheme. [69899/26]",Health,the minister for health of the 162 workers who were on the special scheme of paid leave for healthcare workers with long-covid when it concluded the number that have returned to work the number that have retired and the number that have transitioned to other sick leave schemes by scheme 69899 26,2026-10-06,written,569,69899/26,Pádraig Rice,PÁDRAIG RICE,en,"To ask the Minister for Health of the 162 workers who were on the special scheme of paid leave for healthcare workers with long-Covid when it concluded, the number that have returned to work; the number that have retired; and the number that have transitioned to other sick leave schemes, by scheme.",Health,2333,2335
"570. Deputy Cian O'Callaghan asked the Minister for Health further to Parliamentary Question No. 60035/26, when the 16 listed conditions under the LTI scheme were last reviewed; to explain the criteria used to determine which conditions qualify for inclusion; if hepatitis B has ever been formally considered; and if the list of 16 conditions will ever be reviewed again. [69897/26]",Health,the minister for health further to parliamentary question no 60035 26 when the 16 listed conditions under the lti scheme were last reviewed to explain the criteria used to determine which conditions qualify for inclusion if hepatitis b has ever been formally considered and if the list of 16 conditions will ever be reviewed again 69897 26,2026-10-06,written,570,69897/26,Cian O'Callaghan,CIAN O'CALLAGHAN,en,"To ask the Minister for Health further to Parliamentary Question No. 60035/26, when the 16 listed conditions under the LTI scheme were last reviewed; to explain the criteria used to determine which conditions qualify for inclusion; if hepatitis B has ever been formally considered; and if the list of 16 conditions will ever be reviewed again.",Health,2337,2339
"571. Deputy Pádraig Rice asked the Minister for Health to provide data with respect to the length of time ICU admissions took in each of the years from 2020 to 2025 and to date in 2026, by site (details supplied). [69913/26]",Health,the minister for health to provide data with respect to the length of time icu admissions took in each of the years from 2020 to 2025 and to date in 2026 by site details supplied 69913 26,2026-10-06,written,571,69913/26,Pádraig Rice,PÁDRAIG RICE,en,"To ask the Minister for Health to provide data with respect to the length of time ICU admissions took in each of the years from 2020 to 2025 and to date in 2026, by site (details supplied).",Health,2341,2343
"572. Deputy Pádraig Rice asked the Minister for Health the number of ICU admissions in each of the years since 2020 and to date in 2026, by site. [69909/26]",Health,the minister for health the number of icu admissions in each of the years since 2020 and to date in 2026 by site 69909 26,2026-10-06,written,572,69909/26,Pádraig Rice,PÁDRAIG RICE,en,"To ask the Minister for Health the number of ICU admissions in each of the years since 2020 and to date in 2026, by site.",Health,2345,2347
573. Deputy Holly Cairns asked the Minister for Health the selection process for the role of acting CFO in the HSE; the interview process for the role; the substantive grade of the successful candidate; and to detail the status of the recruitment for the permanent CFO position. [69936/26],Health,the minister for health the selection process for the role of acting cfo in the hse the interview process for the role the substantive grade of the successful candidate and to detail the status of the recruitment for the permanent cfo position 69936 26,2026-10-06,written,573,69936/26,Holly Cairns,HOLLY CAIRNS,en,To ask the Minister for Health the selection process for the role of acting CFO in the HSE; the interview process for the role; the substantive grade of the successful candidate; and to detail the status of the recruitment for the permanent CFO position.,Health,2349,2351
"574. Deputy Peadar Tóibín asked the Minister for Health the number of doctors working as specialists in Irish hospitals that are not on the specialist register; the number of doctors working as specialists in the HSE or are employed by the HSE that are not on the specialist register; the number of GPs working in the out of hours services that are not on the specialist register; and the number of doctors working in the capacity of a consultant or a locum consultant that are not on the specialist register, in tabular form. [69962/26]",Health,the minister for health the number of doctors working as specialists in irish hospitals that are not on the specialist register the number of doctors working as specialists in the hse or are employed by the hse that are not on the specialist register the number of gps working in the out of hours services that are not on the specialist register and the number of doctors working in the capacity of a consultant or a locum consultant that are not on the specialist register in tabular form 69962 26,2026-10-06,written,574,69962/26,Peadar Tóibín,PEADAR TÓIBÍN,en,"To ask the Minister for Health the number of doctors working as specialists in Irish hospitals that are not on the specialist register; the number of doctors working as specialists in the HSE or are employed by the HSE that are not on the specialist register; the number of GPs working in the out of hours services that are not on the specialist register; and the number of doctors working in the capacity of a consultant or a locum consultant that are not on the specialist register, in tabular form.",Health,2353,2355
"575. Deputy Michael Cahill asked the Minister for Health to expedite the long overdue primary care centre for Cahersiveen, county Kerry; the reason for the delay with this critical service for the people of Cahersiveen, Iveragh and south Kerry; and will she make a statement on the matter. [69943/26]",Health,the minister for health to expedite the long overdue primary care centre for cahersiveen county kerry the reason for the delay with this critical service for the people of cahersiveen iveragh and south kerry and will she make a statement on the matter 69943 26,2026-10-06,written,575,69943/26,Michael Cahill,MICHAEL CAHILL,en,"To ask the Minister for Health to expedite the long overdue primary care centre for Cahersiveen, county Kerry; the reason for the delay with this critical service for the people of Cahersiveen, Iveragh and south Kerry; and will she make a statement on the matter.",Health,2357,2359
576. Deputy Mairéad Farrell asked the Minister for Health if the recruitment freeze in Galway University hospital will be lifted in order to fill the 23 vacant midwifery posts; and the way in which she plans to retain recently qualified midwives in Ireland while a recruitment ban is in place. [69975/26],Health,the minister for health if the recruitment freeze in galway university hospital will be lifted in order to fill the 23 vacant midwifery posts and the way in which she plans to retain recently qualified midwives in ireland while a recruitment ban is in place 69975 26,2026-10-06,written,576,69975/26,Mairéad Farrell,MAIRÉAD FARRELL,en,To ask the Minister for Health if the recruitment freeze in Galway University hospital will be lifted in order to fill the 23 vacant midwifery posts; and the way in which she plans to retain recently qualified midwives in Ireland while a recruitment ban is in place.,Health,2361,2363
"577. Deputy Ken O'Flynn asked the Minister for Health further to Parliamentary Question No. 41214/26, to list each HSE internal audit report relating to the treatment abroad scheme or the Cross-Border Directive scheme issued since 1 January 2020, setting out in each case the title, date of issue, assurance rating, number of recommendations made and number of recommendations fully implemented to date. [69986/26]",Health,the minister for health further to parliamentary question no 41214 26 to list each hse internal audit report relating to the treatment abroad scheme or the cross-border directive scheme issued since 1 january 2020 setting out in each case the title date of issue assurance rating number of recommendations made and number of recommendations fully implemented to date 69986 26,2026-10-06,written,577,69986/26,Ken O'Flynn,KEN O'FLYNN,en,"To ask the Minister for Health further to Parliamentary Question No. 41214/26, to list each HSE internal audit report relating to the treatment abroad scheme or the Cross-Border Directive scheme issued since 1 January 2020, setting out in each case the title, date of issue, assurance rating, number of recommendations made and number of recommendations fully implemented to date.",Health,2365,2367
"578. Deputy Eamon Scanlon asked the Minister for Health for an update on the reconfiguration and refurbishment of Gurteen health centre, County Sligo. [69973/26]",Health,the minister for health for an update on the reconfiguration and refurbishment of gurteen health centre county sligo 69973 26,2026-10-06,written,578,69973/26,Eamon Scanlon,EAMON SCANLON,en,"To ask the Minister for Health for an update on the reconfiguration and refurbishment of Gurteen health centre, County Sligo.",Health,2369,2371
579. Deputy Michael Healy-rae asked the Minister for Health if there are plans to change the frequency of the way in which salaries are paid for home support workers in the HSE (details supplied). [69972/26],Health,the minister for health if there are plans to change the frequency of the way in which salaries are paid for home support workers in the hse details supplied 69972 26,2026-10-06,written,579,69972/26,Michael Healy-rae,MICHAEL HEALY-RAE,en,To ask the Minister for Health if there are plans to change the frequency of the way in which salaries are paid for home support workers in the HSE (details supplied).,Health,2373,2375
"580. Deputy Peadar Tóibín asked the Minister for Health if she is aware that the European Commission granted marketing authorisation on 15 July 2026 for jascayd (nerandomilast); if an application for reimbursement has been received by the HSE and/or the National Centre for Pharmacoeconomics (NCPE); the current status of any assessment, pricing negotiations or reimbursement consideration; the anticipated timeline for completion of these processes; and if she will consider measures to expedite access to this treatment for patients. [69970/26]",Health,the minister for health if she is aware that the european commission granted marketing authorisation on 15 july 2026 for jascayd nerandomilast if an application for reimbursement has been received by the hse and or the national centre for pharmacoeconomics ncpe the current status of any assessment pricing negotiations or reimbursement consideration the anticipated timeline for completion of these processes and if she will consider measures to expedite access to this treatment for patients 69970 26,2026-10-06,written,580,69970/26,Peadar Tóibín,PEADAR TÓIBÍN,en,"To ask the Minister for Health if she is aware that the European Commission granted marketing authorisation on 15 July 2026 for jascayd (nerandomilast); if an application for reimbursement has been received by the HSE and/or the National Centre for Pharmacoeconomics (NCPE); the current status of any assessment, pricing negotiations or reimbursement consideration; the anticipated timeline for completion of these processes; and if she will consider measures to expedite access to this treatment for patients.",Health,2377,2379
"581. Deputy John Brady asked the Minister for Health if additional supports are under consideration to support student nurses including, reducing or removing college fees for nursing students, increasing student nurse placement allowances; ensuring allowances are paid promptly and consistently and exploring a system of remuneration or other meaningful financial support for students undertaking mandatory unpaid clinical placements. [70007/26]",Health,the minister for health if additional supports are under consideration to support student nurses including reducing or removing college fees for nursing students increasing student nurse placement allowances ensuring allowances are paid promptly and consistently and exploring a system of remuneration or other meaningful financial support for students undertaking mandatory unpaid clinical placements 70007 26,2026-10-06,written,581,70007/26,John Brady,JOHN BRADY,en,"To ask the Minister for Health if additional supports are under consideration to support student nurses including, reducing or removing college fees for nursing students, increasing student nurse placement allowances; ensuring allowances are paid promptly and consistently and exploring a system of remuneration or other meaningful financial support for students undertaking mandatory unpaid clinical placements.",Health,2381,2383
"582. Deputy George Lawlor asked the Minister for Health the number of doctors who completed specialist training in public health medicine in 2024, 2025 and to-date in 2026, in tabular form; the number currently employed in consultant in public health medicine post within the HSE. [69966/26]",Health,the minister for health the number of doctors who completed specialist training in public health medicine in 2024 2025 and to-date in 2026 in tabular form the number currently employed in consultant in public health medicine post within the hse 69966 26,2026-10-06,written,582,69966/26,George Lawlor,GEORGE LAWLOR,en,"To ask the Minister for Health the number of doctors who completed specialist training in public health medicine in 2024, 2025 and to-date in 2026, in tabular form; the number currently employed in consultant in public health medicine post within the HSE.",Health,2385,2387
583. Deputy John Brady asked the Minister for Health to provide an update on plans to make the shingles vaccine free for people aged over 65; and if she will make a statement on the matter. [70026/26],Health,the minister for health to provide an update on plans to make the shingles vaccine free for people aged over 65 and 70026 26,2026-10-06,written,583,70026/26,John Brady,JOHN BRADY,en,To ask the Minister for Health to provide an update on plans to make the shingles vaccine free for people aged over 65; and if she will make a statement on the matter.,Health,2389,2391
"584. Deputy Peadar Tóibín asked the Minister for Health the number of children and young people referred to CAMHS in Cavan and Monaghan who are currently awaiting assessment or treatment by speech and language therapy services; the average waiting time for those referred, by county and year of referral; and if she will make a statement on the matter. [70050/26]",Health,the minister for health the number of children and young people referred to camhs in cavan and monaghan who are currently awaiting assessment or treatment by speech and language therapy services the average waiting time for those referred by county and year of referral and 70050 26,2026-10-06,written,584,70050/26,Peadar Tóibín,PEADAR TÓIBÍN,en,"To ask the Minister for Health the number of children and young people referred to CAMHS in Cavan and Monaghan who are currently awaiting assessment or treatment by speech and language therapy services; the average waiting time for those referred, by county and year of referral; and if she will make a statement on the matter.",Health,2393,2395
585. Deputy Marie Sherlock asked the Minister for Health the current status of the Rotunda Maternity Hospital capital project; and the timeline for progressing this project. [70045/26],Health,the minister for health the current status of the rotunda maternity hospital capital project and the timeline for progressing this project 70045 26,2026-10-06,written,585,70045/26,Marie Sherlock,MARIE SHERLOCK,en,To ask the Minister for Health the current status of the Rotunda Maternity Hospital capital project; and the timeline for progressing this project.,Health,2397,2399
"586. Deputy Marie Sherlock asked the Minister for Health the total number of individuals who were on HSE recruitment panels for occupational therapy in 2025 and to date in 2026, by integrated health area; and the total number recruited from the panel in 2025 and to date in 2026. [70037/26]",Health,the minister for health the total number of individuals who were on hse recruitment panels for occupational therapy in 2025 and to date in 2026 by integrated health area and the total number recruited from the panel in 2025 and to date in 2026 70037 26,2026-10-06,written,586,70037/26,Marie Sherlock,MARIE SHERLOCK,en,"To ask the Minister for Health the total number of individuals who were on HSE recruitment panels for occupational therapy in 2025 and to date in 2026, by integrated health area; and the total number recruited from the panel in 2025 and to date in 2026.",Health,2401,2403
587. Deputy Ryan O'Meara asked the Minister for Health for an update on the proposed prohibition on the sale of high-caffeine energy drinks to children under 16 years of age. [70036/26],Health,the minister for health for an update on the proposed prohibition on the sale of high-caffeine energy drinks to children under 16 years of age 70036 26,2026-10-06,written,587,70036/26,Ryan O'Meara,RYAN O'MEARA,en,To ask the Minister for Health for an update on the proposed prohibition on the sale of high-caffeine energy drinks to children under 16 years of age.,Health,2405,2407
588. Deputy Marie Sherlock asked the Minister for Health the total number of individuals who were on HSE recruitment panels for physiotherapy in 2025 and YTD 2026; per IHA; the total number recruited from the panel in 2025 and to date in 2026. [70034/26],Health,the minister for health the total number of individuals who were on hse recruitment panels for physiotherapy in 2025 and ytd 2026 per iha the total number recruited from the panel in 2025 and to date in 2026 70034 26,2026-10-06,written,588,70034/26,Marie Sherlock,MARIE SHERLOCK,en,To ask the Minister for Health the total number of individuals who were on HSE recruitment panels for physiotherapy in 2025 and YTD 2026; per IHA; the total number recruited from the panel in 2025 and to date in 2026.,Health,2409,2411
589. Deputy Marie Sherlock asked the Minister for Health the total number of individuals who were on HSE recruitment panels for speech and language therapy in 2025 and YTD 2026; per IHA; the total number recruited from the panel in 2025 and to date 2026. [70033/26],Health,the minister for health the total number of individuals who were on hse recruitment panels for speech and language therapy in 2025 and ytd 2026 per iha the total number recruited from the panel in 2025 and to date 2026 70033 26,2026-10-06,written,589,70033/26,Marie Sherlock,MARIE SHERLOCK,en,To ask the Minister for Health the total number of individuals who were on HSE recruitment panels for speech and language therapy in 2025 and YTD 2026; per IHA; the total number recruited from the panel in 2025 and to date 2026.,Health,2413,2415
590. Deputy Michael Healy-rae asked the Minister for Health the reason 75 newly qualified nurses from University College Galway were informed there was no employment for them after being offered posts a number of weeks ago. [70031/26],Health,the minister for health the reason 75 newly qualified nurses from university college galway were informed there was no employment for them after being offered posts a number of weeks ago 70031 26,2026-10-06,written,590,70031/26,Michael Healy-rae,MICHAEL HEALY-RAE,en,To ask the Minister for Health the reason 75 newly qualified nurses from University College Galway were informed there was no employment for them after being offered posts a number of weeks ago.,Health,2417,2419
591. Deputy Séamus Mcgrath asked the Minister for Health if a child (details supplied) will be provided with an insulin pump to cope with their recent diabetes diagnosis as they are struggling with daily injections. [70057/26],Health,the minister for health if a child details supplied will be provided with an insulin pump to cope with their recent diabetes diagnosis as they are struggling with daily injections 70057 26,2026-10-06,written,591,70057/26,Séamus Mcgrath,SÉAMUS MCGRATH,en,To ask the Minister for Health if a child (details supplied) will be provided with an insulin pump to cope with their recent diabetes diagnosis as they are struggling with daily injections.,Health,2421,2423
592. Deputy Ivana Bacik asked the Minister for Health for an update on the care pathway for Huntington's disease. [70054/26],Health,the minister for health for an update on the care pathway for huntington s disease 70054 26,2026-10-06,written,592,70054/26,Ivana Bacik,IVANA BACIK,en,To ask the Minister for Health for an update on the care pathway for Huntington's disease.,Health,2425,2427
"593. Deputy David Cullinane asked the Minister for Health the total expenditure on agency staffing by the HSE and Section 38 organisations for each full year 2021 to 2025 and for the period 1 January to end September 2025 and 2026, by Health Region or predecessor structure, hospital or facility, service area, staff category and agency provider; the number of agency hours or shifts purchased, by staff category where held; the ten highest-paid agency providers year to date; if this cannot be provided, the reason; and the expenditure target for year to date 2026 and variance against this target, in tabular form. [70073/26]",Health,the minister for health the total expenditure on agency staffing by the hse and section 38 organisations for each full year 2021 to 2025 and for the period 1 january to end september 2025 and 2026 by health region or predecessor structure hospital or facility service area staff category and agency provider the number of agency hours or shifts purchased by staff category where held the ten highest-paid agency providers year to date if this cannot be provided the reason and the expenditure target for year to date 2026 and variance against this target in tabular form 70073 26,2026-10-06,written,593,70073/26,David Cullinane,DAVID CULLINANE,en,"To ask the Minister for Health the total expenditure on agency staffing by the HSE and Section 38 organisations for each full year 2021 to 2025 and for the period 1 January to end September 2025 and 2026, by Health Region or predecessor structure, hospital or facility, service area, staff category and agency provider; the number of agency hours or shifts purchased, by staff category where held; the ten highest-paid agency providers year to date; if this cannot be provided, the reason; and the expenditure target for year to date 2026 and variance against this target, in tabular form.",Health,2429,2431
594. Deputy Noel Mccarthy asked the Minister for Health to outline the measures being taken to reduce delays in the repayment of applications under the Cross Border Directive. [70061/26],Health,the minister for health the measures being taken to reduce delays in the repayment of applications under the cross border directive 70061 26,2026-10-06,written,594,70061/26,Noel Mccarthy,NOEL MCCARTHY,en,To ask the Minister for Health to outline the measures being taken to reduce delays in the repayment of applications under the Cross Border Directive.,Health,2433,2435
595. Deputy Séamus Mcgrath asked the Minister for Health if she will give consideration to approving an insulin pump (details supplied) for a patient with Type 1 diabetes. [70079/26],Health,the minister for health if she will give consideration to approving an insulin pump details supplied for a patient with type 1 diabetes 70079 26,2026-10-06,written,595,70079/26,Séamus Mcgrath,SÉAMUS MCGRATH,en,To ask the Minister for Health if she will give consideration to approving an insulin pump (details supplied) for a patient with Type 1 diabetes.,Health,2437,2439
"596. Deputy Pádraig O'Sullivan asked the Minister for Health whether a review has been undertaken of the needs of persons living with ultra-rare genetic disorders, including okur-chung syndrome; the measures in place to ensure timely access to diagnosis, specialist care, therapies and emerging treatments; and if she will make a statement on the matter. [70102/26]",Health,the minister for health whether a review has been undertaken of the needs of persons living with ultra-rare genetic disorders including okur-chung syndrome the measures in place to ensure timely access to diagnosis specialist care therapies and emerging treatments and 70102 26,2026-10-06,written,596,70102/26,Pádraig O'Sullivan,PÁDRAIG O'SULLIVAN,en,"To ask the Minister for Health whether a review has been undertaken of the needs of persons living with ultra-rare genetic disorders, including okur-chung syndrome; the measures in place to ensure timely access to diagnosis, specialist care, therapies and emerging treatments; and if she will make a statement on the matter.",Health,2441,2443
"597. Deputy Pádraig O'Sullivan asked the Minister for Health if her Department or the HSE maintains records on the prevalence of Okur-Chung syndrome in Ireland; if so, the number of diagnosed cases; and if not, whether consideration will be given to capturing such data as part of rare disease service planning. [70103/26]",Health,the minister for health if her department or the hse maintains records on the prevalence of okur-chung syndrome in ireland if so the number of diagnosed cases whether consideration will be given to capturing such data as part of rare disease service planning 70103 26,2026-10-06,written,597,70103/26,Pádraig O'Sullivan,PÁDRAIG O'SULLIVAN,en,"To ask the Minister for Health if her Department or the HSE maintains records on the prevalence of Okur-Chung syndrome in Ireland; if so, the number of diagnosed cases; and if not, whether consideration will be given to capturing such data as part of rare disease service planning.",Health,2445,2447
598. Deputy Séamus Mcgrath asked the Minister for Health her views and feedback on the reasons for the proposed closure of unit 1 in Sarsfields Court for dementia patients. [70087/26],Health,the minister for health her views and feedback on the reasons for the proposed closure of unit 1 in sarsfields court for dementia patients 70087 26,2026-10-06,written,598,70087/26,Séamus Mcgrath,SÉAMUS MCGRATH,en,To ask the Minister for Health her views and feedback on the reasons for the proposed closure of unit 1 in Sarsfields Court for dementia patients.,Health,2449,2451
"599. Deputy Conor Sheehan asked the Minister for Health if the HSE's procurement process for community rehabilitation and transitional beds for HSE Mid-West provided for up to 100 beds, comprising 40 Level 2 rehabilitation beds, 40 Level 3 rehabilitation beds and 20 transitional-care beds; the assessment of patient need and hospital capacity that informed this requirement; whether that requirement remains; and, if not, the basis on which the HSE subsequently determined that the additional capacity was no longer required. [70093/26]",Health,the minister for health if the hse s procurement process for community rehabilitation and transitional beds for hse mid-west provided for up to 100 beds comprising 40 level 2 rehabilitation beds 40 level 3 rehabilitation beds and 20 transitional-care beds the assessment of patient need and hospital capacity that informed this requirement whether that requirement remains and if not the basis on which the hse subsequently determined that the additional capacity was no longer required 70093 26,2026-10-06,written,599,70093/26,Conor Sheehan,CONOR SHEEHAN,en,"To ask the Minister for Health if the HSE's procurement process for community rehabilitation and transitional beds for HSE Mid-West provided for up to 100 beds, comprising 40 Level 2 rehabilitation beds, 40 Level 3 rehabilitation beds and 20 transitional-care beds; the assessment of patient need and hospital capacity that informed this requirement; whether that requirement remains; and, if not, the basis on which the HSE subsequently determined that the additional capacity was no longer required.",Health,2453,2455
600. Deputy Cian O'Callaghan asked the Minister for Health the reason a person's (details supplied) existing care was withdrawn before a safe alternative arrangement was established; the immediate arrangements the HSE will put in place to ensure continuity of care; and if their request for alternative funding and care management will be assessed independently of the organisation with which they are in dispute with. [70115/26],Health,the minister for health the reason a person s details supplied existing care was withdrawn before a safe alternative arrangement was established the immediate arrangements the hse will put in place to ensure continuity of care and if their request for alternative funding and care management will be assessed independently of the organisation with which they are in dispute with 70115 26,2026-10-06,written,600,70115/26,Cian O'Callaghan,CIAN O'CALLAGHAN,en,To ask the Minister for Health the reason a person's (details supplied) existing care was withdrawn before a safe alternative arrangement was established; the immediate arrangements the HSE will put in place to ensure continuity of care; and if their request for alternative funding and care management will be assessed independently of the organisation with which they are in dispute with.,Health,2457,2459
"601. Deputy Pádraig O'Sullivan asked the Minister for Health if the DOMINO midwife-led continuity of care scheme at Cork University Maternity Hospital has been suspended, following reports on 29 September 2026 that women were informed at routine antenatal appointments that the service would no longer be available to them for the remainder of their pregnancies; the reason for this decision; the number of women currently booked on the scheme who are affected; the date on which the service is expected to resume. [70138/26]",Health,the minister for health if the domino midwife-led continuity of care scheme at cork university maternity hospital has been suspended following reports on 29 september 2026 that women were informed at routine antenatal appointments that the service would no longer be available to them for the remainder of their pregnancies the reason for this decision the number of women currently booked on the scheme who are affected the date on which the service is expected to resume 70138 26,2026-10-06,written,601,70138/26,Pádraig O'Sullivan,PÁDRAIG O'SULLIVAN,en,"To ask the Minister for Health if the DOMINO midwife-led continuity of care scheme at Cork University Maternity Hospital has been suspended, following reports on 29 September 2026 that women were informed at routine antenatal appointments that the service would no longer be available to them for the remainder of their pregnancies; the reason for this decision; the number of women currently booked on the scheme who are affected; the date on which the service is expected to resume.",Health,2461,2463
"602. Deputy Aengus Ó Snodaigh asked the Minister for Health to list the cultural institutions, if any, including museums, galleries, libraries, archives, theatres, concert halls, bands, ensembles, and performing companies, operated or hosted by her Department and public bodies or semi-State companies under his Department's remit, identifying the State funding provided for these institutions each year for the past ten years; where they are based; and the number of personnel dedicated to them. [70122/26]",Health,the minister for health to list the cultural institutions if any including museums galleries libraries archives theatres concert halls bands ensembles and performing companies operated or hosted by her department and public bodies or semi-state companies under his department s remit identifying the state funding provided for these institutions each year for the past ten years where they are based and the number of personnel dedicated to them 70122 26,2026-10-06,written,602,70122/26,Aengus Ó Snodaigh,AENGUS Ó SNODAIGH,en,"To ask the Minister for Health to list the cultural institutions, if any, including museums, galleries, libraries, archives, theatres, concert halls, bands, ensembles, and performing companies, operated or hosted by her Department and public bodies or semi-State companies under his Department's remit, identifying the State funding provided for these institutions each year for the past ten years; where they are based; and the number of personnel dedicated to them.",Health,2465,2467
603. Deputy Pádraig O'Sullivan asked the Minister for Health the way in which the suspension of the DOMINO scheme at Cork University Maternity Hospital is consistent with the supported care pathway under the National Maternity Strategy 2016–2026; and whether the successor to that strategy will commit to protecting and expanding midwife-led continuity of care schemes [70140/26],Health,the minister for health the way in which the suspension of the domino scheme at cork university maternity hospital is consistent with the supported care pathway under the national maternity strategy 2016 2026 and whether the successor to that strategy will commit to protecting and expanding midwife-led continuity of care schemes 70140 26,2026-10-06,written,603,70140/26,Pádraig O'Sullivan,PÁDRAIG O'SULLIVAN,en,To ask the Minister for Health the way in which the suspension of the DOMINO scheme at Cork University Maternity Hospital is consistent with the supported care pathway under the National Maternity Strategy 2016–2026; and whether the successor to that strategy will commit to protecting and expanding midwife-led continuity of care schemes,Health,2469,2471
"604. Deputy Pádraig O'Sullivan asked the Minister for Health the number of nursing and midwifery posts at Cork University Maternity Hospital currently vacant, in view of INMO figures cited on 29 September 2026 of over 80 such vacancies at the hospital; whether midwives from the DOMINO scheme have been redeployed to cover these vacancies; and whether sanction will be given to fill the posts needed to restore the scheme. [70139/26]",Health,the minister for health the number of nursing and midwifery posts at cork university maternity hospital currently vacant in view of inmo figures cited on 29 september 2026 of over 80 such vacancies at the hospital whether midwives from the domino scheme have been redeployed to cover these vacancies and whether sanction will be given to fill the posts needed to restore the scheme 70139 26,2026-10-06,written,604,70139/26,Pádraig O'Sullivan,PÁDRAIG O'SULLIVAN,en,"To ask the Minister for Health the number of nursing and midwifery posts at Cork University Maternity Hospital currently vacant, in view of INMO figures cited on 29 September 2026 of over 80 such vacancies at the hospital; whether midwives from the DOMINO scheme have been redeployed to cover these vacancies; and whether sanction will be given to fill the posts needed to restore the scheme.",Health,2473,2475
605. Deputy Noel Mccarthy asked the Minister for Health to report on the operation of a service in a hospital (details supplied); and any cuts to the existing service that are currently envisaged. [70144/26],Health,the minister for health to report on the operation of a service in a hospital details supplied and any cuts to the existing service that are currently envisaged 70144 26,2026-10-06,written,605,70144/26,Noel Mccarthy,NOEL MCCARTHY,en,To ask the Minister for Health to report on the operation of a service in a hospital (details supplied); and any cuts to the existing service that are currently envisaged.,Health,2477,2479
"606. Deputy Peadar Tóibín asked the Minister for Health whether the HSE provided media or communications training to any officials or representatives who appeared before the Oireachtas Joint Committee on Health in relation to the proposal to remove the three-day waiting period for abortion; if so, the date and nature of the training provided; the provider of the training; the cost incurred; the number of persons who received the training; and if she will make a statement on the matter. [70165/26]",Health,the minister for health whether the hse provided media or communications training to any officials or representatives who appeared before the oireachtas joint committee on health the proposal to remove the three-day waiting period for abortion if so the date and nature of the training provided the provider of the training the cost incurred the number of persons who received the training and 70165 26,2026-10-06,written,606,70165/26,Peadar Tóibín,PEADAR TÓIBÍN,en,"To ask the Minister for Health whether the HSE provided media or communications training to any officials or representatives who appeared before the Oireachtas Joint Committee on Health in relation to the proposal to remove the three-day waiting period for abortion; if so, the date and nature of the training provided; the provider of the training; the cost incurred; the number of persons who received the training; and if she will make a statement on the matter.",Health,2481,2483
"607. Deputy Peadar Tóibín asked the Minister for Health the number of referrals to CAMHS in Cavan and Monaghan that have been refused or deemed unsuitable for assessment in each of the past five years; the reasons recorded for each refusal; the number subsequently referred to another service, by county and year; and if she will make a statement on the matter [70164/26]",Health,the minister for health the number of referrals to camhs in cavan and monaghan that have been refused or deemed unsuitable for assessment in each of the past five years the reasons recorded for each refusal the number subsequently referred to another service by county and year and 70164 26,2026-10-06,written,607,70164/26,Peadar Tóibín,PEADAR TÓIBÍN,en,"To ask the Minister for Health the number of referrals to CAMHS in Cavan and Monaghan that have been refused or deemed unsuitable for assessment in each of the past five years; the reasons recorded for each refusal; the number subsequently referred to another service, by county and year; and if she will make a statement on the matter",Health,2485,2487
"608. Deputy Peadar Tóibín asked the Minister for Health the number of children and young people referred to CAMHS in Cavan and Monaghan who are currently awaiting assessment or treatment by speech and language therapy services; the average waiting time for those referred, by county and year of referral; and if she will make a statement on the matter. [70163/26]",Health,the minister for health the number of children and young people referred to camhs in cavan and monaghan who are currently awaiting assessment or treatment by speech and language therapy services the average waiting time for those referred by county and year of referral and 70163 26,2026-10-06,written,608,70163/26,Peadar Tóibín,PEADAR TÓIBÍN,en,"To ask the Minister for Health the number of children and young people referred to CAMHS in Cavan and Monaghan who are currently awaiting assessment or treatment by speech and language therapy services; the average waiting time for those referred, by county and year of referral; and if she will make a statement on the matter.",Health,2489,2491
609. Deputy Mark Ward asked the Minister for Health if the MCAP review has commenced; if stakeholders have been appointed to the review group; and the length of time the review is expected to take once it begins. [70162/26],Health,the minister for health if the mcap review has commenced if stakeholders have been appointed to the review group and the length of time the review is expected to take once it begins 70162 26,2026-10-06,written,609,70162/26,Mark Ward,MARK WARD,en,To ask the Minister for Health if the MCAP review has commenced; if stakeholders have been appointed to the review group; and the length of time the review is expected to take once it begins.,Health,2493,2495
610. Deputy Pa Daly asked the Minister for Health the assistance available to a person (details supplied) who does not hold a medical card or GP visit card and has been unable to register with a GP despite repeated attempts over five years who now requires medical support for significant mental health difficulties; and whether the HSE can assist him in accessing a GP. [70172/26],Health,the minister for health the assistance available to a person details supplied who does not hold a medical card or gp visit card and has been unable to register with a gp despite repeated attempts over five years who now requires medical support for significant mental health difficulties and whether the hse can assist him in accessing a gp 70172 26,2026-10-06,written,610,70172/26,Pa Daly,PA DALY,en,To ask the Minister for Health the assistance available to a person (details supplied) who does not hold a medical card or GP visit card and has been unable to register with a GP despite repeated attempts over five years who now requires medical support for significant mental health difficulties; and whether the HSE can assist him in accessing a GP.,Health,2497,2499
611. Deputy Marie Sherlock asked the Minister for Health if she is aware that the Diabetic Day Centre in Mullingar Midland Regional Hospital has closed; and the efforts that are being undertaken to reopen this service [70170/26],Health,the minister for health if she is aware that the diabetic day centre in mullingar midland regional hospital has closed and the efforts that are being undertaken to reopen this service 70170 26,2026-10-06,written,611,70170/26,Marie Sherlock,MARIE SHERLOCK,en,To ask the Minister for Health if she is aware that the Diabetic Day Centre in Mullingar Midland Regional Hospital has closed; and the efforts that are being undertaken to reopen this service,Health,2501,2503
"612. Deputy Paul Lawless asked the Minister for Health if she will urgently intervene in the case of a general practitioner practice in Westport, County Mayo, which is facing closure due to the loss of its premises; whether she has sought a report from the Health Service Executive on the matter; the efforts being made to prevent the displacement of more than 600 public patients and hundreds of additional private patients; and if she will make a statement on the matter [70158/26]",Health,the minister for health if she will urgently intervene in the case of a general practitioner practice in westport county mayo which is facing closure due to the loss of its premises whether she has sought a report from the health service executive on the matter the efforts being made to prevent the displacement of more than 600 public patients and hundreds of additional private patients and 70158 26,2026-10-06,written,612,70158/26,Paul Lawless,PAUL LAWLESS,en,"To ask the Minister for Health if she will urgently intervene in the case of a general practitioner practice in Westport, County Mayo, which is facing closure due to the loss of its premises; whether she has sought a report from the Health Service Executive on the matter; the efforts being made to prevent the displacement of more than 600 public patients and hundreds of additional private patients; and if she will make a statement on the matter",Health,2505,2507
"613. Deputy Paul Lawless asked the Minister for Health the contingency plans are in place to ensure continuity of care for patients affected by the impending closure of a general practitioner practice in Westport, County Mayo; the number of patients expected to require reassignment to another general practitioner; whether neighbouring practices have capacity to accept additional patients; and if she will make a statement on the matter. [70157/26]",Health,the minister for health the contingency plans are in place to ensure continuity of care for patients affected by the impending closure of a general practitioner practice in westport county mayo the number of patients expected to require reassignment to another general practitioner whether neighbouring practices have capacity to accept additional patients and 70157 26,2026-10-06,written,613,70157/26,Paul Lawless,PAUL LAWLESS,en,"To ask the Minister for Health the contingency plans are in place to ensure continuity of care for patients affected by the impending closure of a general practitioner practice in Westport, County Mayo; the number of patients expected to require reassignment to another general practitioner; whether neighbouring practices have capacity to accept additional patients; and if she will make a statement on the matter.",Health,2509,2511
"614. Deputy Paul Lawless asked the Minister for Health the current occupancy level of the Primary Care Centre in Westport, County Mayo; whether any vacant clinical, office or treatment space is available within the facility; whether consideration has been given to accommodating a general practitioner practice facing closure in the town; and if she will make a statement on the matter. [70155/26]",Health,the minister for health the current occupancy level of the primary care centre in westport county mayo whether any vacant clinical office or treatment space is available within the facility whether consideration has been given to accommodating a general practitioner practice facing closure in the town and 70155 26,2026-10-06,written,614,70155/26,Paul Lawless,PAUL LAWLESS,en,"To ask the Minister for Health the current occupancy level of the Primary Care Centre in Westport, County Mayo; whether any vacant clinical, office or treatment space is available within the facility; whether consideration has been given to accommodating a general practitioner practice facing closure in the town; and if she will make a statement on the matter.",Health,2513,2515
"615. Deputy Paul Lawless asked the Minister for Health if she is aware of the impending closure of a general practitioner practice in Westport, County Mayo, due to the sale of the premises by the landlord; the number of public and private patients affected; the steps being taken by the Health Service Executive to secure alternative accommodation for the practice; whether space within the Westport Primary Care Centre or other Health Service Executive facilities has been assessed for suitability; and if she will make a statement on the matter. [70154/26]",Health,the minister for health if she is aware of the impending closure of a general practitioner practice in westport county mayo due to the sale of the premises by the landlord the number of public and private patients affected the steps being taken by the health service executive to secure alternative accommodation for the practice whether space within the westport primary care centre or other health service executive facilities has been assessed for suitability and 70154 26,2026-10-06,written,615,70154/26,Paul Lawless,PAUL LAWLESS,en,"To ask the Minister for Health if she is aware of the impending closure of a general practitioner practice in Westport, County Mayo, due to the sale of the premises by the landlord; the number of public and private patients affected; the steps being taken by the Health Service Executive to secure alternative accommodation for the practice; whether space within the Westport Primary Care Centre or other Health Service Executive facilities has been assessed for suitability; and if she will make a statement on the matter.",Health,2517,2519
616. Deputy Michael Cahill asked the Minister for Health if she is aware of concerns that some people living with Friedreich’s ataxia may face significant delays in accessing skyclarys (omaveloxolone) despite its reimbursement from 1 October 2026 due to capacity constraints at the combined ataxia clinic at Tallaght University Hospital; the estimated timeframe within which all eligible patients will have commenced treatment; if additional resources will be provided to support treatment initiation and monitoring; the current waiting time for a Friedreich’s ataxia clinic appointment; and the measures being taken. [70235/26],Health,the minister for health if she is aware of concerns that some people living with friedreich s ataxia may face significant delays in accessing skyclarys omaveloxolone despite its reimbursement from 1 october 2026 due to capacity constraints at the combined ataxia clinic at tallaght university hospital the estimated timeframe within which all eligible patients will have commenced treatment if additional resources will be provided to support treatment initiation and monitoring the current waiting time for a friedreich s ataxia clinic appointment and the measures being taken 70235 26,2026-10-06,written,616,70235/26,Michael Cahill,MICHAEL CAHILL,en,To ask the Minister for Health if she is aware of concerns that some people living with Friedreich’s ataxia may face significant delays in accessing skyclarys (omaveloxolone) despite its reimbursement from 1 October 2026 due to capacity constraints at the combined ataxia clinic at Tallaght University Hospital; the estimated timeframe within which all eligible patients will have commenced treatment; if additional resources will be provided to support treatment initiation and monitoring; the current waiting time for a Friedreich’s ataxia clinic appointment; and the measures being taken.,Health,2521,2523
"617. Deputy Peadar Tóibín asked the Minister for Health the number of doctors recruited from outside the EU since 2024, broken down by country of primary medical qualification; and the number in respect of whom overseas police clearance documentation was unavailable at the time of appointment. [70205/26]",Health,the minister for health the number of doctors recruited from outside the eu since 2024 broken down by country of primary medical qualification and the number in respect of whom overseas police clearance documentation was unavailable at the time of appointment 70205 26,2026-10-06,written,617,70205/26,Peadar Tóibín,PEADAR TÓIBÍN,en,"To ask the Minister for Health the number of doctors recruited from outside the EU since 2024, broken down by country of primary medical qualification; and the number in respect of whom overseas police clearance documentation was unavailable at the time of appointment.",Health,2525,2527
618. Deputy Pádraig Mac Lochlainn asked the Minister for Health if she is aware of concerns that some people living with Friedreich’s ataxia may face significant delays in accessing skyclarys (omaveloxolone) despite its reimbursement from 1 October 2026 due to capacity constraints at the Combined Ataxia Clinic at Tallaght University Hospital; the estimated timeframe within which all eligible patients will have commenced treatment; whether additional resources will be provided to support treatment initiation and monitoring; the current waiting time for a Friedreich’s ataxia clinic appointment. [70248/26],Health,the minister for health if she is aware of concerns that some people living with friedreich s ataxia may face significant delays in accessing skyclarys omaveloxolone despite its reimbursement from 1 october 2026 due to capacity constraints at the combined ataxia clinic at tallaght university hospital the estimated timeframe within which all eligible patients will have commenced treatment whether additional resources will be provided to support treatment initiation and monitoring the current waiting time for a friedreich s ataxia clinic appointment 70248 26,2026-10-06,written,618,70248/26,Pádraig Mac Lochlainn,PÁDRAIG MAC LOCHLAINN,en,To ask the Minister for Health if she is aware of concerns that some people living with Friedreich’s ataxia may face significant delays in accessing skyclarys (omaveloxolone) despite its reimbursement from 1 October 2026 due to capacity constraints at the Combined Ataxia Clinic at Tallaght University Hospital; the estimated timeframe within which all eligible patients will have commenced treatment; whether additional resources will be provided to support treatment initiation and monitoring; the current waiting time for a Friedreich’s ataxia clinic appointment.,Health,2529,2531
619. Deputy Ken O'Flynn asked the Minister for Health the reasons the DOMINO midwife-led service at Cork University Maternity Hospital is being suspended from October to December 2026; who took the decision; the date the decision was taken; if the suspension is linked to midwifery vacancies or the absence of HSE approval to fill posts; and if she will make a statement on the matter. [70278/26],Health,the minister for health the reasons the domino midwife-led service at cork university maternity hospital is being suspended from october to december 2026 who took the decision the date the decision was taken if the suspension is linked to midwifery vacancies or the absence of hse approval to fill posts and 70278 26,2026-10-06,written,619,70278/26,Ken O'Flynn,KEN O'FLYNN,en,To ask the Minister for Health the reasons the DOMINO midwife-led service at Cork University Maternity Hospital is being suspended from October to December 2026; who took the decision; the date the decision was taken; if the suspension is linked to midwifery vacancies or the absence of HSE approval to fill posts; and if she will make a statement on the matter.,Health,2533,2535
620. Deputy Aindrias Moynihan asked the Minister for Health the actions being taken on reports that the DOMINO midwife-led maternity service at Cork University Maternity Hospital has been significantly curtailed due to staffing shortages and restrictions on the recruitment of nursing and midwifery staff; the number of nursing and midwifery vacancies currently existing at the hospital; the steps being taken by her Department and the HSE to fill those vacancies; if additional staffing approvals will be granted to facilitate the full restoration of the DOMINO service; and if she will make a statement on the matter. [70269/26],Health,the minister for health the actions being taken on reports that the domino midwife-led maternity service at cork university maternity hospital has been significantly curtailed due to staffing shortages and restrictions on the recruitment of nursing and midwifery staff the number of nursing and midwifery vacancies currently existing at the hospital the steps being taken by her department and the hse to fill those vacancies if additional staffing approvals will be granted to facilitate the full restoration of the domino service and 70269 26,2026-10-06,written,620,70269/26,Aindrias Moynihan,AINDRIAS MOYNIHAN,en,To ask the Minister for Health the actions being taken on reports that the DOMINO midwife-led maternity service at Cork University Maternity Hospital has been significantly curtailed due to staffing shortages and restrictions on the recruitment of nursing and midwifery staff; the number of nursing and midwifery vacancies currently existing at the hospital; the steps being taken by her Department and the HSE to fill those vacancies; if additional staffing approvals will be granted to facilitate the full restoration of the DOMINO service; and if she will make a statement on the matter.,Health,2537,2539
"621. Deputy Ken O'Flynn asked the Minister for Health to list each public hospital or facility currently providing mole mapping, total body photography or dermatoscopic surveillance for patients with a previous melanoma diagnosis; the current waiting time at each; whether patients from the Cork and Kerry region may be referred to each; and if she will make a statement on the matter. [70291/26]",Health,the minister for health to list each public hospital or facility currently providing mole mapping total body photography or dermatoscopic surveillance for patients with a previous melanoma diagnosis the current waiting time at each whether patients from the cork and kerry region may be referred to each and 70291 26,2026-10-06,written,621,70291/26,Ken O'Flynn,KEN O'FLYNN,en,"To ask the Minister for Health to list each public hospital or facility currently providing mole mapping, total body photography or dermatoscopic surveillance for patients with a previous melanoma diagnosis; the current waiting time at each; whether patients from the Cork and Kerry region may be referred to each; and if she will make a statement on the matter.",Health,2541,2543
"622. Deputy Ken O'Flynn asked the Minister for Health the number of patients on the waiting list for the mole mapping service at Cork University Hospital when it ceased; the length of time each had been waiting; the date on which letters issued to their referring GPs, in tabular form; and if she will make a statement on the matter. [70289/26]",Health,the minister for health the number of patients on the waiting list for the mole mapping service at cork university hospital when it ceased the length of time each had been waiting the date on which letters issued to their referring gps in tabular form and 70289 26,2026-10-06,written,622,70289/26,Ken O'Flynn,KEN O'FLYNN,en,"To ask the Minister for Health the number of patients on the waiting list for the mole mapping service at Cork University Hospital when it ceased; the length of time each had been waiting; the date on which letters issued to their referring GPs, in tabular form; and if she will make a statement on the matter.",Health,2545,2547
623. Deputy Ken O'Flynn asked the Minister for Health the name and location of the specialist service to which Cork University Hospital melanoma surveillance patients have been transferred; whether those patients will continue to receive surveillance at the same frequency and with the same dermatoscopic or total body photography assessment as before; the date of their next scheduled review; and if she will make a statement on the matter. [70288/26],Health,the minister for health the name and location of the specialist service to which cork university hospital melanoma surveillance patients have been transferred whether those patients will continue to receive surveillance at the same frequency and with the same dermatoscopic or total body photography assessment as before the date of their next scheduled review and 70288 26,2026-10-06,written,623,70288/26,Ken O'Flynn,KEN O'FLYNN,en,To ask the Minister for Health the name and location of the specialist service to which Cork University Hospital melanoma surveillance patients have been transferred; whether those patients will continue to receive surveillance at the same frequency and with the same dermatoscopic or total body photography assessment as before; the date of their next scheduled review; and if she will make a statement on the matter.,Health,2549,2551
"624. Deputy Ken O'Flynn asked the Minister for Health further to Parliamentary Question Nos. 65821/26, 65822/26 and 65823/26, the number of patients enrolled in the mole mapping and melanoma surveillance service at Cork University Hospital on the date the service ceased; the number transferred to specialist follow up; the number discharged to their GP; the clinical criteria applied in deciding which patients were transferred; and if she will make a statement on the matter. [70286/26]",Health,the minister for health further to parliamentary question nos 65821 26 65822 26 and 65823 26 the number of patients enrolled in the mole mapping and melanoma surveillance service at cork university hospital on the date the service ceased the number transferred to specialist follow up the number discharged to their gp the clinical criteria applied in deciding which patients were transferred and 70286 26,2026-10-06,written,624,70286/26,Ken O'Flynn,KEN O'FLYNN,en,"To ask the Minister for Health further to Parliamentary Question Nos. 65821/26, 65822/26 and 65823/26, the number of patients enrolled in the mole mapping and melanoma surveillance service at Cork University Hospital on the date the service ceased; the number transferred to specialist follow up; the number discharged to their GP; the clinical criteria applied in deciding which patients were transferred; and if she will make a statement on the matter.",Health,2553,2555
625. Deputy Ken O'Flynn asked the Minister for Health the number of midwifery posts currently vacant at Cork University Maternity Hospital; the number of those posts awaiting HSE approval to fill; the number of DOMINO midwives being redeployed and the areas to which they are being redeployed; if her Department will guarantee the full resumption of the DOMINO service in January 2027; the current status of the home birth service at the hospital; and if she will make a statement on the matter. [70284/26],Health,the minister for health the number of midwifery posts currently vacant at cork university maternity hospital the number of those posts awaiting hse approval to fill the number of domino midwives being redeployed and the areas to which they are being redeployed if her department will guarantee the full resumption of the domino service in january 2027 the current status of the home birth service at the hospital and 70284 26,2026-10-06,written,625,70284/26,Ken O'Flynn,KEN O'FLYNN,en,To ask the Minister for Health the number of midwifery posts currently vacant at Cork University Maternity Hospital; the number of those posts awaiting HSE approval to fill; the number of DOMINO midwives being redeployed and the areas to which they are being redeployed; if her Department will guarantee the full resumption of the DOMINO service in January 2027; the current status of the home birth service at the hospital; and if she will make a statement on the matter.,Health,2557,2559
626. Deputy Louis O'Hara asked the Minister for Health if she is aware of concerns that some people living with Friedreich’s ataxia may face significant delays in accessing skyclarys (omaveloxolone) despite its reimbursement from 1 October 2026 due to capacity constraints at the combined ataxia clinic at Tallaght University Hospital; the estimated timeframe within which all eligible patients will have commenced treatment; if additional resources will be provided to support treatment initiation and monitoring; the current waiting time for a Friedreich’s ataxia clinic appointment; and the measures being taken to address the delays. [70309/26],Health,the minister for health if she is aware of concerns that some people living with friedreich s ataxia may face significant delays in accessing skyclarys omaveloxolone despite its reimbursement from 1 october 2026 due to capacity constraints at the combined ataxia clinic at tallaght university hospital the estimated timeframe within which all eligible patients will have commenced treatment if additional resources will be provided to support treatment initiation and monitoring the current waiting time for a friedreich s ataxia clinic appointment and the measures being taken to address the delays 70309 26,2026-10-06,written,626,70309/26,Louis O'Hara,LOUIS O'HARA,en,To ask the Minister for Health if she is aware of concerns that some people living with Friedreich’s ataxia may face significant delays in accessing skyclarys (omaveloxolone) despite its reimbursement from 1 October 2026 due to capacity constraints at the combined ataxia clinic at Tallaght University Hospital; the estimated timeframe within which all eligible patients will have commenced treatment; if additional resources will be provided to support treatment initiation and monitoring; the current waiting time for a Friedreich’s ataxia clinic appointment; and the measures being taken to address the delays.,Health,2561,2563
"627. Deputy Pádraig O'Sullivan asked the Minister for Health if a company (details supplied) has engaged with her Department, the HSE or the national centre for pharmacoeconomics regarding reimbursement of ojemda (tovorafenib) in Ireland; whether a reimbursement application has been submitted by the company; if so, the status of that application; if not, whether discussions have taken place with the company regarding a potential application; and the measures available to facilitate access to this treatment for eligible Irish children pending a reimbursement decision. [70181/26]",Health,the minister for health if a company details supplied has engaged with her department the hse or the national centre for pharmacoeconomics regarding reimbursement of ojemda tovorafenib in ireland whether a reimbursement application has been submitted by the company if so the status of that application if not whether discussions have taken place with the company regarding a potential application and the measures available to facilitate access to this treatment for eligible irish children pending a reimbursement decision 70181 26,2026-10-06,written,627,70181/26,Pádraig O'Sullivan,PÁDRAIG O'SULLIVAN,en,"To ask the Minister for Health if a company (details supplied) has engaged with her Department, the HSE or the national centre for pharmacoeconomics regarding reimbursement of ojemda (tovorafenib) in Ireland; whether a reimbursement application has been submitted by the company; if so, the status of that application; if not, whether discussions have taken place with the company regarding a potential application; and the measures available to facilitate access to this treatment for eligible Irish children pending a reimbursement decision.",Health,2565,2567
628. Deputy Peadar Tóibín asked the Minister for Health whether the deficiencies identified in the recent HSE internal audit relating to the recruitment of international doctors have been examined on a national basis; if similar audits have been conducted in other HSE regions and hospitals; and if she will publish the findings of all such reviews. [70184/26],Health,the minister for health whether the deficiencies identified in the recent hse internal audit relating to the recruitment of international doctors have been examined on a national basis if similar audits have been conducted in other hse regions and hospitals and if she will publish the findings of all such reviews 70184 26,2026-10-06,written,628,70184/26,Peadar Tóibín,PEADAR TÓIBÍN,en,To ask the Minister for Health whether the deficiencies identified in the recent HSE internal audit relating to the recruitment of international doctors have been examined on a national basis; if similar audits have been conducted in other HSE regions and hospitals; and if she will publish the findings of all such reviews.,Health,2569,2571
629. Deputy Paul Lawless asked the Minister for Health if she will make inquiries with the HSE and the ophthalmology department regarding the case of a person (details supplied) who underwent cataract surgery on both eyes in February and March 2026 but has subsequently developed blurred vision; the status of the referral made by the person's GP to the hospital; the expected waiting time for assessment and treatment; and if she will make a statement on the matter. [70185/26],Health,the minister for health if she will make inquiries with the hse and the ophthalmology department regarding the case of a person details supplied who underwent cataract surgery on both eyes in february and march 2026 but has subsequently developed blurred vision the status of the referral made by the person s gp to the hospital the expected waiting time for assessment and treatment and 70185 26,2026-10-06,written,629,70185/26,Paul Lawless,PAUL LAWLESS,en,To ask the Minister for Health if she will make inquiries with the HSE and the ophthalmology department regarding the case of a person (details supplied) who underwent cataract surgery on both eyes in February and March 2026 but has subsequently developed blurred vision; the status of the referral made by the person's GP to the hospital; the expected waiting time for assessment and treatment; and if she will make a statement on the matter.,Health,2573,2575
630. Deputy Ciarán Ahern asked the Minister for Health for an update on paediatric service staffing in Rialto primary care centre; when patients can expect a post (details supplied) to be filled; and if she will make a statement on the matter. [70187/26],Health,the minister for health for an update on paediatric service staffing in rialto primary care centre when patients can expect a post details supplied to be filled and 70187 26,2026-10-06,written,630,70187/26,Ciarán Ahern,CIARÁN AHERN,en,To ask the Minister for Health for an update on paediatric service staffing in Rialto primary care centre; when patients can expect a post (details supplied) to be filled; and if she will make a statement on the matter.,Health,2577,2579
"631. Deputy Matt Carthy asked the Minister for Health further to Parliamentary Question No. 43089/26, the current status of orthodontal treatment for a person (details supplied) who has been waiting over nine years; if she will ensure the person secures orthodontal treatment as a matter of urgency either directly or through a third party; and if she will make a statement on the matter. [70223/26]",Health,the minister for health further to parliamentary question no 43089 26 the current status of orthodontal treatment for a person details supplied who has been waiting over nine years if she will ensure the person secures orthodontal treatment as a matter of urgency either directly or through a third party and 70223 26,2026-10-06,written,631,70223/26,Matt Carthy,MATT CARTHY,en,"To ask the Minister for Health further to Parliamentary Question No. 43089/26, the current status of orthodontal treatment for a person (details supplied) who has been waiting over nine years; if she will ensure the person secures orthodontal treatment as a matter of urgency either directly or through a third party; and if she will make a statement on the matter.",Health,2581,2583
"632. Deputy Peadar Tóibín asked the Minister for Health whether a disciplinary, administrative or management review has been initiated following findings that mandatory recruitment checks were not fully completed or documented in certain hospitals; and to outline the actions taken to date. [70206/26]",Health,the minister for health whether a disciplinary administrative or management review has been initiated following findings that mandatory recruitment checks were not fully completed or documented in certain hospitals and the actions taken to date 70206 26,2026-10-06,written,632,70206/26,Peadar Tóibín,PEADAR TÓIBÍN,en,"To ask the Minister for Health whether a disciplinary, administrative or management review has been initiated following findings that mandatory recruitment checks were not fully completed or documented in certain hospitals; and to outline the actions taken to date.",Health,2585,2587
"633. Deputy Peadar Tóibín asked the Minister for Health the number of doctors working in HSE and publicly funded hospitals that commenced employment before Garda vetting, overseas police clearance, English-language competency verification or occupational health clearance had been completed; and the measures being taken to protect patient safety in light of the findings of the recent HSE internal audit. [70208/26]",Health,the minister for health the number of doctors working in hse and publicly funded hospitals that commenced employment before garda vetting overseas police clearance english-language competency verification or occupational health clearance had been completed and the measures being taken to protect patient safety in light of the findings of the recent hse internal audit 70208 26,2026-10-06,written,633,70208/26,Peadar Tóibín,PEADAR TÓIBÍN,en,"To ask the Minister for Health the number of doctors working in HSE and publicly funded hospitals that commenced employment before Garda vetting, overseas police clearance, English-language competency verification or occupational health clearance had been completed; and the measures being taken to protect patient safety in light of the findings of the recent HSE internal audit.",Health,2589,2591
634. Deputy Peadar Tóibín asked the Minister for Health whether the Medical Council's registration processes are relied upon by HSE employers in lieu of independently obtaining evidence of English-language competency and other pre-employment checks; and if she will clarify the respective responsibilities of the Medical Council and HSE employers in this regard. [70207/26],Health,the minister for health whether the medical council s registration processes are relied upon by hse employers in lieu of independently obtaining evidence of english-language competency and other pre-employment checks and if she will clarify the respective responsibilities of the medical council and hse employers in this regard 70207 26,2026-10-06,written,634,70207/26,Peadar Tóibín,PEADAR TÓIBÍN,en,To ask the Minister for Health whether the Medical Council's registration processes are relied upon by HSE employers in lieu of independently obtaining evidence of English-language competency and other pre-employment checks; and if she will clarify the respective responsibilities of the Medical Council and HSE employers in this regard.,Health,2593,2595
"635. Deputy Ken O'Flynn asked the Minister for Health further to Parliamentary Question No. 39785/26, if she will provide the number of agency staff converted to permanent employment under the July 2025 framework, by staff grade, for the HSE South West, Mid West, West and North West, and Dublin and Midlands regions; the total number converted nationally; and the proportion of conversions in administrative and clerical grades as opposed to frontline clinical grades; and if she will make a statement on the matter. [70297/26]",Health,the minister for health further to parliamentary question no 39785 26 if she will provide the number of agency staff converted to permanent employment under the july 2025 framework by staff grade for the hse south west mid west west and north west and dublin and midlands regions the total number converted nationally and the proportion of conversions in administrative and clerical grades as opposed to frontline clinical grades and 70297 26,2026-10-06,written,635,70297/26,Ken O'Flynn,KEN O'FLYNN,en,"To ask the Minister for Health further to Parliamentary Question No. 39785/26, if she will provide the number of agency staff converted to permanent employment under the July 2025 framework, by staff grade, for the HSE South West, Mid West, West and North West, and Dublin and Midlands regions; the total number converted nationally; and the proportion of conversions in administrative and clerical grades as opposed to frontline clinical grades; and if she will make a statement on the matter.",Health,2597,2599
636. Deputy Ken O'Flynn asked the Minister for Health the supports available to former Cork University Hospital melanoma surveillance patients who were not transferred to specialist follow up and who cannot afford private mole screening; whether the HSE will fund private surveillance for such patients pending restoration of a public service; and if she will make a statement on the matter. [70295/26],Health,the minister for health the supports available to former cork university hospital melanoma surveillance patients who were not transferred to specialist follow up and who cannot afford private mole screening whether the hse will fund private surveillance for such patients pending restoration of a public service and 70295 26,2026-10-06,written,636,70295/26,Ken O'Flynn,KEN O'FLYNN,en,To ask the Minister for Health the supports available to former Cork University Hospital melanoma surveillance patients who were not transferred to specialist follow up and who cannot afford private mole screening; whether the HSE will fund private surveillance for such patients pending restoration of a public service; and if she will make a statement on the matter.,Health,2601,2603
637. Deputy Ken O'Flynn asked the Minister for Health the number of approved consultant dermatologist posts at Cork University Hospital; the number currently vacant; the current waiting list and longest wait for a dermatology outpatient appointment at the hospital; and if she will make a statement on the matter. [70293/26],Health,the minister for health the number of approved consultant dermatologist posts at cork university hospital the number currently vacant the current waiting list and longest wait for a dermatology outpatient appointment at the hospital and 70293 26,2026-10-06,written,637,70293/26,Ken O'Flynn,KEN O'FLYNN,en,To ask the Minister for Health the number of approved consultant dermatologist posts at Cork University Hospital; the number currently vacant; the current waiting list and longest wait for a dermatology outpatient appointment at the hospital; and if she will make a statement on the matter.,Health,2605,2607
"638. Deputy Ken O'Flynn asked the Minister for Health the date on which the consultant who provided the mole mapping service at Cork University Hospital retired; the date on which the HSE was notified of the retirement; whether a replacement post has been approved, advertised or filled; and if she will make a statement on the matter. [70292/26]",Health,the minister for health the date on which the consultant who provided the mole mapping service at cork university hospital retired the date on which the hse was notified of the retirement whether a replacement post has been approved advertised or filled and 70292 26,2026-10-06,written,638,70292/26,Ken O'Flynn,KEN O'FLYNN,en,"To ask the Minister for Health the date on which the consultant who provided the mole mapping service at Cork University Hospital retired; the date on which the HSE was notified of the retirement; whether a replacement post has been approved, advertised or filled; and if she will make a statement on the matter.",Health,2609,2611
639. Deputy Ken O'Flynn asked the Minister for Health the postnatal and continuity of care arrangements being put in place for women displaced from the DOMINO service at Cork University Maternity Hospital; the current staffing and capacity of the Early Transfer Home Team; whether that team will provide an equivalent level of care and home visits to the DOMINO service; and if she will make a statement on the matter. [70281/26],Health,the minister for health the postnatal and continuity of care arrangements being put in place for women displaced from the domino service at cork university maternity hospital the current staffing and capacity of the early transfer home team whether that team will provide an equivalent level of care and home visits to the domino service and 70281 26,2026-10-06,written,639,70281/26,Ken O'Flynn,KEN O'FLYNN,en,To ask the Minister for Health the postnatal and continuity of care arrangements being put in place for women displaced from the DOMINO service at Cork University Maternity Hospital; the current staffing and capacity of the Early Transfer Home Team; whether that team will provide an equivalent level of care and home visits to the DOMINO service; and if she will make a statement on the matter.,Health,2613,2615
"640. Deputy Ken O'Flynn asked the Minister for Health whether a clinical risk assessment or patient impact assessment was carried out before the decision to suspend the DOMINO service at Cork University Maternity Hospital, specifically in respect of women already booked onto the service and due to give birth during the suspension period; if so, whether the assessment will be published; if not, the reason; and if she will make a statement on the matter. [70280/26]",Health,the minister for health whether a clinical risk assessment or patient impact assessment was carried out before the decision to suspend the domino service at cork university maternity hospital specifically in respect of women already booked onto the service and due to give birth during the suspension period if so whether the assessment will be published if not the reason and 70280 26,2026-10-06,written,640,70280/26,Ken O'Flynn,KEN O'FLYNN,en,"To ask the Minister for Health whether a clinical risk assessment or patient impact assessment was carried out before the decision to suspend the DOMINO service at Cork University Maternity Hospital, specifically in respect of women already booked onto the service and due to give birth during the suspension period; if so, whether the assessment will be published; if not, the reason; and if she will make a statement on the matter.",Health,2617,2619
641. Deputy Ken O'Flynn asked the Minister for Health the number of women who had been accepted and booked onto the DOMINO service at Cork University Maternity Hospital with expected due dates between October and December 2026; the date and manner in which each was informed of the suspension; the gestation at which they were informed; and if she will make a statement on the matter. [70279/26],Health,the minister for health the number of women who had been accepted and booked onto the domino service at cork university maternity hospital with expected due dates between october and december 2026 the date and manner in which each was informed of the suspension the gestation at which they were informed and 70279 26,2026-10-06,written,641,70279/26,Ken O'Flynn,KEN O'FLYNN,en,To ask the Minister for Health the number of women who had been accepted and booked onto the DOMINO service at Cork University Maternity Hospital with expected due dates between October and December 2026; the date and manner in which each was informed of the suspension; the gestation at which they were informed; and if she will make a statement on the matter.,Health,2621,2623
642. Deputy Pádraig Mac Lochlainn asked the Minister for Health the current waiting time for a Friedreich’s ataxia clinic appointment; and the measures being taken to ensure that people living with Friedreich’s ataxia can access timely specialist review and annual multidisciplinary assessments in line with recognised European and international clinical care guidelines. [70247/26],Health,the minister for health the current waiting time for a friedreich s ataxia clinic appointment and the measures being taken to ensure that people living with friedreich s ataxia can access timely specialist review and annual multidisciplinary assessments in line with recognised european and international clinical care guidelines 70247 26,2026-10-06,written,642,70247/26,Pádraig Mac Lochlainn,PÁDRAIG MAC LOCHLAINN,en,To ask the Minister for Health the current waiting time for a Friedreich’s ataxia clinic appointment; and the measures being taken to ensure that people living with Friedreich’s ataxia can access timely specialist review and annual multidisciplinary assessments in line with recognised European and international clinical care guidelines.,Health,2625,2627
"643. Deputy Eoghan Kenny asked the Minister for Health if her Department will consider the inclusion of GLP-1 drugs like Mounjaro for PCOS treatment in the drugs payment scheme, given the expense of the medication and the considerable cost of living issues [70234/26]",Health,the minister for health if her department will consider the inclusion of glp-1 drugs like mounjaro for pcos treatment in the drugs payment scheme given the expense of the medication and the considerable cost of living issues 70234 26,2026-10-06,written,643,70234/26,Eoghan Kenny,EOGHAN KENNY,en,"To ask the Minister for Health if her Department will consider the inclusion of GLP-1 drugs like Mounjaro for PCOS treatment in the drugs payment scheme, given the expense of the medication and the considerable cost of living issues",Health,2629,2631
644. Deputy Michael Healy-rae asked the Minister for Health the number of newly qualified nurses and midwives in Cork that have been placed on recruitment panels but have not been offered positions. [70337/26],Health,the minister for health the number of newly qualified nurses and midwives in cork that have been placed on recruitment panels but have not been offered positions 70337 26,2026-10-06,written,644,70337/26,Michael Healy-rae,MICHAEL HEALY-RAE,en,To ask the Minister for Health the number of newly qualified nurses and midwives in Cork that have been placed on recruitment panels but have not been offered positions.,Health,2633,2635
645. Deputy Michael Healy-rae asked the Minister for Health the plans in place to provide employment for newly qualified nurses and midwives who have just completed their internships in Cork. [70340/26],Health,the minister for health the plans in place to provide employment for newly qualified nurses and midwives who have just completed their internships in cork 70340 26,2026-10-06,written,645,70340/26,Michael Healy-rae,MICHAEL HEALY-RAE,en,To ask the Minister for Health the plans in place to provide employment for newly qualified nurses and midwives who have just completed their internships in Cork.,Health,2637,2639
"646. Deputy Michael Healy-rae asked the Minister for Health the reason newly qualified nurses and midwives are being directed towards staff bank work, rather than being offered positions where vacancies exist. [70339/26]",Health,the minister for health the reason newly qualified nurses and midwives are being directed towards staff bank work rather than being offered positions where vacancies exist 70339 26,2026-10-06,written,646,70339/26,Michael Healy-rae,MICHAEL HEALY-RAE,en,"To ask the Minister for Health the reason newly qualified nurses and midwives are being directed towards staff bank work, rather than being offered positions where vacancies exist.",Health,2641,2643
"647. Deputy Paul Lawless asked the Minister for Health the number of nurses who have left their jobs at a hospital (details supplied) in each of the past ten years, and to date in 2026. [70346/26]",Health,the minister for health the number of nurses who have left their jobs at a hospital details supplied in each of the past ten years and to date in 2026 70346 26,2026-10-06,written,647,70346/26,Paul Lawless,PAUL LAWLESS,en,"To ask the Minister for Health the number of nurses who have left their jobs at a hospital (details supplied) in each of the past ten years, and to date in 2026.",Health,2645,2647
648. Deputy Michael Healy-rae asked the Minister for Health the number of permanent staff nurse and midwife vacancies that exist in the hospitals across Cork. [70338/26],Health,the minister for health the number of permanent staff nurse and midwife vacancies that exist in the hospitals across cork 70338 26,2026-10-06,written,648,70338/26,Michael Healy-rae,MICHAEL HEALY-RAE,en,To ask the Minister for Health the number of permanent staff nurse and midwife vacancies that exist in the hospitals across Cork.,Health,2649,2651
649. Deputy Paul Lawless asked the Minister for Health the number of nurses recruited to work in University Hospital Galway in each of the past ten years and to date in 2026; and the number that had completed their studies / placement in University Hospital Galway. [70348/26],Health,the minister for health the number of nurses recruited to work in university hospital galway in each of the past ten years and to date in 2026 and the number that had completed their studies placement in university hospital galway 70348 26,2026-10-06,written,649,70348/26,Paul Lawless,PAUL LAWLESS,en,To ask the Minister for Health the number of nurses recruited to work in University Hospital Galway in each of the past ten years and to date in 2026; and the number that had completed their studies / placement in University Hospital Galway.,Health,2653,2655
650. Deputy Robert O'Donoghue asked the Minister for Health the arrangements in place for the HSE to procure ADHD assessments from suitably qualified independent providers to reduce national waiting lists; the number of providers contracted for child and adult ADHD assessments; the ways providers can apply to participate; whether further panels or procurement competitions are planned; and the professional and multidisciplinary requirements providers must meet. [70360/26],Health,the minister for health the arrangements in place for the hse to procure adhd assessments from suitably qualified independent providers to reduce national waiting lists the number of providers contracted for child and adult adhd assessments the ways providers can apply to participate whether further panels or procurement competitions are planned and the professional and multidisciplinary requirements providers must meet 70360 26,2026-10-06,written,650,70360/26,Robert O'Donoghue,ROBERT O'DONOGHUE,en,To ask the Minister for Health the arrangements in place for the HSE to procure ADHD assessments from suitably qualified independent providers to reduce national waiting lists; the number of providers contracted for child and adult ADHD assessments; the ways providers can apply to participate; whether further panels or procurement competitions are planned; and the professional and multidisciplinary requirements providers must meet.,Health,2657,2659
651. Deputy Barry Ward asked the Minister for Health if her attention has been drawn to delays in providing an occupational therapy assessment for a person (details supplied); and the actions she will take to ensure that this is progressed. [70385/26],Health,the minister for health if her attention has been drawn to delays in providing an occupational therapy assessment for a person details supplied and the actions she will take to ensure that this is progressed 70385 26,2026-10-06,written,651,70385/26,Barry Ward,BARRY WARD,en,To ask the Minister for Health if her attention has been drawn to delays in providing an occupational therapy assessment for a person (details supplied); and the actions she will take to ensure that this is progressed.,Health,2661,2663
652. Deputy Malcolm Byrne asked the Minister for Health to provide an update on the provision of an additional CAMHS team for north Wexford; if accommodation for this team has now been identified in Gorey; if the team will ultimately be located in the planned new primary care centre; and if she will make a statement on the matter. [70370/26],Health,the minister for health to provide an update on the provision of an additional camhs team for north wexford if accommodation for this team has now been identified in gorey if the team will ultimately be located in the planned new primary care centre and 70370 26,2026-10-06,written,652,70370/26,Malcolm Byrne,MALCOLM BYRNE,en,To ask the Minister for Health to provide an update on the provision of an additional CAMHS team for north Wexford; if accommodation for this team has now been identified in Gorey; if the team will ultimately be located in the planned new primary care centre; and if she will make a statement on the matter.,Health,2665,2667
"653. Deputy Claire Kerrane asked the Minister for Health if she will allocate €120 million in Budget 2027 for the establishment of dedicated Mental Health A&Es, separate from general Emergency Departments, given concerns raised by communities including Ballinasloe following recent tragedies and in light of the limited national coverage of the Suicide Crisis Assessment Nurse (SCAN) service; and if she will make a statement on the matter. [69952/26]",Health,the minister for health if she will allocate 120 million in budget 2027 for the establishment of dedicated mental health a es separate from general emergency departments given concerns raised by communities including ballinasloe following recent tragedies and in light of the limited national coverage of the suicide crisis assessment nurse scan service and 69952 26,2026-10-06,written,653,69952/26,Claire Kerrane,CLAIRE KERRANE,en,"To ask the Minister for Health if she will allocate €120 million in Budget 2027 for the establishment of dedicated Mental Health A&Es, separate from general Emergency Departments, given concerns raised by communities including Ballinasloe following recent tragedies and in light of the limited national coverage of the Suicide Crisis Assessment Nurse (SCAN) service; and if she will make a statement on the matter.",Health,2669,2671
"654. Deputy Ryan O'Meara asked the Minister for Health further to Parliamentary Question No. 68120/26, for an update on the work of the National Clinical Lead for Eating disorders, Dr Art Malone, and Professor Rosie Gowran, Clinical Lead National Clinical Programme for People with Disability (details supplied), to establish a national ARFID pathway for children and young people. [70341/26]",Health,the minister for health further to parliamentary question no 68120 26 for an update on the work of the national clinical lead for eating disorders dr art malone and professor rosie gowran clinical lead national clinical programme for people with disability details supplied to establish a national arfid pathway for children and young people 70341 26,2026-10-06,written,654,70341/26,Ryan O'Meara,RYAN O'MEARA,en,"To ask the Minister for Health further to Parliamentary Question No. 68120/26, for an update on the work of the National Clinical Lead for Eating disorders, Dr Art Malone, and Professor Rosie Gowran, Clinical Lead National Clinical Programme for People with Disability (details supplied), to establish a national ARFID pathway for children and young people.",Health,2673,2675
655. Deputy Mark Ward asked the Minister for Health for an update on the school immunisation programme; the number of vacancies in the Dublin area for the school immunisation team; to comment on the cancellation of junior infant vaccines MMR and Tdap boosters scheduled for the school (details supplied); and the steps that are being taken to address this. [70215/26],Health,the minister for health for an update on the school immunisation programme the number of vacancies in the dublin area for the school immunisation team to comment on the cancellation of junior infant vaccines mmr and tdap boosters scheduled for the school details supplied and the steps that are being taken to address this 70215 26,2026-10-06,written,655,70215/26,Mark Ward,MARK WARD,en,To ask the Minister for Health for an update on the school immunisation programme; the number of vacancies in the Dublin area for the school immunisation team; to comment on the cancellation of junior infant vaccines MMR and Tdap boosters scheduled for the school (details supplied); and the steps that are being taken to address this.,Health,2677,2679
"656. Deputy Ken O'Flynn asked the Minister for Health if she is aware that families in Cork have been informed that the Specialist Neurodevelopmental Pathway (SNAP) Ballincollig service is being discontinued and that children currently attending or awaiting assessment through SNAP are being referred back to their local CAMHS service, including North Lee; if this is the case, the reason for the decision; the date on which the service will cease; the number of children affected; the arrangements for their continued assessment and treatment; whether existing waiting times will be protected; and if she will make a statement on the matter. [70393/26]",Health,the minister for health if she is aware that families in cork have been informed that the specialist neurodevelopmental pathway snap ballincollig service is being discontinued and that children currently attending or awaiting assessment through snap are being referred back to their local camhs service including north lee if this is the case the reason for the decision the date on which the service will cease the number of children affected the arrangements for their continued assessment and treatment whether existing waiting times will be protected and 70393 26,2026-10-06,written,656,70393/26,Ken O'Flynn,KEN O'FLYNN,en,"To ask the Minister for Health if she is aware that families in Cork have been informed that the Specialist Neurodevelopmental Pathway (SNAP) Ballincollig service is being discontinued and that children currently attending or awaiting assessment through SNAP are being referred back to their local CAMHS service, including North Lee; if this is the case, the reason for the decision; the date on which the service will cease; the number of children affected; the arrangements for their continued assessment and treatment; whether existing waiting times will be protected; and if she will make a statement on the matter.",Health,2681,2683
"657. Deputy Ged Nash asked the Minister for Health the number of Irish citizens that graduate annually from medical schools in Poland and elsewhere in the EU, and subsequently seek Irish internship posts. [70403/26]",Health,the minister for health the number of irish citizens that graduate annually from medical schools in poland and elsewhere in the eu and subsequently seek irish internship posts 70403 26,2026-10-06,written,657,70403/26,Ged Nash,GED NASH,en,"To ask the Minister for Health the number of Irish citizens that graduate annually from medical schools in Poland and elsewhere in the EU, and subsequently seek Irish internship posts.",Health,2685,2687
658. Deputy Ged Nash asked the Minister for Health the number of Irish graduates of Polish medical schools that have been unable to participate in the Irish intern matching process because their final-year centile ranking was not available by the HSE deadline. [70407/26],Health,the minister for health the number of irish graduates of polish medical schools that have been unable to participate in the irish intern matching process because their final-year centile ranking was not available by the hse deadline 70407 26,2026-10-06,written,658,70407/26,Ged Nash,GED NASH,en,To ask the Minister for Health the number of Irish graduates of Polish medical schools that have been unable to participate in the Irish intern matching process because their final-year centile ranking was not available by the HSE deadline.,Health,2689,2691
659. Deputy Ged Nash asked the Minister for Health if a later centile submission date will be used for medical schools whose academic calendar does not allow the final ranking to be available by the standard Irish deadline for graduates seeking intership posts. [70411/26],Health,the minister for health if a later centile submission date will be used for medical schools whose academic calendar does not allow the final ranking to be available by the standard irish deadline for graduates seeking intership posts 70411 26,2026-10-06,written,659,70411/26,Ged Nash,GED NASH,en,To ask the Minister for Health if a later centile submission date will be used for medical schools whose academic calendar does not allow the final ranking to be available by the standard Irish deadline for graduates seeking intership posts.,Health,2693,2695
660. Deputy Ged Nash asked the Minister for Health if her Department has considered allowing final-year students from EU medical schools with later examination calendars to apply provisionally and submit their final centile once their examinations are completed. [70410/26],Health,the minister for health if her department has considered allowing final-year students from eu medical schools with later examination calendars to apply provisionally and submit their final centile once their examinations are completed 70410 26,2026-10-06,written,660,70410/26,Ged Nash,GED NASH,en,To ask the Minister for Health if her Department has considered allowing final-year students from EU medical schools with later examination calendars to apply provisionally and submit their final centile once their examinations are completed.,Health,2697,2699
661. Deputy Ged Nash asked the Minister for Health if the requirement for Irish graduates of Polish medical schools for the final centile ranking to be available by the deadline a statutory/regulatory requirement or an administrative requirement of the HSE matching system. [70408/26],Health,the minister for health if the requirement for irish graduates of polish medical schools for the final centile ranking to be available by the deadline a statutory regulatory requirement or an administrative requirement of the hse matching system 70408 26,2026-10-06,written,661,70408/26,Ged Nash,GED NASH,en,To ask the Minister for Health if the requirement for Irish graduates of Polish medical schools for the final centile ranking to be available by the deadline a statutory/regulatory requirement or an administrative requirement of the HSE matching system.,Health,2701,2703
662. Deputy Pearse Doherty asked the Minister for Health the status of a medical card appeal by a person (details supplied) in County Donegal; and the timeframe in which a decision will be made. [70438/26],Health,the minister for health the status of a medical card appeal by a person details supplied in county donegal and the timeframe in which a decision will be made 70438 26,2026-10-06,written,662,70438/26,Pearse Doherty,PEARSE DOHERTY,en,To ask the Minister for Health the status of a medical card appeal by a person (details supplied) in County Donegal; and the timeframe in which a decision will be made.,Health,2705,2707
"663. Deputy Mary Lou Mcdonald asked the Minister for Health the way in which she will ensure better pathways for patients with suspected autonomic disorders to receive appropriate investigations, including standing/orthostatic testing and tilt-table testing where clinically appropriate. [70436/26]",Health,the minister for health the way in which she will ensure better pathways for patients with suspected autonomic disorders to receive appropriate investigations including standing orthostatic testing and tilt-table testing where clinically appropriate 70436 26,2026-10-06,written,663,70436/26,Mary Lou Mcdonald,MARY LOU MCDONALD,en,"To ask the Minister for Health the way in which she will ensure better pathways for patients with suspected autonomic disorders to receive appropriate investigations, including standing/orthostatic testing and tilt-table testing where clinically appropriate.",Health,2709,2711
664. Deputy Louis O'Hara asked the Minister for Health if her Department is working to develop access to a medical device for Irish patients (details supplied). [70434/26],Health,the minister for health if her department is working to develop access to a medical device for irish patients details supplied 70434 26,2026-10-06,written,664,70434/26,Louis O'Hara,LOUIS O'HARA,en,To ask the Minister for Health if her Department is working to develop access to a medical device for Irish patients (details supplied).,Health,2713,2715
"665. Deputy Peadar Tóibín asked the Minister for Health the total capital expenditure incurred by the HSE and her Department on the development of day-surgery centres and elective hospitals in each year from 2020 to date, by site; the estimated final project cost for each completed, active and planned facility; and the expected opening date of each facility. [70432/26]",Health,the minister for health the total capital expenditure incurred by the hse and her department on the development of day-surgery centres and elective hospitals in each year from 2020 to date by site the estimated final project cost for each completed active and planned facility and the expected opening date of each facility 70432 26,2026-10-06,written,665,70432/26,Peadar Tóibín,PEADAR TÓIBÍN,en,"To ask the Minister for Health the total capital expenditure incurred by the HSE and her Department on the development of day-surgery centres and elective hospitals in each year from 2020 to date, by site; the estimated final project cost for each completed, active and planned facility; and the expected opening date of each facility.",Health,2717,2719
"666. Deputy Peadar Tóibín asked the Minister for Health the capital and current expenditure incurred by the HSE in relation to community mental health centres, mental health hubs and other dedicated mental health facilities in each year from 2020 to date, by facility and county; the projected expenditure for projects currently in planning, design or construction, in tabular form. [70431/26]",Health,the minister for health the capital and current expenditure incurred by the hse community mental health centres mental health hubs and other dedicated mental health facilities in each year from 2020 to date by facility and county the projected expenditure for projects currently in planning design or construction in tabular form 70431 26,2026-10-06,written,666,70431/26,Peadar Tóibín,PEADAR TÓIBÍN,en,"To ask the Minister for Health the capital and current expenditure incurred by the HSE in relation to community mental health centres, mental health hubs and other dedicated mental health facilities in each year from 2020 to date, by facility and county; the projected expenditure for projects currently in planning, design or construction, in tabular form.",Health,2721,2723
"667. Deputy Marie Sherlock asked the Minister for Health whether it is reasonable that when a child attends A&E, without the benefit of a GP referral letter because they could not physically access an appointment, that they be charged an A&E charge given that the child received treatment in A&E that could not be provided in the community. [70423/26]",Health,the minister for health whether it is reasonable that when a child attends a e without the benefit of a gp referral letter because they could not physically access an appointment that they be charged an a e charge given that the child received treatment in a e that could not be provided in the community 70423 26,2026-10-06,written,667,70423/26,Marie Sherlock,MARIE SHERLOCK,en,"To ask the Minister for Health whether it is reasonable that when a child attends A&E, without the benefit of a GP referral letter because they could not physically access an appointment, that they be charged an A&E charge given that the child received treatment in A&E that could not be provided in the community.",Health,2725,2727
668. Deputy Pádraig Mac Lochlainn asked the Minister for Health the status of an application submitted (details supplied) in June for reimbursement under the Northern Ireland planned healthcare scheme. [70420/26],Health,the minister for health the status of an application submitted details supplied in june for reimbursement under the northern ireland planned healthcare scheme 70420 26,2026-10-06,written,668,70420/26,Pádraig Mac Lochlainn,PÁDRAIG MAC LOCHLAINN,en,To ask the Minister for Health the status of an application submitted (details supplied) in June for reimbursement under the Northern Ireland planned healthcare scheme.,Health,2729,2731
669. Deputy Conor D. Mcguinness asked the Minister for Health whether she is aware of concerns that some people living with Friedreich’s ataxia may face significant delays in accessing a drug (details supplied) despite its reimbursement from 1 October 2026 due to capacity constraints at the Combined Ataxia Clinic at Tallaght University Hospital; the estimated timeframe within which all eligible patients will have commenced treatment; whether additional resources will be provided to support treatment initiation and monitoring; the current waiting time for a Friedreich’s ataxia clinic appointment; and the measures being taken. [70419/26],Health,the minister for health whether she is aware of concerns that some people living with friedreich s ataxia may face significant delays in accessing a drug details supplied despite its reimbursement from 1 october 2026 due to capacity constraints at the combined ataxia clinic at tallaght university hospital the estimated timeframe within which all eligible patients will have commenced treatment whether additional resources will be provided to support treatment initiation and monitoring the current waiting time for a friedreich s ataxia clinic appointment and the measures being taken 70419 26,2026-10-06,written,669,70419/26,Conor D. Mcguinness,CONOR D. MCGUINNESS,en,To ask the Minister for Health whether she is aware of concerns that some people living with Friedreich’s ataxia may face significant delays in accessing a drug (details supplied) despite its reimbursement from 1 October 2026 due to capacity constraints at the Combined Ataxia Clinic at Tallaght University Hospital; the estimated timeframe within which all eligible patients will have commenced treatment; whether additional resources will be provided to support treatment initiation and monitoring; the current waiting time for a Friedreich’s ataxia clinic appointment; and the measures being taken.,Health,2733,2735
670. Deputy Ged Nash asked the Minister for Health if a supplementary or reserve matching process for Irish medical internship post be established for otherwise eligible graduates whose centile becomes available after the normal deadline at universities in the EU. [70412/26],Health,the minister for health if a supplementary or reserve matching process for irish medical internship post be established for otherwise eligible graduates whose centile becomes available after the normal deadline at universities in the eu 70412 26,2026-10-06,written,670,70412/26,Ged Nash,GED NASH,en,To ask the Minister for Health if a supplementary or reserve matching process for Irish medical internship post be established for otherwise eligible graduates whose centile becomes available after the normal deadline at universities in the EU.,Health,2737,2739
"671. Deputy Sorca Clarke asked the Minister for Health the number of children and young people currently awaiting access to CAMHS in each county, at the end of September 2026; the average waiting time for first-time appointments in each county; and the longest wait time, in tabular form. [70466/26]",Health,the minister for health the number of children and young people currently awaiting access to camhs in each county at the end of september 2026 the average waiting time for first-time appointments in each county and the longest wait time in tabular form 70466 26,2026-10-06,written,671,70466/26,Sorca Clarke,SORCA CLARKE,en,"To ask the Minister for Health the number of children and young people currently awaiting access to CAMHS in each county, at the end of September 2026; the average waiting time for first-time appointments in each county; and the longest wait time, in tabular form.",Health,2741,2743
672. Deputy Shay Brennan asked the Minister for Health if she is aware of concerns that some people living with Friedreich’s ataxia may face significant delays in accessing skyclarys (omaveloxolone) despite its reimbursement from 1 October 2026 (details supplied); the estimated timeframe within which all eligible patients will have commenced treatment; if additional resources will be provided to support treatment initiation and monitoring; the current waiting time for a Friedreich’s ataxia clinic appointment; and the measures being taken to address access to timely specialist review and annual multidisciplinary assessments. [70468/26],Health,the minister for health if she is aware of concerns that some people living with friedreich s ataxia may face significant delays in accessing skyclarys omaveloxolone despite its reimbursement from 1 october 2026 details supplied the estimated timeframe within which all eligible patients will have commenced treatment if additional resources will be provided to support treatment initiation and monitoring the current waiting time for a friedreich s ataxia clinic appointment and the measures being taken to address access to timely specialist review and annual multidisciplinary assessments 70468 26,2026-10-06,written,672,70468/26,Shay Brennan,SHAY BRENNAN,en,To ask the Minister for Health if she is aware of concerns that some people living with Friedreich’s ataxia may face significant delays in accessing skyclarys (omaveloxolone) despite its reimbursement from 1 October 2026 (details supplied); the estimated timeframe within which all eligible patients will have commenced treatment; if additional resources will be provided to support treatment initiation and monitoring; the current waiting time for a Friedreich’s ataxia clinic appointment; and the measures being taken to address access to timely specialist review and annual multidisciplinary assessments.,Health,2745,2747
673. Deputy Cathy Bennett asked the Minister for Health the advice that she can provide to a person (details supplied) resident in Monaghan who has contacted every GP in the county and has been unable to register with a GP for them and their child. [70459/26],Health,the minister for health the advice that she can provide to a person details supplied resident in monaghan who has contacted every gp in the county and has been unable to register with a gp for them and their child 70459 26,2026-10-06,written,673,70459/26,Cathy Bennett,CATHY BENNETT,en,To ask the Minister for Health the advice that she can provide to a person (details supplied) resident in Monaghan who has contacted every GP in the county and has been unable to register with a GP for them and their child.,Health,2749,2751
674. Deputy Cathal Crowe asked the Minister for Health if she will outline if a policy document (details supplied) will be considered as part of the current decision making process of the Mid-West Health Planning Board. [70529/26],Health,the minister for health if she will outline if a policy document details supplied will be considered as part of the current decision making process of the mid-west health planning board 70529 26,2026-10-06,written,674,70529/26,Cathal Crowe,CATHAL CROWE,en,To ask the Minister for Health if she will outline if a policy document (details supplied) will be considered as part of the current decision making process of the Mid-West Health Planning Board.,Health,2753,2755
"675. Deputy Brian Brennan asked the Minister for Health if she will review the fairness of the drug payment scheme threshold, particularly the application of the same monthly cap to widowed/single-person households and to couples or families. [70527/26]",Health,the minister for health if she will review the fairness of the drug payment scheme threshold particularly the application of the same monthly cap to widowed single-person households and to couples or families 70527 26,2026-10-06,written,675,70527/26,Brian Brennan,BRIAN BRENNAN,en,"To ask the Minister for Health if she will review the fairness of the drug payment scheme threshold, particularly the application of the same monthly cap to widowed/single-person households and to couples or families.",Health,2757,2759
"676. Deputy Ken O'Flynn asked the Minister for Health the number of patients currently on the inpatient and day case waiting list for ENT procedures at the South Infirmary Victoria University Hospital, Cork, broken down by length of time waiting; whether any reduction in anaesthetic staffing or funding has reduced theatre capacity for ENT lists at the hospital in 2026; the number of ENT theatre sessions cancelled or not scheduled due to anaesthetic unavailability in 2026 to date; and the measures being taken by her Department and the HSE to restore capacity; and if she will make a statement on the matter. [70548/26]",Health,the minister for health the number of patients currently on the inpatient and day case waiting list for ent procedures at the south infirmary victoria university hospital cork broken down by length of time waiting whether any reduction in anaesthetic staffing or funding has reduced theatre capacity for ent lists at the hospital in 2026 the number of ent theatre sessions cancelled or not scheduled due to anaesthetic unavailability in 2026 to date and the measures being taken by her department and the hse to restore capacity and 70548 26,2026-10-06,written,676,70548/26,Ken O'Flynn,KEN O'FLYNN,en,"To ask the Minister for Health the number of patients currently on the inpatient and day case waiting list for ENT procedures at the South Infirmary Victoria University Hospital, Cork, broken down by length of time waiting; whether any reduction in anaesthetic staffing or funding has reduced theatre capacity for ENT lists at the hospital in 2026; the number of ENT theatre sessions cancelled or not scheduled due to anaesthetic unavailability in 2026 to date; and the measures being taken by her Department and the HSE to restore capacity; and if she will make a statement on the matter.",Health,2761,2763
"677. Deputy Eoin Ó Broin asked the Minister for Health whether her Department holds, or has held in the preceding five years, contracts with a company (details supplied); and the value and purpose of any such contracts. [70478/26]",Health,the minister for health whether her department holds or has held in the preceding five years contracts with a company details supplied and the value and purpose of any such contracts 70478 26,2026-10-06,written,677,70478/26,Eoin Ó Broin,EOIN Ó BROIN,en,"To ask the Minister for Health whether her Department holds, or has held in the preceding five years, contracts with a company (details supplied); and the value and purpose of any such contracts.",Health,2765,2767
678. Deputy Naoise Ó Muirí asked the Minister for Health if her Department is considering measures aimed at reducing the financial burden on coeliac sufferers who must abide by a gluten free diet. [70572/26],Health,the minister for health if her department is considering measures aimed at reducing the financial burden on coeliac sufferers who must abide by a gluten free diet 70572 26,2026-10-06,written,678,70572/26,Naoise Ó Muirí,NAOISE Ó MUIRÍ,en,To ask the Minister for Health if her Department is considering measures aimed at reducing the financial burden on coeliac sufferers who must abide by a gluten free diet.,Health,2769,2771
679. Deputy Naoise Ó Muirí asked the Minister for Health if she is concerned that newly qualified nurses and midwives who cannot secure employment within the HSE will be forced to seek employment abroad; and the measures being taken to retain these graduates within the Irish health service. [70570/26],Health,the minister for health if she is concerned that newly qualified nurses and midwives who cannot secure employment within the hse will be forced to seek employment abroad and the measures being taken to retain these graduates within the irish health service 70570 26,2026-10-06,written,679,70570/26,Naoise Ó Muirí,NAOISE Ó MUIRÍ,en,To ask the Minister for Health if she is concerned that newly qualified nurses and midwives who cannot secure employment within the HSE will be forced to seek employment abroad; and the measures being taken to retain these graduates within the Irish health service.,Health,2773,2775
680. Deputy Naoise Ó Muirí asked the Minister for Health the policy regarding the recruitment of newly qualified nurses and midwives into the HSE in 2026 and 2027; and the assurances that will be provided to graduates currently unable to secure HSE employment following completion of their training. [70569/26],Health,the minister for health the policy regarding the recruitment of newly qualified nurses and midwives into the hse in 2026 and 2027 and the assurances that will be provided to graduates currently unable to secure hse employment following completion of their training 70569 26,2026-10-06,written,680,70569/26,Naoise Ó Muirí,NAOISE Ó MUIRÍ,en,To ask the Minister for Health the policy regarding the recruitment of newly qualified nurses and midwives into the HSE in 2026 and 2027; and the assurances that will be provided to graduates currently unable to secure HSE employment following completion of their training.,Health,2777,2779
"681. Deputy Naoise Ó Muirí asked the Minister for Health if newly qualified midwives who have completed their internships in 2026 are being prevented from taking up employment due to recruitment restrictions, notwithstanding reported vacancies within maternity services; the action being taken to address this; and if she will make a statement on the matter. [70567/26]",Health,the minister for health if newly qualified midwives who have completed their internships in 2026 are being prevented from taking up employment due to recruitment restrictions notwithstanding reported vacancies within maternity services the action being taken to address this and 70567 26,2026-10-06,written,681,70567/26,Naoise Ó Muirí,NAOISE Ó MUIRÍ,en,"To ask the Minister for Health if newly qualified midwives who have completed their internships in 2026 are being prevented from taking up employment due to recruitment restrictions, notwithstanding reported vacancies within maternity services; the action being taken to address this; and if she will make a statement on the matter.",Health,2781,2783
682. Deputy Mary Lou Mcdonald asked the Minister for Health if there are plans to trial the use of a medication (details supplied) in Ireland in view of the fact his drug is currently being tested in the United States of America for use in preserving fertility for endometriosis patients. [70557/26],Health,the minister for health if there are plans to trial the use of a medication details supplied in ireland in view of the fact his drug is currently being tested in the united states of america for use in preserving fertility for endometriosis patients 70557 26,2026-10-06,written,682,70557/26,Mary Lou Mcdonald,MARY LOU MCDONALD,en,To ask the Minister for Health if there are plans to trial the use of a medication (details supplied) in Ireland in view of the fact his drug is currently being tested in the United States of America for use in preserving fertility for endometriosis patients.,Health,2785,2787
683. Deputy Naoise Ó Muirí asked the Minister for Health the arrangements in place to ensure newly qualified nurses who completed their four-year general nursing degree in 2026 can secure employment within the HSE; if she is aware of graduates who had understood that employment would be available upon qualification but are now unable to secure posts; and if she will make a statement on the matter. [70564/26],Health,the minister for health the arrangements in place to ensure newly qualified nurses who completed their four-year general nursing degree in 2026 can secure employment within the hse if she is aware of graduates who had understood that employment would be available upon qualification but are now unable to secure posts and 70564 26,2026-10-06,written,683,70564/26,Naoise Ó Muirí,NAOISE Ó MUIRÍ,en,To ask the Minister for Health the arrangements in place to ensure newly qualified nurses who completed their four-year general nursing degree in 2026 can secure employment within the HSE; if she is aware of graduates who had understood that employment would be available upon qualification but are now unable to secure posts; and if she will make a statement on the matter.,Health,2789,2791
684. Deputy Mary Lou Mcdonald asked the Minister for Health the current approximate waiting times for endometriosis assessment and specialist treatment in Ireland. [70555/26],Health,the minister for health the current approximate waiting times for endometriosis assessment and specialist treatment in ireland 70555 26,2026-10-06,written,684,70555/26,Mary Lou Mcdonald,MARY LOU MCDONALD,en,To ask the Minister for Health the current approximate waiting times for endometriosis assessment and specialist treatment in Ireland.,Health,2793,2795
685. Deputy Mary Lou Mcdonald asked the Minister for Health the measures being taken to improve the endometriosis surgery abroad interim scheme. [70563/26],Health,the minister for health the measures being taken to improve the endometriosis surgery abroad interim scheme 70563 26,2026-10-06,written,685,70563/26,Mary Lou Mcdonald,MARY LOU MCDONALD,en,To ask the Minister for Health the measures being taken to improve the endometriosis surgery abroad interim scheme.,Health,2797,2799
686. Deputy Mary Lou Mcdonald asked the Minister for Health whether additional resources are being provided to improve access to specialist endometriosis services. [70560/26],Health,the minister for health whether additional resources are being provided to improve access to specialist endometriosis services 70560 26,2026-10-06,written,686,70560/26,Mary Lou Mcdonald,MARY LOU MCDONALD,en,To ask the Minister for Health whether additional resources are being provided to improve access to specialist endometriosis services.,Health,2801,2803
687. Deputy Mary Lou Mcdonald asked the Minister for Health the urgent-care pathways that are available for persons experiencing severe endometriosis symptoms. [70559/26],Health,the minister for health the urgent-care pathways that are available for persons experiencing severe endometriosis symptoms 70559 26,2026-10-06,written,687,70559/26,Mary Lou Mcdonald,MARY LOU MCDONALD,en,To ask the Minister for Health the urgent-care pathways that are available for persons experiencing severe endometriosis symptoms.,Health,2805,2807
688. Deputy Mary Lou Mcdonald asked the Minister for Health the measures being taken to reduce waiting times for endometriosis assessment and specialist treatment in Ireland. [70558/26],Health,the minister for health the measures being taken to reduce waiting times for endometriosis assessment and specialist treatment in ireland 70558 26,2026-10-06,written,688,70558/26,Mary Lou Mcdonald,MARY LOU MCDONALD,en,To ask the Minister for Health the measures being taken to reduce waiting times for endometriosis assessment and specialist treatment in Ireland.,Health,2809,2811
689. Deputy Seán Ó Fearghaíl asked the Minister for Health if she will address the concerns raised in correspondence (details supplied) regarding proposals by an organisation for additional HSE service level agreements to increase capacity for assessments and therapies and reduce waiting lists for children with additional needs. [70492/26],Health,the minister for health if she will address the concerns raised in correspondence details supplied regarding proposals by an organisation for additional hse service level agreements to increase capacity for assessments and therapies and reduce waiting lists for children with additional needs 70492 26,2026-10-06,written,689,70492/26,Seán Ó Fearghaíl,SEÁN Ó FEARGHAÍL,en,To ask the Minister for Health if she will address the concerns raised in correspondence (details supplied) regarding proposals by an organisation for additional HSE service level agreements to increase capacity for assessments and therapies and reduce waiting lists for children with additional needs.,Health,2813,2815
"690. Deputy Sorca Clarke asked the Minister for Health in view of the closure of the adult diabetes clinic at the Regional Hospital Mullingar and the fact that affected patients are being directed to GP services in the interim, if temporary GP visit card eligibility will be provided to those patients, particularly those who have previously been refused a medical card or GP visit card; and if not, if another form of discretionary financial assistance will be considered for the duration of the closure. [70554/26]",Health,the minister for health in view of the closure of the adult diabetes clinic at the regional hospital mullingar and the fact that affected patients are being directed to gp services in the interim if temporary gp visit card eligibility will be provided to those patients particularly those who have previously been refused a medical card or gp visit card if another form of discretionary financial assistance will be considered for the duration of the closure 70554 26,2026-10-06,written,690,70554/26,Sorca Clarke,SORCA CLARKE,en,"To ask the Minister for Health in view of the closure of the adult diabetes clinic at the Regional Hospital Mullingar and the fact that affected patients are being directed to GP services in the interim, if temporary GP visit card eligibility will be provided to those patients, particularly those who have previously been refused a medical card or GP visit card; and if not, if another form of discretionary financial assistance will be considered for the duration of the closure.",Health,2817,2819
"691. Deputy Ken O'Flynn asked the Minister for Health the number of doctors currently employed in HSE South West whose recruitment records show incomplete pre-employment checks, including garda vetting and overseas police clearance; the action being taken in each case; and if she will make a statement on the matter. [70591/26]",Health,the minister for health the number of doctors currently employed in hse south west whose recruitment records show incomplete pre-employment checks including garda vetting and overseas police clearance the action being taken in each case and 70591 26,2026-10-06,written,691,70591/26,Ken O'Flynn,KEN O'FLYNN,en,"To ask the Minister for Health the number of doctors currently employed in HSE South West whose recruitment records show incomplete pre-employment checks, including garda vetting and overseas police clearance; the action being taken in each case; and if she will make a statement on the matter.",Health,2821,2823
692. Deputy Ken O'Flynn asked the Minister for Health if restrictions on the filling of vacant clinical posts are currently in place in HSE South West; the date such restrictions were introduced; the grades affected; whether maternity services are exempt; when the restrictions will be lifted; and if she will make a statement on the matter. [70590/26],Health,the minister for health if restrictions on the filling of vacant clinical posts are currently in place in hse south west the date such restrictions were introduced the grades affected whether maternity services are exempt when the restrictions will be lifted and 70590 26,2026-10-06,written,692,70590/26,Ken O'Flynn,KEN O'FLYNN,en,To ask the Minister for Health if restrictions on the filling of vacant clinical posts are currently in place in HSE South West; the date such restrictions were introduced; the grades affected; whether maternity services are exempt; when the restrictions will be lifted; and if she will make a statement on the matter.,Health,2825,2827
"693. Deputy Ken O'Flynn asked the Minister for Health the number of public health nurse and health and social care professional posts, by whole time equivalent, that could be filled in HSE South West by approving outstanding requests from existing work sharing staff to increase their hours, compared with the cost and time of recruiting to those posts; and if she will make a statement on the matter. [70589/26]",Health,the minister for health the number of public health nurse and health and social care professional posts by whole time equivalent that could be filled in hse south west by approving outstanding requests from existing work sharing staff to increase their hours compared with the cost and time of recruiting to those posts and 70589 26,2026-10-06,written,693,70589/26,Ken O'Flynn,KEN O'FLYNN,en,"To ask the Minister for Health the number of public health nurse and health and social care professional posts, by whole time equivalent, that could be filled in HSE South West by approving outstanding requests from existing work sharing staff to increase their hours, compared with the cost and time of recruiting to those posts; and if she will make a statement on the matter.",Health,2829,2831
"694. Deputy Ken O'Flynn asked the Minister for Health the number of approved but unfilled nursing and midwifery posts at Cork University Maternity Hospital as of 30 September 2026, by grade; the number of those posts for which approval to fill has been sought but not granted since January 2026; and if she will make a statement on the matter. [70587/26]",Health,the minister for health the number of approved but unfilled nursing and midwifery posts at cork university maternity hospital as of 30 september 2026 by grade the number of those posts for which approval to fill has been sought but not granted since january 2026 and 70587 26,2026-10-06,written,694,70587/26,Ken O'Flynn,KEN O'FLYNN,en,"To ask the Minister for Health the number of approved but unfilled nursing and midwifery posts at Cork University Maternity Hospital as of 30 September 2026, by grade; the number of those posts for which approval to fill has been sought but not granted since January 2026; and if she will make a statement on the matter.",Health,2833,2835
"695. Deputy Ken O'Flynn asked the Minister for Health the steps being taken to protect and expand midwife led continuity of care services, including the Domino scheme and home birth service at Cork University Maternity Hospital, in line with the National Maternity Strategy; and if she will make a statement on the matter. [70595/26]",Health,the minister for health the steps being taken to protect and expand midwife led continuity of care services including the domino scheme and home birth service at cork university maternity hospital in line with the national maternity strategy and 70595 26,2026-10-06,written,695,70595/26,Ken O'Flynn,KEN O'FLYNN,en,"To ask the Minister for Health the steps being taken to protect and expand midwife led continuity of care services, including the Domino scheme and home birth service at Cork University Maternity Hospital, in line with the National Maternity Strategy; and if she will make a statement on the matter.",Health,2837,2839
"696. Deputy Ken O'Flynn asked the Minister for Health the oversight role, if any, retained by National HR in respect of pre-employment screening carried out by regional recruitment teams under the HSE HR Operating Model; whether National HR has the power to direct a region to take corrective action where screening failures are identified; and if she will make a statement on the matter. [70586/26]",Health,the minister for health the oversight role if any retained by national hr in respect of pre-employment screening carried out by regional recruitment teams under the hse hr operating model whether national hr has the power to direct a region to take corrective action where screening failures are identified and 70586 26,2026-10-06,written,696,70586/26,Ken O'Flynn,KEN O'FLYNN,en,"To ask the Minister for Health the oversight role, if any, retained by National HR in respect of pre-employment screening carried out by regional recruitment teams under the HSE HR Operating Model; whether National HR has the power to direct a region to take corrective action where screening failures are identified; and if she will make a statement on the matter.",Health,2841,2843
"697. Deputy Marie Sherlock asked the Minister for Health the number of DTOCs within acute hospitals, from 1 January 2026 to 1 October 2026, that fall into the categories of requiring a neuro-rehab placement, a dementia placement, step down care, homecare package, nursing home place, or other. [70594/26]",Health,the minister for health the number of dtocs within acute hospitals from 1 january 2026 to 1 october 2026 that fall into the categories of requiring a neuro-rehab placement a dementia placement step down care homecare package nursing home place or other 70594 26,2026-10-06,written,697,70594/26,Marie Sherlock,MARIE SHERLOCK,en,"To ask the Minister for Health the number of DTOCs within acute hospitals, from 1 January 2026 to 1 October 2026, that fall into the categories of requiring a neuro-rehab placement, a dementia placement, step down care, homecare package, nursing home place, or other.",Health,2845,2847
"698. Deputy Ken O'Flynn asked the Minister for Health the current status of the Domino midwife led service at Cork University Maternity Hospital; whether the service has been suspended, curtailed or altered since June 2026; the number of women who availed of the service in each of the years 2023, 2024, 2025 and to date in 2026; the number of women currently booked under the scheme with expected delivery dates in 2027; and if she will make a statement on the matter. [70585/26]",Health,the minister for health the current status of the domino midwife led service at cork university maternity hospital whether the service has been suspended curtailed or altered since june 2026 the number of women who availed of the service in each of the years 2023 2024 2025 and to date in 2026 the number of women currently booked under the scheme with expected delivery dates in 2027 and 70585 26,2026-10-06,written,698,70585/26,Ken O'Flynn,KEN O'FLYNN,en,"To ask the Minister for Health the current status of the Domino midwife led service at Cork University Maternity Hospital; whether the service has been suspended, curtailed or altered since June 2026; the number of women who availed of the service in each of the years 2023, 2024, 2025 and to date in 2026; the number of women currently booked under the scheme with expected delivery dates in 2027; and if she will make a statement on the matter.",Health,2849,2851
"699. Deputy Ken O'Flynn asked the Minister for Health the average length of stay following a spontaneous vaginal birth at Cork University Maternity Hospital for women under the Domino scheme compared with women under standard consultant led care, in each of the years 2023, 2024 and 2025; the estimated cost of an inpatient postnatal bed night at CUMH; and if she will make a statement on the matter. [70593/26]",Health,the minister for health the average length of stay following a spontaneous vaginal birth at cork university maternity hospital for women under the domino scheme compared with women under standard consultant led care in each of the years 2023 2024 and 2025 the estimated cost of an inpatient postnatal bed night at cumh and 70593 26,2026-10-06,written,699,70593/26,Ken O'Flynn,KEN O'FLYNN,en,"To ask the Minister for Health the average length of stay following a spontaneous vaginal birth at Cork University Maternity Hospital for women under the Domino scheme compared with women under standard consultant led care, in each of the years 2023, 2024 and 2025; the estimated cost of an inpatient postnatal bed night at CUMH; and if she will make a statement on the matter.",Health,2853,2855
"700. Deputy Ken O'Flynn asked the Minister for Health further to Parliamentary Question No. 68927/26, the sanctions or disciplinary measures, that apply to HSE staff or managers where a doctor is permitted to commence employment before mandatory pre-employment checks are completed; the number of such sanctions applied in each of the years 2023 to 2025 and to date in 2026; and if she will make a statement on the matter. [70580/26]",Health,the minister for health further to parliamentary question no 68927 26 the sanctions or disciplinary measures that apply to hse staff or managers where a doctor is permitted to commence employment before mandatory pre-employment checks are completed the number of such sanctions applied in each of the years 2023 to 2025 and to date in 2026 and 70580 26,2026-10-06,written,700,70580/26,Ken O'Flynn,KEN O'FLYNN,en,"To ask the Minister for Health further to Parliamentary Question No. 68927/26, the sanctions or disciplinary measures, that apply to HSE staff or managers where a doctor is permitted to commence employment before mandatory pre-employment checks are completed; the number of such sanctions applied in each of the years 2023 to 2025 and to date in 2026; and if she will make a statement on the matter.",Health,2857,2859
"701. Deputy Ken O'Flynn asked the Minister for Health further to Parliamentary Question No. 68927/26, the dates of each periodic review of recruitment records carried out to monitor compliance with pre-employment screening requirements in each HSE health region since January 2023; the body or unit that carried out each review; the findings of each review; and if she will make a statement on the matter. [70584/26]",Health,the minister for health further to parliamentary question no 68927 26 the dates of each periodic review of recruitment records carried out to monitor compliance with pre-employment screening requirements in each hse health region since january 2023 the body or unit that carried out each review the findings of each review and 70584 26,2026-10-06,written,701,70584/26,Ken O'Flynn,KEN O'FLYNN,en,"To ask the Minister for Health further to Parliamentary Question No. 68927/26, the dates of each periodic review of recruitment records carried out to monitor compliance with pre-employment screening requirements in each HSE health region since January 2023; the body or unit that carried out each review; the findings of each review; and if she will make a statement on the matter.",Health,2861,2863
"702. Deputy Ken O'Flynn asked the Minister for Health further to Parliamentary Question No. 68927/26, the number of doctors who commenced employment in each HSE health region before garda vetting, overseas police clearance, occupational health clearance or English-language competency checks were completed, in each of the years 2023 to 2025 and to date in 2026, in tabular form; and if she will make a statement on the matter. [70581/26]",Health,the minister for health further to parliamentary question no 68927 26 the number of doctors who commenced employment in each hse health region before garda vetting overseas police clearance occupational health clearance or english-language competency checks were completed in each of the years 2023 to 2025 and to date in 2026 in tabular form and 70581 26,2026-10-06,written,702,70581/26,Ken O'Flynn,KEN O'FLYNN,en,"To ask the Minister for Health further to Parliamentary Question No. 68927/26, the number of doctors who commenced employment in each HSE health region before garda vetting, overseas police clearance, occupational health clearance or English-language competency checks were completed, in each of the years 2023 to 2025 and to date in 2026, in tabular form; and if she will make a statement on the matter.",Health,2865,2867
"703. Deputy Ken O'Flynn asked the Minister for Health further to the reply to Parliamentary Question No. 66152/26, whether the HSE or the health regions record requests from public health nurses and health and social care professionals in work sharing arrangements to increase their hours or return to full time; the number of such requests received and refused in each health region in 2025 and to date in 2026; and if she will make a statement on the matter. [70579/26]",Health,the minister for health further to the reply to parliamentary question no 66152 26 whether the hse or the health regions record requests from public health nurses and health and social care professionals in work sharing arrangements to increase their hours or return to full time the number of such requests received and refused in each health region in 2025 and to date in 2026 and 70579 26,2026-10-06,written,703,70579/26,Ken O'Flynn,KEN O'FLYNN,en,"To ask the Minister for Health further to the reply to Parliamentary Question No. 66152/26, whether the HSE or the health regions record requests from public health nurses and health and social care professionals in work sharing arrangements to increase their hours or return to full time; the number of such requests received and refused in each health region in 2025 and to date in 2026; and if she will make a statement on the matter.",Health,2869,2871
704. Deputy Ken O'Flynn asked the Minister for Health whether an increase in hours for a staff member in a work sharing arrangement counts against a health region's approved whole time equivalent ceiling under the pay and numbers strategy; whether health regions have been instructed to refuse or defer such increases to remain within that ceiling; and if she will make a statement on the matter. [70583/26],Health,the minister for health whether an increase in hours for a staff member in a work sharing arrangement counts against a health region s approved whole time equivalent ceiling under the pay and numbers strategy whether health regions have been instructed to refuse or defer such increases to remain within that ceiling and 70583 26,2026-10-06,written,704,70583/26,Ken O'Flynn,KEN O'FLYNN,en,To ask the Minister for Health whether an increase in hours for a staff member in a work sharing arrangement counts against a health region's approved whole time equivalent ceiling under the pay and numbers strategy; whether health regions have been instructed to refuse or defer such increases to remain within that ceiling; and if she will make a statement on the matter.,Health,2873,2875
"705. Deputy Charles Ward asked the Minister for Health the number of persons with type 1 Diabetes currently receiving insulin-pump therapy through the Public Health Service by adults and children and by Hospital at which their Diabetes care is provided in the years of 2025 and to date in 2026, in tabular form. [70605/26]",Health,the minister for health the number of persons with type 1 diabetes currently receiving insulin-pump therapy through the public health service by adults and children and by hospital at which their diabetes care is provided in the years of 2025 and to date in 2026 in tabular form 70605 26,2026-10-06,written,705,70605/26,Charles Ward,CHARLES WARD,en,"To ask the Minister for Health the number of persons with type 1 Diabetes currently receiving insulin-pump therapy through the Public Health Service by adults and children and by Hospital at which their Diabetes care is provided in the years of 2025 and to date in 2026, in tabular form.",Health,2877,2879
"706. Deputy Charles Ward asked the Minister for Health the amount of funding allocated towards research into multiple sulfatase deficiency in each of the years of 2025 and to date in 2026, in tabular form. [70602/26]",Health,the minister for health the amount of funding allocated towards research into multiple sulfatase deficiency in each of the years of 2025 and to date in 2026 in tabular form 70602 26,2026-10-06,written,706,70602/26,Charles Ward,CHARLES WARD,en,"To ask the Minister for Health the amount of funding allocated towards research into multiple sulfatase deficiency in each of the years of 2025 and to date in 2026, in tabular form.",Health,2881,2883
"707. Deputy Charles Ward asked the Minister for Health the number of WTE consultant radiologists, advanced nurse practitioners and radiographers posts filled within BreastCheck Service as of 21 September 2026; and if she will provide the same figures as of 30 September 2023, in tabular form. [70601/26]",Health,the minister for health the number of wte consultant radiologists advanced nurse practitioners and radiographers posts filled within breastcheck service as of 21 september 2026 and if she will provide the same figures as of 30 september 2023 in tabular form 70601 26,2026-10-06,written,707,70601/26,Charles Ward,CHARLES WARD,en,"To ask the Minister for Health the number of WTE consultant radiologists, advanced nurse practitioners and radiographers posts filled within BreastCheck Service as of 21 September 2026; and if she will provide the same figures as of 30 September 2023, in tabular form.",Health,2885,2887
"708. Deputy Charles Ward asked the Minister for Health the number of WTE public health nurses based at Stranorlar Primary Care Centre, Donegal as of 21 September 2026. [70598/26]",Health,the minister for health the number of wte public health nurses based at stranorlar primary care centre donegal as of 21 september 2026 70598 26,2026-10-06,written,708,70598/26,Charles Ward,CHARLES WARD,en,"To ask the Minister for Health the number of WTE public health nurses based at Stranorlar Primary Care Centre, Donegal as of 21 September 2026.",Health,2889,2891
"709. Deputy Ken O'Flynn asked the Minister for Health further to Parliamentary Question No. 68927/26, the name and grade of the officer in each HSE health region with responsibility for ensuring that pre-employment checks, including Garda vetting, overseas police clearance, occupational health clearance and English-language competency, are completed before a doctor commences employment, in tabular form; and if a statement will be made on the matter. [70576/26]",Health,the minister for health further to parliamentary question no 68927 26 the name and grade of the officer in each hse health region with responsibility for ensuring that pre-employment checks including garda vetting overseas police clearance occupational health clearance and english-language competency are completed before a doctor commences employment in tabular form and if a statement will be made on the matter 70576 26,2026-10-06,written,709,70576/26,Ken O'Flynn,KEN O'FLYNN,en,"To ask the Minister for Health further to Parliamentary Question No. 68927/26, the name and grade of the officer in each HSE health region with responsibility for ensuring that pre-employment checks, including Garda vetting, overseas police clearance, occupational health clearance and English-language competency, are completed before a doctor commences employment, in tabular form; and if a statement will be made on the matter.",Health,2893,2895
710. Deputy Ken O'Flynn asked the Minister for Health the date on which Cork University Hospital sought approval to fill the vacant clinical nurse specialist post supporting skin cancer surveillance; the reason national approval has not issued in the seven months since the post became vacant; when a decision will be made; and if she will make a statement on the matter. [70656/26],Health,the minister for health the date on which cork university hospital sought approval to fill the vacant clinical nurse specialist post supporting skin cancer surveillance the reason national approval has not issued in the seven months since the post became vacant when a decision will be made and 70656 26,2026-10-06,written,710,70656/26,Ken O'Flynn,KEN O'FLYNN,en,To ask the Minister for Health the date on which Cork University Hospital sought approval to fill the vacant clinical nurse specialist post supporting skin cancer surveillance; the reason national approval has not issued in the seven months since the post became vacant; when a decision will be made; and if she will make a statement on the matter.,Health,2897,2899
711. Deputy Ken O'Flynn asked the Minister for Health the arrangements now in place at Cork University Hospital for patients at elevated risk of melanoma who have no previous skin cancer diagnosis but were previously under surveillance in the discontinued service; and if she will make a statement on the matter. [70654/26],Health,the minister for health the arrangements now in place at cork university hospital for patients at elevated risk of melanoma who have no previous skin cancer diagnosis but were previously under surveillance in the discontinued service and 70654 26,2026-10-06,written,711,70654/26,Ken O'Flynn,KEN O'FLYNN,en,To ask the Minister for Health the arrangements now in place at Cork University Hospital for patients at elevated risk of melanoma who have no previous skin cancer diagnosis but were previously under surveillance in the discontinued service; and if she will make a statement on the matter.,Health,2901,2903
712. Deputy Ken O'Flynn asked the Minister for Health the number of patients under active surveillance in the pigmented lesion service at Cork University Hospital at the time of its cessation; the number subsequently transferred to other clinicians; the number discharged to GP care; the number who received written notice of the change; and if she will make a statement on the matter. [70653/26],Health,the minister for health the number of patients under active surveillance in the pigmented lesion service at cork university hospital at the time of its cessation the number subsequently transferred to other clinicians the number discharged to gp care the number who received written notice of the change and 70653 26,2026-10-06,written,712,70653/26,Ken O'Flynn,KEN O'FLYNN,en,To ask the Minister for Health the number of patients under active surveillance in the pigmented lesion service at Cork University Hospital at the time of its cessation; the number subsequently transferred to other clinicians; the number discharged to GP care; the number who received written notice of the change; and if she will make a statement on the matter.,Health,2905,2907
"713. Deputy Ken O'Flynn asked the Minister for Health further to Parliamentary Question No. 65824/26, if the HSE operates a written protocol or policy on succession or continuity planning for established clinical services on the retirement of a Consultant; if so, if she will publish same; if not, if she will direct that one be developed; and if she will make a statement on the matter. [70651/26]",Health,the minister for health further to parliamentary question no 65824 26 if the hse operates a written protocol or policy on succession or continuity planning for established clinical services on the retirement of a consultant if so if she will publish same if not if she will direct that one be developed and 70651 26,2026-10-06,written,713,70651/26,Ken O'Flynn,KEN O'FLYNN,en,"To ask the Minister for Health further to Parliamentary Question No. 65824/26, if the HSE operates a written protocol or policy on succession or continuity planning for established clinical services on the retirement of a Consultant; if so, if she will publish same; if not, if she will direct that one be developed; and if she will make a statement on the matter.",Health,2909,2911
"714. Deputy Ken O'Flynn asked the Minister for Health further to Parliamentary Question No. 62012/26,which stated that an external review of CHI contained 13 recommendations and that 45 actions were identified in the CHI Implementation Plan, the number of those 45 actions completed; the number in progress; the number not yet commenced, respectively, as of the latest date for which data is available; and if she will make a statement on the matter. [70662/26]",Health,the minister for health further to parliamentary question no 62012 26 which stated that an external review of chi contained 13 recommendations and that 45 actions were identified in the chi implementation plan the number of those 45 actions completed the number in progress the number not yet commenced respectively as of the latest date for which data is available and 70662 26,2026-10-06,written,714,70662/26,Ken O'Flynn,KEN O'FLYNN,en,"To ask the Minister for Health further to Parliamentary Question No. 62012/26,which stated that an external review of CHI contained 13 recommendations and that 45 actions were identified in the CHI Implementation Plan, the number of those 45 actions completed; the number in progress; the number not yet commenced, respectively, as of the latest date for which data is available; and if she will make a statement on the matter.",Health,2913,2915
715. Deputy Ken O'Flynn asked the Minister for Health if a successor to the National Skin Cancer Prevention Plan 2023 to 2026 is being prepared; if it will address surveillance of high-risk individuals; the expected publication date; and if she will make a statement on the matter. [70659/26],Health,the minister for health if a successor to the national skin cancer prevention plan 2023 to 2026 is being prepared if it will address surveillance of high-risk individuals the expected publication date and 70659 26,2026-10-06,written,715,70659/26,Ken O'Flynn,KEN O'FLYNN,en,To ask the Minister for Health if a successor to the National Skin Cancer Prevention Plan 2023 to 2026 is being prepared; if it will address surveillance of high-risk individuals; the expected publication date; and if she will make a statement on the matter.,Health,2917,2919
"716. Deputy Ken O'Flynn asked the Minister for Health the number of Clinical Nurse Specialist and Advanced Nurse Practitioner posts in the HSE South West region identified as priority vacancies and currently awaiting national HSE approval to recruit, by hospital and specialty; and if she will make a statement on the matter. [70657/26]",Health,the minister for health the number of clinical nurse specialist and advanced nurse practitioner posts in the hse south west region identified as priority vacancies and currently awaiting national hse approval to recruit by hospital and specialty and 70657 26,2026-10-06,written,716,70657/26,Ken O'Flynn,KEN O'FLYNN,en,"To ask the Minister for Health the number of Clinical Nurse Specialist and Advanced Nurse Practitioner posts in the HSE South West region identified as priority vacancies and currently awaiting national HSE approval to recruit, by hospital and specialty; and if she will make a statement on the matter.",Health,2921,2923
"717. Deputy Ken O'Flynn asked the Minister for Health whether the external review of CHI referenced in the HSE reply to PQ Ref 62012/26 has been shared with the Board of CHI, the National Paediatric Hospital Development Board, or HIQA; and if she will make a statement on the matter. [70669/26]",Health,the minister for health whether the external review of chi referenced in the hse reply to pq ref 62012 26 has been shared with the board of chi the national paediatric hospital development board or hiqa and 70669 26,2026-10-06,written,717,70669/26,Ken O'Flynn,KEN O'FLYNN,en,"To ask the Minister for Health whether the external review of CHI referenced in the HSE reply to PQ Ref 62012/26 has been shared with the Board of CHI, the National Paediatric Hospital Development Board, or HIQA; and if she will make a statement on the matter.",Health,2925,2927
"718. Deputy Ken O'Flynn asked the Minister for Health further to Parliamentary Question No. 62012/26, whether she has personally received and read the external review of CHI referenced in the HSE reply; whether she will commit to publishing the review, or a redacted version or executive summary of it, once the new children's hospital has opened; the reason a redacted version cannot be published now, given that redaction exists precisely to protect sensitive operational material; and if she will make a statement on the matter. [70666/26]",Health,the minister for health further to parliamentary question no 62012 26 whether she has personally received and read the external review of chi referenced in the hse reply whether she will commit to publishing the review or a redacted version or executive summary of it once the new children s hospital has opened the reason a redacted version cannot be published now given that redaction exists precisely to protect sensitive operational material and 70666 26,2026-10-06,written,718,70666/26,Ken O'Flynn,KEN O'FLYNN,en,"To ask the Minister for Health further to Parliamentary Question No. 62012/26, whether she has personally received and read the external review of CHI referenced in the HSE reply; whether she will commit to publishing the review, or a redacted version or executive summary of it, once the new children's hospital has opened; the reason a redacted version cannot be published now, given that redaction exists precisely to protect sensitive operational material; and if she will make a statement on the matter.",Health,2929,2931
"719. Deputy Ken O'Flynn asked the Minister for Health further to Parliamentary Question No. 62012/26, the number of actions from the CHI Implementation Plan that have ""transitioned"" into the operational, commissioning, governance and clinical integration workstreams; the target completion date for each such action; the body responsible for monitoring their completion; and if she will make a statement on the matter. [70664/26]",Health,the minister for health further to parliamentary question no 62012 26 the number of actions from the chi implementation plan that have transitioned into the operational commissioning governance and clinical integration workstreams the target completion date for each such action the body responsible for monitoring their completion and 70664 26,2026-10-06,written,719,70664/26,Ken O'Flynn,KEN O'FLYNN,en,"To ask the Minister for Health further to Parliamentary Question No. 62012/26, the number of actions from the CHI Implementation Plan that have ""transitioned"" into the operational, commissioning, governance and clinical integration workstreams; the target completion date for each such action; the body responsible for monitoring their completion; and if she will make a statement on the matter.",Health,2933,2935
720. Deputy Seán Kyne asked the Minister for Health the current status of the HSE's assessment of dupilumab for eosinophilic oesophagitis; and the expected date of a decision on the use of this medicine. [70680/26],Health,the minister for health the current status of the hse s assessment of dupilumab for eosinophilic oesophagitis and the expected date of a decision on the use of this medicine 70680 26,2026-10-06,written,720,70680/26,Seán Kyne,SEÁN KYNE,en,To ask the Minister for Health the current status of the HSE's assessment of dupilumab for eosinophilic oesophagitis; and the expected date of a decision on the use of this medicine.,Health,2937,2939
721. Deputy Seán Kyne asked the Minister for Health the action the HSE and HPRA are taking on the current supply shortage of budesonide orodispersible tablets in the State. [70677/26],Health,the minister for health the action the hse and hpra are taking on the current supply shortage of budesonide orodispersible tablets in the state 70677 26,2026-10-06,written,721,70677/26,Seán Kyne,SEÁN KYNE,en,To ask the Minister for Health the action the HSE and HPRA are taking on the current supply shortage of budesonide orodispersible tablets in the State.,Health,2941,2943
722. Deputy Ken O'Flynn asked the Minister for Health the identity of the person or organisation that carried out the external review of CHI referenced in the HSE reply to PQ Ref 62012/26; the date on which the review was commissioned and the date on which it was completed; the total cost of the review; and if she will make a statement on the matter. [70676/26],Health,the minister for health the identity of the person or organisation that carried out the external review of chi referenced in the hse reply to pq ref 62012 26 the date on which the review was commissioned and the date on which it was completed the total cost of the review and 70676 26,2026-10-06,written,722,70676/26,Ken O'Flynn,KEN O'FLYNN,en,To ask the Minister for Health the identity of the person or organisation that carried out the external review of CHI referenced in the HSE reply to PQ Ref 62012/26; the date on which the review was commissioned and the date on which it was completed; the total cost of the review; and if she will make a statement on the matter.,Health,2945,2947
"723. Deputy Seán Kyne asked the Minister for Health the current status of the HSE's full health technology assessment of budesonide orodispersible tablets (Jorveza, NCPE HTA ID 24014) for eosinophilic oesophagitis, commissioned on 25 June 2024; the reason no outcome has been published in over two years; and the expected date of a reimbursement decision. [70675/26]",Health,the minister for health the current status of the hse s full health technology assessment of budesonide orodispersible tablets jorveza ncpe hta id 24014 for eosinophilic oesophagitis commissioned on 25 june 2024 the reason no outcome has been published in over two years and the expected date of a reimbursement decision 70675 26,2026-10-06,written,723,70675/26,Seán Kyne,SEÁN KYNE,en,"To ask the Minister for Health the current status of the HSE's full health technology assessment of budesonide orodispersible tablets (Jorveza, NCPE HTA ID 24014) for eosinophilic oesophagitis, commissioned on 25 June 2024; the reason no outcome has been published in over two years; and the expected date of a reimbursement decision.",Health,2949,2951
"724. Deputy Seán Kyne asked the Minister for Health whether the free HRT scheme will be extended to cover hormone replacement therapy for patients with congenital or permanent endocrine conditions, including testosterone replacement for Klinefelter syndrome. [70683/26]",Health,the minister for health whether the free hrt scheme will be extended to cover hormone replacement therapy for patients with congenital or permanent endocrine conditions including testosterone replacement for klinefelter syndrome 70683 26,2026-10-06,written,724,70683/26,Seán Kyne,SEÁN KYNE,en,"To ask the Minister for Health whether the free HRT scheme will be extended to cover hormone replacement therapy for patients with congenital or permanent endocrine conditions, including testosterone replacement for Klinefelter syndrome.",Health,2953,2955
"725. Deputy Máire Devine asked the Minister for Health the position regarding the administration of the auto-enrolment scheme for an organisation grant-aided by the HSE (details supplied), who were advised that the costs associated with the scheme would be funded by the State/HSE however, no reimbursement or additional funding has been provided. [70482/26]",Health,the minister for health the position regarding the administration of the auto-enrolment scheme for an organisation grant-aided by the hse details supplied who were advised that the costs associated with the scheme would be funded by the state hse however no reimbursement or additional funding has been provided 70482 26,2026-10-06,written,725,70482/26,Máire Devine,MÁIRE DEVINE,en,"To ask the Minister for Health the position regarding the administration of the auto-enrolment scheme for an organisation grant-aided by the HSE (details supplied), who were advised that the costs associated with the scheme would be funded by the State/HSE however, no reimbursement or additional funding has been provided.",Health,2957,2959
726. Deputy Jen Cummins asked the Minister for Health for an update on a property (details supplied). [69744/26],Health,the minister for health for an update on a property details supplied 69744 26,2026-10-06,written,726,69744/26,Jen Cummins,JEN CUMMINS,en,To ask the Minister for Health for an update on a property (details supplied).,Health,2961,2963
"727. Deputy Liam Quaide asked the Minister for Health the number of children with an intellectual disability who are currently inpatients in acute or other hospitals where the admission or continued hospital stay is related to significant behavioural challenges or distress levels; the number of these children who have been in hospital for more than one, three and six months, by health region; and the number who remain in hospital pending appropriate disability supports or residential provision. [70440/26]",Health,the minister for health the number of children with an intellectual disability who are currently inpatients in acute or other hospitals where the admission or continued hospital stay is related to significant behavioural challenges or distress levels the number of these children who have been in hospital for more than one three and six months by health region and the number who remain in hospital pending appropriate disability supports or residential provision 70440 26,2026-10-06,written,727,70440/26,Liam Quaide,LIAM QUAIDE,en,"To ask the Minister for Health the number of children with an intellectual disability who are currently inpatients in acute or other hospitals where the admission or continued hospital stay is related to significant behavioural challenges or distress levels; the number of these children who have been in hospital for more than one, three and six months, by health region; and the number who remain in hospital pending appropriate disability supports or residential provision.",Health,2965,2967
"728. Deputy Jen Cummins asked the Minister for Further and Higher Education, Research, Innovation and Science his plans to increase the support for students with mild general learning difficulties in third level education. [69884/26]",Further and Higher Education,the minister for further and higher education research innovation and science his plans to increase the support for students with mild general learning difficulties in third level education 69884 26,2026-10-06,written,728,69884/26,Jen Cummins,JEN CUMMINS,en,"To ask the Minister for Further and Higher Education, Research, Innovation and Science his plans to increase the support for students with mild general learning difficulties in third level education.","Further and Higher Education, Research, Innovation and Science",2972,2974
"729. Deputy Jen Cummins asked the Minister for Further and Higher Education, Research, Innovation and Science his plans to increase the support for autistic students in third level education. [69882/26]",Further and Higher Education,the minister for further and higher education research innovation and science his plans to increase the support for autistic students in third level education 69882 26,2026-10-06,written,729,69882/26,Jen Cummins,JEN CUMMINS,en,"To ask the Minister for Further and Higher Education, Research, Innovation and Science his plans to increase the support for autistic students in third level education.","Further and Higher Education, Research, Innovation and Science",2976,2978
"730. Deputy Jen Cummins asked the Minister for Further and Higher Education, Research, Innovation and Science his plans to increase the support for dyslexic students in third level education. [69881/26]",Further and Higher Education,the minister for further and higher education research innovation and science his plans to increase the support for dyslexic students in third level education 69881 26,2026-10-06,written,730,69881/26,Jen Cummins,JEN CUMMINS,en,"To ask the Minister for Further and Higher Education, Research, Innovation and Science his plans to increase the support for dyslexic students in third level education.","Further and Higher Education, Research, Innovation and Science",2980,2982
"731. Deputy Ivana Bacik asked the Minister for Further and Higher Education, Research, Innovation and Science the measures his Department is taking to address the growing affordability crisis facing students in third-level education, particularly in relation to the escalating cost of student accommodation; and the measures his Department intends to make to ensure that young people can access and fully participate in higher education regardless of their financial circumstances. [70053/26]",Further and Higher Education,the minister for further and higher education research innovation and science the measures his department is taking to address the growing affordability crisis facing students in third-level education particularly the escalating cost of student accommodation and the measures his department intends to make to ensure that young people can access and fully participate in higher education regardless of their financial circumstances 70053 26,2026-10-06,written,731,70053/26,Ivana Bacik,IVANA BACIK,en,"To ask the Minister for Further and Higher Education, Research, Innovation and Science the measures his Department is taking to address the growing affordability crisis facing students in third-level education, particularly in relation to the escalating cost of student accommodation; and the measures his Department intends to make to ensure that young people can access and fully participate in higher education regardless of their financial circumstances.","Further and Higher Education, Research, Innovation and Science",2984,2986
"732. Deputy Aengus Ó Snodaigh asked the Minister for Further and Higher Education, Research, Innovation and Science to list the cultural institutions, if any, including museums, galleries, libraries, archives, theatres, concert halls, bands, ensembles, and performing companies, operated or hosted by his Department and public bodies or semi-State companies under his Department's remit, identifying the State funding provided for these institutions each year for the past ten years; where they are based; and the number of personnel dedicated to them. [70121/26]",Further and Higher Education,the minister for further and higher education research innovation and science to list the cultural institutions if any including museums galleries libraries archives theatres concert halls bands ensembles and performing companies operated or hosted by his department and public bodies or semi-state companies under his department s remit identifying the state funding provided for these institutions each year for the past ten years where they are based and the number of personnel dedicated to them 70121 26,2026-10-06,written,732,70121/26,Aengus Ó Snodaigh,AENGUS Ó SNODAIGH,en,"To ask the Minister for Further and Higher Education, Research, Innovation and Science to list the cultural institutions, if any, including museums, galleries, libraries, archives, theatres, concert halls, bands, ensembles, and performing companies, operated or hosted by his Department and public bodies or semi-State companies under his Department's remit, identifying the State funding provided for these institutions each year for the past ten years; where they are based; and the number of personnel dedicated to them.","Further and Higher Education, Research, Innovation and Science",2988,2990
"733. Deputy Brian Brennan asked the Minister for Further and Higher Education, Research, Innovation and Science if his attention has been drawn to the ongoing delays in registration of students at Technological University Dublin following on from issues with result delays earlier this year; and the action that has been taken to resolve this issue. [70354/26]",Further and Higher Education,the minister for further and higher education research innovation and science if his attention has been drawn to the ongoing delays in registration of students at technological university dublin following on from issues with result delays earlier this year and the action that has been taken to resolve this issue 70354 26,2026-10-06,written,733,70354/26,Brian Brennan,BRIAN BRENNAN,en,"To ask the Minister for Further and Higher Education, Research, Innovation and Science if his attention has been drawn to the ongoing delays in registration of students at Technological University Dublin following on from issues with result delays earlier this year; and the action that has been taken to resolve this issue.","Further and Higher Education, Research, Innovation and Science",2992,2994
"734. Deputy Pádraig Mac Lochlainn asked the Minister for Further and Higher Education, Research, Innovation and Science the reason funding for 25 undergraduate medicine places, each year at Queen's University Belfast, has been discontinued in 2027; and if he will urgently review this decision with his Government colleagues, considering the impact this will have on students and the provision of medical professionals to our health service. [70095/26]",Further and Higher Education,the minister for further and higher education research innovation and science the reason funding for 25 undergraduate medicine places each year at queen s university belfast has been discontinued in 2027 and if he will urgently review this decision with his government colleagues considering the impact this will have on students and the provision of medical professionals to our health service 70095 26,2026-10-06,written,734,70095/26,Pádraig Mac Lochlainn,PÁDRAIG MAC LOCHLAINN,en,"To ask the Minister for Further and Higher Education, Research, Innovation and Science the reason funding for 25 undergraduate medicine places, each year at Queen's University Belfast, has been discontinued in 2027; and if he will urgently review this decision with his Government colleagues, considering the impact this will have on students and the provision of medical professionals to our health service.","Further and Higher Education, Research, Innovation and Science",2996,2998
"735. Deputy Michael Cahill asked the Minister for Further and Higher Education, Research, Innovation and Science to provide funding for public owned college student accommodation in Tralee, County Kerry, given that currently all student beds in Tralee are privately owned; and if he will make a statement on the matter. [70550/26]",Further and Higher Education,the minister for further and higher education research innovation and science to provide funding for public owned college student accommodation in tralee county kerry given that currently all student beds in tralee are privately owned and 70550 26,2026-10-06,written,735,70550/26,Michael Cahill,MICHAEL CAHILL,en,"To ask the Minister for Further and Higher Education, Research, Innovation and Science to provide funding for public owned college student accommodation in Tralee, County Kerry, given that currently all student beds in Tralee are privately owned; and if he will make a statement on the matter.","Further and Higher Education, Research, Innovation and Science",3000,3002
"736. Deputy Eoin Ó Broin asked the Minister for Further and Higher Education, Research, Innovation and Science whether his Department holds, or has held in the preceding five years, contracts with a company (details supplied); and the value and purpose of any such contracts. [70480/26]",Further and Higher Education,the minister for further and higher education research innovation and science whether his department holds or has held in the preceding five years contracts with a company details supplied and the value and purpose of any such contracts 70480 26,2026-10-06,written,736,70480/26,Eoin Ó Broin,EOIN Ó BROIN,en,"To ask the Minister for Further and Higher Education, Research, Innovation and Science whether his Department holds, or has held in the preceding five years, contracts with a company (details supplied); and the value and purpose of any such contracts.","Further and Higher Education, Research, Innovation and Science",3004,3006
"737. Deputy Duncan Smith asked the Minister for Further and Higher Education, Research, Innovation and Science the progress that has been made in acquiring lands for a third level institution in Swords County Dublin; if a site has been identified and purchased; and the exact location. [70645/26]",Further and Higher Education,the minister for further and higher education research innovation and science the progress that has been made in acquiring lands for a third level institution in swords county dublin if a site has been identified and purchased and the exact location 70645 26,2026-10-06,written,737,70645/26,Duncan Smith,DUNCAN SMITH,en,"To ask the Minister for Further and Higher Education, Research, Innovation and Science the progress that has been made in acquiring lands for a third level institution in Swords County Dublin; if a site has been identified and purchased; and the exact location.","Further and Higher Education, Research, Innovation and Science",3008,3010
"738. Deputy Paul Lawless asked the Minister for Further and Higher Education, Research, Innovation and Science if the impact of these transport challenges on student participation, retention and educational opportunity has been assessed; the measures being considered to support affected students; and if he will make a statement on the matter. [71113/26]",Further and Higher Education,the minister for further and higher education research innovation and science if the impact of these transport challenges on student participation retention and educational opportunity has been assessed the measures being considered to support affected students and 71113 26,2026-10-06,written,738,71113/26,Paul Lawless,PAUL LAWLESS,en,"To ask the Minister for Further and Higher Education, Research, Innovation and Science if the impact of these transport challenges on student participation, retention and educational opportunity has been assessed; the measures being considered to support affected students; and if he will make a statement on the matter.","Further and Higher Education, Research, Innovation and Science",3012,3014
739. Deputy Johnny Guirke asked the Minister for Rural and Community Development and the Gaeltacht the reason grant funding to men's sheds has ceased nationwide; and if a new grant scheme will replace the old funding in 2026 to ensure these vital community support schemes survive. [69778/26],Rural,the minister for rural and community development and the gaeltacht the reason grant funding to men s sheds has ceased nationwide and if a new grant scheme will replace the old funding in 2026 to ensure these vital community support schemes survive 69778 26,2026-10-06,written,739,69778/26,Johnny Guirke,JOHNNY GUIRKE,en,To ask the Minister for Rural and Community Development and the Gaeltacht the reason grant funding to men's sheds has ceased nationwide; and if a new grant scheme will replace the old funding in 2026 to ensure these vital community support schemes survive.,Rural and Community Development and the Gaeltacht,3019,3021
"740. Deputy John Connolly asked the Minister for Rural and Community Development and the Gaeltacht the amount of funding that has been allocated to an organisation (details supplied) nationally in the past five years, in tabular form; and the schemes these allocations were made from. [69829/26]",Rural,the minister for rural and community development and the gaeltacht the amount of funding that has been allocated to an organisation details supplied nationally in the past five years in tabular form and the schemes these allocations were made from 69829 26,2026-10-06,written,740,69829/26,John Connolly,JOHN CONNOLLY,en,"To ask the Minister for Rural and Community Development and the Gaeltacht the amount of funding that has been allocated to an organisation (details supplied) nationally in the past five years, in tabular form; and the schemes these allocations were made from.",Rural and Community Development and the Gaeltacht,3023,3025
741. Deputy John Connolly asked the Minister for Rural and Community Development and the Gaeltacht the funding schemes currently open to the Irish Countrywomen's Association guilds. [69827/26],Rural,the minister for rural and community development and the gaeltacht the funding schemes currently open to the irish countrywomen s association guilds 69827 26,2026-10-06,written,741,69827/26,John Connolly,JOHN CONNOLLY,en,To ask the Minister for Rural and Community Development and the Gaeltacht the funding schemes currently open to the Irish Countrywomen's Association guilds.,Rural and Community Development and the Gaeltacht,3027,3029
742. Deputy John Connolly asked the Minister for Rural and Community Development and the Gaeltacht if his Department has engaged with and organisation (details supplied) regarding its concerns about funding equity. [69830/26],Rural,the minister for rural and community development and the gaeltacht if his department has engaged with and organisation details supplied regarding its concerns about funding equity 69830 26,2026-10-06,written,742,69830/26,John Connolly,JOHN CONNOLLY,en,To ask the Minister for Rural and Community Development and the Gaeltacht if his Department has engaged with and organisation (details supplied) regarding its concerns about funding equity.,Rural and Community Development and the Gaeltacht,3031,3033
"743. Deputy Alan Kelly asked the Minister for Rural and Community Development and the Gaeltacht the amount of ORIS funding that has been allocated to Tipperary County Council for each of the years 2022 to 2025 and to date in 2026, in tabular form. [69810/26]",Rural,the minister for rural and community development and the gaeltacht the amount of oris funding that has been allocated to tipperary county council for each of the years 2022 to 2025 and to date in 2026 in tabular form 69810 26,2026-10-06,written,743,69810/26,Alan Kelly,ALAN KELLY,en,"To ask the Minister for Rural and Community Development and the Gaeltacht the amount of ORIS funding that has been allocated to Tipperary County Council for each of the years 2022 to 2025 and to date in 2026, in tabular form.",Rural and Community Development and the Gaeltacht,3035,3037
744. Deputy Michael Cahill asked the Minister for Rural and Community Development and the Gaeltacht to address and reply to (details supplied) sent to her Department on August 2024 that has not yet received a full reply; and if she will make a statement on the matter. [69893/26],Rural,the minister for rural and community development and the gaeltacht to address and reply to details supplied sent to her department on august 2024 that has not yet received a full reply and 69893 26,2026-10-06,written,744,69893/26,Michael Cahill,MICHAEL CAHILL,en,To ask the Minister for Rural and Community Development and the Gaeltacht to address and reply to (details supplied) sent to her Department on August 2024 that has not yet received a full reply; and if she will make a statement on the matter.,Rural and Community Development and the Gaeltacht,3039,3041
745. Deputy John Brady asked the Minister for Rural and Community Development and the Gaeltacht the reason grants for Men’s Sheds are not proceeding in 2026; if he will reconsider the decision in view of the important role Men’s Sheds play across communities; details of other funding streams available to Men's Sheds; and if he will make a statement on the matter. [70035/26],Rural,the minister for rural and community development and the gaeltacht the reason grants for men s sheds are not proceeding in 2026 if he will reconsider the decision in view of the important role men s sheds play across communities details of other funding streams available to men s sheds and 70035 26,2026-10-06,written,745,70035/26,John Brady,JOHN BRADY,en,To ask the Minister for Rural and Community Development and the Gaeltacht the reason grants for Men’s Sheds are not proceeding in 2026; if he will reconsider the decision in view of the important role Men’s Sheds play across communities; details of other funding streams available to Men's Sheds; and if he will make a statement on the matter.,Rural and Community Development and the Gaeltacht,3043,3045
"746. Deputy John Mcguinness asked the Minister for Rural and Community Development and the Gaeltacht if the financial support given to volunteer centres relative to their work in the area of integration, will be continued and increased in Budget 2027. [69921/26]",Rural,the minister for rural and community development and the gaeltacht if the financial support given to volunteer centres relative to their work in the area of integration will be continued and increased in budget 2027 69921 26,2026-10-06,written,746,69921/26,John Mcguinness,JOHN MCGUINNESS,en,"To ask the Minister for Rural and Community Development and the Gaeltacht if the financial support given to volunteer centres relative to their work in the area of integration, will be continued and increased in Budget 2027.",Rural and Community Development and the Gaeltacht,3047,3049
"747. Deputy Conor Sheehan Chun a fhiafraí den Aire Forbartha Tuaithe agus Pobail, agus Gaeltachta an bhfuil sé i gceist ag a Roinn tacú leis an togra le haghaidh Gaelchampas don Earnáil Phoiblí i gCarna; cad iad na céimeanna coincréiteacha atá á dtógáil ag an Roinn chun scrúdú a dhéanamh ar an dréachtmholadh siollabais agus ar an gcostáil atá curtha chun cinn ag an nGrúpa Oibre; agus an ndéanfaidh sé ráiteas ina thaobh. [70174/26]",Rural,deputy conor sheehan chun a fhiafraí den aire forbartha tuaithe agus pobail agus gaeltachta an bhfuil sé i gceist ag a roinn tacú leis an togra le haghaidh gaelchampas don earnáil phoiblí i gcarna cad iad na céimeanna coincréiteacha atá á dtógáil ag an roinn chun scrúdú a dhéanamh ar an dréachtmholadh siollabais agus ar an gcostáil atá curtha chun cinn ag an ngrúpa oibre agus an ndéanfaidh sé ráiteas ina thaobh 70174 26,2026-10-06,written,747,70174/26,Conor Sheehan,CONOR SHEEHAN,ga,"Chun a fhiafraí den Aire Forbartha Tuaithe agus Pobail, agus Gaeltachta an bhfuil sé i gceist ag a Roinn tacú leis an togra le haghaidh Gaelchampas don Earnáil Phoiblí i gCarna; cad iad na céimeanna coincréiteacha atá á dtógáil ag an Roinn chun scrúdú a dhéanamh ar an dréachtmholadh siollabais agus ar an gcostáil atá curtha chun cinn ag an nGrúpa Oibre; agus an ndéanfaidh sé ráiteas ina thaobh.",Rural and Community Development and the Gaeltacht,3051,3053
748. Deputy Roderic O'Gorman asked the Minister for Rural and Community Development and the Gaeltacht if his Department will seek retention of SICAP New Arrivals Funding in Budget 2027. [70220/26],Rural,the minister for rural and community development and the gaeltacht if his department will seek retention of sicap new arrivals funding in budget 2027 70220 26,2026-10-06,written,748,70220/26,Roderic O'Gorman,RODERIC O'GORMAN,en,To ask the Minister for Rural and Community Development and the Gaeltacht if his Department will seek retention of SICAP New Arrivals Funding in Budget 2027.,Rural and Community Development and the Gaeltacht,3055,3057
749. Deputy Roderic O'Gorman asked the Minister for Rural and Community Development and the Gaeltacht if he is aware of the research undertaken and published by the seven local development companies across Dublin delivering SICAP new arrivals funding services. [70221/26],Rural,the minister for rural and community development and the gaeltacht if he is aware of the research undertaken and published by the seven local development companies across dublin delivering sicap new arrivals funding services 70221 26,2026-10-06,written,749,70221/26,Roderic O'Gorman,RODERIC O'GORMAN,en,To ask the Minister for Rural and Community Development and the Gaeltacht if he is aware of the research undertaken and published by the seven local development companies across Dublin delivering SICAP new arrivals funding services.,Rural and Community Development and the Gaeltacht,3059,3061
750. Deputy Danny Healy-rae asked the Minister for Rural and Community Development and the Gaeltacht if grant funding will be restored to an organisation (details supplied); and if he will make a statement on the matter. [70437/26],Rural,the minister for rural and community development and the gaeltacht if grant funding will be restored to an organisation details supplied and 70437 26,2026-10-06,written,750,70437/26,Danny Healy-rae,DANNY HEALY-RAE,en,To ask the Minister for Rural and Community Development and the Gaeltacht if grant funding will be restored to an organisation (details supplied); and if he will make a statement on the matter.,Rural and Community Development and the Gaeltacht,3063,3065
751. Deputy Séamus Mcgrath asked the Minister for Rural and Community Development and the Gaeltacht if a wheelchair accessible car rental company will be considered and funded in the Munster area (details supplied); if such a project can be supported by his Department and Pobal through the Community Services Programme; and if he will make a statement on the matter. [70457/26],Rural,the minister for rural and community development and the gaeltacht if a wheelchair accessible car rental company will be considered and funded in the munster area details supplied if such a project can be supported by his department and pobal through the community services programme and 70457 26,2026-10-06,written,751,70457/26,Séamus Mcgrath,SÉAMUS MCGRATH,en,To ask the Minister for Rural and Community Development and the Gaeltacht if a wheelchair accessible car rental company will be considered and funded in the Munster area (details supplied); if such a project can be supported by his Department and Pobal through the Community Services Programme; and if he will make a statement on the matter.,Rural and Community Development and the Gaeltacht,3067,3069
"5. Deputy Barry Heneghan asked the Minister for Justice, Home Affairs and Migration the steps being taken to increase the number and visibility of dedicated community Gardaí, particularly in areas experiencing significant population growth and anti-social behaviour; if additional resources will be provided to strengthen community policing teams and maintain consistent engagement between Gardaí and local communities. [70691/26]",Justice,the minister for justice home affairs and migration the steps being taken to increase the number and visibility of dedicated community gardaí particularly in areas experiencing significant population growth and anti-social behaviour if additional resources will be provided to strengthen community policing teams and maintain consistent engagement between gardaí and local communities 70691 26,2026-10-07,oral,5,70691/26,Barry Heneghan,BARRY HENEGHAN,en,"To ask the Minister for Justice, Home Affairs and Migration the steps being taken to increase the number and visibility of dedicated community Gardaí, particularly in areas experiencing significant population growth and anti-social behaviour; if additional resources will be provided to strengthen community policing teams and maintain consistent engagement between Gardaí and local communities.","Justice, Home Affairs and Migration",3077,3079
"6. Deputy Peadar Tóibín asked the Minister for Justice, Home Affairs and Migration if his Department maintains records of security expenditure on a centre-by-centre basis in respect of all International Protection Accommodation Service accommodation centres; and, if so, the name and location of each centre, the security provider engaged, and the total amount spent on security services at each centre for each of the past five years and to date in 2026, in tabular form. [70296/26]",Justice,the minister for justice home affairs and migration if his department maintains records of security expenditure on a centre-by-centre basis in respect of all international protection accommodation service accommodation centres and if so the name and location of each centre the security provider engaged and the total amount spent on security services at each centre for each of the past five years and to date in 2026 in tabular form 70296 26,2026-10-07,oral,6,70296/26,Peadar Tóibín,PEADAR TÓIBÍN,en,"To ask the Minister for Justice, Home Affairs and Migration if his Department maintains records of security expenditure on a centre-by-centre basis in respect of all International Protection Accommodation Service accommodation centres; and, if so, the name and location of each centre, the security provider engaged, and the total amount spent on security services at each centre for each of the past five years and to date in 2026, in tabular form.","Justice, Home Affairs and Migration",3081,3083
"7. Deputy Naoise Ó Cearúil asked the Minister for Justice, Home Affairs and Migration the assessments undertaken by his Department and An Garda Síochána regarding the need for increased Garda resources and Garda visibility in rapidly growing constituencies like Kildare north. [70464/26]",Justice,the minister for justice home affairs and migration the assessments undertaken by his department and an garda síochána regarding the need for increased garda resources and garda visibility in rapidly growing constituencies like kildare north 70464 26,2026-10-07,oral,7,70464/26,Naoise Ó Cearúil,NAOISE Ó CEARÚIL,en,"To ask the Minister for Justice, Home Affairs and Migration the assessments undertaken by his Department and An Garda Síochána regarding the need for increased Garda resources and Garda visibility in rapidly growing constituencies like Kildare north.","Justice, Home Affairs and Migration",3085,3087
"8. Deputy Pádraig O'Sullivan asked the Minister for Justice, Home Affairs and Migration the number of persons held in prison pending deportation in 2025 and 2026 to date; and the median length of that detention. [70508/26]",Justice,the minister for justice home affairs and migration the number of persons held in prison pending deportation in 2025 and 2026 to date and the median length of that detention 70508 26,2026-10-07,oral,8,70508/26,Pádraig O'Sullivan,PÁDRAIG O'SULLIVAN,en,"To ask the Minister for Justice, Home Affairs and Migration the number of persons held in prison pending deportation in 2025 and 2026 to date; and the median length of that detention.","Justice, Home Affairs and Migration",3089,3091
"9. Deputy Paul Mcauliffe asked the Minister for Justice, Home Affairs and Migration the way in which he plans to address the concerns of a campaign (details supplied) which has advocated for sentencing reform and victims’ rights in Ireland. [70447/26]",Justice,the minister for justice home affairs and migration the way in which he plans to address the concerns of a campaign details supplied which has advocated for sentencing reform and victims rights in ireland 70447 26,2026-10-07,oral,9,70447/26,Paul Mcauliffe,PAUL MCAULIFFE,en,"To ask the Minister for Justice, Home Affairs and Migration the way in which he plans to address the concerns of a campaign (details supplied) which has advocated for sentencing reform and victims’ rights in Ireland.","Justice, Home Affairs and Migration",3093,3095
"10. Deputy George Lawlor asked the Minister for Justice, Home Affairs and Migration the number of Irish citizens and non Irish citizens who are currently prisoners within the Irish Prison system; and a breakdown of all prisoners nationalities. [69742/26]",Justice,the minister for justice home affairs and migration the number of irish citizens and non irish citizens who are currently prisoners within the irish prison system and a breakdown of all prisoners nationalities 69742 26,2026-10-07,oral,10,69742/26,George Lawlor,GEORGE LAWLOR,en,"To ask the Minister for Justice, Home Affairs and Migration the number of Irish citizens and non Irish citizens who are currently prisoners within the Irish Prison system; and a breakdown of all prisoners nationalities.","Justice, Home Affairs and Migration",3097,3099
"11. Deputy Gary Gannon asked the Minister for Justice, Home Affairs and Migration if any amendments to Statutory Instrument No.303/2026 have been made to bring his recently announced changes to the legal aid scheme into force. [70647/26]",Justice,the minister for justice home affairs and migration if any amendments to statutory instrument no 303 2026 have been made to bring his recently announced changes to the legal aid scheme into force 70647 26,2026-10-07,oral,11,70647/26,Gary Gannon,GARY GANNON,en,"To ask the Minister for Justice, Home Affairs and Migration if any amendments to Statutory Instrument No.303/2026 have been made to bring his recently announced changes to the legal aid scheme into force.","Justice, Home Affairs and Migration",3101,3103
"12. Deputy Erin Mcgreehan asked the Minister for Justice, Home Affairs and Migration the number of Gardaí in County Louth; and measures he is taking to increase the number. [70467/26]",Justice,the minister for justice home affairs and migration the number of gardaí in county louth and measures he is taking to increase the number 70467 26,2026-10-07,oral,12,70467/26,Erin Mcgreehan,ERIN MCGREEHAN,en,"To ask the Minister for Justice, Home Affairs and Migration the number of Gardaí in County Louth; and measures he is taking to increase the number.","Justice, Home Affairs and Migration",3105,3107
"13. Deputy Peadar Tóibín asked the Minister for Justice, Home Affairs and Migration the total expenditure incurred by the State on criminal legal aid in respect of persons aged under 18 years in each of the years 2023, 2024, 2025 and to date in 2026; and the estimated amount of that expenditure attributable to juveniles who had previously been convicted of one or more criminal offences. [70303/26]",Justice,the minister for justice home affairs and migration the total expenditure incurred by the state on criminal legal aid in respect of persons aged under 18 years in each of the years 2023 2024 2025 and to date in 2026 and the estimated amount of that expenditure attributable to juveniles who had previously been convicted of one or more criminal offences 70303 26,2026-10-07,oral,13,70303/26,Peadar Tóibín,PEADAR TÓIBÍN,en,"To ask the Minister for Justice, Home Affairs and Migration the total expenditure incurred by the State on criminal legal aid in respect of persons aged under 18 years in each of the years 2023, 2024, 2025 and to date in 2026; and the estimated amount of that expenditure attributable to juveniles who had previously been convicted of one or more criminal offences.","Justice, Home Affairs and Migration",3109,3111
"14. Deputy Paul Murphy asked the Minister for Justice, Home Affairs and Migration if he will abolish the proposed extension of the residency requirement by three years for citizenship; and if he will make a statement on the matter. [70618/26]",Justice,the minister for justice home affairs and migration if he will abolish the proposed extension of the residency requirement by three years for citizenship and 70618 26,2026-10-07,oral,14,70618/26,Paul Murphy,PAUL MURPHY,en,"To ask the Minister for Justice, Home Affairs and Migration if he will abolish the proposed extension of the residency requirement by three years for citizenship; and if he will make a statement on the matter.","Justice, Home Affairs and Migration",3113,3115
"15. Deputy Peter Roche asked the Minister for Justice, Home Affairs and Migration if his Department has assessed the impact of significant population growth in rural areas, including in County Galway, on policing requirements; whether consideration has been given to the adequacy of current Garda numbers assigned to these areas in light of increased population levels and service demands. [70638/26]",Justice,the minister for justice home affairs and migration if his department has assessed the impact of significant population growth in rural areas including in county galway on policing requirements whether consideration has been given to the adequacy of current garda numbers assigned to these areas in light of increased population levels and service demands 70638 26,2026-10-07,oral,15,70638/26,Peter Roche,PETER ROCHE,en,"To ask the Minister for Justice, Home Affairs and Migration if his Department has assessed the impact of significant population growth in rural areas, including in County Galway, on policing requirements; whether consideration has been given to the adequacy of current Garda numbers assigned to these areas in light of increased population levels and service demands.","Justice, Home Affairs and Migration",3117,3119
"16. Deputy Barry Heneghan asked the Minister for Justice, Home Affairs and Migration if he will provide an update on the operation and expansion of community CCTV schemes; the supports available to local communities and local authorities seeking to establish or expand CCTV in areas experiencing persistent anti-social behaviour and crime; and if barriers to the approval or implementation of such schemes are being addressed. [70693/26]",Justice,the minister for justice home affairs and migration if he will provide an update on the operation and expansion of community cctv schemes the supports available to local communities and local authorities seeking to establish or expand cctv in areas experiencing persistent anti-social behaviour and crime and if barriers to the approval or implementation of such schemes are being addressed 70693 26,2026-10-07,oral,16,70693/26,Barry Heneghan,BARRY HENEGHAN,en,"To ask the Minister for Justice, Home Affairs and Migration if he will provide an update on the operation and expansion of community CCTV schemes; the supports available to local communities and local authorities seeking to establish or expand CCTV in areas experiencing persistent anti-social behaviour and crime; and if barriers to the approval or implementation of such schemes are being addressed.","Justice, Home Affairs and Migration",3121,3123
"17. Deputy Gary Gannon asked the Minister for Justice, Home Affairs and Migration the number of persons diverted by An Garda Síochána to health services under the health diversion scheme since its commencement; the number of Garda members who received specific training on the operation of the scheme prior to its commencement and to date; and the number of occasions on which a person eligible for diversion was not referred. [70648/26]",Justice,the minister for justice home affairs and migration the number of persons diverted by an garda síochána to health services under the health diversion scheme since its commencement the number of garda members who received specific training on the operation of the scheme prior to its commencement and to date and the number of occasions on which a person eligible for diversion was not referred 70648 26,2026-10-07,oral,17,70648/26,Gary Gannon,GARY GANNON,en,"To ask the Minister for Justice, Home Affairs and Migration the number of persons diverted by An Garda Síochána to health services under the health diversion scheme since its commencement; the number of Garda members who received specific training on the operation of the scheme prior to its commencement and to date; and the number of occasions on which a person eligible for diversion was not referred.","Justice, Home Affairs and Migration",3125,3127
"18. Deputy Erin Mcgreehan asked the Minister for Justice, Home Affairs and Migration for an update on the work of Cuan in County Louth. [70469/26]",Justice,the minister for justice home affairs and migration for an update on the work of cuan in county louth 70469 26,2026-10-07,oral,18,70469/26,Erin Mcgreehan,ERIN MCGREEHAN,en,"To ask the Minister for Justice, Home Affairs and Migration for an update on the work of Cuan in County Louth.","Justice, Home Affairs and Migration",3129,3131
"19. Deputy Colm Burke asked the Minister for Justice, Home Affairs and Migration the status of the Civil Reform Bill 2025; and the expected publication date of the draft Bill. [70316/26]",Justice,the minister for justice home affairs and migration the status of the civil reform bill 2025 and the expected publication date of the draft bill 70316 26,2026-10-07,oral,19,70316/26,Colm Burke,COLM BURKE,en,"To ask the Minister for Justice, Home Affairs and Migration the status of the Civil Reform Bill 2025; and the expected publication date of the draft Bill.","Justice, Home Affairs and Migration",3133,3135
"20. Deputy Paul Lawless asked the Minister for Justice, Home Affairs and Migration the number of deportation orders overturned by the Minister for persons who had failed in a judicial review they had taken against the International Protection Appeals Tribunal, in each of the past ten years and to date in 2026; and if he will make a statement on the matter. [69998/26]",Justice,the minister for justice home affairs and migration the number of deportation orders overturned by the minister for persons who had failed in a judicial review they had taken against the international protection appeals tribunal in each of the past ten years and to date in 2026 and 69998 26,2026-10-07,oral,20,69998/26,Paul Lawless,PAUL LAWLESS,en,"To ask the Minister for Justice, Home Affairs and Migration the number of deportation orders overturned by the Minister for persons who had failed in a judicial review they had taken against the International Protection Appeals Tribunal, in each of the past ten years and to date in 2026; and if he will make a statement on the matter.","Justice, Home Affairs and Migration",3137,3139
"21. Deputy Paul Murphy asked the Minister for Justice, Home Affairs and Migration if his Department has conducted a cost-benefit analysis of his proposals to make it harder for people to attain citizenship; and if he will make a statement on the matter. [70622/26]",Justice,the minister for justice home affairs and migration if his department has conducted a cost-benefit analysis of his proposals to make it harder for people to attain citizenship and 70622 26,2026-10-07,oral,21,70622/26,Paul Murphy,PAUL MURPHY,en,"To ask the Minister for Justice, Home Affairs and Migration if his Department has conducted a cost-benefit analysis of his proposals to make it harder for people to attain citizenship; and if he will make a statement on the matter.","Justice, Home Affairs and Migration",3141,3143
"22. Deputy Louis O'Hara asked the Minister for Justice, Home Affairs and Migration the number of Garda stations in County Galway which operate on a full time basis. [69729/26]",Justice,the minister for justice home affairs and migration the number of garda stations in county galway which operate on a full time basis 69729 26,2026-10-07,oral,22,69729/26,Louis O'Hara,LOUIS O'HARA,en,"To ask the Minister for Justice, Home Affairs and Migration the number of Garda stations in County Galway which operate on a full time basis.","Justice, Home Affairs and Migration",3145,3147
"23. Deputy Tom Brabazon asked the Minister for Justice, Home Affairs and Migration whether, further to the provisions of the Children Act 2001, he will consider introducing legislation providing criminal liability for a parent or guardian where it can be established that a wilful or reckless failure to exercise reasonable care or control has contributed to anti-social or criminal behaviour by a child under 18 years. [70484/26]",Justice,the minister for justice home affairs and migration whether further to the provisions of the children act 2001 he will consider introducing legislation providing criminal liability for a parent or guardian where it can be established that a wilful or reckless failure to exercise reasonable care or control has contributed to anti-social or criminal behaviour by a child under 18 years 70484 26,2026-10-07,oral,23,70484/26,Tom Brabazon,TOM BRABAZON,en,"To ask the Minister for Justice, Home Affairs and Migration whether, further to the provisions of the Children Act 2001, he will consider introducing legislation providing criminal liability for a parent or guardian where it can be established that a wilful or reckless failure to exercise reasonable care or control has contributed to anti-social or criminal behaviour by a child under 18 years.","Justice, Home Affairs and Migration",3149,3151
"24. Deputy Malcolm Byrne asked the Minister for Justice, Home Affairs and Migration to outline public information campaigns planned to raise awareness of NIS2, particularly for businesses and organisations impacted. [70356/26]",Justice,the minister for justice home affairs and migration public information campaigns planned to raise awareness of nis2 particularly for businesses and organisations impacted 70356 26,2026-10-07,oral,24,70356/26,Malcolm Byrne,MALCOLM BYRNE,en,"To ask the Minister for Justice, Home Affairs and Migration to outline public information campaigns planned to raise awareness of NIS2, particularly for businesses and organisations impacted.","Justice, Home Affairs and Migration",3153,3155
"25. Deputy Joe Neville asked the Minister for Justice, Home Affairs and Migration the measures that have been implemented by An Garda Síochána to de-escalate incidents of young adults video recording themselves driving the wrong way down motorways, as occurred recently. [70571/26]",Justice,the minister for justice home affairs and migration the measures that have been implemented by an garda síochána to de-escalate incidents of young adults video recording themselves driving the wrong way down motorways as occurred recently 70571 26,2026-10-07,oral,25,70571/26,Joe Neville,JOE NEVILLE,en,"To ask the Minister for Justice, Home Affairs and Migration the measures that have been implemented by An Garda Síochána to de-escalate incidents of young adults video recording themselves driving the wrong way down motorways, as occurred recently.","Justice, Home Affairs and Migration",3157,3159
"26. Deputy Paul Mcauliffe asked the Minister for Justice, Home Affairs and Migration if he plans plan to increase targeted allocations through the Community Safety Fund to certain parts of the country given the increase in gangland criminal activity in certain parts of the country in recent years. [70449/26]",Justice,the minister for justice home affairs and migration if he plans plan to increase targeted allocations through the community safety fund to certain parts of the country given the increase in gangland criminal activity in certain parts of the country in recent years 70449 26,2026-10-07,oral,26,70449/26,Paul Mcauliffe,PAUL MCAULIFFE,en,"To ask the Minister for Justice, Home Affairs and Migration if he plans plan to increase targeted allocations through the Community Safety Fund to certain parts of the country given the increase in gangland criminal activity in certain parts of the country in recent years.","Justice, Home Affairs and Migration",3161,3163
"27. Deputy Mark Ward asked the Minister for Justice, Home Affairs and Migration his views on the roll out of high visibility policing; and the impact it is having in the Dublin area. [70552/26]",Justice,the minister for justice home affairs and migration his views on the roll out of high visibility policing and the impact it is having in the dublin area 70552 26,2026-10-07,oral,27,70552/26,Mark Ward,MARK WARD,en,"To ask the Minister for Justice, Home Affairs and Migration his views on the roll out of high visibility policing; and the impact it is having in the Dublin area.","Justice, Home Affairs and Migration",3165,3167
"28. Deputy Tony Mccormack asked the Minister for Justice, Home Affairs and Migration for an update on the expansion of Youth Diversion Programmes nationally; and the further measures being taken to intervene early with young people at risk of becoming involved in persistent anti-social behaviour and crime. [70450/26]",Justice,the minister for justice home affairs and migration for an update on the expansion of youth diversion programmes nationally and the further measures being taken to intervene early with young people at risk of becoming involved in persistent anti-social behaviour and crime 70450 26,2026-10-07,oral,28,70450/26,Tony Mccormack,TONY MCCORMACK,en,"To ask the Minister for Justice, Home Affairs and Migration for an update on the expansion of Youth Diversion Programmes nationally; and the further measures being taken to intervene early with young people at risk of becoming involved in persistent anti-social behaviour and crime.","Justice, Home Affairs and Migration",3169,3171
"29. Deputy Grace Boland asked the Minister for Justice, Home Affairs and Migration the measures being taken to support and expand youth justice and diversion initiatives aimed at preventing young people from becoming involved in criminal activity; the level of funding provided for such initiatives in each of the past three years and planned for 2027; and the metrics used to assess their effectiveness and outcome. [67087/26]",Justice,the minister for justice home affairs and migration the measures being taken to support and expand youth justice and diversion initiatives aimed at preventing young people from becoming involved in criminal activity the level of funding provided for such initiatives in each of the past three years and planned for 2027 and the metrics used to assess their effectiveness and outcome 67087 26,2026-10-07,oral,29,67087/26,Grace Boland,GRACE BOLAND,en,"To ask the Minister for Justice, Home Affairs and Migration the measures being taken to support and expand youth justice and diversion initiatives aimed at preventing young people from becoming involved in criminal activity; the level of funding provided for such initiatives in each of the past three years and planned for 2027; and the metrics used to assess their effectiveness and outcome.","Justice, Home Affairs and Migration",3173,3175
"30. Deputy Tony Mccormack asked the Minister for Justice, Home Affairs and Migration his plans to implement the recommendations of the Cost of Business Advisory Forum report that come under the remit of his Department. [70390/26]",Justice,the minister for justice home affairs and migration his plans to implement the recommendations of the cost of business advisory forum report that come under the remit of his department 70390 26,2026-10-07,oral,30,70390/26,Tony Mccormack,TONY MCCORMACK,en,"To ask the Minister for Justice, Home Affairs and Migration his plans to implement the recommendations of the Cost of Business Advisory Forum report that come under the remit of his Department.","Justice, Home Affairs and Migration",3177,3179
"31. Deputy Barry Ward asked the Minister for Justice, Home Affairs and Migration the position regarding the review carried out into the prison system with a view to improving prisoner welfare, education programmes and recidivism rates. [69786/26]",Justice,the minister for justice home affairs and migration the position regarding the review carried out into the prison system with a view to improving prisoner welfare education programmes and recidivism rates 69786 26,2026-10-07,oral,31,69786/26,Barry Ward,BARRY WARD,en,"To ask the Minister for Justice, Home Affairs and Migration the position regarding the review carried out into the prison system with a view to improving prisoner welfare, education programmes and recidivism rates.","Justice, Home Affairs and Migration",3181,3183
"32. Deputy Darren O'Rourke asked the Minister for Justice, Home Affairs and Migration the number of Gardaí in County Meath; the number of new recruits, resignations and retirements in 2025 and to date in 2026. [69723/26]",Justice,the minister for justice home affairs and migration the number of gardaí in county meath the number of new recruits resignations and retirements in 2025 and to date in 2026 69723 26,2026-10-07,oral,32,69723/26,Darren O'Rourke,DARREN O'ROURKE,en,"To ask the Minister for Justice, Home Affairs and Migration the number of Gardaí in County Meath; the number of new recruits, resignations and retirements in 2025 and to date in 2026.","Justice, Home Affairs and Migration",3185,3187
"33. Deputy Matt Carthy asked the Minister for Justice, Home Affairs and Migration if his Department has examined the impact on the administration of justice of the reduction in the number of criminal legal aid certificates granted since 1 July 2026. [70561/26]",Justice,the minister for justice home affairs and migration if his department has examined the impact on the administration of justice of the reduction in the number of criminal legal aid certificates granted since 1 july 2026 70561 26,2026-10-07,oral,33,70561/26,Matt Carthy,MATT CARTHY,en,"To ask the Minister for Justice, Home Affairs and Migration if his Department has examined the impact on the administration of justice of the reduction in the number of criminal legal aid certificates granted since 1 July 2026.","Justice, Home Affairs and Migration",3189,3191
"34. Deputy Albert Dolan asked the Minister for Justice, Home Affairs and Migration the measures being taken to reduce delays and backlogs across the immigration and international protection systems; and the current actions being taken to improve processing times and administrative capacity. [70523/26]",Justice,the minister for justice home affairs and migration the measures being taken to reduce delays and backlogs across the immigration and international protection systems and the current actions being taken to improve processing times and administrative capacity 70523 26,2026-10-07,oral,34,70523/26,Albert Dolan,ALBERT DOLAN,en,"To ask the Minister for Justice, Home Affairs and Migration the measures being taken to reduce delays and backlogs across the immigration and international protection systems; and the current actions being taken to improve processing times and administrative capacity.","Justice, Home Affairs and Migration",3193,3195
"35. Deputy Louis O'Hara asked the Minister for Justice, Home Affairs and Migration the number of new Gardaí that have graduated to date in 2026; and if he will make a statement on the matter. [69728/26]",Justice,the minister for justice home affairs and migration the number of new gardaí that have graduated to date in 2026 and 69728 26,2026-10-07,oral,35,69728/26,Louis O'Hara,LOUIS O'HARA,en,"To ask the Minister for Justice, Home Affairs and Migration the number of new Gardaí that have graduated to date in 2026; and if he will make a statement on the matter.","Justice, Home Affairs and Migration",3197,3199
"36. Deputy James Geoghegan asked the Minister for Justice, Home Affairs and Migration if he will provide an update on the new framework for the authorisation and operation of CCTV schemes through Part 5 of the Garda Síochána (Recording Devices) Act 2023. [70145/26]",Justice,the minister for justice home affairs and migration if he will provide an update on the new framework for the authorisation and operation of cctv schemes through part 5 of the garda síochána recording devices act 2023 70145 26,2026-10-07,oral,36,70145/26,James Geoghegan,JAMES GEOGHEGAN,en,"To ask the Minister for Justice, Home Affairs and Migration if he will provide an update on the new framework for the authorisation and operation of CCTV schemes through Part 5 of the Garda Síochána (Recording Devices) Act 2023.","Justice, Home Affairs and Migration",3201,3203
"37. Deputy Séamus Mcgrath asked the Minister for Justice, Home Affairs and Migration the status of plans to role out body-worm cameras for members of An Garda Síochána; and the expected timeline for the full rollout of same. [70509/26]",Justice,the minister for justice home affairs and migration the status of plans to role out body-worm cameras for members of an garda síochána and the expected timeline for the full rollout of same 70509 26,2026-10-07,oral,37,70509/26,Séamus Mcgrath,SÉAMUS MCGRATH,en,"To ask the Minister for Justice, Home Affairs and Migration the status of plans to role out body-worm cameras for members of An Garda Síochána; and the expected timeline for the full rollout of same.","Justice, Home Affairs and Migration",3205,3207
"38. Deputy Matt Carthy asked the Minister for Justice, Home Affairs and Migration his plans to reform the operation of the in-camera rule in family law proceedings. [70639/26]",Justice,the minister for justice home affairs and migration his plans to reform the operation of the in-camera rule in family law proceedings 70639 26,2026-10-07,oral,38,70639/26,Matt Carthy,MATT CARTHY,en,"To ask the Minister for Justice, Home Affairs and Migration his plans to reform the operation of the in-camera rule in family law proceedings.","Justice, Home Affairs and Migration",3209,3211
"39. Deputy Shane Moynihan asked the Minister for Justice, Home Affairs and Migration the number of Gardaí assigned to the Lucan area. [70565/26]",Justice,the minister for justice home affairs and migration the number of gardaí assigned to the lucan area 70565 26,2026-10-07,oral,39,70565/26,Shane Moynihan,SHANE MOYNIHAN,en,"To ask the Minister for Justice, Home Affairs and Migration the number of Gardaí assigned to the Lucan area.","Justice, Home Affairs and Migration",3213,3215
"40. Deputy Edward Timmins asked the Minister for Justice, Home Affairs and Migration the measures that have been taken to reduce the value of contracts with IPAS providers; and the plans for the future of same. [70681/26]",Justice,the minister for justice home affairs and migration the measures that have been taken to reduce the value of contracts with ipas providers and the plans for the future of same 70681 26,2026-10-07,oral,40,70681/26,Edward Timmins,EDWARD TIMMINS,en,"To ask the Minister for Justice, Home Affairs and Migration the measures that have been taken to reduce the value of contracts with IPAS providers; and the plans for the future of same.","Justice, Home Affairs and Migration",3217,3219
"41. Deputy Aindrias Moynihan asked the Minister for Justice, Home Affairs and Migration the measures that will be introduced to ensure improved Garda visibility in rural communities across Cork north-west; and if he will make a statement on the matter. [70621/26]",Justice,the minister for justice home affairs and migration the measures that will be introduced to ensure improved garda visibility in rural communities across cork north-west and 70621 26,2026-10-07,oral,41,70621/26,Aindrias Moynihan,AINDRIAS MOYNIHAN,en,"To ask the Minister for Justice, Home Affairs and Migration the measures that will be introduced to ensure improved Garda visibility in rural communities across Cork north-west; and if he will make a statement on the matter.","Justice, Home Affairs and Migration",3221,3223
"42. Deputy Séamus Mcgrath asked the Minister for Justice, Home Affairs and Migration if an increase in budget will be provided for the further deployment of e-bikes by members of An Garda Síochána; and the number currently in use. [70510/26]",Justice,the minister for justice home affairs and migration if an increase in budget will be provided for the further deployment of e-bikes by members of an garda síochána and the number currently in use 70510 26,2026-10-07,oral,42,70510/26,Séamus Mcgrath,SÉAMUS MCGRATH,en,"To ask the Minister for Justice, Home Affairs and Migration if an increase in budget will be provided for the further deployment of e-bikes by members of An Garda Síochána; and the number currently in use.","Justice, Home Affairs and Migration",3225,3227
"43. Deputy Paula Butterly asked the Minister for Justice, Home Affairs and Migration if he will provide an update on the progress of sentencing reform legislation contained in the Programme for Government; and if he will make a statement on the matter. [70020/26]",Justice,the minister for justice home affairs and migration if he will provide an update on the progress of sentencing reform legislation contained in the programme for government and 70020 26,2026-10-07,oral,43,70020/26,Paula Butterly,PAULA BUTTERLY,en,"To ask the Minister for Justice, Home Affairs and Migration if he will provide an update on the progress of sentencing reform legislation contained in the Programme for Government; and if he will make a statement on the matter.","Justice, Home Affairs and Migration",3229,3231
"44. Deputy James Geoghegan asked the Minister for Justice, Home Affairs and Migration if he will provide an update on the expansion of youth justice and youth diversion measures. [70146/26]",Justice,the minister for justice home affairs and migration if he will provide an update on the expansion of youth justice and youth diversion measures 70146 26,2026-10-07,oral,44,70146/26,James Geoghegan,JAMES GEOGHEGAN,en,"To ask the Minister for Justice, Home Affairs and Migration if he will provide an update on the expansion of youth justice and youth diversion measures.","Justice, Home Affairs and Migration",3233,3235
"45. Deputy Brian Stanley asked the Minister for Justice, Home Affairs and Migration the status of the provision of a new court house in Portlaoise; the stage is it currently at; and the progress made to date. [70384/26]",Justice,the minister for justice home affairs and migration the status of the provision of a new court house in portlaoise the stage is it currently at and the progress made to date 70384 26,2026-10-07,oral,45,70384/26,Brian Stanley,BRIAN STANLEY,en,"To ask the Minister for Justice, Home Affairs and Migration the status of the provision of a new court house in Portlaoise; the stage is it currently at; and the progress made to date.","Justice, Home Affairs and Migration",3237,3239
"46. Deputy Matt Carthy asked the Minister for Justice, Home Affairs and Migration whether the Government remains committed to implementing the multi-agency competent authority model for the National Referral Mechanism established under the Criminal Law (Sexual Offences and Human Trafficking) Act 2024; and if not, the reasons for that decision. [70640/26]",Justice,the minister for justice home affairs and migration whether the government remains committed to implementing the multi-agency competent authority model for the national referral mechanism established under the criminal law sexual offences and human trafficking act 2024 the reasons for that decision 70640 26,2026-10-07,oral,46,70640/26,Matt Carthy,MATT CARTHY,en,"To ask the Minister for Justice, Home Affairs and Migration whether the Government remains committed to implementing the multi-agency competent authority model for the National Referral Mechanism established under the Criminal Law (Sexual Offences and Human Trafficking) Act 2024; and if not, the reasons for that decision.","Justice, Home Affairs and Migration",3241,3243
"47. Deputy Gary Gannon asked the Minister for Justice, Home Affairs and Migration if his Department has assessed the potential impact of the proposed changes to citizenship eligibility on Ireland’s ability to attract and retain migrant workers; the evidence base that was used to show that increasing the residence requirement for citizenship from five to eight years will improve integration outcomes; and if he will make a statement on the matter. [70690/26]",Justice,the minister for justice home affairs and migration if his department has assessed the potential impact of the proposed changes to citizenship eligibility on ireland s ability to attract and retain migrant workers the evidence base that was used to show that increasing the residence requirement for citizenship from five to eight years will improve integration outcomes and 70690 26,2026-10-07,oral,47,70690/26,Gary Gannon,GARY GANNON,en,"To ask the Minister for Justice, Home Affairs and Migration if his Department has assessed the potential impact of the proposed changes to citizenship eligibility on Ireland’s ability to attract and retain migrant workers; the evidence base that was used to show that increasing the residence requirement for citizenship from five to eight years will improve integration outcomes; and if he will make a statement on the matter.","Justice, Home Affairs and Migration",3245,3247
"48. Deputy Malcolm Byrne asked the Minister for Justice, Home Affairs and Migration the actions taken where foreign State actors are implicated in cyberattacks on Ireland; the way in which attribution is determined; and the approximate number of suspected foreign State-sponsored or foreign State-condoned attacks in recent years. [70358/26]",Justice,the minister for justice home affairs and migration the actions taken where foreign state actors are implicated in cyberattacks on ireland the way in which attribution is determined and the approximate number of suspected foreign state-sponsored or foreign state-condoned attacks in recent years 70358 26,2026-10-07,oral,48,70358/26,Malcolm Byrne,MALCOLM BYRNE,en,"To ask the Minister for Justice, Home Affairs and Migration the actions taken where foreign State actors are implicated in cyberattacks on Ireland; the way in which attribution is determined; and the approximate number of suspected foreign State-sponsored or foreign State-condoned attacks in recent years.","Justice, Home Affairs and Migration",3249,3251
"49. Deputy Colm Burke asked the Minister for Justice, Home Affairs and Migration the current status of plans for a large extension to the existing Cork Prison on the site of the old decommissioned Cork Prison which has been vacant for a number of years. [70268/26]",Justice,the minister for justice home affairs and migration the current status of plans for a large extension to the existing cork prison on the site of the old decommissioned cork prison which has been vacant for a number of years 70268 26,2026-10-07,oral,49,70268/26,Colm Burke,COLM BURKE,en,"To ask the Minister for Justice, Home Affairs and Migration the current status of plans for a large extension to the existing Cork Prison on the site of the old decommissioned Cork Prison which has been vacant for a number of years.","Justice, Home Affairs and Migration",3253,3255
"50. Deputy Roderic O'Gorman asked the Minister for Justice, Home Affairs and Migration his position and the reason a significantly larger number of student visa applications from students in Gaza appear to have been rejected in 2026 than in previous years; and if he is taking steps to address this. [70697/26]",Justice,the minister for justice home affairs and migration his position and the reason a significantly larger number of student visa applications from students in gaza appear to have been rejected in 2026 than in previous years and if he is taking steps to address this 70697 26,2026-10-07,oral,50,70697/26,Roderic O'Gorman,RODERIC O'GORMAN,en,"To ask the Minister for Justice, Home Affairs and Migration his position and the reason a significantly larger number of student visa applications from students in Gaza appear to have been rejected in 2026 than in previous years; and if he is taking steps to address this.","Justice, Home Affairs and Migration",3257,3259
"51. Deputy Joe Neville asked the Minister for Justice, Home Affairs and Migration the number of cars that have been reported to the Gardaí as stolen since January 2026; and the number for 2025. [70615/26]",Justice,the minister for justice home affairs and migration the number of cars that have been reported to the gardaí as stolen since january 2026 and the number for 2025 70615 26,2026-10-07,oral,51,70615/26,Joe Neville,JOE NEVILLE,en,"To ask the Minister for Justice, Home Affairs and Migration the number of cars that have been reported to the Gardaí as stolen since January 2026; and the number for 2025.","Justice, Home Affairs and Migration",3261,3263
"52. Deputy James O'Connor asked the Minister for Justice, Home Affairs and Migration for an update on the Garda numbers in County Cork, in particular the Midleton district. [70642/26]",Justice,the minister for justice home affairs and migration for an update on the garda numbers in county cork in particular the midleton district 70642 26,2026-10-07,oral,52,70642/26,James O'Connor,JAMES O'CONNOR,en,"To ask the Minister for Justice, Home Affairs and Migration for an update on the Garda numbers in County Cork, in particular the Midleton district.","Justice, Home Affairs and Migration",3265,3267
"53. Deputy Brian Stanley asked the Minister for Justice, Home Affairs and Migration if the Irish Prison Service has the technology to identify and track drones at the Midlands Prison, Portlaoise; if the necessary software has been installed; and if so, if staff trained to use it. [69302/26]",Justice,the minister for justice home affairs and migration if the irish prison service has the technology to identify and track drones at the midlands prison portlaoise if the necessary software has been installed if staff trained to use it 69302 26,2026-10-07,oral,53,69302/26,Brian Stanley,BRIAN STANLEY,en,"To ask the Minister for Justice, Home Affairs and Migration if the Irish Prison Service has the technology to identify and track drones at the Midlands Prison, Portlaoise; if the necessary software has been installed; and if so, if staff trained to use it.","Justice, Home Affairs and Migration",3269,3271
"54. Deputy Richard Boyd Barrett asked the Minister for Justice, Home Affairs and Migration his plans to ensure that Palestinian students who have their visas rejected will have access to a speedy and effective appeals process that would allow them to take up their university places. [70463/26]",Justice,the minister for justice home affairs and migration his plans to ensure that palestinian students who have their visas rejected will have access to a speedy and effective appeals process that would allow them to take up their university places 70463 26,2026-10-07,oral,54,70463/26,Richard Boyd Barrett,RICHARD BOYD BARRETT,en,"To ask the Minister for Justice, Home Affairs and Migration his plans to ensure that Palestinian students who have their visas rejected will have access to a speedy and effective appeals process that would allow them to take up their university places.","Justice, Home Affairs and Migration",3273,3275
"55. Deputy Richard O'Donoghue asked the Minister for Justice, Home Affairs and Migration the commitment he will provide to people in urban and rural Ireland that there will be a higher Garda presence for the security of all (details supplied). [70684/26]",Justice,the minister for justice home affairs and migration the commitment he will provide to people in urban and rural ireland that there will be a higher garda presence for the security of all details supplied 70684 26,2026-10-07,oral,55,70684/26,Richard O'Donoghue,RICHARD O'DONOGHUE,en,"To ask the Minister for Justice, Home Affairs and Migration the commitment he will provide to people in urban and rural Ireland that there will be a higher Garda presence for the security of all (details supplied).","Justice, Home Affairs and Migration",3277,3279
"56. Deputy Richard Boyd Barrett asked the Minister for Justice, Home Affairs and Migration if he is considering withdrawing proposed legislation that would further restrict people to obtain Irish citizenship. [70462/26]",Justice,the minister for justice home affairs and migration if he is considering withdrawing proposed legislation that would further restrict people to obtain irish citizenship 70462 26,2026-10-07,oral,56,70462/26,Richard Boyd Barrett,RICHARD BOYD BARRETT,en,"To ask the Minister for Justice, Home Affairs and Migration if he is considering withdrawing proposed legislation that would further restrict people to obtain Irish citizenship.","Justice, Home Affairs and Migration",3281,3283
"57. Deputy Roderic O'Gorman asked the Minister for Justice, Home Affairs and Migration the steps he is taking to ensure that students from Gaza who have been offered places to study in Irish universities this term are supported to have their visas processed, given the exceptional circumstances they are currently experiencing. [70696/26]",Justice,the minister for justice home affairs and migration the steps he is taking to ensure that students from gaza who have been offered places to study in irish universities this term are supported to have their visas processed given the exceptional circumstances they are currently experiencing 70696 26,2026-10-07,oral,57,70696/26,Roderic O'Gorman,RODERIC O'GORMAN,en,"To ask the Minister for Justice, Home Affairs and Migration the steps he is taking to ensure that students from Gaza who have been offered places to study in Irish universities this term are supported to have their visas processed, given the exceptional circumstances they are currently experiencing.","Justice, Home Affairs and Migration",3285,3287
"58. Deputy Ruairí Ó Murchú asked the Minister for Justice, Home Affairs and Migration the current average processing times for international protection applicants; and the progress being made to reduce the processing times for international protection applicants. [70493/26]",Justice,the minister for justice home affairs and migration the current average processing times for international protection applicants and the progress being made to reduce the processing times for international protection applicants 70493 26,2026-10-07,oral,58,70493/26,Ruairí Ó Murchú,RUAIRÍ Ó MURCHÚ,en,"To ask the Minister for Justice, Home Affairs and Migration the current average processing times for international protection applicants; and the progress being made to reduce the processing times for international protection applicants.","Justice, Home Affairs and Migration",3289,3291
"59. Deputy Grace Boland asked the Minister for Justice, Home Affairs and Migration the current capacity of domestic violence refuge and support services; and the measures being taken to meet demand for these services. [67088/26]",Justice,the minister for justice home affairs and migration the current capacity of domestic violence refuge and support services and the measures being taken to meet demand for these services 67088 26,2026-10-07,oral,59,67088/26,Grace Boland,GRACE BOLAND,en,"To ask the Minister for Justice, Home Affairs and Migration the current capacity of domestic violence refuge and support services; and the measures being taken to meet demand for these services.","Justice, Home Affairs and Migration",3293,3295
"60. Deputy Shane Moynihan asked the Minister for Justice, Home Affairs and Migration the number of community Gardaí assigned to the Lucan area. [70568/26]",Justice,the minister for justice home affairs and migration the number of community gardaí assigned to the lucan area 70568 26,2026-10-07,oral,60,70568/26,Shane Moynihan,SHANE MOYNIHAN,en,"To ask the Minister for Justice, Home Affairs and Migration the number of community Gardaí assigned to the Lucan area.","Justice, Home Affairs and Migration",3297,3299
"61. Deputy Naoise Ó Muirí asked the Minister for Justice, Home Affairs and Migration if he will provide an update on the rollout of e-scooter speed testing kits; and the number of e-scooters confiscated by Gardaí. [70631/26]",Justice,the minister for justice home affairs and migration if he will provide an update on the rollout of e-scooter speed testing kits and the number of e-scooters confiscated by gardaí 70631 26,2026-10-07,oral,61,70631/26,Naoise Ó Muirí,NAOISE Ó MUIRÍ,en,"To ask the Minister for Justice, Home Affairs and Migration if he will provide an update on the rollout of e-scooter speed testing kits; and the number of e-scooters confiscated by Gardaí.","Justice, Home Affairs and Migration",3301,3303
"62. Deputy Seán Kyne asked the Minister for Justice, Home Affairs and Migration the status of the rollout and establishment of community safety partnerships nationwide and, in particular, in Galway city and Galway county; the progress made to date in replacing joint policing committees; and if he is satisfied that community safety partnerships are delivering improved outcomes for community engagement and local safety. [70658/26]",Justice,the minister for justice home affairs and migration the status of the rollout and establishment of community safety partnerships nationwide and in particular in galway city and galway county the progress made to date in replacing joint policing committees and if he is satisfied that community safety partnerships are delivering improved outcomes for community engagement and local safety 70658 26,2026-10-07,oral,62,70658/26,Seán Kyne,SEÁN KYNE,en,"To ask the Minister for Justice, Home Affairs and Migration the status of the rollout and establishment of community safety partnerships nationwide and, in particular, in Galway city and Galway county; the progress made to date in replacing joint policing committees; and if he is satisfied that community safety partnerships are delivering improved outcomes for community engagement and local safety.","Justice, Home Affairs and Migration",3305,3307
"63. Deputy Albert Dolan asked the Minister for Justice, Home Affairs and Migration the measures being taken to ensure that Garda divisions serving rural communities have sufficient frontline Garda personnel and resources to provide a visible policing presence; and the steps being taken to address vacancies and recruitment pressures. [70452/26]",Justice,the minister for justice home affairs and migration the measures being taken to ensure that garda divisions serving rural communities have sufficient frontline garda personnel and resources to provide a visible policing presence and the steps being taken to address vacancies and recruitment pressures 70452 26,2026-10-07,oral,63,70452/26,Albert Dolan,ALBERT DOLAN,en,"To ask the Minister for Justice, Home Affairs and Migration the measures being taken to ensure that Garda divisions serving rural communities have sufficient frontline Garda personnel and resources to provide a visible policing presence; and the steps being taken to address vacancies and recruitment pressures.","Justice, Home Affairs and Migration",3309,3311
"64. Deputy Michael Lowry asked the Minister for Justice, Home Affairs and Migration to confirm in the context of a recent review and report, the future status of Garda Training College Templemore; and if he will make a statement on the matter. [70607/26]",Justice,the minister for justice home affairs and migration to confirm in the context of a recent review and report the future status of garda training college templemore and 70607 26,2026-10-07,oral,64,70607/26,Michael Lowry,MICHAEL LOWRY,en,"To ask the Minister for Justice, Home Affairs and Migration to confirm in the context of a recent review and report, the future status of Garda Training College Templemore; and if he will make a statement on the matter.","Justice, Home Affairs and Migration",3313,3315
"65. Deputy Darren O'Rourke asked the Minister for Justice, Home Affairs and Migration for an update on his plans for Thornton Hall; and projected timeframe for same. [69725/26]",Justice,the minister for justice home affairs and migration for an update on his plans for thornton hall and projected timeframe for same 69725 26,2026-10-07,oral,65,69725/26,Darren O'Rourke,DARREN O'ROURKE,en,"To ask the Minister for Justice, Home Affairs and Migration for an update on his plans for Thornton Hall; and projected timeframe for same.","Justice, Home Affairs and Migration",3317,3319
"66. Deputy Barry Ward asked the Minister for Justice, Home Affairs and Migration the position regarding any allowances being considered for people legally resident in Ireland and in the process of meeting the requirements for Irish citizenship in the context of imminent changes in citizenship requirements. [69773/26]",Justice,the minister for justice home affairs and migration the position regarding any allowances being considered for people legally resident in ireland and in the process of meeting the requirements for irish citizenship in the context of imminent changes in citizenship requirements 69773 26,2026-10-07,oral,66,69773/26,Barry Ward,BARRY WARD,en,"To ask the Minister for Justice, Home Affairs and Migration the position regarding any allowances being considered for people legally resident in Ireland and in the process of meeting the requirements for Irish citizenship in the context of imminent changes in citizenship requirements.","Justice, Home Affairs and Migration",3321,3323
"67. Deputy Naoise Ó Cearúil asked the Minister for Justice, Home Affairs and Migration the measures being taken by his Department and An Garda Síochána to prevent and reduce anti-social behaviour in communities; and the initiatives currently in place to address issues such as public disorder, dangerous driving, and the misuse of fireworks. [70465/26]",Justice,the minister for justice home affairs and migration the measures being taken by his department and an garda síochána to prevent and reduce anti-social behaviour in communities and the initiatives currently in place to address issues such as public disorder dangerous driving and the misuse of fireworks 70465 26,2026-10-07,oral,67,70465/26,Naoise Ó Cearúil,NAOISE Ó CEARÚIL,en,"To ask the Minister for Justice, Home Affairs and Migration the measures being taken by his Department and An Garda Síochána to prevent and reduce anti-social behaviour in communities; and the initiatives currently in place to address issues such as public disorder, dangerous driving, and the misuse of fireworks.","Justice, Home Affairs and Migration",3325,3327
"68. Deputy Paul Lawless asked the Minister for Justice, Home Affairs and Migration the reason he overturned in excess of 500 deportation orders last year; and if he will make a statement on the matter. [69997/26]",Justice,the minister for justice home affairs and migration the reason he overturned in excess of 500 deportation orders last year and 69997 26,2026-10-07,oral,68,69997/26,Paul Lawless,PAUL LAWLESS,en,"To ask the Minister for Justice, Home Affairs and Migration the reason he overturned in excess of 500 deportation orders last year; and if he will make a statement on the matter.","Justice, Home Affairs and Migration",3329,3331
"69. Deputy Aindrias Moynihan asked the Minister for Justice, Home Affairs and Migration the current position regarding Garda recruitment and retention for County Cork; the measures being taken to ensure adequate policing resources for rural Ireland; and if he will make a statement on the matter. [70616/26]",Justice,the minister for justice home affairs and migration the current position regarding garda recruitment and retention for county cork the measures being taken to ensure adequate policing resources for rural ireland and 70616 26,2026-10-07,oral,69,70616/26,Aindrias Moynihan,AINDRIAS MOYNIHAN,en,"To ask the Minister for Justice, Home Affairs and Migration the current position regarding Garda recruitment and retention for County Cork; the measures being taken to ensure adequate policing resources for rural Ireland; and if he will make a statement on the matter.","Justice, Home Affairs and Migration",3333,3335
"70. Deputy Ruairí Ó Murchú asked the Minister for Justice, Home Affairs and Migration to provide an update on the progress being made to resolve the solicitors' dispute over the introduction of the new Criminal Legal Aid Scheme. [69731/26]",Justice,the minister for justice home affairs and migration to provide an update on the progress being made to resolve the solicitors dispute over the introduction of the new criminal legal aid scheme 69731 26,2026-10-07,oral,70,69731/26,Ruairí Ó Murchú,RUAIRÍ Ó MURCHÚ,en,"To ask the Minister for Justice, Home Affairs and Migration to provide an update on the progress being made to resolve the solicitors' dispute over the introduction of the new Criminal Legal Aid Scheme.","Justice, Home Affairs and Migration",3337,3339
"71. Deputy James O'Connor asked the Minister for Justice, Home Affairs and Migration the funding allocated to An Garda Síochána in Budget 2027; and the priorities for the use of the same. [70632/26]",Justice,the minister for justice home affairs and migration the funding allocated to an garda síochána in budget 2027 and the priorities for the use of the same 70632 26,2026-10-07,oral,71,70632/26,James O'Connor,JAMES O'CONNOR,en,"To ask the Minister for Justice, Home Affairs and Migration the funding allocated to An Garda Síochána in Budget 2027; and the priorities for the use of the same.","Justice, Home Affairs and Migration",3341,3343
"72. Deputy Thomas Gould asked the Minister for Justice, Home Affairs and Migration if he is aware of work ongoing in the Cork Detention Barracks; the nature of the work; and the amount that has been spent in the past 12-months in the building. [70549/26]",Justice,the minister for justice home affairs and migration if he is aware of work ongoing in the cork detention barracks the nature of the work and the amount that has been spent in the past 12-months in the building 70549 26,2026-10-07,oral,72,70549/26,Thomas Gould,THOMAS GOULD,en,"To ask the Minister for Justice, Home Affairs and Migration if he is aware of work ongoing in the Cork Detention Barracks; the nature of the work; and the amount that has been spent in the past 12-months in the building.","Justice, Home Affairs and Migration",3345,3347
"73. Deputy Naoise Ó Muirí asked the Minister for Justice, Home Affairs and Migration the categories of harmful and violent material that will be covered by the forthcoming legislation criminalising the possession, production, and distribution of extreme pornography; and to provide an update on the proposed scope of the legislation. [70453/26]",Justice,the minister for justice home affairs and migration the categories of harmful and violent material that will be covered by the forthcoming legislation criminalising the possession production and distribution of extreme pornography and to provide an update on the proposed scope of the legislation 70453 26,2026-10-07,oral,73,70453/26,Naoise Ó Muirí,NAOISE Ó MUIRÍ,en,"To ask the Minister for Justice, Home Affairs and Migration the categories of harmful and violent material that will be covered by the forthcoming legislation criminalising the possession, production, and distribution of extreme pornography; and to provide an update on the proposed scope of the legislation.","Justice, Home Affairs and Migration",3349,3351
"74. Deputy Matt Carthy asked the Minister for Justice, Home Affairs and Migration when he expects to publish the draft National Migration and Integration Strategy; and if it will include consideration of an all-island approach to the management of migration. [70562/26]",Justice,the minister for justice home affairs and migration when he expects to publish the draft national migration and integration strategy and if it will include consideration of an all-island approach to the management of migration 70562 26,2026-10-07,oral,74,70562/26,Matt Carthy,MATT CARTHY,en,"To ask the Minister for Justice, Home Affairs and Migration when he expects to publish the draft National Migration and Integration Strategy; and if it will include consideration of an all-island approach to the management of migration.","Justice, Home Affairs and Migration",3353,3355
"75. Deputy Mark Ward asked the Minister for Justice, Home Affairs and Migration when there will be a roll out of a new youth justice strategy; and the priorities his Department will focus on. [70646/26]",Justice,the minister for justice home affairs and migration when there will be a roll out of a new youth justice strategy and the priorities his department will focus on 70646 26,2026-10-07,oral,75,70646/26,Mark Ward,MARK WARD,en,"To ask the Minister for Justice, Home Affairs and Migration when there will be a roll out of a new youth justice strategy; and the priorities his Department will focus on.","Justice, Home Affairs and Migration",3357,3359
"76. Deputy Micheál Carrigy asked the Minister for Justice, Home Affairs and Migration if he will consider options (details supplied) regarding SMEs with under 100 employees, and the crime they face. [69252/26]",Justice,the minister for justice home affairs and migration if he will consider options details supplied regarding smes with under 100 employees and the crime they face 69252 26,2026-10-07,oral,76,69252/26,Micheál Carrigy,MICHEÁL CARRIGY,en,"To ask the Minister for Justice, Home Affairs and Migration if he will consider options (details supplied) regarding SMEs with under 100 employees, and the crime they face.","Justice, Home Affairs and Migration",3361,3363
"77. Deputy Thomas Gould asked the Minister for Justice, Home Affairs and Migration if he is aware of multiple incidents of petrol bombing in Cork city in recent months; and the actions he intends to take to tackle this. [70551/26]",Justice,the minister for justice home affairs and migration if he is aware of multiple incidents of petrol bombing in cork city in recent months and the actions he intends to take to tackle this 70551 26,2026-10-07,oral,77,70551/26,Thomas Gould,THOMAS GOULD,en,"To ask the Minister for Justice, Home Affairs and Migration if he is aware of multiple incidents of petrol bombing in Cork city in recent months; and the actions he intends to take to tackle this.","Justice, Home Affairs and Migration",3365,3367
"78. Deputy Seán Kyne asked the Minister for Justice, Home Affairs and Migration for an update on Ireland's operation and implementation of the EU Migration and Asylum Pact. [70663/26]",Justice,the minister for justice home affairs and migration for an update on ireland s operation and implementation of the eu migration and asylum pact 70663 26,2026-10-07,oral,78,70663/26,Seán Kyne,SEÁN KYNE,en,"To ask the Minister for Justice, Home Affairs and Migration for an update on Ireland's operation and implementation of the EU Migration and Asylum Pact.","Justice, Home Affairs and Migration",3369,3371
"79. Deputy William Aird asked the Minister for Justice, Home Affairs and Migration the progress that has been made in securing capital funding for the construction of a new courthouse in Portlaoise; and when funding will be allocated and construction is expected to commence. [69776/26]",Justice,the minister for justice home affairs and migration the progress that has been made in securing capital funding for the construction of a new courthouse in portlaoise and when funding will be allocated and construction is expected to commence 69776 26,2026-10-07,oral,79,69776/26,William Aird,WILLIAM AIRD,en,"To ask the Minister for Justice, Home Affairs and Migration the progress that has been made in securing capital funding for the construction of a new courthouse in Portlaoise; and when funding will be allocated and construction is expected to commence.","Justice, Home Affairs and Migration",3373,3375
