question,department,question_clean,date,answer_type,question_number,refNo,deputy,deputy_source,language,raw_question,department_paper,source_question_paragraph,source_pq_paragraph
"1. Deputy Pádraig Mac Lochlainn asked the Minister for Agriculture, Food and the Marine if he will work with the representatives of inshore fishermen to introduce an inshore fisheries stabilisation and climate adaptation scheme; and if he has engaged with the European Commissioner for Fisheries and Oceans, Costas Kadis, or his office to make the case for such a scheme. [70178/26]",Agriculture,the minister for agriculture food and the marine if he will work with the representatives of inshore fishermen to introduce an inshore fisheries stabilisation and climate adaptation scheme and if he has engaged with the european commissioner for fisheries and oceans costas kadis or his office to make the case for such a scheme 70178 26,2026-10-08,written,1,70178/26,Pádraig Mac Lochlainn,PÁDRAIG MAC LOCHLAINN,en,"To ask the Minister for Agriculture, Food and the Marine if he will work with the representatives of inshore fishermen to introduce an inshore fisheries stabilisation and climate adaptation scheme; and if he has engaged with the European Commissioner for Fisheries and Oceans, Costas Kadis, or his office to make the case for such a scheme.","Agriculture, Food and the Marine",19,21
"2. Deputy Jennifer Whitmore asked the Minister for Agriculture, Food and the Marine the measures his Department is taking to insulate households from the expected increase in grocery prices towards the end of 2026 and start of 2027, in view of warnings (details supplied) that inflation will put pressure on food prices. [70866/26]",Agriculture,the minister for agriculture food and the marine the measures his department is taking to insulate households from the expected increase in grocery prices towards the end of 2026 and start of 2027 in view of warnings details supplied that inflation will put pressure on food prices 70866 26,2026-10-08,written,2,70866/26,Jennifer Whitmore,JENNIFER WHITMORE,en,"To ask the Minister for Agriculture, Food and the Marine the measures his Department is taking to insulate households from the expected increase in grocery prices towards the end of 2026 and start of 2027, in view of warnings (details supplied) that inflation will put pressure on food prices.","Agriculture, Food and the Marine",23,25
"3. Deputy Martin Kenny asked the Minister for Agriculture, Food and the Marine for an update on negotiations of the Common Agriculture Policy. [70366/26]",Agriculture,the minister for agriculture food and the marine for an update on negotiations of the common agriculture policy 70366 26,2026-10-08,written,3,70366/26,Martin Kenny,MARTIN KENNY,en,"To ask the Minister for Agriculture, Food and the Marine for an update on negotiations of the Common Agriculture Policy.","Agriculture, Food and the Marine",27,29
"4. Deputy Paul Murphy asked the Minister for Agriculture, Food and the Marine if he will ban industrial puppy farming by adding a cap on the maximum number of breeding bitches permitted under the forthcoming The Dog Breeding Establishments (Amendment) Bill 2026; and if he will make a statement on the matter. [71049/26]",Agriculture,the minister for agriculture food and the marine if he will ban industrial puppy farming by adding a cap on the maximum number of breeding bitches permitted under the forthcoming the dog breeding establishments amendment bill 2026 and 71049 26,2026-10-08,written,4,71049/26,Paul Murphy,PAUL MURPHY,en,"To ask the Minister for Agriculture, Food and the Marine if he will ban industrial puppy farming by adding a cap on the maximum number of breeding bitches permitted under the forthcoming The Dog Breeding Establishments (Amendment) Bill 2026; and if he will make a statement on the matter.","Agriculture, Food and the Marine",31,33
"5. Deputy Michael Fitzmaurice asked the Minister for Agriculture, Food and the Marine the allocation on carbon tax to agriculture from 2020 to 2025 and to date in 2026; and the projected intake until 2030, yearly. [71037/26]",Agriculture,the minister for agriculture food and the marine the allocation on carbon tax to agriculture from 2020 to 2025 and to date in 2026 and the projected intake until 2030 yearly 71037 26,2026-10-08,written,5,71037/26,Michael Fitzmaurice,MICHAEL FITZMAURICE,en,"To ask the Minister for Agriculture, Food and the Marine the allocation on carbon tax to agriculture from 2020 to 2025 and to date in 2026; and the projected intake until 2030, yearly.","Agriculture, Food and the Marine",35,37
"6. Deputy Peter 'Chap' Cleere asked the Minister for Agriculture, Food and the Marine to outline the way in which Budget 2027 will deliver for tillage farmers. [70946/26]",Agriculture,the minister for agriculture food and the marine the way in which budget 2027 will deliver for tillage farmers 70946 26,2026-10-08,written,6,70946/26,Peter 'Chap' Cleere,PETER 'CHAP' CLEERE,en,"To ask the Minister for Agriculture, Food and the Marine to outline the way in which Budget 2027 will deliver for tillage farmers.","Agriculture, Food and the Marine",39,41
"7. Deputy Eamon Scanlon asked the Minister for Agriculture, Food and the Marine if he will review the 2025 Complementary Income Support for Young Farmers penalty provisions, given that a young farmer may be required to repay monies they never received; and if he will amend the provisions to ensure penalties are fair and proportionate. [70782/26]",Agriculture,the minister for agriculture food and the marine if he will review the 2025 complementary income support for young farmers penalty provisions given that a young farmer may be required to repay monies they never received and if he will amend the provisions to ensure penalties are fair and proportionate 70782 26,2026-10-08,written,7,70782/26,Eamon Scanlon,EAMON SCANLON,en,"To ask the Minister for Agriculture, Food and the Marine if he will review the 2025 Complementary Income Support for Young Farmers penalty provisions, given that a young farmer may be required to repay monies they never received; and if he will amend the provisions to ensure penalties are fair and proportionate.","Agriculture, Food and the Marine",49,51
"8. Deputy Fionntán Ó Súilleabháin asked the Minister for Agriculture, Food and the Marine the status of targeted CAP funding for 2027 (details supplied); and the specific emergency financial interventions his Department is implementing to support family farms through the cost-of-living crisis. [70424/26]",Agriculture,the minister for agriculture food and the marine the status of targeted cap funding for 2027 details supplied and the specific emergency financial interventions his department is implementing to support family farms through the cost-of-living crisis 70424 26,2026-10-08,written,8,70424/26,Fionntán Ó Súilleabháin,FIONNTÁN Ó SÚILLEABHÁIN,en,"To ask the Minister for Agriculture, Food and the Marine the status of targeted CAP funding for 2027 (details supplied); and the specific emergency financial interventions his Department is implementing to support family farms through the cost-of-living crisis.","Agriculture, Food and the Marine",53,55
"9. Deputy James O'Connor asked the Minister for Agriculture, Food and the Marine for an update on the progress of payments under the fuel income support scheme. [70991/26]",Agriculture,the minister for agriculture food and the marine for an update on the progress of payments under the fuel income support scheme 70991 26,2026-10-08,written,9,70991/26,James O'Connor,JAMES O'CONNOR,en,"To ask the Minister for Agriculture, Food and the Marine for an update on the progress of payments under the fuel income support scheme.","Agriculture, Food and the Marine",57,59
"10. Deputy Edward Timmins asked the Minister for Agriculture, Food and the Marine the strategy for selecting cattle herds to be tested for TB given recent reports that large numbers of herds have not been tested in over two years. [71014/26]",Agriculture,the minister for agriculture food and the marine the strategy for selecting cattle herds to be tested for tb given recent reports that large numbers of herds have not been tested in over two years 71014 26,2026-10-08,written,10,71014/26,Edward Timmins,EDWARD TIMMINS,en,"To ask the Minister for Agriculture, Food and the Marine the strategy for selecting cattle herds to be tested for TB given recent reports that large numbers of herds have not been tested in over two years.","Agriculture, Food and the Marine",61,63
"11. Deputy Noel Mccarthy asked the Minister for Agriculture, Food and the Marine to outline the measures being taken by his Department to encourage farm safety and farmer wellbeing. [70978/26]",Agriculture,the minister for agriculture food and the marine the measures being taken by his department to encourage farm safety and farmer wellbeing 70978 26,2026-10-08,written,11,70978/26,Noel Mccarthy,NOEL MCCARTHY,en,"To ask the Minister for Agriculture, Food and the Marine to outline the measures being taken by his Department to encourage farm safety and farmer wellbeing.","Agriculture, Food and the Marine",65,67
"12. Deputy Darren O'Rourke asked the Minister for Agriculture, Food and the Marine the measures he is taking to increase the amount of land in tillage. [69727/26]",Agriculture,the minister for agriculture food and the marine the measures he is taking to increase the amount of land in tillage 69727 26,2026-10-08,written,12,69727/26,Darren O'Rourke,DARREN O'ROURKE,en,"To ask the Minister for Agriculture, Food and the Marine the measures he is taking to increase the amount of land in tillage.","Agriculture, Food and the Marine",69,71
"13. Deputy Roderic O'Gorman asked the Minister for Agriculture, Food and the Marine when his Department will finalise its response to a research report commissioned from the National University of Ireland, Galway on the protection of the native Irish honey bee which has been with his Department since September 2025. [71023/26]",Agriculture,the minister for agriculture food and the marine when his department will finalise its response to a research report commissioned from the national university of ireland galway on the protection of the native irish honey bee which has been with his department since september 2025 71023 26,2026-10-08,written,13,71023/26,Roderic O'Gorman,RODERIC O'GORMAN,en,"To ask the Minister for Agriculture, Food and the Marine when his Department will finalise its response to a research report commissioned from the National University of Ireland, Galway on the protection of the native Irish honey bee which has been with his Department since September 2025.","Agriculture, Food and the Marine",73,75
"14. Deputy Michael Cahill asked the Minister for Agriculture, Food and the Marine to ensure that CAP is adequately funded and that leader is included and adequately funded; and if he will make a statement on the matter. [70781/26]",Agriculture,the minister for agriculture food and the marine to ensure that cap is adequately funded and that leader is included and adequately funded and 70781 26,2026-10-08,written,14,70781/26,Michael Cahill,MICHAEL CAHILL,en,"To ask the Minister for Agriculture, Food and the Marine to ensure that CAP is adequately funded and that leader is included and adequately funded; and if he will make a statement on the matter.","Agriculture, Food and the Marine",77,79
"15. Deputy Barry Heneghan asked the Minister for Agriculture, Food and the Marine whether, in the context of his Department’s marine responsibilities, his Department is engaging with the OPW, MARA, local authorities and other relevant bodies on opportunities for pilot projects that would combine coastal flood protection measures with the enhancement of marine habitats and biodiversity. [70958/26]",Agriculture,the minister for agriculture food and the marine whether in the context of his department s marine responsibilities his department is engaging with the opw mara local authorities and other relevant bodies on opportunities for pilot projects that would combine coastal flood protection measures with the enhancement of marine habitats and biodiversity 70958 26,2026-10-08,written,15,70958/26,Barry Heneghan,BARRY HENEGHAN,en,"To ask the Minister for Agriculture, Food and the Marine whether, in the context of his Department’s marine responsibilities, his Department is engaging with the OPW, MARA, local authorities and other relevant bodies on opportunities for pilot projects that would combine coastal flood protection measures with the enhancement of marine habitats and biodiversity.","Agriculture, Food and the Marine",81,83
"16. Deputy Roderic O'Gorman asked the Minister for Agriculture, Food and the Marine if he intends to advance legislation to afford protection to the native Irish honey bee. [71024/26]",Agriculture,the minister for agriculture food and the marine if he intends to advance legislation to afford protection to the native irish honey bee 71024 26,2026-10-08,written,16,71024/26,Roderic O'Gorman,RODERIC O'GORMAN,en,"To ask the Minister for Agriculture, Food and the Marine if he intends to advance legislation to afford protection to the native Irish honey bee.","Agriculture, Food and the Marine",85,87
"17. Deputy Richard Boyd Barrett asked the Minister for Agriculture, Food and the Marine whether he will support the replacement of Sitka spruce plantations with native forestry, particularly where the former is growing on drained bogs and there are major climate gains to be realised by rewetting them. [70997/26]",Agriculture,the minister for agriculture food and the marine whether he will support the replacement of sitka spruce plantations with native forestry particularly where the former is growing on drained bogs and there are major climate gains to be realised by rewetting them 70997 26,2026-10-08,written,17,70997/26,Richard Boyd Barrett,RICHARD BOYD BARRETT,en,"To ask the Minister for Agriculture, Food and the Marine whether he will support the replacement of Sitka spruce plantations with native forestry, particularly where the former is growing on drained bogs and there are major climate gains to be realised by rewetting them.","Agriculture, Food and the Marine",89,91
"18. Deputy Louis O'Hara asked the Minister for Agriculture, Food and the Marine to provide an update on the implementation of the recommendations contained within the report of the Commission on Generational Renewal in Farming. [69928/26]",Agriculture,the minister for agriculture food and the marine to provide an update on the implementation of the recommendations contained within the report of the commission on generational renewal in farming 69928 26,2026-10-08,written,18,69928/26,Louis O'Hara,LOUIS O'HARA,en,"To ask the Minister for Agriculture, Food and the Marine to provide an update on the implementation of the recommendations contained within the report of the Commission on Generational Renewal in Farming.","Agriculture, Food and the Marine",93,95
"19. Deputy Robert O'Donoghue asked the Minister for Agriculture, Food and the Marine his views on whether the current forestry programme has been a success; and if he will detail the metrics to support his position, in tabular form. [70306/26]",Agriculture,the minister for agriculture food and the marine his views on whether the current forestry programme has been a success and if he will detail the metrics to support his position in tabular form 70306 26,2026-10-08,written,19,70306/26,Robert O'Donoghue,ROBERT O'DONOGHUE,en,"To ask the Minister for Agriculture, Food and the Marine his views on whether the current forestry programme has been a success; and if he will detail the metrics to support his position, in tabular form.","Agriculture, Food and the Marine",97,99
"20. Deputy Roderic O'Gorman asked the Minister for Agriculture, Food and the Marine if he will include the recommendations of animal welfare organisations (details supplied), as outlined during pre-legislative scrutiny, into the Dog Breeding Establishments (Amendment) Bill 2026, before that Bill is brought to first stage. [71025/26]",Agriculture,the minister for agriculture food and the marine if he will include the recommendations of animal welfare organisations details supplied as outlined during pre-legislative scrutiny into the dog breeding establishments amendment bill 2026 before that bill is brought to first stage 71025 26,2026-10-08,written,20,71025/26,Roderic O'Gorman,RODERIC O'GORMAN,en,"To ask the Minister for Agriculture, Food and the Marine if he will include the recommendations of animal welfare organisations (details supplied), as outlined during pre-legislative scrutiny, into the Dog Breeding Establishments (Amendment) Bill 2026, before that Bill is brought to first stage.","Agriculture, Food and the Marine",101,103
"21. Deputy Barry Ward asked the Minister for Agriculture, Food and the Marine the position regarding any proposals to provide multiannual funding for animal welfare organisations to allow for longer term planning; and his views on whether these organisations are sufficiently funded to deal with their work loads. [69797/26]",Agriculture,the minister for agriculture food and the marine the position regarding any proposals to provide multiannual funding for animal welfare organisations to allow for longer term planning and his views on whether these organisations are sufficiently funded to deal with their work loads 69797 26,2026-10-08,written,21,69797/26,Barry Ward,BARRY WARD,en,"To ask the Minister for Agriculture, Food and the Marine the position regarding any proposals to provide multiannual funding for animal welfare organisations to allow for longer term planning; and his views on whether these organisations are sufficiently funded to deal with their work loads.","Agriculture, Food and the Marine",105,107
"22. Deputy Brian Brennan asked the Minister for Agriculture, Food and the Marine the measures he is taking to simplify systems for making applications to agricultural schemes making them more user friendly for the farmers involved; and his plans to ensure that payments are issued swiftly and without delay. [70964/26]",Agriculture,the minister for agriculture food and the marine the measures he is taking to simplify systems for making applications to agricultural schemes making them more user friendly for the farmers involved and his plans to ensure that payments are issued swiftly and without delay 70964 26,2026-10-08,written,22,70964/26,Brian Brennan,BRIAN BRENNAN,en,"To ask the Minister for Agriculture, Food and the Marine the measures he is taking to simplify systems for making applications to agricultural schemes making them more user friendly for the farmers involved; and his plans to ensure that payments are issued swiftly and without delay.","Agriculture, Food and the Marine",109,111
"23. Deputy Paul Lawless asked the Minister for Agriculture, Food and the Marine if he plans to lobby members of the European Parliament prior to a final vote on the Mercosur deal which is expected in 2027; and if he will make a statement on the matter. [70001/26]",Agriculture,the minister for agriculture food and the marine if he plans to lobby members of the european parliament prior to a final vote on the mercosur deal which is expected in 2027 and 70001 26,2026-10-08,written,23,70001/26,Paul Lawless,PAUL LAWLESS,en,"To ask the Minister for Agriculture, Food and the Marine if he plans to lobby members of the European Parliament prior to a final vote on the Mercosur deal which is expected in 2027; and if he will make a statement on the matter.","Agriculture, Food and the Marine",113,115
"24. Deputy Mattie Mcgrath asked the Minister for Agriculture, Food and the Marine if his Department has considered the use of native rare cattle breeds, such as Dexter cattle, for conservation grazing on upland and mountainous areas, including Slievenamon, as a means of reducing excessive vegetation growth and mitigating wildfire risk; and if grants or support schemes are available, or are being considered, to assist farmers and landowners in undertaking such conservation grazing projects. [67372/26]",Agriculture,the minister for agriculture food and the marine if his department has considered the use of native rare cattle breeds such as dexter cattle for conservation grazing on upland and mountainous areas including slievenamon as a means of reducing excessive vegetation growth and mitigating wildfire risk and if grants or support schemes are available or are being considered to assist farmers and landowners in undertaking such conservation grazing projects 67372 26,2026-10-08,written,24,67372/26,Mattie Mcgrath,MATTIE MCGRATH,en,"To ask the Minister for Agriculture, Food and the Marine if his Department has considered the use of native rare cattle breeds, such as Dexter cattle, for conservation grazing on upland and mountainous areas, including Slievenamon, as a means of reducing excessive vegetation growth and mitigating wildfire risk; and if grants or support schemes are available, or are being considered, to assist farmers and landowners in undertaking such conservation grazing projects.","Agriculture, Food and the Marine",117,119
"25. Deputy Roderic O'Gorman asked the Minister for Agriculture, Food and the Marine if he is satisfied with the functioning of the Rásaíocht Con Éireann Traceability System, particularly in relation to the tracking of dogs after they are retired. [70980/26]",Agriculture,the minister for agriculture food and the marine if he is satisfied with the functioning of the rásaíocht con éireann traceability system particularly the tracking of dogs after they are retired 70980 26,2026-10-08,written,25,70980/26,Roderic O'Gorman,RODERIC O'GORMAN,en,"To ask the Minister for Agriculture, Food and the Marine if he is satisfied with the functioning of the Rásaíocht Con Éireann Traceability System, particularly in relation to the tracking of dogs after they are retired.","Agriculture, Food and the Marine",121,123
"26. Deputy Tony Mccormack asked the Minister for Agriculture, Food and the Marine the progress that has been made in reducing the administrative and regulatory burden on farmers; the further simplification measures that are being considered at national and EU level; and the timeframe for their implementation. [70796/26]",Agriculture,the minister for agriculture food and the marine the progress that has been made in reducing the administrative and regulatory burden on farmers the further simplification measures that are being considered at national and eu level and the timeframe for their implementation 70796 26,2026-10-08,written,26,70796/26,Tony Mccormack,TONY MCCORMACK,en,"To ask the Minister for Agriculture, Food and the Marine the progress that has been made in reducing the administrative and regulatory burden on farmers; the further simplification measures that are being considered at national and EU level; and the timeframe for their implementation.","Agriculture, Food and the Marine",125,127
"27. Deputy Danny Healy-rae asked the Minister for Agriculture, Food and the Marine for updates on the fuel subsidy support schemes. [66663/26]",Agriculture,the minister for agriculture food and the marine for updates on the fuel subsidy support schemes 66663 26,2026-10-08,written,27,66663/26,Danny Healy-rae,DANNY HEALY-RAE,en,"To ask the Minister for Agriculture, Food and the Marine for updates on the fuel subsidy support schemes.","Agriculture, Food and the Marine",129,131
"28. Deputy Jennifer Whitmore asked the Minister for Agriculture, Food and the Marine the measures his Department is taking to increase food security in Ireland in view of the huge impact that changes to weather patterns have. [70862/26]",Agriculture,the minister for agriculture food and the marine the measures his department is taking to increase food security in ireland in view of the huge impact that changes to weather patterns have 70862 26,2026-10-08,written,28,70862/26,Jennifer Whitmore,JENNIFER WHITMORE,en,"To ask the Minister for Agriculture, Food and the Marine the measures his Department is taking to increase food security in Ireland in view of the huge impact that changes to weather patterns have.","Agriculture, Food and the Marine",133,135
"29. Deputy Martin Kenny asked the Minister for Agriculture, Food and the Marine if his Department has put forward a proposal on the definition of an active farmer as part of the CAP negotiations; and if he will give an update on discussions around the active farmer definition. [70758/26]",Agriculture,the minister for agriculture food and the marine if his department has put forward a proposal on the definition of an active farmer as part of the cap negotiations and if he will give an update on discussions around the active farmer definition 70758 26,2026-10-08,written,29,70758/26,Martin Kenny,MARTIN KENNY,en,"To ask the Minister for Agriculture, Food and the Marine if his Department has put forward a proposal on the definition of an active farmer as part of the CAP negotiations; and if he will give an update on discussions around the active farmer definition.","Agriculture, Food and the Marine",137,139
"30. Deputy Noel Mccarthy asked the Minister for Agriculture, Food and the Marine to outline the changes, if any, he is considering to the eligibility criteria to the TAMS Scheme. [71010/26]",Agriculture,the minister for agriculture food and the marine the changes if any he is considering to the eligibility criteria to the tams scheme 71010 26,2026-10-08,written,30,71010/26,Noel Mccarthy,NOEL MCCARTHY,en,"To ask the Minister for Agriculture, Food and the Marine to outline the changes, if any, he is considering to the eligibility criteria to the TAMS Scheme.","Agriculture, Food and the Marine",141,143
"31. Deputy Barry Heneghan asked the Minister for Agriculture, Food and the Marine the work his Department is undertaking to protect Ireland’s native and solitary bee populations; whether it is supporting or engaging with online platforms and citizen-science initiatives that allow the public to record, monitor and support native bee populations; and whether further support for such initiatives is being considered. [70951/26]",Agriculture,the minister for agriculture food and the marine the work his department is undertaking to protect ireland s native and solitary bee populations whether it is supporting or engaging with online platforms and citizen-science initiatives that allow the public to record monitor and support native bee populations and whether further support for such initiatives is being considered 70951 26,2026-10-08,written,31,70951/26,Barry Heneghan,BARRY HENEGHAN,en,"To ask the Minister for Agriculture, Food and the Marine the work his Department is undertaking to protect Ireland’s native and solitary bee populations; whether it is supporting or engaging with online platforms and citizen-science initiatives that allow the public to record, monitor and support native bee populations; and whether further support for such initiatives is being considered.","Agriculture, Food and the Marine",145,147
"32. Deputy Naoise Ó Muirí asked the Minister for Agriculture, Food and the Marine to provide an update on efforts being made to support farmers install solar panels. [70945/26]",Agriculture,the minister for agriculture food and the marine to provide an update on efforts being made to support farmers install solar panels 70945 26,2026-10-08,written,32,70945/26,Naoise Ó Muirí,NAOISE Ó MUIRÍ,en,"To ask the Minister for Agriculture, Food and the Marine to provide an update on efforts being made to support farmers install solar panels.","Agriculture, Food and the Marine",149,151
"33. Deputy Grace Boland asked the Minister for Agriculture, Food and the Marine the number of foreshore licence applications currently awaiting determination; and the number that have been awaiting a decision for more than six months and more than twelve months respectively. [67090/26]",Agriculture,the minister for agriculture food and the marine the number of foreshore licence applications currently awaiting determination and the number that have been awaiting a decision for more than six months and more than twelve months respectively 67090 26,2026-10-08,written,33,67090/26,Grace Boland,GRACE BOLAND,en,"To ask the Minister for Agriculture, Food and the Marine the number of foreshore licence applications currently awaiting determination; and the number that have been awaiting a decision for more than six months and more than twelve months respectively.","Agriculture, Food and the Marine",153,155
"34. Deputy Richard Boyd Barrett asked the Minister for Agriculture, Food and the Marine whether he will consider a report (details supplied) as regards the relationship between State procurement and agricultural emissions, and develop similar proposals. [71019/26]",Agriculture,the minister for agriculture food and the marine whether he will consider a report details supplied as regards the relationship between state procurement and agricultural emissions and develop similar proposals 71019 26,2026-10-08,written,34,71019/26,Richard Boyd Barrett,RICHARD BOYD BARRETT,en,"To ask the Minister for Agriculture, Food and the Marine whether he will consider a report (details supplied) as regards the relationship between State procurement and agricultural emissions, and develop similar proposals.","Agriculture, Food and the Marine",157,159
"35. Deputy Paula Butterly asked the Minister for Agriculture, Food and the Marine if he will consider extending any existing or future fuel support schemes to include hydrotreated vegetable oil (HVO), noting that while reliefs have been provided in respect of petrol and diesel, many tractors and agricultural machinery are capable of operating on HVO; whether he has examined the potential environmental and economic benefits of supporting the use of HVO in the agricultural sector; and if he will make a statement on the matter. [66678/26]",Agriculture,the minister for agriculture food and the marine if he will consider extending any existing or future fuel support schemes to include hydrotreated vegetable oil hvo noting that while reliefs have been provided in respect of petrol and diesel many tractors and agricultural machinery are capable of operating on hvo whether he has examined the potential environmental and economic benefits of supporting the use of hvo in the agricultural sector and 66678 26,2026-10-08,written,35,66678/26,Paula Butterly,PAULA BUTTERLY,en,"To ask the Minister for Agriculture, Food and the Marine if he will consider extending any existing or future fuel support schemes to include hydrotreated vegetable oil (HVO), noting that while reliefs have been provided in respect of petrol and diesel, many tractors and agricultural machinery are capable of operating on HVO; whether he has examined the potential environmental and economic benefits of supporting the use of HVO in the agricultural sector; and if he will make a statement on the matter.","Agriculture, Food and the Marine",161,163
"36. Deputy Shónagh Ní Raghallaigh asked the Minister for Agriculture, Food and the Marine his plans to strengthen the protection of animals transported across Europe in line with the latest scientific evidence; and to support a transition away from long-distance live transport. [70933/26]",Agriculture,the minister for agriculture food and the marine his plans to strengthen the protection of animals transported across europe in line with the latest scientific evidence and to support a transition away from long-distance live transport 70933 26,2026-10-08,written,36,70933/26,Shónagh Ní Raghallaigh,SHÓNAGH NÍ RAGHALLAIGH,en,"To ask the Minister for Agriculture, Food and the Marine his plans to strengthen the protection of animals transported across Europe in line with the latest scientific evidence; and to support a transition away from long-distance live transport.","Agriculture, Food and the Marine",165,167
"37. Deputy Colm Burke asked the Minister for Agriculture, Food and the Marine if he will consider the provision of additional financial supports to farmers in the upcoming Budget to address concerns over significant winter fodder deficits arising from the extreme dry weather conditions experienced in recent months. [70963/26]",Agriculture,the minister for agriculture food and the marine if he will consider the provision of additional financial supports to farmers in the upcoming budget to address concerns over significant winter fodder deficits arising from the extreme dry weather conditions experienced in recent months 70963 26,2026-10-08,written,37,70963/26,Colm Burke,COLM BURKE,en,"To ask the Minister for Agriculture, Food and the Marine if he will consider the provision of additional financial supports to farmers in the upcoming Budget to address concerns over significant winter fodder deficits arising from the extreme dry weather conditions experienced in recent months.","Agriculture, Food and the Marine",169,171
"38. Deputy William Aird asked the Minister for Agriculture, Food and the Marine the steps he is taking, including during Ireland’s EU Presidency, to secure an adequately funded, ring-fenced CAP budget post-2027; and the steps he is taking to oppose the proposed reduction in CAP funding. [69777/26]",Agriculture,the minister for agriculture food and the marine the steps he is taking including during ireland s eu presidency to secure an adequately funded ring-fenced cap budget post-2027 and the steps he is taking to oppose the proposed reduction in cap funding 69777 26,2026-10-08,written,38,69777/26,William Aird,WILLIAM AIRD,en,"To ask the Minister for Agriculture, Food and the Marine the steps he is taking, including during Ireland’s EU Presidency, to secure an adequately funded, ring-fenced CAP budget post-2027; and the steps he is taking to oppose the proposed reduction in CAP funding.","Agriculture, Food and the Marine",173,175
"39. Deputy Colm Burke asked the Minister for Agriculture, Food and the Marine the action his Department is taking to ensure that the IT issue affecting non-productive investment applications received under the ACRES and ACRES-CP scheme for 2025 from applicants who transferred to a registered farm partnership during the scheme and who cannot submit a claim for their 2025 application. [70952/26]",Agriculture,the minister for agriculture food and the marine the action his department is taking to ensure that the it issue affecting non-productive investment applications received under the acres and acres-cp scheme for 2025 from applicants who transferred to a registered farm partnership during the scheme and who cannot submit a claim for their 2025 application 70952 26,2026-10-08,written,39,70952/26,Colm Burke,COLM BURKE,en,"To ask the Minister for Agriculture, Food and the Marine the action his Department is taking to ensure that the IT issue affecting non-productive investment applications received under the ACRES and ACRES-CP scheme for 2025 from applicants who transferred to a registered farm partnership during the scheme and who cannot submit a claim for their 2025 application.","Agriculture, Food and the Marine",177,179
"40. Deputy Joe Neville asked the Minister for Agriculture, Food and the Marine the number of animal welfare cases which his Department has begun since the beginning of 2026. [71012/26]",Agriculture,the minister for agriculture food and the marine the number of animal welfare cases which his department has begun since the beginning of 2026 71012 26,2026-10-08,written,40,71012/26,Joe Neville,JOE NEVILLE,en,"To ask the Minister for Agriculture, Food and the Marine the number of animal welfare cases which his Department has begun since the beginning of 2026.","Agriculture, Food and the Marine",181,183
"41. Deputy Tony Mccormack asked the Minister for Agriculture, Food and the Marine for an update on the implementation of the recommendations of the Commission on Generational Renewal in Farming; the specific measures being progressed to encourage earlier and more effective succession of family farms to the next generation; and the timeframe for their delivery. [70795/26]",Agriculture,the minister for agriculture food and the marine for an update on the implementation of the recommendations of the commission on generational renewal in farming the specific measures being progressed to encourage earlier and more effective succession of family farms to the next generation and the timeframe for their delivery 70795 26,2026-10-08,written,41,70795/26,Tony Mccormack,TONY MCCORMACK,en,"To ask the Minister for Agriculture, Food and the Marine for an update on the implementation of the recommendations of the Commission on Generational Renewal in Farming; the specific measures being progressed to encourage earlier and more effective succession of family farms to the next generation; and the timeframe for their delivery.","Agriculture, Food and the Marine",185,187
"42. Deputy Peter 'Chap' Cleere asked the Minister for Agriculture, Food and the Marine to provide an update on the progression of talks regarding CAP post 2027; and his discussions with agricultural ministers from the other 26 EU Member States on the same. [70939/26]",Agriculture,the minister for agriculture food and the marine to provide an update on the progression of talks regarding cap post 2027 and his discussions with agricultural ministers from the other 26 eu member states on the same 70939 26,2026-10-08,written,42,70939/26,Peter 'Chap' Cleere,PETER 'CHAP' CLEERE,en,"To ask the Minister for Agriculture, Food and the Marine to provide an update on the progression of talks regarding CAP post 2027; and his discussions with agricultural ministers from the other 26 EU Member States on the same.","Agriculture, Food and the Marine",189,191
"43. Deputy Paul Lawless asked the Minister for Agriculture, Food and the Marine if his attention has been drawn to the findings of a recent survey which show that a third of farmers intend to leave the sector within the next five years; and if he will make a statement on the matter. [69999/26]",Agriculture,the minister for agriculture food and the marine if his attention has been drawn to the findings of a recent survey which show that a third of farmers intend to leave the sector within the next five years and 69999 26,2026-10-08,written,43,69999/26,Paul Lawless,PAUL LAWLESS,en,"To ask the Minister for Agriculture, Food and the Marine if his attention has been drawn to the findings of a recent survey which show that a third of farmers intend to leave the sector within the next five years; and if he will make a statement on the matter.","Agriculture, Food and the Marine",193,195
"44. Deputy Conor D. Mcguinness asked the Minister for Agriculture, Food and the Marine the measures he is taking at EU level to secure increased fishing opportunities and quota allocations for the Irish fishing fleet. [70327/26]",Agriculture,the minister for agriculture food and the marine the measures he is taking at eu level to secure increased fishing opportunities and quota allocations for the irish fishing fleet 70327 26,2026-10-08,written,44,70327/26,Conor D. Mcguinness,CONOR D. MCGUINNESS,en,"To ask the Minister for Agriculture, Food and the Marine the measures he is taking at EU level to secure increased fishing opportunities and quota allocations for the Irish fishing fleet.","Agriculture, Food and the Marine",197,199
"45. Deputy Seán Kyne asked the Minister for Agriculture, Food and the Marine his engagement with EU counterparts regarding the future of the Common Agricultural Policy (CAP), within the multi-financial framework; and the measures being taken to protect the CAP budget for farmers. [70624/26]",Agriculture,the minister for agriculture food and the marine his engagement with eu counterparts regarding the future of the common agricultural policy cap within the multi-financial framework and the measures being taken to protect the cap budget for farmers 70624 26,2026-10-08,written,45,70624/26,Seán Kyne,SEÁN KYNE,en,"To ask the Minister for Agriculture, Food and the Marine his engagement with EU counterparts regarding the future of the Common Agricultural Policy (CAP), within the multi-financial framework; and the measures being taken to protect the CAP budget for farmers.","Agriculture, Food and the Marine",201,203
"46. Deputy Joe Cooney asked the Minister for Agriculture, Food and the Marine whether his Department has undertaken an assessment of risks to Ireland's food security arising from climate change related risks, such as drought, flooding, biodiversity loss and disruption to global food supply chains; and whether he will consider establishing a cross-departmental review of Ireland's food security resilience in view of growing climate-related risks. [65456/26]",Agriculture,the minister for agriculture food and the marine whether his department has undertaken an assessment of risks to ireland s food security arising from climate change related risks such as drought flooding biodiversity loss and disruption to global food supply chains and whether he will consider establishing a cross-departmental review of ireland s food security resilience in view of growing climate-related risks 65456 26,2026-10-08,written,46,65456/26,Joe Cooney,JOE COONEY,en,"To ask the Minister for Agriculture, Food and the Marine whether his Department has undertaken an assessment of risks to Ireland's food security arising from climate change related risks, such as drought, flooding, biodiversity loss and disruption to global food supply chains; and whether he will consider establishing a cross-departmental review of Ireland's food security resilience in view of growing climate-related risks.","Agriculture, Food and the Marine",205,207
"47. Deputy John Clendennen asked the Minister for Agriculture, Food and the Marine the way in which he intends to ensure support for generational renewal is prioritised in negotiations on the Common Agricultural Policy post 2027. [70896/26]",Agriculture,the minister for agriculture food and the marine the way in which he intends to ensure support for generational renewal is prioritised in negotiations on the common agricultural policy post 2027 70896 26,2026-10-08,written,47,70896/26,John Clendennen,JOHN CLENDENNEN,en,"To ask the Minister for Agriculture, Food and the Marine the way in which he intends to ensure support for generational renewal is prioritised in negotiations on the Common Agricultural Policy post 2027.","Agriculture, Food and the Marine",209,211
"48. Deputy Peter Roche asked the Minister for Agriculture, Food and the Marine the measures his Department is considering to support farmers who may face fodder shortages as a result of the severe dry weather experienced during summer 2026. [70986/26]",Agriculture,the minister for agriculture food and the marine the measures his department is considering to support farmers who may face fodder shortages as a result of the severe dry weather experienced during summer 2026 70986 26,2026-10-08,written,48,70986/26,Peter Roche,PETER ROCHE,en,"To ask the Minister for Agriculture, Food and the Marine the measures his Department is considering to support farmers who may face fodder shortages as a result of the severe dry weather experienced during summer 2026.","Agriculture, Food and the Marine",213,215
"49. Deputy Paul Murphy asked the Minister for Agriculture, Food and the Marine if he has concerns about the welfare of unweaned calves being exported to mainland Europe; and if he will make a statement on the matter. [71013/26]",Agriculture,the minister for agriculture food and the marine if he has concerns about the welfare of unweaned calves being exported to mainland europe and 71013 26,2026-10-08,written,49,71013/26,Paul Murphy,PAUL MURPHY,en,"To ask the Minister for Agriculture, Food and the Marine if he has concerns about the welfare of unweaned calves being exported to mainland Europe; and if he will make a statement on the matter.","Agriculture, Food and the Marine",217,219
"50. Deputy Brendan Smith asked the Minister for Agriculture, Food and the Marine the progress to date in discussions at EU level in relation to the need to ensure adequate funding for CAP post 2027. [70975/26]",Agriculture,the minister for agriculture food and the marine the progress to date in discussions at eu level the need to ensure adequate funding for cap post 2027 70975 26,2026-10-08,written,50,70975/26,Brendan Smith,BRENDAN SMITH,en,"To ask the Minister for Agriculture, Food and the Marine the progress to date in discussions at EU level in relation to the need to ensure adequate funding for CAP post 2027.","Agriculture, Food and the Marine",221,223
"51. Deputy Grace Boland asked the Minister for Agriculture, Food and the Marine the current average processing time for foreshore licence applications; the way in which this compares with previous years; and the principal causes of delays in the system. [67089/26]",Agriculture,the minister for agriculture food and the marine the current average processing time for foreshore licence applications the way in which this compares with previous years and the principal causes of delays in the system 67089 26,2026-10-08,written,51,67089/26,Grace Boland,GRACE BOLAND,en,"To ask the Minister for Agriculture, Food and the Marine the current average processing time for foreshore licence applications; the way in which this compares with previous years; and the principal causes of delays in the system.","Agriculture, Food and the Marine",225,227
"52. Deputy Keira Keogh asked the Minister for Agriculture, Food and the Marine if he recognises the importance of the aquaculture industry in Clew Bay, which produced approximately 5,400 tonnes of finfish and shellfish in 2025 with a first-sale value of almost €30 million; the steps he is taking to support its continued growth; and if he will make a statement on the matter. [70990/26]",Agriculture,the minister for agriculture food and the marine if he recognises the importance of the aquaculture industry in clew bay which produced approximately 5 400 tonnes of finfish and shellfish in 2025 with a first-sale value of almost 30 million the steps he is taking to support its continued growth and 70990 26,2026-10-08,written,52,70990/26,Keira Keogh,KEIRA KEOGH,en,"To ask the Minister for Agriculture, Food and the Marine if he recognises the importance of the aquaculture industry in Clew Bay, which produced approximately 5,400 tonnes of finfish and shellfish in 2025 with a first-sale value of almost €30 million; the steps he is taking to support its continued growth; and if he will make a statement on the matter.","Agriculture, Food and the Marine",229,231
"53. Deputy Brian Stanley asked the Minister for Agriculture, Food and the Marine the additional financial or structural incentives the Government is introducing to encourage older farmers to step back earlier, given the aging demographic in farming, in order to facilitate a more timely handover to younger successors. [70738/26]",Agriculture,the minister for agriculture food and the marine the additional financial or structural incentives the government is introducing to encourage older farmers to step back earlier given the aging demographic in farming in order to facilitate a more timely handover to younger successors 70738 26,2026-10-08,written,53,70738/26,Brian Stanley,BRIAN STANLEY,en,"To ask the Minister for Agriculture, Food and the Marine the additional financial or structural incentives the Government is introducing to encourage older farmers to step back earlier, given the aging demographic in farming, in order to facilitate a more timely handover to younger successors.","Agriculture, Food and the Marine",233,235
"54. Deputy Jennifer Whitmore asked the Minister for Agriculture, Food and the Marine his Departments plans to address the 90% rejection rate for farmers applying to rooftop solar via TAMS. [70974/26]",Agriculture,the minister for agriculture food and the marine his departments plans to address the 90 rejection rate for farmers applying to rooftop solar via tams 70974 26,2026-10-08,written,54,70974/26,Jennifer Whitmore,JENNIFER WHITMORE,en,"To ask the Minister for Agriculture, Food and the Marine his Departments plans to address the 90% rejection rate for farmers applying to rooftop solar via TAMS.","Agriculture, Food and the Marine",237,239
"55. Deputy James O'Connor asked the Minister for Agriculture, Food and the Marine to outline the funding available for TAMS under Budget 2027. [70987/26]",Agriculture,the minister for agriculture food and the marine the funding available for tams under budget 2027 70987 26,2026-10-08,written,55,70987/26,James O'Connor,JAMES O'CONNOR,en,"To ask the Minister for Agriculture, Food and the Marine to outline the funding available for TAMS under Budget 2027.","Agriculture, Food and the Marine",241,243
"56. Deputy Michael Murphy asked the Minister for Agriculture, Food and the Marine the status of the work of the interdepartmental working group established to examine the racing of horse-drawn vehicles on public roads; the progress made to address the serious animal welfare concerns associated with the practice; whether the group is examining the measures required to prohibit racing of all horse drawn vehicles on public roads; and when recommendations are expected. [64137/26]",Agriculture,the minister for agriculture food and the marine the status of the work of the interdepartmental working group established to examine the racing of horse-drawn vehicles on public roads the progress made to address the serious animal welfare concerns associated with the practice whether the group is examining the measures required to prohibit racing of all horse drawn vehicles on public roads and when recommendations are expected 64137 26,2026-10-08,written,56,64137/26,Michael Murphy,MICHAEL MURPHY,en,"To ask the Minister for Agriculture, Food and the Marine the status of the work of the interdepartmental working group established to examine the racing of horse-drawn vehicles on public roads; the progress made to address the serious animal welfare concerns associated with the practice; whether the group is examining the measures required to prohibit racing of all horse drawn vehicles on public roads; and when recommendations are expected.","Agriculture, Food and the Marine",245,247
"57. Deputy Roderic O'Gorman asked the Minister for Agriculture, Food and the Marine to outline his views on the Protection of the Native Irish Honey Bee Bill 2021. [70981/26]",Agriculture,the minister for agriculture food and the marine his views on the protection of the native irish honey bee bill 2021 70981 26,2026-10-08,written,57,70981/26,Roderic O'Gorman,RODERIC O'GORMAN,en,"To ask the Minister for Agriculture, Food and the Marine to outline his views on the Protection of the Native Irish Honey Bee Bill 2021.","Agriculture, Food and the Marine",249,251
"58. Deputy Pádraig Mac Lochlainn asked the Minister for Agriculture, Food and the Marine the status of negotiations with the British government to reinstate access for Irish fishermen to their traditional fishing grounds at Rockall; and if he will seek international mediation or arbitration to resolve this long running injustice, that has cost our fleet millions of euro each year. [70176/26]",Agriculture,the minister for agriculture food and the marine the status of negotiations with the british government to reinstate access for irish fishermen to their traditional fishing grounds at rockall and if he will seek international mediation or arbitration to resolve this long running injustice that has cost our fleet millions of euro each year 70176 26,2026-10-08,written,58,70176/26,Pádraig Mac Lochlainn,PÁDRAIG MAC LOCHLAINN,en,"To ask the Minister for Agriculture, Food and the Marine the status of negotiations with the British government to reinstate access for Irish fishermen to their traditional fishing grounds at Rockall; and if he will seek international mediation or arbitration to resolve this long running injustice, that has cost our fleet millions of euro each year.","Agriculture, Food and the Marine",253,255
"59. Deputy Brian Brennan asked the Minister for Agriculture, Food and the Marine for an update on the progress of the Bovine TB Action Plan. [70960/26]",Agriculture,the minister for agriculture food and the marine for an update on the progress of the bovine tb action plan 70960 26,2026-10-08,written,59,70960/26,Brian Brennan,BRIAN BRENNAN,en,"To ask the Minister for Agriculture, Food and the Marine for an update on the progress of the Bovine TB Action Plan.","Agriculture, Food and the Marine",257,259
"60. Deputy Louis O'Hara asked the Minister for Agriculture, Food and the Marine the actions he will take to support farmers with the rising cost of fuel. [69929/26]",Agriculture,the minister for agriculture food and the marine the actions he will take to support farmers with the rising cost of fuel 69929 26,2026-10-08,written,60,69929/26,Louis O'Hara,LOUIS O'HARA,en,"To ask the Minister for Agriculture, Food and the Marine the actions he will take to support farmers with the rising cost of fuel.","Agriculture, Food and the Marine",261,263
"61. Deputy Peter 'Chap' Cleere asked the Minister for Agriculture, Food and the Marine the action he is taking to encourage generational renewal. [70941/26]",Agriculture,the minister for agriculture food and the marine the action he is taking to encourage generational renewal 70941 26,2026-10-08,written,61,70941/26,Peter 'Chap' Cleere,PETER 'CHAP' CLEERE,en,"To ask the Minister for Agriculture, Food and the Marine the action he is taking to encourage generational renewal.","Agriculture, Food and the Marine",265,267
"62. Deputy Seán Kyne asked the Minister for Agriculture, Food and the Marine the progress made to date in implementing the Programme for Government commitment on intergenerational farm succession; if he plans to review the effectiveness of existing succession schemes and supports; and the further actions he plans to take to encourage younger people to enter farming and to support the sustainable transfer of family farms to the next generation. [70623/26]",Agriculture,the minister for agriculture food and the marine the progress made to date in implementing the programme for government commitment on intergenerational farm succession if he plans to review the effectiveness of existing succession schemes and supports and the further actions he plans to take to encourage younger people to enter farming and to support the sustainable transfer of family farms to the next generation 70623 26,2026-10-08,written,62,70623/26,Seán Kyne,SEÁN KYNE,en,"To ask the Minister for Agriculture, Food and the Marine the progress made to date in implementing the Programme for Government commitment on intergenerational farm succession; if he plans to review the effectiveness of existing succession schemes and supports; and the further actions he plans to take to encourage younger people to enter farming and to support the sustainable transfer of family farms to the next generation.","Agriculture, Food and the Marine",269,271
"63. Deputy Edward Timmins asked the Minister for Agriculture, Food and the Marine the steps his Department is taking to amend the policy to allow farm vehicles registered in the UK, brought in through Northern Ireland and purchased by Irish farmers without a phytosanitary certificate to be registered with Customs in Ireland. [71034/26]",Agriculture,the minister for agriculture food and the marine the steps his department is taking to amend the policy to allow farm vehicles registered in the uk brought in through northern ireland and purchased by irish farmers without a phytosanitary certificate to be registered with customs in ireland 71034 26,2026-10-08,written,63,71034/26,Edward Timmins,EDWARD TIMMINS,en,"To ask the Minister for Agriculture, Food and the Marine the steps his Department is taking to amend the policy to allow farm vehicles registered in the UK, brought in through Northern Ireland and purchased by Irish farmers without a phytosanitary certificate to be registered with Customs in Ireland.","Agriculture, Food and the Marine",273,275
"64. Deputy Peter Roche asked the Minister for Agriculture, Food and the Marine whether he intends to introduce a dedicated farm succession or retirement scheme to support generational renewal in agriculture; and the measures being considered to address barriers faced by young farmers in accessing land and taking over family farms. [70993/26]",Agriculture,the minister for agriculture food and the marine whether he intends to introduce a dedicated farm succession or retirement scheme to support generational renewal in agriculture and the measures being considered to address barriers faced by young farmers in accessing land and taking over family farms 70993 26,2026-10-08,written,64,70993/26,Peter Roche,PETER ROCHE,en,"To ask the Minister for Agriculture, Food and the Marine whether he intends to introduce a dedicated farm succession or retirement scheme to support generational renewal in agriculture; and the measures being considered to address barriers faced by young farmers in accessing land and taking over family farms.","Agriculture, Food and the Marine",277,279
"65. Deputy Brendan Smith asked the Minister for Agriculture, Food and the Marine the issues discussed at the recent meeting of Agriculture Ministers held in Ireland. [70973/26]",Agriculture,the minister for agriculture food and the marine the issues discussed at the recent meeting of agriculture ministers held in ireland 70973 26,2026-10-08,written,65,70973/26,Brendan Smith,BRENDAN SMITH,en,"To ask the Minister for Agriculture, Food and the Marine the issues discussed at the recent meeting of Agriculture Ministers held in Ireland.","Agriculture, Food and the Marine",281,283
"66. Deputy Aindrias Moynihan asked the Minister for Agriculture, Food and the Marine the number of bluetongue cases notified to his Department; if he is satisfied that the measures being put in place are adequate to control the disease; and if he will make a statement on the matter. [70953/26]",Agriculture,the minister for agriculture food and the marine the number of bluetongue cases notified to his department if he is satisfied that the measures being put in place are adequate to control the disease and 70953 26,2026-10-08,written,66,70953/26,Aindrias Moynihan,AINDRIAS MOYNIHAN,en,"To ask the Minister for Agriculture, Food and the Marine the number of bluetongue cases notified to his Department; if he is satisfied that the measures being put in place are adequate to control the disease; and if he will make a statement on the matter.","Agriculture, Food and the Marine",285,287
"67. Deputy Barry Ward asked the Minister for Agriculture, Food and the Marine the position regarding work ongoing to address animal cruelty concerns related to the export of live animals; and if he has engaged with animal welfare organisations in this regard. [69790/26]",Agriculture,the minister for agriculture food and the marine the position regarding work ongoing to address animal cruelty concerns related to the export of live animals and if he has engaged with animal welfare organisations in this regard 69790 26,2026-10-08,written,67,69790/26,Barry Ward,BARRY WARD,en,"To ask the Minister for Agriculture, Food and the Marine the position regarding work ongoing to address animal cruelty concerns related to the export of live animals; and if he has engaged with animal welfare organisations in this regard.","Agriculture, Food and the Marine",289,291
"68. Deputy Joe Neville asked the Minister for Agriculture, Food and the Marine the measures his Department has taken to introduce additional resources for enforcement of animal welfare legislation. [71002/26]",Agriculture,the minister for agriculture food and the marine the measures his department has taken to introduce additional resources for enforcement of animal welfare legislation 71002 26,2026-10-08,written,68,71002/26,Joe Neville,JOE NEVILLE,en,"To ask the Minister for Agriculture, Food and the Marine the measures his Department has taken to introduce additional resources for enforcement of animal welfare legislation.","Agriculture, Food and the Marine",293,295
"69. Deputy Martin Kenny asked the Minister for Agriculture, Food and the Marine the supports his Department is providing to Irish farmers to deal with rising input costs in the agriculture sector. [70759/26]",Agriculture,the minister for agriculture food and the marine the supports his department is providing to irish farmers to deal with rising input costs in the agriculture sector 70759 26,2026-10-08,written,69,70759/26,Martin Kenny,MARTIN KENNY,en,"To ask the Minister for Agriculture, Food and the Marine the supports his Department is providing to Irish farmers to deal with rising input costs in the agriculture sector.","Agriculture, Food and the Marine",297,299
"70. Deputy Paul Murphy asked the Minister for Agriculture, Food and the Marine if he will support a ban on surgical artificial insemination of greyhounds; and if he will make a statement on the matter. [71022/26]",Agriculture,the minister for agriculture food and the marine if he will support a ban on surgical artificial insemination of greyhounds and 71022 26,2026-10-08,written,70,71022/26,Paul Murphy,PAUL MURPHY,en,"To ask the Minister for Agriculture, Food and the Marine if he will support a ban on surgical artificial insemination of greyhounds; and if he will make a statement on the matter.","Agriculture, Food and the Marine",301,303
"71. Deputy John Clendennen asked the Minister for Agriculture, Food and the Marine the measures he is taking to enable farmers to participate directly in Ireland's renewable energy transition; and the opportunity he foresees for renewable energy to provide an income stream for farms. [70895/26]",Agriculture,the minister for agriculture food and the marine the measures he is taking to enable farmers to participate directly in ireland s renewable energy transition and the opportunity he foresees for renewable energy to provide an income stream for farms 70895 26,2026-10-08,written,71,70895/26,John Clendennen,JOHN CLENDENNEN,en,"To ask the Minister for Agriculture, Food and the Marine the measures he is taking to enable farmers to participate directly in Ireland's renewable energy transition; and the opportunity he foresees for renewable energy to provide an income stream for farms.","Agriculture, Food and the Marine",305,307
"72. Deputy Keira Keogh asked the Minister for Agriculture, Food and the Marine the urgent measures he and his Department is taking to address the backlog in aquaculture licence renewals, reviews and new applications in County Mayo; whether additional resources or personnel will be allocated to the Aquaculture and Foreshore Management Division to tackle the significant backlog, in view of the fact that some licences have expired and some applications submitted remain undetermined due to delays; and if he will make a statement on the matter. [70989/26]",Agriculture,the minister for agriculture food and the marine the urgent measures he and his department is taking to address the backlog in aquaculture licence renewals reviews and new applications in county mayo whether additional resources or personnel will be allocated to the aquaculture and foreshore management division to tackle the significant backlog in view of the fact that some licences have expired and some applications submitted remain undetermined due to delays and 70989 26,2026-10-08,written,72,70989/26,Keira Keogh,KEIRA KEOGH,en,"To ask the Minister for Agriculture, Food and the Marine the urgent measures he and his Department is taking to address the backlog in aquaculture licence renewals, reviews and new applications in County Mayo; whether additional resources or personnel will be allocated to the Aquaculture and Foreshore Management Division to tackle the significant backlog, in view of the fact that some licences have expired and some applications submitted remain undetermined due to delays; and if he will make a statement on the matter.","Agriculture, Food and the Marine",309,311
"73. Deputy Jennifer Whitmore asked the Minister for Agriculture, Food and the Marine when the Dog Control Stakeholder Group Report will be published. [70861/26]",Agriculture,the minister for agriculture food and the marine when the dog control stakeholder group report will be published 70861 26,2026-10-08,written,73,70861/26,Jennifer Whitmore,JENNIFER WHITMORE,en,"To ask the Minister for Agriculture, Food and the Marine when the Dog Control Stakeholder Group Report will be published.","Agriculture, Food and the Marine",313,315
"74. Deputy Pádraig Mac Lochlainn asked the Minister for Agriculture, Food and the Marine when he will publish the report from the Food Vision Seafood Sector Group (details supplied). [70175/26]",Agriculture,the minister for agriculture food and the marine when he will publish the report from the food vision seafood sector group details supplied 70175 26,2026-10-08,written,74,70175/26,Pádraig Mac Lochlainn,PÁDRAIG MAC LOCHLAINN,en,"To ask the Minister for Agriculture, Food and the Marine when he will publish the report from the Food Vision Seafood Sector Group (details supplied).","Agriculture, Food and the Marine",317,319
"75. Deputy Aindrias Moynihan asked the Minister for Agriculture, Food and the Marine the number and value of TAMS solar applications approved and not approved to date in 2026; if he will approve additional funding to meet the demand; and if he will make a statement on the matter. [70929/26]",Agriculture,the minister for agriculture food and the marine the number and value of tams solar applications approved and not approved to date in 2026 if he will approve additional funding to meet the demand and 70929 26,2026-10-08,written,75,70929/26,Aindrias Moynihan,AINDRIAS MOYNIHAN,en,"To ask the Minister for Agriculture, Food and the Marine the number and value of TAMS solar applications approved and not approved to date in 2026; if he will approve additional funding to meet the demand; and if he will make a statement on the matter.","Agriculture, Food and the Marine",321,323
"76. Deputy Darren O'Rourke asked the Minister for Agriculture, Food and the Marine when the updated Land Use Strategy will be published; and to provide an update on same. [69726/26]",Agriculture,the minister for agriculture food and the marine when the updated land use strategy will be published and to provide an update on same 69726 26,2026-10-08,written,76,69726/26,Darren O'Rourke,DARREN O'ROURKE,en,"To ask the Minister for Agriculture, Food and the Marine when the updated Land Use Strategy will be published; and to provide an update on same.","Agriculture, Food and the Marine",325,327
"77. Deputy Shónagh Ní Raghallaigh asked the Minister for Agriculture, Food and the Marine if he will consider adding a cap on the number of breeding females permitted within a dog breeding establishment to the legislation proposed in this area. [70932/26]",Agriculture,the minister for agriculture food and the marine if he will consider adding a cap on the number of breeding females permitted within a dog breeding establishment to the legislation proposed in this area 70932 26,2026-10-08,written,77,70932/26,Shónagh Ní Raghallaigh,SHÓNAGH NÍ RAGHALLAIGH,en,"To ask the Minister for Agriculture, Food and the Marine if he will consider adding a cap on the number of breeding females permitted within a dog breeding establishment to the legislation proposed in this area.","Agriculture, Food and the Marine",329,331
"78. Deputy Naoise Ó Muirí asked the Minister for Agriculture, Food and the Marine if he will outline the framework set out under the National Bioeconomy Strategy 2026–2030. [70942/26]",Agriculture,the minister for agriculture food and the marine if he will outline the framework set out under the national bioeconomy strategy 2026 2030 70942 26,2026-10-08,written,78,70942/26,Naoise Ó Muirí,NAOISE Ó MUIRÍ,en,"To ask the Minister for Agriculture, Food and the Marine if he will outline the framework set out under the National Bioeconomy Strategy 2026–2030.","Agriculture, Food and the Marine",333,335
"79. Deputy Paul Murphy asked the Minister for Foreign Affairs and Trade if she will contact her Ukrainian counterpart to communicate opposition to the imprisonment of a person (details supplied); given that the evidence against the person was purely their communications with an international socialist group, including their condemnation of the Russian invasion of Ukraine and of Putin; and whether she considers the persons conviction as illustrative of a crackdown on civil liberties in Ukraine. [71058/26]",Foreign,the minister for foreign affairs and trade if she will contact her ukrainian counterpart to communicate opposition to the imprisonment of a person details supplied given that the evidence against the person was purely their communications with an international socialist group including their condemnation of the russian invasion of ukraine and of putin and whether she considers the persons conviction as illustrative of a crackdown on civil liberties in ukraine 71058 26,2026-10-08,written,79,71058/26,Paul Murphy,PAUL MURPHY,en,"To ask the Minister for Foreign Affairs and Trade if she will contact her Ukrainian counterpart to communicate opposition to the imprisonment of a person (details supplied); given that the evidence against the person was purely their communications with an international socialist group, including their condemnation of the Russian invasion of Ukraine and of Putin; and whether she considers the persons conviction as illustrative of a crackdown on civil liberties in Ukraine.",Foreign Affairs and Trade,343,345
"80. Deputy Ken O'Flynn asked the Minister for Foreign Affairs and Trade the total cost of the Irish Presidency of the Council of the European Union to date, by Department; the projected final cost including security; if her Department compared projected costs with those of the Danish and Cypriot Presidencies; and the reasons Ireland's non-security costs are estimated at approximately three times those of those Presidencies. [71209/26]",Foreign,the minister for foreign affairs and trade the total cost of the irish presidency of the council of the european union to date by department the projected final cost including security if her department compared projected costs with those of the danish and cypriot presidencies and the reasons ireland s non-security costs are estimated at approximately three times those of those presidencies 71209 26,2026-10-08,written,80,71209/26,Ken O'Flynn,KEN O'FLYNN,en,"To ask the Minister for Foreign Affairs and Trade the total cost of the Irish Presidency of the Council of the European Union to date, by Department; the projected final cost including security; if her Department compared projected costs with those of the Danish and Cypriot Presidencies; and the reasons Ireland's non-security costs are estimated at approximately three times those of those Presidencies.",Foreign Affairs and Trade,347,349
81. Deputy Mairéad Farrell asked the Minister for Foreign Affairs and Trade if investor-state dispute settlement will be discussed at the Council Trade Policy Committee meeting in Dublin on 5 November 2026; and the positions Ireland will be taking in such discussions. [71180/26],Foreign,the minister for foreign affairs and trade if investor-state dispute settlement will be discussed at the council trade policy committee meeting in dublin on 5 november 2026 and the positions ireland will be taking in such discussions 71180 26,2026-10-08,written,81,71180/26,Mairéad Farrell,MAIRÉAD FARRELL,en,To ask the Minister for Foreign Affairs and Trade if investor-state dispute settlement will be discussed at the Council Trade Policy Committee meeting in Dublin on 5 November 2026; and the positions Ireland will be taking in such discussions.,Foreign Affairs and Trade,351,353
82. Deputy Malcolm Byrne asked the Minister for Foreign Affairs and Trade to outline the action taken by Ireland at the United Nations to seek the development of international treaties or agreements on the development and use of artificial intelligence. [71166/26],Foreign,the minister for foreign affairs and trade the action taken by ireland at the united nations to seek the development of international treaties or agreements on the development and use of artificial intelligence 71166 26,2026-10-08,written,82,71166/26,Malcolm Byrne,MALCOLM BYRNE,en,To ask the Minister for Foreign Affairs and Trade to outline the action taken by Ireland at the United Nations to seek the development of international treaties or agreements on the development and use of artificial intelligence.,Foreign Affairs and Trade,355,357
"83. Deputy Aidan Farrelly asked the Minister for Foreign Affairs and Trade the number of protected disclosures received by her Department in each of the years 2019 to date in 2026, in tabular form; if an external contractor has been engaged regarding a protected disclosure over that time period; if so, the cost of same; and the number of protected disclosures that were rejected, accepted and that remain under review for the time period in question. [71324/26]",Foreign,the minister for foreign affairs and trade the number of protected disclosures received by her department in each of the years 2019 to date in 2026 in tabular form if an external contractor has been engaged regarding a protected disclosure over that time period if so the cost of same and the number of protected disclosures that were rejected accepted and that remain under review for the time period in question 71324 26,2026-10-08,written,83,71324/26,Aidan Farrelly,AIDAN FARRELLY,en,"To ask the Minister for Foreign Affairs and Trade the number of protected disclosures received by her Department in each of the years 2019 to date in 2026, in tabular form; if an external contractor has been engaged regarding a protected disclosure over that time period; if so, the cost of same; and the number of protected disclosures that were rejected, accepted and that remain under review for the time period in question.",Foreign Affairs and Trade,359,361
"84. Deputy Niamh Smyth asked the Minister for Climate, Energy and the Environment if he will outline the funding streams that are available to community organisations, including community-run childcare facilities, for the replacement of windows and doors as part of an energy efficiency upgrade; if he will advise the alternative supports that exist where an application under the LEADER programme has been unsuccessful (details supplied). [71100/26]",Climate,the minister for climate energy and the environment if he will outline the funding streams that are available to community organisations including community-run childcare facilities for the replacement of windows and doors as part of an energy efficiency upgrade if he will advise the alternative supports that exist where an application under the leader programme has been unsuccessful details supplied 71100 26,2026-10-08,written,84,71100/26,Niamh Smyth,NIAMH SMYTH,en,"To ask the Minister for Climate, Energy and the Environment if he will outline the funding streams that are available to community organisations, including community-run childcare facilities, for the replacement of windows and doors as part of an energy efficiency upgrade; if he will advise the alternative supports that exist where an application under the LEADER programme has been unsuccessful (details supplied).","Climate, Energy and the Environment",366,368
"85. Deputy Michael Murphy asked the Minister for Climate, Energy and the Environment if a homeowner can qualify for solar PV supports where an adult child who resides in the house is in receipt of disability allowance but is not the owner of the property; whether consideration is given to where the homeowner previously received domiciliary care allowance in respect of that person prior to their transition to disability allowance; if any discretion exists in such circumstances; and if consideration will be given to extending eligibility to households where a resident dependent family member, rather than the homeowner, is in receipt of a qualifying social welfare payment. [71275/26]",Climate,the minister for climate energy and the environment if a homeowner can qualify for solar pv supports where an adult child who resides in the house is in receipt of disability allowance but is not the owner of the property whether consideration is given to where the homeowner previously received domiciliary care allowance in respect of that person prior to their transition to disability allowance if any discretion exists in such circumstances and if consideration will be given to extending eligibility to households where a resident dependent family member rather than the homeowner is in receipt of a qualifying social welfare payment 71275 26,2026-10-08,written,85,71275/26,Michael Murphy,MICHAEL MURPHY,en,"To ask the Minister for Climate, Energy and the Environment if a homeowner can qualify for solar PV supports where an adult child who resides in the house is in receipt of disability allowance but is not the owner of the property; whether consideration is given to where the homeowner previously received domiciliary care allowance in respect of that person prior to their transition to disability allowance; if any discretion exists in such circumstances; and if consideration will be given to extending eligibility to households where a resident dependent family member, rather than the homeowner, is in receipt of a qualifying social welfare payment.","Climate, Energy and the Environment",370,372
"86. Deputy Duncan Smith asked the Minister for Climate, Energy and the Environment to outline the legislation regarding the fees bin companies can charge customers. [71260/26]",Climate,the minister for climate energy and the environment the legislation regarding the fees bin companies can charge customers 71260 26,2026-10-08,written,86,71260/26,Duncan Smith,DUNCAN SMITH,en,"To ask the Minister for Climate, Energy and the Environment to outline the legislation regarding the fees bin companies can charge customers.","Climate, Energy and the Environment",374,376
"87. Deputy Aidan Farrelly asked the Minister for Climate, Energy and the Environment the number of protected disclosures received by his Department in each of the years 2019 to date in 2026, in tabular form; if an external contractor has been engaged regarding a protected disclosure over that time period; if so, the cost of same; and the number of protected disclosures that were rejected, accepted and that remain under review for the time period in question. [71323/26]",Climate,the minister for climate energy and the environment the number of protected disclosures received by his department in each of the years 2019 to date in 2026 in tabular form if an external contractor has been engaged regarding a protected disclosure over that time period if so the cost of same and the number of protected disclosures that were rejected accepted and that remain under review for the time period in question 71323 26,2026-10-08,written,87,71323/26,Aidan Farrelly,AIDAN FARRELLY,en,"To ask the Minister for Climate, Energy and the Environment the number of protected disclosures received by his Department in each of the years 2019 to date in 2026, in tabular form; if an external contractor has been engaged regarding a protected disclosure over that time period; if so, the cost of same; and the number of protected disclosures that were rejected, accepted and that remain under review for the time period in question.","Climate, Energy and the Environment",378,380
"88. Deputy Ryan O'Meara asked the Minister for Defence whether her Department has completed an assessment of the implications for Defence Forces personnel of the European Committee of Social Rights decision concerning duty and public holiday payments; if so, the principal findings and proposed actions; and, if not, when the assessment is expected to be completed. [71277/26]",Defence,the minister for defence whether her department has completed an assessment of the implications for defence forces personnel of the european committee of social rights decision concerning duty and public holiday payments if so the principal findings and proposed actions and if not when the assessment is expected to be completed 71277 26,2026-10-08,written,88,71277/26,Ryan O'Meara,RYAN O'MEARA,en,"To ask the Minister for Defence whether her Department has completed an assessment of the implications for Defence Forces personnel of the European Committee of Social Rights decision concerning duty and public holiday payments; if so, the principal findings and proposed actions; and, if not, when the assessment is expected to be completed.",Defence,385,387
"89. Deputy Ryan O'Meara asked the Minister for Defence the action taken by her Department in response to the European Committee of Social Rights decision concerning a collective complaint by organisations (details supplied) relating to working time, duty payments and public holiday compensation; the date on which the decision was received by her Department; the Departments and bodies consulted; and the expected timeframe for a substantive Government response. [71274/26]",Defence,the minister for defence the action taken by her department in response to the european committee of social rights decision concerning a collective complaint by organisations details supplied relating to working time duty payments and public holiday compensation the date on which the decision was received by her department the departments and bodies consulted and the expected timeframe for a substantive government response 71274 26,2026-10-08,written,89,71274/26,Ryan O'Meara,RYAN O'MEARA,en,"To ask the Minister for Defence the action taken by her Department in response to the European Committee of Social Rights decision concerning a collective complaint by organisations (details supplied) relating to working time, duty payments and public holiday compensation; the date on which the decision was received by her Department; the Departments and bodies consulted; and the expected timeframe for a substantive Government response.",Defence,389,391
"90. Deputy Ken O'Flynn asked the Minister for Defence further to Parliamentary Question No. 68778/26 of 29 September 2026, which confirmed that the figures provided in reply to Parliamentary Question No. 64325/26 of 16 September 2026 related solely to Office of Government Procurement frameworks, to provide the corresponding figures for drawdowns under OGCIO, HSE and OPW arrangements for each of the years 2022 to 2025, separately and in tabular form. [71238/26]",Defence,the minister for defence further to parliamentary question no 68778 26 of 29 september 2026 which confirmed that the figures provided in reply to parliamentary question no 64325 26 of 16 september 2026 related solely to office of government procurement frameworks to provide the corresponding figures for drawdowns under ogcio hse and opw arrangements for each of the years 2022 to 2025 separately and in tabular form 71238 26,2026-10-08,written,90,71238/26,Ken O'Flynn,KEN O'FLYNN,en,"To ask the Minister for Defence further to Parliamentary Question No. 68778/26 of 29 September 2026, which confirmed that the figures provided in reply to Parliamentary Question No. 64325/26 of 16 September 2026 related solely to Office of Government Procurement frameworks, to provide the corresponding figures for drawdowns under OGCIO, HSE and OPW arrangements for each of the years 2022 to 2025, separately and in tabular form.",Defence,393,395
"91. Deputy Ryan O'Meara asked the Minister for Defence the current strength of the Permanent Defence Forces against its approved establishment; the projected strength for each of the next five years; her Department’s current target date for reaching an establishment of 9,700 personnel; and whether her Department continues to regard the Commission on the Defence Forces Level of Ambition 2 target of 11,500 personnel by 2028 achievable. [71288/26]",Defence,the minister for defence the current strength of the permanent defence forces against its approved establishment the projected strength for each of the next five years her department s current target date for reaching an establishment of 9 700 personnel and whether her department continues to regard the commission on the defence forces level of ambition 2 target of 11 500 personnel by 2028 achievable 71288 26,2026-10-08,written,91,71288/26,Ryan O'Meara,RYAN O'MEARA,en,"To ask the Minister for Defence the current strength of the Permanent Defence Forces against its approved establishment; the projected strength for each of the next five years; her Department’s current target date for reaching an establishment of 9,700 personnel; and whether her Department continues to regard the Commission on the Defence Forces Level of Ambition 2 target of 11,500 personnel by 2028 achievable.",Defence,397,399
"92. Deputy Ryan O'Meara asked the Minister for Defence the current rates of pay applicable to Defence Force cadets at each stage of training; when those rates were last reviewed; the number of cadets who withdrew from or failed to complete training in each of the past five years; and whether her Department has assessed the relationship between cadet remuneration, recruitment and retention. [71286/26]",Defence,the minister for defence the current rates of pay applicable to defence force cadets at each stage of training when those rates were last reviewed the number of cadets who withdrew from or failed to complete training in each of the past five years and whether her department has assessed the relationship between cadet remuneration recruitment and retention 71286 26,2026-10-08,written,92,71286/26,Ryan O'Meara,RYAN O'MEARA,en,"To ask the Minister for Defence the current rates of pay applicable to Defence Force cadets at each stage of training; when those rates were last reviewed; the number of cadets who withdrew from or failed to complete training in each of the past five years; and whether her Department has assessed the relationship between cadet remuneration, recruitment and retention.",Defence,401,403
93. Deputy Ryan O'Meara asked the Minister for Defence the specialist and technical cohorts within the Defence Forces that currently receive a specialist or technical allowance; the cohorts that have outstanding proposals for such an allowance; the status of each proposal; and the date by which decisions are expected. [71283/26],Defence,the minister for defence the specialist and technical cohorts within the defence forces that currently receive a specialist or technical allowance the cohorts that have outstanding proposals for such an allowance the status of each proposal and the date by which decisions are expected 71283 26,2026-10-08,written,93,71283/26,Ryan O'Meara,RYAN O'MEARA,en,To ask the Minister for Defence the specialist and technical cohorts within the Defence Forces that currently receive a specialist or technical allowance; the cohorts that have outstanding proposals for such an allowance; the status of each proposal; and the date by which decisions are expected.,Defence,405,407
"94. Deputy Ryan O'Meara asked the Minister for Defence further to evidence given by an organisation (details supplied) to the Oireachtas Joint Committee on Defence and National Security on 17 September 2026 that a project to introduce increased direct-entry recruitment into the Reserve Defence Forces was recorded as completed in the February 2026 updated Detailed Implementation Plan, despite the organisation stating that no increased direct-entry recruitment had taken place, to clarify the actions and appointments her Department considers sufficient to constitute completion of that project. [71293/26]",Defence,the minister for defence further to evidence given by an organisation details supplied to the oireachtas joint committee on defence and national security on 17 september 2026 that a project to introduce increased direct-entry recruitment into the reserve defence forces was recorded as completed in the february 2026 updated detailed implementation plan despite the organisation stating that no increased direct-entry recruitment had taken place to clarify the actions and appointments her department considers sufficient to constitute completion of that project 71293 26,2026-10-08,written,94,71293/26,Ryan O'Meara,RYAN O'MEARA,en,"To ask the Minister for Defence further to evidence given by an organisation (details supplied) to the Oireachtas Joint Committee on Defence and National Security on 17 September 2026 that a project to introduce increased direct-entry recruitment into the Reserve Defence Forces was recorded as completed in the February 2026 updated Detailed Implementation Plan, despite the organisation stating that no increased direct-entry recruitment had taken place, to clarify the actions and appointments her Department considers sufficient to constitute completion of that project.",Defence,409,411
95. Deputy Ryan O'Meara asked the Minister for Defence the current establishment and actual strength of aircraft inspector posts in the Air Corps; the number of vacancies; the number of personnel in the cohort who are expected to retire in each of the next five years; and the measures being taken to ensure that aircraft inspection capacity is maintained. [71281/26],Defence,the minister for defence the current establishment and actual strength of aircraft inspector posts in the air corps the number of vacancies the number of personnel in the cohort who are expected to retire in each of the next five years and the measures being taken to ensure that aircraft inspection capacity is maintained 71281 26,2026-10-08,written,95,71281/26,Ryan O'Meara,RYAN O'MEARA,en,To ask the Minister for Defence the current establishment and actual strength of aircraft inspector posts in the Air Corps; the number of vacancies; the number of personnel in the cohort who are expected to retire in each of the next five years; and the measures being taken to ensure that aircraft inspection capacity is maintained.,Defence,413,415
"96. Deputy Ryan O'Meara asked the Minister for Defence following evidence given to the Oireachtas Joint Committee on Defence and National Security on 17 September 2026 that 43 of the 130 projects in the updated Detailed Implementation Plan had been extended by between one and two years, whether she will provide a schedule identifying each delayed project, its original completion date, revised completion date, current status and reason for the revised timeline. [71289/26]",Defence,the minister for defence following evidence given to the oireachtas joint committee on defence and national security on 17 september 2026 that 43 of the 130 projects in the updated detailed implementation plan had been extended by between one and two years whether she will provide a schedule identifying each delayed project its original completion date revised completion date current status and reason for the revised timeline 71289 26,2026-10-08,written,96,71289/26,Ryan O'Meara,RYAN O'MEARA,en,"To ask the Minister for Defence following evidence given to the Oireachtas Joint Committee on Defence and National Security on 17 September 2026 that 43 of the 130 projects in the updated Detailed Implementation Plan had been extended by between one and two years, whether she will provide a schedule identifying each delayed project, its original completion date, revised completion date, current status and reason for the revised timeline.",Defence,417,419
"97. Deputy Ryan O'Meara asked the Minister for Defence if she will publish, on a quarterly basis, a progress report on the Reserve Defence Forces elements of the Detailed Implementation Plan and the Reserve Defence Force Regeneration and Development Plan, distinguishing between projects administratively marked as complete and measures that are operationally implemented; and whether each report will include the original and revised deadlines, current status, responsible body and objective evidence of completion. [71305/26]",Defence,the minister for defence if she will publish on a quarterly basis a progress report on the reserve defence forces elements of the detailed implementation plan and the reserve defence force regeneration and development plan distinguishing between projects administratively marked as complete and measures that are operationally implemented and whether each report will include the original and revised deadlines current status responsible body and objective evidence of completion 71305 26,2026-10-08,written,97,71305/26,Ryan O'Meara,RYAN O'MEARA,en,"To ask the Minister for Defence if she will publish, on a quarterly basis, a progress report on the Reserve Defence Forces elements of the Detailed Implementation Plan and the Reserve Defence Force Regeneration and Development Plan, distinguishing between projects administratively marked as complete and measures that are operationally implemented; and whether each report will include the original and revised deadlines, current status, responsible body and objective evidence of completion.",Defence,421,423
98. Deputy Ryan O'Meara asked the Minister for Defence the current status of the provision of security duty allowance to Reserve Defence Forces personnel; the number of reservists who have undertaken duties for which the allowance would otherwise apply; the estimated annual cost of extending the allowance to eligible reservists; and the expected timeframe for a decision. [71303/26],Defence,the minister for defence the current status of the provision of security duty allowance to reserve defence forces personnel the number of reservists who have undertaken duties for which the allowance would otherwise apply the estimated annual cost of extending the allowance to eligible reservists and the expected timeframe for a decision 71303 26,2026-10-08,written,98,71303/26,Ryan O'Meara,RYAN O'MEARA,en,To ask the Minister for Defence the current status of the provision of security duty allowance to Reserve Defence Forces personnel; the number of reservists who have undertaken duties for which the allowance would otherwise apply; the estimated annual cost of extending the allowance to eligible reservists; and the expected timeframe for a decision.,Defence,425,427
99. Deputy Ryan O'Meara asked the Minister for Defence the current establishment and actual strength of aircraft technician posts in the Air Corps; the corresponding figures for each of the previous five years; the number of vacancies; the annual recruitment and attrition figures for these posts; and the measures being taken to address the staffing gap. [71279/26],Defence,the minister for defence the current establishment and actual strength of aircraft technician posts in the air corps the corresponding figures for each of the previous five years the number of vacancies the annual recruitment and attrition figures for these posts and the measures being taken to address the staffing gap 71279 26,2026-10-08,written,99,71279/26,Ryan O'Meara,RYAN O'MEARA,en,To ask the Minister for Defence the current establishment and actual strength of aircraft technician posts in the Air Corps; the corresponding figures for each of the previous five years; the number of vacancies; the annual recruitment and attrition figures for these posts; and the measures being taken to address the staffing gap.,Defence,429,431
100. Deputy Ryan O'Meara asked the Minister for Defence the current status of the project concerning employment protection legislation for members of the Reserve Defence Forces; the reason the timetable for further evaluation has been extended to December 2027; the work that has been completed to date; the further evaluation that remains outstanding; and when legislation is expected to be introduced. [71302/26],Defence,the minister for defence the current status of the project concerning employment protection legislation for members of the reserve defence forces the reason the timetable for further evaluation has been extended to december 2027 the work that has been completed to date the further evaluation that remains outstanding and when legislation is expected to be introduced 71302 26,2026-10-08,written,100,71302/26,Ryan O'Meara,RYAN O'MEARA,en,To ask the Minister for Defence the current status of the project concerning employment protection legislation for members of the Reserve Defence Forces; the reason the timetable for further evaluation has been extended to December 2027; the work that has been completed to date; the further evaluation that remains outstanding; and when legislation is expected to be introduced.,Defence,433,435
101. Deputy Ryan O'Meara asked the Minister for Defence the current status of arrangements to facilitate former Permanent Defence Forces personnel joining the First Line Reserve; the number of former officers and former enlisted personnel who have joined through the relevant arrangements in each of the past three years; the number of applications outstanding; and whether any administrative barriers remain for former Permanent Defence Forces personnel seeking to join the First Line Reserve. [71301/26],Defence,the minister for defence the current status of arrangements to facilitate former permanent defence forces personnel joining the first line reserve the number of former officers and former enlisted personnel who have joined through the relevant arrangements in each of the past three years the number of applications outstanding and whether any administrative barriers remain for former permanent defence forces personnel seeking to join the first line reserve 71301 26,2026-10-08,written,101,71301/26,Ryan O'Meara,RYAN O'MEARA,en,To ask the Minister for Defence the current status of arrangements to facilitate former Permanent Defence Forces personnel joining the First Line Reserve; the number of former officers and former enlisted personnel who have joined through the relevant arrangements in each of the past three years; the number of applications outstanding; and whether any administrative barriers remain for former Permanent Defence Forces personnel seeking to join the First Line Reserve.,Defence,437,439
102. Deputy Ryan O'Meara asked the Minister for Defence the current status of the appointment of an adjudicator under the Defence Forces conciliation and arbitration scheme; when the previous appointment ended; the steps taken by her Department to secure a replacement; whether a nomination or recommendation has been made by the Labour Court; and when she expects an adjudicator to be in place. [71271/26],Defence,the minister for defence the current status of the appointment of an adjudicator under the defence forces conciliation and arbitration scheme when the previous appointment ended the steps taken by her department to secure a replacement whether a nomination or recommendation has been made by the labour court and when she expects an adjudicator to be in place 71271 26,2026-10-08,written,102,71271/26,Ryan O'Meara,RYAN O'MEARA,en,To ask the Minister for Defence the current status of the appointment of an adjudicator under the Defence Forces conciliation and arbitration scheme; when the previous appointment ended; the steps taken by her Department to secure a replacement; whether a nomination or recommendation has been made by the Labour Court; and when she expects an adjudicator to be in place.,Defence,441,443
103. Deputy Ryan O'Meara asked the Minister for Defence the number and total value of outstanding claims arising from Defence Forces local bargaining agreements; the number and value of such claims that have been paid to date; the categories of claims outstanding; the date on which each category was agreed; and the steps being taken to ensure that agreed payments are processed without further delay. [71267/26],Defence,the minister for defence the number and total value of outstanding claims arising from defence forces local bargaining agreements the number and value of such claims that have been paid to date the categories of claims outstanding the date on which each category was agreed and the steps being taken to ensure that agreed payments are processed without further delay 71267 26,2026-10-08,written,103,71267/26,Ryan O'Meara,RYAN O'MEARA,en,To ask the Minister for Defence the number and total value of outstanding claims arising from Defence Forces local bargaining agreements; the number and value of such claims that have been paid to date; the categories of claims outstanding; the date on which each category was agreed; and the steps being taken to ensure that agreed payments are processed without further delay.,Defence,445,447
104. Deputy Ryan O'Meara asked the Minister for Defence the current status of the project to introduce lateral-entry mechanisms into the Reserve Defence Force; the number of personnel appointed through any such mechanism to date; the original completion date; the revised September 2026 completion date; and whether that deadline has been met. [71300/26],Defence,the minister for defence the current status of the project to introduce lateral-entry mechanisms into the reserve defence force the number of personnel appointed through any such mechanism to date the original completion date the revised september 2026 completion date and whether that deadline has been met 71300 26,2026-10-08,written,104,71300/26,Ryan O'Meara,RYAN O'MEARA,en,To ask the Minister for Defence the current status of the project to introduce lateral-entry mechanisms into the Reserve Defence Force; the number of personnel appointed through any such mechanism to date; the original completion date; the revised September 2026 completion date; and whether that deadline has been met.,Defence,449,451
"105. Deputy Ryan O'Meara asked the Minister for Defence the current status of the Reserve Defence Force project concerning the identification and profiling of specialist skill sets; the original completion date; the revised completion date; whether the revised June 2026 deadline has been met; and, if not, the reason for the delay and the new expected completion date. [71298/26]",Defence,the minister for defence the current status of the reserve defence force project concerning the identification and profiling of specialist skill sets the original completion date the revised completion date whether the revised june 2026 deadline has been met and if not the reason for the delay and the new expected completion date 71298 26,2026-10-08,written,105,71298/26,Ryan O'Meara,RYAN O'MEARA,en,"To ask the Minister for Defence the current status of the Reserve Defence Force project concerning the identification and profiling of specialist skill sets; the original completion date; the revised completion date; whether the revised June 2026 deadline has been met; and, if not, the reason for the delay and the new expected completion date.",Defence,453,455
"106. Deputy Ryan O'Meara asked the Minister for Defence the current status of the proposed senior Reserve Defence Force appointments, including the Reserve Assistant Chief of Defence and senior enlisted reserve leadership positions; the original and current implementation dates for each position; the legislative or administrative measures outstanding; and the reason for any delay. [71297/26]",Defence,the minister for defence the current status of the proposed senior reserve defence force appointments including the reserve assistant chief of defence and senior enlisted reserve leadership positions the original and current implementation dates for each position the legislative or administrative measures outstanding and the reason for any delay 71297 26,2026-10-08,written,106,71297/26,Ryan O'Meara,RYAN O'MEARA,en,"To ask the Minister for Defence the current status of the proposed senior Reserve Defence Force appointments, including the Reserve Assistant Chief of Defence and senior enlisted reserve leadership positions; the original and current implementation dates for each position; the legislative or administrative measures outstanding; and the reason for any delay.",Defence,457,459
"107. Deputy Ryan O'Meara asked the Minister for Defence whether the recommendation of the Commission on the Defence Forces concerning increased utilisation of direct-entry commissions in the Reserve Defence Force is now considered fully implemented; if so, the number of appointments made under the initiative, broken down by year, rank and specialist category; and, if not, the outstanding actions and expected completion date. [71296/26]",Defence,the minister for defence whether the recommendation of the commission on the defence forces concerning increased utilisation of direct-entry commissions in the reserve defence force is now considered fully implemented if so the number of appointments made under the initiative broken down by year rank and specialist category and if not the outstanding actions and expected completion date 71296 26,2026-10-08,written,107,71296/26,Ryan O'Meara,RYAN O'MEARA,en,"To ask the Minister for Defence whether the recommendation of the Commission on the Defence Forces concerning increased utilisation of direct-entry commissions in the Reserve Defence Force is now considered fully implemented; if so, the number of appointments made under the initiative, broken down by year, rank and specialist category; and, if not, the outstanding actions and expected completion date.",Defence,461,463
"108. Deputy Carol Nolan asked the Minister for Defence the number of Defence Forces recruits since 2020 initially arrived in Ireland without documentation; and among that cohort, the way in which their identity and records were checked and verified. [71327/26]",Defence,the minister for defence the number of defence forces recruits since 2020 initially arrived in ireland without documentation and among that cohort the way in which their identity and records were checked and verified 71327 26,2026-10-08,written,108,71327/26,Carol Nolan,CAROL NOLAN,en,"To ask the Minister for Defence the number of Defence Forces recruits since 2020 initially arrived in Ireland without documentation; and among that cohort, the way in which their identity and records were checked and verified.",Defence,465,467
"109. Deputy Ryan O'Meara asked the Minister for Defence further to evidence given by the RDFRA to the Joint Committee on Defence on 17 Sept 2026 that a project to introduce increased direct-entry recruitment into the Reserve Defence Force was recorded as completed in the February 2026 updated Detailed Implementation Plan, despite the association stating that no increased direct-entry recruitment had taken place, if she will clarify the number of reserve direct-entry officer appointments made since the project commenced; the number currently approved but not yet commissioned; and the number of candidates currently progressing through the process. [71295/26]",Defence,the minister for defence further to evidence given by the rdfra to the joint committee on defence on 17 sept 2026 that a project to introduce increased direct-entry recruitment into the reserve defence force was recorded as completed in the february 2026 updated detailed implementation plan despite the association stating that no increased direct-entry recruitment had taken place if she will clarify the number of reserve direct-entry officer appointments made since the project commenced the number currently approved but not yet commissioned and the number of candidates currently progressing through the process 71295 26,2026-10-08,written,109,71295/26,Ryan O'Meara,RYAN O'MEARA,en,"To ask the Minister for Defence further to evidence given by the RDFRA to the Joint Committee on Defence on 17 Sept 2026 that a project to introduce increased direct-entry recruitment into the Reserve Defence Force was recorded as completed in the February 2026 updated Detailed Implementation Plan, despite the association stating that no increased direct-entry recruitment had taken place, if she will clarify the number of reserve direct-entry officer appointments made since the project commenced; the number currently approved but not yet commissioned; and the number of candidates currently progressing through the process.",Defence,469,471
110. Deputy Ryan O'Meara asked the Minister for Defence the current status of the Naval Engineer Technician Allowance; when the proposal was first agreed through the local bargaining process; whether all necessary approvals have now been obtained; the number of personnel affected; the estimated annual cost; and the date on which payment is expected to commence. [71270/26],Defence,the minister for defence the current status of the naval engineer technician allowance when the proposal was first agreed through the local bargaining process whether all necessary approvals have now been obtained the number of personnel affected the estimated annual cost and the date on which payment is expected to commence 71270 26,2026-10-08,written,110,71270/26,Ryan O'Meara,RYAN O'MEARA,en,To ask the Minister for Defence the current status of the Naval Engineer Technician Allowance; when the proposal was first agreed through the local bargaining process; whether all necessary approvals have now been obtained; the number of personnel affected; the estimated annual cost; and the date on which payment is expected to commence.,Defence,473,475
"111. Deputy Aidan Farrelly asked the Minister for Defence the number of protected disclosures received by her Department in each of the years 2019 to date in 2026, in tabular form; if an external contractor has been engaged regarding a protected disclosure over that time period; if so, the cost of same; and the number of protected disclosures that were rejected, accepted and that remain under review for the time period in question. [71322/26]",Defence,the minister for defence the number of protected disclosures received by her department in each of the years 2019 to date in 2026 in tabular form if an external contractor has been engaged regarding a protected disclosure over that time period if so the cost of same and the number of protected disclosures that were rejected accepted and that remain under review for the time period in question 71322 26,2026-10-08,written,111,71322/26,Aidan Farrelly,AIDAN FARRELLY,en,"To ask the Minister for Defence the number of protected disclosures received by her Department in each of the years 2019 to date in 2026, in tabular form; if an external contractor has been engaged regarding a protected disclosure over that time period; if so, the cost of same; and the number of protected disclosures that were rejected, accepted and that remain under review for the time period in question.",Defence,477,479
112. Deputy Donna Mcgettigan asked the Minister for Transport if he will ensure the TII draw up a safety and speed reduction plan for the N68 at Darragh in County Clare (details supplied). [71096/26],Transport,the minister for transport if he will ensure the tii draw up a safety and speed reduction plan for the n68 at darragh in county clare details supplied 71096 26,2026-10-08,written,112,71096/26,Donna Mcgettigan,DONNA MCGETTIGAN,en,To ask the Minister for Transport if he will ensure the TII draw up a safety and speed reduction plan for the N68 at Darragh in County Clare (details supplied).,Transport,484,486
113. Deputy Emer Currie asked the Minister for Transport for an update on the engagements he has had with the Stormont executive in relation to the A5 road scheme; and the progress made in relation to the Government’s €600m commitment to this project. [71095/26],Transport,the minister for transport for an update on the engagements he has had with the stormont executive the a5 road scheme and the progress made the government s 600m commitment to this project 71095 26,2026-10-08,written,113,71095/26,Emer Currie,EMER CURRIE,en,To ask the Minister for Transport for an update on the engagements he has had with the Stormont executive in relation to the A5 road scheme; and the progress made in relation to the Government’s €600m commitment to this project.,Transport,488,490
"114. Deputy Cian O'Callaghan asked the Minister for Transport if he is aware that the 27x has consistently had more passenger journeys than the 32x; the rationale for the decision to scrap the 27x route, and retain the 32x route; if he is aware that access to public transport can serve as a barrier to third level education; and if he will engage with the National Transport Authority about retaining the 27x. [71103/26]",Transport,the minister for transport if he is aware that the 27x has consistently had more passenger journeys than the 32x the rationale for the decision to scrap the 27x route and retain the 32x route if he is aware that access to public transport can serve as a barrier to third level education and if he will engage with the national transport authority about retaining the 27x 71103 26,2026-10-08,written,114,71103/26,Cian O'Callaghan,CIAN O'CALLAGHAN,en,"To ask the Minister for Transport if he is aware that the 27x has consistently had more passenger journeys than the 32x; the rationale for the decision to scrap the 27x route, and retain the 32x route; if he is aware that access to public transport can serve as a barrier to third level education; and if he will engage with the National Transport Authority about retaining the 27x.",Transport,492,494
"115. Deputy Tom Brabazon asked the Minister for Transport whether Iarnród Éireann has identified the number of residential properties that may be directly affected by the FourNorth project, including through land acquisition, works immediately adjacent to properties or other impacts; and when affected property owners will be individually contacted. [71123/26]",Transport,the minister for transport whether iarnród éireann has identified the number of residential properties that may be directly affected by the fournorth project including through land acquisition works immediately adjacent to properties or other impacts and when affected property owners will be individually contacted 71123 26,2026-10-08,written,115,71123/26,Tom Brabazon,TOM BRABAZON,en,"To ask the Minister for Transport whether Iarnród Éireann has identified the number of residential properties that may be directly affected by the FourNorth project, including through land acquisition, works immediately adjacent to properties or other impacts; and when affected property owners will be individually contacted.",Transport,496,498
116. Deputy Tom Brabazon asked the Minister for Transport the timeline for public consultation on the FourNorth project; when the Emerging Preferred Option is expected to be published; and the consultation opportunities that will be provided to residents along the affected corridor. [71121/26],Transport,the minister for transport the timeline for public consultation on the fournorth project when the emerging preferred option is expected to be published and the consultation opportunities that will be provided to residents along the affected corridor 71121 26,2026-10-08,written,116,71121/26,Tom Brabazon,TOM BRABAZON,en,To ask the Minister for Transport the timeline for public consultation on the FourNorth project; when the Emerging Preferred Option is expected to be published; and the consultation opportunities that will be provided to residents along the affected corridor.,Transport,500,502
"117. Deputy Tom Brabazon asked the Minister for Transport when detailed plans for the FourNorth project, including the proposed additional track alignments and potential impacts on properties adjoining the existing railway corridor, will be made available to residents and the public. [71120/26]",Transport,the minister for transport when detailed plans for the fournorth project including the proposed additional track alignments and potential impacts on properties adjoining the existing railway corridor will be made available to residents and the public 71120 26,2026-10-08,written,117,71120/26,Tom Brabazon,TOM BRABAZON,en,"To ask the Minister for Transport when detailed plans for the FourNorth project, including the proposed additional track alignments and potential impacts on properties adjoining the existing railway corridor, will be made available to residents and the public.",Transport,504,506
118. Deputy Tom Brabazon asked the Minister for Transport the engagement that has taken place to date with residents and communities living immediately adjacent to the proposed FourNorth project; and when Iarnród Éireann intends to commence direct engagement with affected residents. [71119/26],Transport,the minister for transport the engagement that has taken place to date with residents and communities living immediately adjacent to the proposed fournorth project and when iarnród éireann intends to commence direct engagement with affected residents 71119 26,2026-10-08,written,118,71119/26,Tom Brabazon,TOM BRABAZON,en,To ask the Minister for Transport the engagement that has taken place to date with residents and communities living immediately adjacent to the proposed FourNorth project; and when Iarnród Éireann intends to commence direct engagement with affected residents.,Transport,508,510
"119. Deputy John Connolly asked the Minister for Transport the increase in existing services and the establishment of new services arising from the additional funding provided in Budget 2026, including €940 million for PSO and TFI Local Link services and €31 million for rural transport services for County Galway; and to provide for each service, the route number, nature of the enhancement or new service, additional funding allocated, expected commencement date and estimated increase in passenger capacity, in tabular form. [71150/26]",Transport,the minister for transport the increase in existing services and the establishment of new services arising from the additional funding provided in budget 2026 including 940 million for pso and tfi local link services and 31 million for rural transport services for county galway and to provide for each service the route number nature of the enhancement or new service additional funding allocated expected commencement date and estimated increase in passenger capacity in tabular form 71150 26,2026-10-08,written,119,71150/26,John Connolly,JOHN CONNOLLY,en,"To ask the Minister for Transport the increase in existing services and the establishment of new services arising from the additional funding provided in Budget 2026, including €940 million for PSO and TFI Local Link services and €31 million for rural transport services for County Galway; and to provide for each service, the route number, nature of the enhancement or new service, additional funding allocated, expected commencement date and estimated increase in passenger capacity, in tabular form.",Transport,512,514
"120. Deputy Michael Cahill asked the Minister for Transport if he will provide additional funding to the National Transport Authority to facilitate the introduction of further local link services in County Kerry, given that no additional local link routes were allocated to Kerry in 2026 despite significant demand for rural public transport; the proposals submitted for new and expanded services in south Kerry and mid Kerry; and if he will make a statement on the matter. [71255/26]",Transport,the minister for transport if he will provide additional funding to the national transport authority to facilitate the introduction of further local link services in county kerry given that no additional local link routes were allocated to kerry in 2026 despite significant demand for rural public transport the proposals submitted for new and expanded services in south kerry and mid kerry and 71255 26,2026-10-08,written,120,71255/26,Michael Cahill,MICHAEL CAHILL,en,"To ask the Minister for Transport if he will provide additional funding to the National Transport Authority to facilitate the introduction of further local link services in County Kerry, given that no additional local link routes were allocated to Kerry in 2026 despite significant demand for rural public transport; the proposals submitted for new and expanded services in south Kerry and mid Kerry; and if he will make a statement on the matter.",Transport,516,518
"121. Deputy Matt Carthy asked the Minister for Transport the status of an application under the road transporters support scheme (RTSS) for a commercial coach operator (details supplied); the reason this application has faced a prolonged administrative backlog despite the applicant providing all required, tax-compliant documentation via the information portal over six weeks ago; the timeline for when this badly needed fuel assistance funding will be transferred to the applicant; and the steps his Department is taking to resolve the outstanding payment processing delay for hundreds of similarly affected transport operators. [71158/26]",Transport,the minister for transport the status of an application under the road transporters support scheme rtss for a commercial coach operator details supplied the reason this application has faced a prolonged administrative backlog despite the applicant providing all required tax-compliant documentation via the information portal over six weeks ago the timeline for when this badly needed fuel assistance funding will be transferred to the applicant and the steps his department is taking to resolve the outstanding payment processing delay for hundreds of similarly affected transport operators 71158 26,2026-10-08,written,121,71158/26,Matt Carthy,MATT CARTHY,en,"To ask the Minister for Transport the status of an application under the road transporters support scheme (RTSS) for a commercial coach operator (details supplied); the reason this application has faced a prolonged administrative backlog despite the applicant providing all required, tax-compliant documentation via the information portal over six weeks ago; the timeline for when this badly needed fuel assistance funding will be transferred to the applicant; and the steps his Department is taking to resolve the outstanding payment processing delay for hundreds of similarly affected transport operators.",Transport,520,522
122. Deputy Michael Healy-rae asked the Minister for Transport the reason for the delay issuing a driver's licence (details supplied). [71268/26],Transport,the minister for transport the reason for the delay issuing a driver s licence details supplied 71268 26,2026-10-08,written,122,71268/26,Michael Healy-rae,MICHAEL HEALY-RAE,en,To ask the Minister for Transport the reason for the delay issuing a driver's licence (details supplied).,Transport,524,526
"123. Deputy Emer Currie asked the Minister for Transport the number of learner drivers who failed to show up for their scheduled driving test appointment in 2025 and to date in 2026, by month and by driving test centre. [71306/26]",Transport,the minister for transport the number of learner drivers who failed to show up for their scheduled driving test appointment in 2025 and to date in 2026 by month and by driving test centre 71306 26,2026-10-08,written,123,71306/26,Emer Currie,EMER CURRIE,en,"To ask the Minister for Transport the number of learner drivers who failed to show up for their scheduled driving test appointment in 2025 and to date in 2026, by month and by driving test centre.",Transport,528,530
124. Deputy Pa Daly asked the Minister for Transport to provide information as outlined in correspondence (details supplied); the reasons for the delay; if he has discussed this with the NTA; and if he will make a statement on the matter. [71333/26],Transport,the minister for transport to provide information as outlined in correspondence details supplied the reasons for the delay if he has discussed this with the nta and 71333 26,2026-10-08,written,124,71333/26,Pa Daly,PA DALY,en,To ask the Minister for Transport to provide information as outlined in correspondence (details supplied); the reasons for the delay; if he has discussed this with the NTA; and if he will make a statement on the matter.,Transport,532,534
125. Deputy Michael Healy-rae asked the Minister for Transport if a new date will be offered for a driving test over a small discrepancy for an individual (details supplied). [71331/26],Transport,the minister for transport if a new date will be offered for a driving test over a small discrepancy for an individual details supplied 71331 26,2026-10-08,written,125,71331/26,Michael Healy-rae,MICHAEL HEALY-RAE,en,To ask the Minister for Transport if a new date will be offered for a driving test over a small discrepancy for an individual (details supplied).,Transport,536,538
"126. Deputy Naoise Ó Cearúil asked the Minister for Transport the plans to progress additional public transport infrastructure to support Naas and the wider Naas area, including the extension of DART services to Sallins/Naas, the provision of a second railway station and associated Park & Ride facility to serve the Naas area, and the proposed Naas urban bus service; the current status of each proposal. [71336/26]",Transport,the minister for transport the plans to progress additional public transport infrastructure to support naas and the wider naas area including the extension of dart services to sallins naas the provision of a second railway station and associated park ride facility to serve the naas area and the proposed naas urban bus service the current status of each proposal 71336 26,2026-10-08,written,126,71336/26,Naoise Ó Cearúil,NAOISE Ó CEARÚIL,en,"To ask the Minister for Transport the plans to progress additional public transport infrastructure to support Naas and the wider Naas area, including the extension of DART services to Sallins/Naas, the provision of a second railway station and associated Park & Ride facility to serve the Naas area, and the proposed Naas urban bus service; the current status of each proposal.",Transport,540,542
127. Deputy Pa Daly asked the Minister for Transport to provide information as requested (details supplied); and if he will make a statement on the matter. [71339/26],Transport,the minister for transport to provide information as requested details supplied and 71339 26,2026-10-08,written,127,71339/26,Pa Daly,PA DALY,en,To ask the Minister for Transport to provide information as requested (details supplied); and if he will make a statement on the matter.,Transport,544,546
"128. Deputy Aidan Farrelly asked the Minister for Transport the number of protected disclosures received by his Department in each of the years 2019 to date in 2026, in tabular form; if an external contractor has been engaged regarding a protected disclosure over that time period; if so, the cost of same; and the number of protected disclosures that were rejected, accepted and that remain under review for the time period in question. [71321/26]",Transport,the minister for transport the number of protected disclosures received by his department in each of the years 2019 to date in 2026 in tabular form if an external contractor has been engaged regarding a protected disclosure over that time period if so the cost of same and the number of protected disclosures that were rejected accepted and that remain under review for the time period in question 71321 26,2026-10-08,written,128,71321/26,Aidan Farrelly,AIDAN FARRELLY,en,"To ask the Minister for Transport the number of protected disclosures received by his Department in each of the years 2019 to date in 2026, in tabular form; if an external contractor has been engaged regarding a protected disclosure over that time period; if so, the cost of same; and the number of protected disclosures that were rejected, accepted and that remain under review for the time period in question.",Transport,548,550
129. Deputy Denise Mitchell asked the Tánaiste and Minister for Finance if he will consider the introduction of an 8% Section 481 uplift for all productions filming outside the main production hub within the Dublin Metropolitan Area incorporating Ashford. [70687/26],Finance,and minister for finance if he will consider the introduction of an 8 section 481 uplift for all productions filming outside the main production hub within the dublin metropolitan area incorporating ashford 70687 26,2026-10-08,written,129,70687/26,Denise Mitchell,DENISE MITCHELL,en,To ask the Tánaiste and Minister for Finance if he will consider the introduction of an 8% Section 481 uplift for all productions filming outside the main production hub within the Dublin Metropolitan Area incorporating Ashford.,Finance,555,557
130. Deputy Conor Sheehan asked the Tánaiste and Minister for Finance the reason early years educators and school-age childcare practitioners are excluded from Revenue’s flat rate expense allowance registry; the details of any recent reviews conducted by his Department or Revenue into Section 114 of the Taxes Consolidation Act 1997 regarding modernising this registry for low-paid sectors; and if he intends to update the tax code to include early years professionals. [71097/26],Finance,and minister for finance the reason early years educators and school-age childcare practitioners are excluded from revenue s flat rate expense allowance registry the details of any recent reviews conducted by his department or revenue into section 114 of the taxes consolidation act 1997 regarding modernising this registry for low-paid sectors and if he intends to update the tax code to include early years professionals 71097 26,2026-10-08,written,130,71097/26,Conor Sheehan,CONOR SHEEHAN,en,To ask the Tánaiste and Minister for Finance the reason early years educators and school-age childcare practitioners are excluded from Revenue’s flat rate expense allowance registry; the details of any recent reviews conducted by his Department or Revenue into Section 114 of the Taxes Consolidation Act 1997 regarding modernising this registry for low-paid sectors; and if he intends to update the tax code to include early years professionals.,Finance,559,561
131. Deputy Richard Boyd Barrett asked the Tánaiste and Minister for Finance the legal measures in place to prevent a company (details supplied) trading in Ireland; whether these schemes which are illegal in other countries are similarly illegal in Ireland; and whether he has any plans to introduce legislation if they are not. [71079/26],Finance,and minister for finance the legal measures in place to prevent a company details supplied trading in ireland whether these schemes which are illegal in other countries are similarly illegal in ireland and whether he has any plans to introduce legislation if they are not 71079 26,2026-10-08,written,131,71079/26,Richard Boyd Barrett,RICHARD BOYD BARRETT,en,To ask the Tánaiste and Minister for Finance the legal measures in place to prevent a company (details supplied) trading in Ireland; whether these schemes which are illegal in other countries are similarly illegal in Ireland; and whether he has any plans to introduce legislation if they are not.,Finance,563,565
132. Deputy Malcolm Byrne asked the Tánaiste and Minister for Finance his views on the use of a system (details supplied) for the purposes of tax returns; and the approach of his Department and the Revenue Commissioners to same. [71168/26],Finance,and minister for finance his views on the use of a system details supplied for the purposes of tax returns and the approach of his department and the revenue commissioners to same 71168 26,2026-10-08,written,132,71168/26,Malcolm Byrne,MALCOLM BYRNE,en,To ask the Tánaiste and Minister for Finance his views on the use of a system (details supplied) for the purposes of tax returns; and the approach of his Department and the Revenue Commissioners to same.,Finance,567,569
133. Deputy Malcolm Byrne asked the Tánaiste and Minister for Finance to outline progress on the development of an EU Capital Markets Union. [71167/26],Finance,and minister for finance progress on the development of an eu capital markets union 71167 26,2026-10-08,written,133,71167/26,Malcolm Byrne,MALCOLM BYRNE,en,To ask the Tánaiste and Minister for Finance to outline progress on the development of an EU Capital Markets Union.,Finance,571,573
"134. Deputy Ken O'Flynn asked the Tánaiste and Minister for Finance further to Parliamentary Question No. 69657/26 of 1 October 2026, which did not provide a costing, the estimated full year cost of a tax credit for childcare and school age childcare costs for working lone parents at rates of €500, €1,000 and €1,500 respectively, based on the number of claimants of the Single Person Child Carer Credit; and if he will make a statement on the matter. [71249/26]",Finance,and minister for finance further to parliamentary question no 69657 26 of 1 october 2026 which did not provide a costing the estimated full year cost of a tax credit for childcare and school age childcare costs for working lone parents at rates of 500 1 000 and 1 500 respectively based on the number of claimants of the single person child carer credit and 71249 26,2026-10-08,written,134,71249/26,Ken O'Flynn,KEN O'FLYNN,en,"To ask the Tánaiste and Minister for Finance further to Parliamentary Question No. 69657/26 of 1 October 2026, which did not provide a costing, the estimated full year cost of a tax credit for childcare and school age childcare costs for working lone parents at rates of €500, €1,000 and €1,500 respectively, based on the number of claimants of the Single Person Child Carer Credit; and if he will make a statement on the matter.",Finance,575,577
"135. Deputy Aidan Farrelly asked the Tánaiste and Minister for Finance the number of protected disclosures received by his Department in each of the years 2019 to date in 2026, in tabular form; if an external contractor has been engaged regarding a protected disclosure over that time period; if so, the cost of same; and the number of protected disclosures that were rejected, accepted and that remain under review for the time period in question. [71319/26]",Finance,and minister for finance the number of protected disclosures received by his department in each of the years 2019 to date in 2026 in tabular form if an external contractor has been engaged regarding a protected disclosure over that time period if so the cost of same and the number of protected disclosures that were rejected accepted and that remain under review for the time period in question 71319 26,2026-10-08,written,135,71319/26,Aidan Farrelly,AIDAN FARRELLY,en,"To ask the Tánaiste and Minister for Finance the number of protected disclosures received by his Department in each of the years 2019 to date in 2026, in tabular form; if an external contractor has been engaged regarding a protected disclosure over that time period; if so, the cost of same; and the number of protected disclosures that were rejected, accepted and that remain under review for the time period in question.",Finance,579,581
136. Deputy Darren O'Rourke asked the Tánaiste and Minister for Finance if he plans to extend the help-to-buy scheme to those who qualify for the first home scheme under the fresh start principle. [71186/26],Finance,and minister for finance if he plans to extend the help-to-buy scheme to those who qualify for the first home scheme under the fresh start principle 71186 26,2026-10-08,written,136,71186/26,Darren O'Rourke,DARREN O'ROURKE,en,To ask the Tánaiste and Minister for Finance if he plans to extend the help-to-buy scheme to those who qualify for the first home scheme under the fresh start principle.,Finance,583,585
137. Deputy Malcolm Byrne asked the Tánaiste and Minister for Finance if consideration will be given to including second hand properties as part of the help to buy scheme. [71165/26],Finance,and minister for finance if consideration will be given to including second hand properties as part of the help to buy scheme 71165 26,2026-10-08,written,137,71165/26,Malcolm Byrne,MALCOLM BYRNE,en,To ask the Tánaiste and Minister for Finance if consideration will be given to including second hand properties as part of the help to buy scheme.,Finance,587,589
"138. Deputy Carol Nolan asked the Minister for Public Expenditure, Infrastructure, Public Service Reform and Digitalisation further to Parliamentary Question No. 352 of 21 October 2025, whether, when his Department commissioned the ""Review of MyGovID on eIDAS Level of Assurance"" in 2024, it was aware that the firm engaged had worked on the design, delivery and operation of MyGovID; the way in which the independence of the review was assured; and whether any re-evaluation recommended by that review has since been carried out. [71046/26]",Public Expenditure,the minister for public expenditure infrastructure public service reform and digitalisation further to parliamentary question no 352 of 21 october 2025 whether when his department commissioned the review of mygovid on eidas level of assurance in 2024 it was aware that the firm engaged had worked on the design delivery and operation of mygovid the way in which the independence of the review was assured and whether any re-evaluation recommended by that review has since been carried out 71046 26,2026-10-08,written,138,71046/26,Carol Nolan,CAROL NOLAN,en,"To ask the Minister for Public Expenditure, Infrastructure, Public Service Reform and Digitalisation further to Parliamentary Question No. 352 of 21 October 2025, whether, when his Department commissioned the ""Review of MyGovID on eIDAS Level of Assurance"" in 2024, it was aware that the firm engaged had worked on the design, delivery and operation of MyGovID; the way in which the independence of the review was assured; and whether any re-evaluation recommended by that review has since been carried out.","Public Expenditure, Infrastructure, Public Service Reform and Digitalisation",594,596
"139. Deputy Carol Nolan asked the Minister for Public Expenditure, Infrastructure, Public Service Reform and Digitalisation whether Ireland will provide a European Digital Identity Wallet within the period set by Article 5a(1) of Regulation (EU) No 910/2014 as amended, being 24 months from the entry into force of the implementing acts on 24 December 2024; the planned launch date; and whether a person who does not hold a verified MyGovID account will be able to obtain a credential in the wallet. [71047/26]",Public Expenditure,the minister for public expenditure infrastructure public service reform and digitalisation whether ireland will provide a european digital identity wallet within the period set by article 5a 1 of regulation eu no 910 2014 as amended being 24 months from the entry into force of the implementing acts on 24 december 2024 the planned launch date and whether a person who does not hold a verified mygovid account will be able to obtain a credential in the wallet 71047 26,2026-10-08,written,139,71047/26,Carol Nolan,CAROL NOLAN,en,"To ask the Minister for Public Expenditure, Infrastructure, Public Service Reform and Digitalisation whether Ireland will provide a European Digital Identity Wallet within the period set by Article 5a(1) of Regulation (EU) No 910/2014 as amended, being 24 months from the entry into force of the implementing acts on 24 December 2024; the planned launch date; and whether a person who does not hold a verified MyGovID account will be able to obtain a credential in the wallet.","Public Expenditure, Infrastructure, Public Service Reform and Digitalisation",598,600
"140. Deputy Aidan Farrelly asked the Minister for Public Expenditure, Infrastructure, Public Service Reform and Digitalisation If he will provide an update on the outcomes and action points in respect of Ireland's Open Government National Action Plan 2022-2024; and the future plans he has for further open government directions. [71081/26]",Public Expenditure,the minister for public expenditure infrastructure public service reform and digitalisation if he will provide an update on the outcomes and action points in respect of ireland s open government national action plan 2022-2024 and the future plans he has for further open government directions 71081 26,2026-10-08,written,140,71081/26,Aidan Farrelly,AIDAN FARRELLY,en,"To ask the Minister for Public Expenditure, Infrastructure, Public Service Reform and Digitalisation If he will provide an update on the outcomes and action points in respect of Ireland's Open Government National Action Plan 2022-2024; and the future plans he has for further open government directions.","Public Expenditure, Infrastructure, Public Service Reform and Digitalisation",602,604
"141. Deputy Colm Burke asked the Minister for Public Expenditure, Infrastructure, Public Service Reform and Digitalisation when a primary care centre in Cork city Mayfield/Ballyvolane will be granted a Section 50 Licence, from the OPW, for an access crossing a stream so that the infrastructure project can proceed. [71225/26]",Public Expenditure,the minister for public expenditure infrastructure public service reform and digitalisation when a primary care centre in cork city mayfield ballyvolane will be granted a section 50 licence from the opw for an access crossing a stream so that the infrastructure project can proceed 71225 26,2026-10-08,written,141,71225/26,Colm Burke,COLM BURKE,en,"To ask the Minister for Public Expenditure, Infrastructure, Public Service Reform and Digitalisation when a primary care centre in Cork city Mayfield/Ballyvolane will be granted a Section 50 Licence, from the OPW, for an access crossing a stream so that the infrastructure project can proceed.","Public Expenditure, Infrastructure, Public Service Reform and Digitalisation",606,608
"142. Deputy Ken O'Flynn asked the Minister for Public Expenditure, Infrastructure, Public Service Reform and Digitalisation if the annual report on protected disclosures received by public bodies will be expanded to include the number of penalisation claims taken against public bodies, the outcome of each; the legal costs incurred by the State in defending them; and if will make a statement on the matter. [71204/26]",Public Expenditure,the minister for public expenditure infrastructure public service reform and digitalisation if the annual report on protected disclosures received by public bodies will be expanded to include the number of penalisation claims taken against public bodies the outcome of each the legal costs incurred by the state in defending them and if will make a statement on the matter 71204 26,2026-10-08,written,142,71204/26,Ken O'Flynn,KEN O'FLYNN,en,"To ask the Minister for Public Expenditure, Infrastructure, Public Service Reform and Digitalisation if the annual report on protected disclosures received by public bodies will be expanded to include the number of penalisation claims taken against public bodies, the outcome of each; the legal costs incurred by the State in defending them; and if will make a statement on the matter.","Public Expenditure, Infrastructure, Public Service Reform and Digitalisation",610,612
"143. Deputy Ken O'Flynn asked the Minister for Public Expenditure, Infrastructure, Public Service Reform and Digitalisation the total legal costs, including solicitors' and counsel fees, incurred by Government Departments and public bodies in defending complaints and proceedings under the Protected Disclosures Acts 2014 to 2022, at the Workplace Relations Commission, the Labour Court and the superior courts, from 2014 to date, by year and by body, in tabular form; if this information is collated centrally; and if not, the reason therefor. [71203/26]",Public Expenditure,the minister for public expenditure infrastructure public service reform and digitalisation the total legal costs including solicitors and counsel fees incurred by government departments and public bodies in defending complaints and proceedings under the protected disclosures acts 2014 to 2022 at the workplace relations commission the labour court and the superior courts from 2014 to date by year and by body in tabular form if this information is collated centrally the reason therefor 71203 26,2026-10-08,written,143,71203/26,Ken O'Flynn,KEN O'FLYNN,en,"To ask the Minister for Public Expenditure, Infrastructure, Public Service Reform and Digitalisation the total legal costs, including solicitors' and counsel fees, incurred by Government Departments and public bodies in defending complaints and proceedings under the Protected Disclosures Acts 2014 to 2022, at the Workplace Relations Commission, the Labour Court and the superior courts, from 2014 to date, by year and by body, in tabular form; if this information is collated centrally; and if not, the reason therefor.","Public Expenditure, Infrastructure, Public Service Reform and Digitalisation",614,616
"144. Deputy Malcolm Byrne asked the Minister for Public Expenditure, Infrastructure, Public Service Reform and Digitalisation his views on the use of a system (details supplied) in public procurement; to detail the advantages and challenges; and if he envisions its use in the near future. [71169/26]",Public Expenditure,the minister for public expenditure infrastructure public service reform and digitalisation his views on the use of a system details supplied in public procurement to detail the advantages and challenges and if he envisions its use in the near future 71169 26,2026-10-08,written,144,71169/26,Malcolm Byrne,MALCOLM BYRNE,en,"To ask the Minister for Public Expenditure, Infrastructure, Public Service Reform and Digitalisation his views on the use of a system (details supplied) in public procurement; to detail the advantages and challenges; and if he envisions its use in the near future.","Public Expenditure, Infrastructure, Public Service Reform and Digitalisation",618,620
"145. Deputy Ken O'Flynn asked the Minister for Public Expenditure, Infrastructure, Public Service Reform and Digitalisation the land, property and buildings owned or leased by the Office of Public Works on behalf of An Garda Síochána in Cork city and county, including the location, current use, floor area or acreage, whether owned or leased, and any property vacant or not in use, in tabular form; and if he will make a statement on the matter. [71243/26]",Public Expenditure,the minister for public expenditure infrastructure public service reform and digitalisation the land property and buildings owned or leased by the office of public works on behalf of an garda síochána in cork city and county including the location current use floor area or acreage whether owned or leased and any property vacant or not in use in tabular form and 71243 26,2026-10-08,written,145,71243/26,Ken O'Flynn,KEN O'FLYNN,en,"To ask the Minister for Public Expenditure, Infrastructure, Public Service Reform and Digitalisation the land, property and buildings owned or leased by the Office of Public Works on behalf of An Garda Síochána in Cork city and county, including the location, current use, floor area or acreage, whether owned or leased, and any property vacant or not in use, in tabular form; and if he will make a statement on the matter.","Public Expenditure, Infrastructure, Public Service Reform and Digitalisation",622,624
"146. Deputy Aidan Farrelly asked the Minister for Public Expenditure, Infrastructure, Public Service Reform and Digitalisation the number of protected disclosures received by his Department in each of the years 2019 to date in 2026, in tabular form; if an external contractor has been engaged regarding a protected disclosure over that time period; if so, the cost of same; and the number of protected disclosures that were rejected, accepted and that remain under review for the time period in question. [71318/26]",Public Expenditure,the minister for public expenditure infrastructure public service reform and digitalisation the number of protected disclosures received by his department in each of the years 2019 to date in 2026 in tabular form if an external contractor has been engaged regarding a protected disclosure over that time period if so the cost of same and the number of protected disclosures that were rejected accepted and that remain under review for the time period in question 71318 26,2026-10-08,written,146,71318/26,Aidan Farrelly,AIDAN FARRELLY,en,"To ask the Minister for Public Expenditure, Infrastructure, Public Service Reform and Digitalisation the number of protected disclosures received by his Department in each of the years 2019 to date in 2026, in tabular form; if an external contractor has been engaged regarding a protected disclosure over that time period; if so, the cost of same; and the number of protected disclosures that were rejected, accepted and that remain under review for the time period in question.","Public Expenditure, Infrastructure, Public Service Reform and Digitalisation",626,628
"147. Deputy John Lahart asked the Minister for Public Expenditure, Infrastructure, Public Service Reform and Digitalisation the timeline for completion of the Whitechurch flood alleviation scheme; if he is aware that some residents have just completed works on their homes almost nine months after the flooding and some are just returning to their homes following the flooding (details supplied). [71127/26]",Public Expenditure,the minister for public expenditure infrastructure public service reform and digitalisation the timeline for completion of the whitechurch flood alleviation scheme if he is aware that some residents have just completed works on their homes almost nine months after the flooding and some are just returning to their homes following the flooding details supplied 71127 26,2026-10-08,written,147,71127/26,John Lahart,JOHN LAHART,en,"To ask the Minister for Public Expenditure, Infrastructure, Public Service Reform and Digitalisation the timeline for completion of the Whitechurch flood alleviation scheme; if he is aware that some residents have just completed works on their homes almost nine months after the flooding and some are just returning to their homes following the flooding (details supplied).","Public Expenditure, Infrastructure, Public Service Reform and Digitalisation",630,632
"148. Deputy Charles Ward asked the Minister for Enterprise, Tourism and Employment whether he has undertaken an assessment of public confidence in the current self-regulatory model operated by an organisation (details supplied); and whether his Department has received representations seeking independent oversight of professional conduct complaints against engineers. [71057/26]",Enterprise,the minister for enterprise tourism and employment whether he has undertaken an assessment of public confidence in the current self-regulatory model operated by an organisation details supplied and whether his department has received representations seeking independent oversight of professional conduct complaints against engineers 71057 26,2026-10-08,written,148,71057/26,Charles Ward,CHARLES WARD,en,"To ask the Minister for Enterprise, Tourism and Employment whether he has undertaken an assessment of public confidence in the current self-regulatory model operated by an organisation (details supplied); and whether his Department has received representations seeking independent oversight of professional conduct complaints against engineers.","Enterprise, Tourism and Employment",637,639
"149. Deputy Charles Ward asked the Minister for Enterprise, Tourism and Employment whether complainants who are dissatisfied with the outcome of an ethics or professional conduct complaint against a member of an organisation have access to any independent appeals mechanism external to the organisation (details supplied). [71056/26]",Enterprise,the minister for enterprise tourism and employment whether complainants who are dissatisfied with the outcome of an ethics or professional conduct complaint against a member of an organisation have access to any independent appeals mechanism external to the organisation details supplied 71056 26,2026-10-08,written,149,71056/26,Charles Ward,CHARLES WARD,en,"To ask the Minister for Enterprise, Tourism and Employment whether complainants who are dissatisfied with the outcome of an ethics or professional conduct complaint against a member of an organisation have access to any independent appeals mechanism external to the organisation (details supplied).","Enterprise, Tourism and Employment",641,643
"150. Deputy Charles Ward asked the Minister for Enterprise, Tourism and Employment if he will outline the regulatory framework governing professional engineers in Ireland; and whether consideration has been given to establishing an independent statutory regulator for the engineering profession. [71055/26]",Enterprise,the minister for enterprise tourism and employment if he will outline the regulatory framework governing professional engineers in ireland and whether consideration has been given to establishing an independent statutory regulator for the engineering profession 71055 26,2026-10-08,written,150,71055/26,Charles Ward,CHARLES WARD,en,"To ask the Minister for Enterprise, Tourism and Employment if he will outline the regulatory framework governing professional engineers in Ireland; and whether consideration has been given to establishing an independent statutory regulator for the engineering profession.","Enterprise, Tourism and Employment",645,647
"151. Deputy Cian O'Callaghan asked the Minister for Enterprise, Tourism and Employment whether there are sufficient protections, safeguards or expectations around how employment permit sponsorship is communicated to migrant workers on time-limited immigration permissions, particularly where a worker may reasonably believe for several months that an application is progressing and is only informed close to the expiry of their permission that the employer will not proceed. [71152/26]",Enterprise,the minister for enterprise tourism and employment whether there are sufficient protections safeguards or expectations around how employment permit sponsorship is communicated to migrant workers on time-limited immigration permissions particularly where a worker may reasonably believe for several months that an application is progressing and is only informed close to the expiry of their permission that the employer will not proceed 71152 26,2026-10-08,written,151,71152/26,Cian O'Callaghan,CIAN O'CALLAGHAN,en,"To ask the Minister for Enterprise, Tourism and Employment whether there are sufficient protections, safeguards or expectations around how employment permit sponsorship is communicated to migrant workers on time-limited immigration permissions, particularly where a worker may reasonably believe for several months that an application is progressing and is only informed close to the expiry of their permission that the employer will not proceed.","Enterprise, Tourism and Employment",649,651
"152. Deputy Ken O'Flynn asked the Minister for Enterprise, Tourism and Employment if he will consider legislation to require retailers offering app only or loyalty only prices to make an equivalent discount available to customers without a smartphone, such as through a physical card or at the till on request; and if he will make a statement on the matter. [71192/26]",Enterprise,the minister for enterprise tourism and employment if he will consider legislation to require retailers offering app only or loyalty only prices to make an equivalent discount available to customers without a smartphone such as through a physical card or at the till on request and 71192 26,2026-10-08,written,152,71192/26,Ken O'Flynn,KEN O'FLYNN,en,"To ask the Minister for Enterprise, Tourism and Employment if he will consider legislation to require retailers offering app only or loyalty only prices to make an equivalent discount available to customers without a smartphone, such as through a physical card or at the till on request; and if he will make a statement on the matter.","Enterprise, Tourism and Employment",653,655
"153. Deputy Ken O'Flynn asked the Minister for Enterprise, Tourism and Employment his views on the impact of app based pricing in the grocery sector on older people and those without internet access; and if his Department has assessed the matter in the context of the proposed EU Digital Fairness Act. [71194/26]",Enterprise,the minister for enterprise tourism and employment his views on the impact of app based pricing in the grocery sector on older people and those without internet access and if his department has assessed the matter in the context of the proposed eu digital fairness act 71194 26,2026-10-08,written,153,71194/26,Ken O'Flynn,KEN O'FLYNN,en,"To ask the Minister for Enterprise, Tourism and Employment his views on the impact of app based pricing in the grocery sector on older people and those without internet access; and if his Department has assessed the matter in the context of the proposed EU Digital Fairness Act.","Enterprise, Tourism and Employment",657,659
"154. Deputy Ken O'Flynn asked the Minister for Enterprise, Tourism and Employment if he has received representations or data from the CCPC on consumer complaints relating to shelf price labelling where the displayed price applies only to loyalty app members; and whether current price display rules require such conditions to be clearly shown on shelf labels. [71193/26]",Enterprise,the minister for enterprise tourism and employment if he has received representations or data from the ccpc on consumer complaints relating to shelf price labelling where the displayed price applies only to loyalty app members and whether current price display rules require such conditions to be clearly shown on shelf labels 71193 26,2026-10-08,written,154,71193/26,Ken O'Flynn,KEN O'FLYNN,en,"To ask the Minister for Enterprise, Tourism and Employment if he has received representations or data from the CCPC on consumer complaints relating to shelf price labelling where the displayed price applies only to loyalty app members; and whether current price display rules require such conditions to be clearly shown on shelf labels.","Enterprise, Tourism and Employment",661,663
"155. Deputy Michael Murphy asked the Minister for Enterprise, Tourism and Employment if, in the context of the Action Plan to Promote Collective Bargaining 2026–2030, he intends to introduce measures to provide trade unions with reasonable access to workplaces for the purposes of communicating with and representing workers; the current status of discussions with ICTU and Ibec on this matter; the timeframe for their conclusion; and if he will consider legislation should agreement not be reached. [71182/26]",Enterprise,the minister for enterprise tourism and employment if in the context of the action plan to promote collective bargaining 2026 2030 he intends to introduce measures to provide trade unions with reasonable access to workplaces for the purposes of communicating with and representing workers the current status of discussions with ictu and ibec on this matter the timeframe for their conclusion and if he will consider legislation should agreement not be reached 71182 26,2026-10-08,written,155,71182/26,Michael Murphy,MICHAEL MURPHY,en,"To ask the Minister for Enterprise, Tourism and Employment if, in the context of the Action Plan to Promote Collective Bargaining 2026–2030, he intends to introduce measures to provide trade unions with reasonable access to workplaces for the purposes of communicating with and representing workers; the current status of discussions with ICTU and Ibec on this matter; the timeframe for their conclusion; and if he will consider legislation should agreement not be reached.","Enterprise, Tourism and Employment",665,667
"156. Deputy Michael Murphy asked the Minister for Enterprise, Tourism and Employment the measures being taken under the Action Plan to Promote Collective Bargaining to address circumstances where workers have chosen trade union representation but an employer declines to engage in collective bargaining or recognise that representation; if he is satisfied that the voluntary framework is sufficient to deliver a meaningful increase in collective bargaining coverage; if specific criteria or benchmarks have been established for assessing the effectiveness of that approach; and if legislation will be considered where voluntary engagement does not deliver progress. [71181/26]",Enterprise,the minister for enterprise tourism and employment the measures being taken under the action plan to promote collective bargaining to address circumstances where workers have chosen trade union representation but an employer declines to engage in collective bargaining or recognise that representation if he is satisfied that the voluntary framework is sufficient to deliver a meaningful increase in collective bargaining coverage if specific criteria or benchmarks have been established for assessing the effectiveness of that approach and if legislation will be considered where voluntary engagement does not deliver progress 71181 26,2026-10-08,written,156,71181/26,Michael Murphy,MICHAEL MURPHY,en,"To ask the Minister for Enterprise, Tourism and Employment the measures being taken under the Action Plan to Promote Collective Bargaining to address circumstances where workers have chosen trade union representation but an employer declines to engage in collective bargaining or recognise that representation; if he is satisfied that the voluntary framework is sufficient to deliver a meaningful increase in collective bargaining coverage; if specific criteria or benchmarks have been established for assessing the effectiveness of that approach; and if legislation will be considered where voluntary engagement does not deliver progress.","Enterprise, Tourism and Employment",669,671
"157. Deputy Malcolm Byrne asked the Minister for Enterprise, Tourism and Employment to outline the progress in increasing Ireland's investment in research and development, to improve Ireland's manufacturing and services output. [71170/26]",Enterprise,the minister for enterprise tourism and employment the progress in increasing ireland s investment in research and development to improve ireland s manufacturing and services output 71170 26,2026-10-08,written,157,71170/26,Malcolm Byrne,MALCOLM BYRNE,en,"To ask the Minister for Enterprise, Tourism and Employment to outline the progress in increasing Ireland's investment in research and development, to improve Ireland's manufacturing and services output.","Enterprise, Tourism and Employment",673,675
"158. Deputy Sinéad Gibney asked the Minister for Enterprise, Tourism and Employment the access consultants within his Department have to high level meetings such as the EU AI Board; if they are given access to meeting documentation for such meetings; and if they are given the full status to engage as members of the board at these meetings. [71276/26]",Enterprise,the minister for enterprise tourism and employment the access consultants within his department have to high level meetings such as the eu ai board if they are given access to meeting documentation for such meetings and if they are given the full status to engage as members of the board at these meetings 71276 26,2026-10-08,written,158,71276/26,Sinéad Gibney,SINÉAD GIBNEY,en,"To ask the Minister for Enterprise, Tourism and Employment the access consultants within his Department have to high level meetings such as the EU AI Board; if they are given access to meeting documentation for such meetings; and if they are given the full status to engage as members of the board at these meetings.","Enterprise, Tourism and Employment",677,679
"159. Deputy Sinéad Gibney asked the Minister for Enterprise, Tourism and Employment the contingency plan in place for the AI summit on 14 October 2026 should strike action in the public service go ahead. [71273/26]",Enterprise,the minister for enterprise tourism and employment the contingency plan in place for the ai summit on 14 october 2026 should strike action in the public service go ahead 71273 26,2026-10-08,written,159,71273/26,Sinéad Gibney,SINÉAD GIBNEY,en,"To ask the Minister for Enterprise, Tourism and Employment the contingency plan in place for the AI summit on 14 October 2026 should strike action in the public service go ahead.","Enterprise, Tourism and Employment",681,683
"160. Deputy Sinéad Gibney asked the Minister for Enterprise, Tourism and Employment whether job specifications were drawn up for the roles of consultants prior to their work commencing in his Department; and if the job specifications will be shared. [71287/26]",Enterprise,the minister for enterprise tourism and employment whether job specifications were drawn up for the roles of consultants prior to their work commencing in his department and if the job specifications will be shared 71287 26,2026-10-08,written,160,71287/26,Sinéad Gibney,SINÉAD GIBNEY,en,"To ask the Minister for Enterprise, Tourism and Employment whether job specifications were drawn up for the roles of consultants prior to their work commencing in his Department; and if the job specifications will be shared.","Enterprise, Tourism and Employment",685,687
"161. Deputy Sinéad Gibney asked the Minister for Enterprise, Tourism and Employment the details of tendering processes which took place to appoint consultants who perform work on the AI office policy unit within his Department; and if, any such tendering process took place to appoint consultants within his Department to work on AI policy. [71284/26]",Enterprise,the minister for enterprise tourism and employment the details of tendering processes which took place to appoint consultants who perform work on the ai office policy unit within his department and if any such tendering process took place to appoint consultants within his department to work on ai policy 71284 26,2026-10-08,written,161,71284/26,Sinéad Gibney,SINÉAD GIBNEY,en,"To ask the Minister for Enterprise, Tourism and Employment the details of tendering processes which took place to appoint consultants who perform work on the AI office policy unit within his Department; and if, any such tendering process took place to appoint consultants within his Department to work on AI policy.","Enterprise, Tourism and Employment",689,691
"162. Deputy Sinéad Gibney asked the Minister for Enterprise, Tourism and Employment if consultants working on AI policy teams and digital policy teams within his Department are being paid by his Department, or if they are being paid by their firms. [71282/26]",Enterprise,the minister for enterprise tourism and employment if consultants working on ai policy teams and digital policy teams within his department are being paid by his department or if they are being paid by their firms 71282 26,2026-10-08,written,162,71282/26,Sinéad Gibney,SINÉAD GIBNEY,en,"To ask the Minister for Enterprise, Tourism and Employment if consultants working on AI policy teams and digital policy teams within his Department are being paid by his Department, or if they are being paid by their firms.","Enterprise, Tourism and Employment",693,695
"163. Deputy Sinéad Gibney asked the Minister for Enterprise, Tourism and Employment the guardrails that are in place to prevent and manage conflict of interest in the use of external consultants within his Department. [71291/26]",Enterprise,the minister for enterprise tourism and employment the guardrails that are in place to prevent and manage conflict of interest in the use of external consultants within his department 71291 26,2026-10-08,written,163,71291/26,Sinéad Gibney,SINÉAD GIBNEY,en,"To ask the Minister for Enterprise, Tourism and Employment the guardrails that are in place to prevent and manage conflict of interest in the use of external consultants within his Department.","Enterprise, Tourism and Employment",697,699
"164. Deputy Sinéad Gibney asked the Minister for Enterprise, Tourism and Employment when consultants working in the digital and AI sections of his Department are attending external meetings alongside Department officials, if it is made clear to those at said meetings that these consultants are not civil servants. [71278/26]",Enterprise,the minister for enterprise tourism and employment when consultants working in the digital and ai sections of his department are attending external meetings alongside department officials if it is made clear to those at said meetings that these consultants are not civil servants 71278 26,2026-10-08,written,164,71278/26,Sinéad Gibney,SINÉAD GIBNEY,en,"To ask the Minister for Enterprise, Tourism and Employment when consultants working in the digital and AI sections of his Department are attending external meetings alongside Department officials, if it is made clear to those at said meetings that these consultants are not civil servants.","Enterprise, Tourism and Employment",701,703
"165. Deputy Aidan Farrelly asked the Minister for Enterprise, Tourism and Employment the number of protected disclosures received by his Department in each of the years 2019 to date in 2026, in tabular form; if an external contractor has been engaged regarding a protected disclosure over that time period; if so, the cost of same; and the number of protected disclosures that were rejected, accepted and that remain under review for the time period in question. [71317/26]",Enterprise,the minister for enterprise tourism and employment the number of protected disclosures received by his department in each of the years 2019 to date in 2026 in tabular form if an external contractor has been engaged regarding a protected disclosure over that time period if so the cost of same and the number of protected disclosures that were rejected accepted and that remain under review for the time period in question 71317 26,2026-10-08,written,165,71317/26,Aidan Farrelly,AIDAN FARRELLY,en,"To ask the Minister for Enterprise, Tourism and Employment the number of protected disclosures received by his Department in each of the years 2019 to date in 2026, in tabular form; if an external contractor has been engaged regarding a protected disclosure over that time period; if so, the cost of same; and the number of protected disclosures that were rejected, accepted and that remain under review for the time period in question.","Enterprise, Tourism and Employment",705,707
"166. Deputy Malcolm Byrne asked the Minister for Enterprise, Tourism and Employment the measures in place to encourage pension funds to invest in start-up companies in Ireland; and if he would consider measures to support same. [71161/26]",Enterprise,the minister for enterprise tourism and employment the measures in place to encourage pension funds to invest in start-up companies in ireland and if he would consider measures to support same 71161 26,2026-10-08,written,166,71161/26,Malcolm Byrne,MALCOLM BYRNE,en,"To ask the Minister for Enterprise, Tourism and Employment the measures in place to encourage pension funds to invest in start-up companies in Ireland; and if he would consider measures to support same.","Enterprise, Tourism and Employment",709,711
167. Deputy Willie O'Dea asked the Minister for Education and Youth when a decision will be made on an application for additional accommodation by a school (details supplied). [71044/26],Education,the minister for education and youth when a decision will be made on an application for additional accommodation by a school details supplied 71044 26,2026-10-08,written,167,71044/26,Willie O'Dea,WILLIE O'DEA,en,To ask the Minister for Education and Youth when a decision will be made on an application for additional accommodation by a school (details supplied).,Education and Youth,716,718
168. Deputy John Paul O'Shea asked the Minister for Education and Youth if she will outline if special classes will be provided for secondary schools pupils in the Kanturk area of North Cork for the 2027/2028 school year. [71082/26],Education,the minister for education and youth if she will outline if special classes will be provided for secondary schools pupils in the kanturk area of north cork for the 2027 2028 school year 71082 26,2026-10-08,written,168,71082/26,John Paul O'Shea,JOHN PAUL O'SHEA,en,To ask the Minister for Education and Youth if she will outline if special classes will be provided for secondary schools pupils in the Kanturk area of North Cork for the 2027/2028 school year.,Education and Youth,720,722
"169. Deputy Ken O'Flynn asked the Minister for Education and Youth to set out the legal obligations on recognised schools and boards of management to provide reasonable accommodation where a prescribed school uniform is unsuitable for a child due to disability, additional needs, medical condition or other circumstances outside the child’s control; and to set out the mechanisms available to parents where a school refuses such accommodation, including any right of complaint, review or independent redress. [71101/26]",Education,the minister for education and youth to set out the legal obligations on recognised schools and boards of management to provide reasonable accommodation where a prescribed school uniform is unsuitable for a child due to disability additional needs medical condition or other circumstances outside the child s control and to set out the mechanisms available to parents where a school refuses such accommodation including any right of complaint review or independent redress 71101 26,2026-10-08,written,169,71101/26,Ken O'Flynn,KEN O'FLYNN,en,"To ask the Minister for Education and Youth to set out the legal obligations on recognised schools and boards of management to provide reasonable accommodation where a prescribed school uniform is unsuitable for a child due to disability, additional needs, medical condition or other circumstances outside the child’s control; and to set out the mechanisms available to parents where a school refuses such accommodation, including any right of complaint, review or independent redress.",Education and Youth,724,726
"170. Deputy Aidan Farrelly asked the Minister for Education and Youth the reason her Department is collecting youth service waiting list data when ETBs are required to undertake area profile, needs assessment and service requirement analyses; the difference from the Department’s perspective; and if she will make a statement on the matter. [71077/26]",Education,the minister for education and youth the reason her department is collecting youth service waiting list data when etbs are required to undertake area profile needs assessment and service requirement analyses the difference from the department s perspective and 71077 26,2026-10-08,written,170,71077/26,Aidan Farrelly,AIDAN FARRELLY,en,"To ask the Minister for Education and Youth the reason her Department is collecting youth service waiting list data when ETBs are required to undertake area profile, needs assessment and service requirement analyses; the difference from the Department’s perspective; and if she will make a statement on the matter.",Education and Youth,728,730
"171. Deputy Aidan Farrelly asked the Minister for Education and Youth if she can provide detailed information, broken down on an ETB by ETB basis, the information or data that has been received in respect of youth service waiting lists; if she can provide, broken down on an ETB by ETB basis, as per the youth organisations that have this information available; the waiting lists levels exist; the number of youth organisations that have a waiting list policy; and if she will make a statement on the matter. [71075/26]",Education,the minister for education and youth if she can provide detailed information broken down on an etb by etb basis the information or data that has been received in respect of youth service waiting lists if she can provide broken down on an etb by etb basis as per the youth organisations that have this information available the waiting lists levels exist the number of youth organisations that have a waiting list policy and 71075 26,2026-10-08,written,171,71075/26,Aidan Farrelly,AIDAN FARRELLY,en,"To ask the Minister for Education and Youth if she can provide detailed information, broken down on an ETB by ETB basis, the information or data that has been received in respect of youth service waiting lists; if she can provide, broken down on an ETB by ETB basis, as per the youth organisations that have this information available; the waiting lists levels exist; the number of youth organisations that have a waiting list policy; and if she will make a statement on the matter.",Education and Youth,732,734
172. Deputy Aidan Farrelly asked the Minister for Education and Youth if she can provide details of an exercise undertaken by her Department earlier this year on youth service waiting lists; the reason she was collecting this data; and if she will make a statement on the matter. [71073/26],Education,the minister for education and youth if she can provide details of an exercise undertaken by her department earlier this year on youth service waiting lists the reason she was collecting this data and 71073 26,2026-10-08,written,172,71073/26,Aidan Farrelly,AIDAN FARRELLY,en,To ask the Minister for Education and Youth if she can provide details of an exercise undertaken by her Department earlier this year on youth service waiting lists; the reason she was collecting this data; and if she will make a statement on the matter.,Education and Youth,736,738
"173. Deputy Ken O'Flynn asked the Minister for Education and Youth the formal avenues available to a parent where a recognised school or Board of Management refuses to provide reasonable accommodation for a child with a disability or additional need in relation to a school uniform; whether such a refusal may be challenged through the school’s complaints process, the patron, the Ombudsman for Children, the Workplace Relations Commission or any other statutory mechanism; and if she will set out the applicable process and legal basis for each avenue. [71102/26]",Education,the minister for education and youth the formal avenues available to a parent where a recognised school or board of management refuses to provide reasonable accommodation for a child with a disability or additional need a school uniform whether such a refusal may be challenged through the school s complaints process the patron the ombudsman for children the workplace relations commission or any other statutory mechanism and if she will set out the applicable process and legal basis for each avenue 71102 26,2026-10-08,written,173,71102/26,Ken O'Flynn,KEN O'FLYNN,en,"To ask the Minister for Education and Youth the formal avenues available to a parent where a recognised school or Board of Management refuses to provide reasonable accommodation for a child with a disability or additional need in relation to a school uniform; whether such a refusal may be challenged through the school’s complaints process, the patron, the Ombudsman for Children, the Workplace Relations Commission or any other statutory mechanism; and if she will set out the applicable process and legal basis for each avenue.",Education and Youth,740,742
174. Deputy Michael Cahill asked the Minister for Education and Youth to address issues raised in correspondence (details supplied); to provide a full and comprehensive school care plan in this case; and if she will make a statement on the matter. [71118/26],Education,the minister for education and youth to address issues raised in correspondence details supplied to provide a full and comprehensive school care plan in this case and 71118 26,2026-10-08,written,174,71118/26,Michael Cahill,MICHAEL CAHILL,en,To ask the Minister for Education and Youth to address issues raised in correspondence (details supplied); to provide a full and comprehensive school care plan in this case; and if she will make a statement on the matter.,Education and Youth,744,746
"175. Deputy Ryan O'Meara asked the Minister for Education and Youth to provide a county by county breakdown of the number of pupils availing of the school transport scheme for special schools, in tabular form. [71117/26]",Education,the minister for education and youth to provide a county by county breakdown of the number of pupils availing of the school transport scheme for special schools in tabular form 71117 26,2026-10-08,written,175,71117/26,Ryan O'Meara,RYAN O'MEARA,en,"To ask the Minister for Education and Youth to provide a county by county breakdown of the number of pupils availing of the school transport scheme for special schools, in tabular form.",Education and Youth,748,750
"176. Deputy Donna Mcgettigan asked the Minister for Education and Youth when a pupil (details supplied) will receive the SNA support they need as per Special Education Circular 0032/2026, which their school has applied for, and which has been recommended for them. [71132/26]",Education,the minister for education and youth when a pupil details supplied will receive the sna support they need as per special education circular 0032 2026 which their school has applied for and which has been recommended for them 71132 26,2026-10-08,written,176,71132/26,Donna Mcgettigan,DONNA MCGETTIGAN,en,"To ask the Minister for Education and Youth when a pupil (details supplied) will receive the SNA support they need as per Special Education Circular 0032/2026, which their school has applied for, and which has been recommended for them.",Education and Youth,752,754
"177. Deputy Louis O'Hara asked the Minister for Education and Youth further to Parliamentary Question No. 69574/26, to provide details of the remaining 'elements being finalised by the Design Team'; and whether they relate to the pre-commencement/planning matters. [71151/26]",Education,the minister for education and youth further to parliamentary question no 69574 26 of the remaining elements being finalised by the design team and whether they relate to the pre-commencement planning matters 71151 26,2026-10-08,written,177,71151/26,Louis O'Hara,LOUIS O'HARA,en,"To ask the Minister for Education and Youth further to Parliamentary Question No. 69574/26, to provide details of the remaining 'elements being finalised by the Design Team'; and whether they relate to the pre-commencement/planning matters.",Education and Youth,756,758
"178. Deputy Darren O'Rourke asked the Minister for Education and Youth to clarify the relationship between her Department’s collection of youth service waiting-list data and the national youth services mapping project (details supplied); whether the waiting-list information collected will be incorporated into, or used to inform, this mapping project; the way in which this information will inform future planning and funding decisions; the person or body that will have access to the data and at the level of detail; and whether the resulting information or mapping will be made available to ETBs, youth organisations and the public. [71146/26]",Education,the minister for education and youth to clarify the relationship between her department s collection of youth service waiting-list data and the national youth services mapping project details supplied whether the waiting-list information collected will be incorporated into or used to inform this mapping project the way in which this information will inform future planning and funding decisions the person or body that will have access to the data and at the level of detail and whether the resulting information or mapping will be made available to etbs youth organisations and the public 71146 26,2026-10-08,written,178,71146/26,Darren O'Rourke,DARREN O'ROURKE,en,"To ask the Minister for Education and Youth to clarify the relationship between her Department’s collection of youth service waiting-list data and the national youth services mapping project (details supplied); whether the waiting-list information collected will be incorporated into, or used to inform, this mapping project; the way in which this information will inform future planning and funding decisions; the person or body that will have access to the data and at the level of detail; and whether the resulting information or mapping will be made available to ETBs, youth organisations and the public.",Education and Youth,760,762
"179. Deputy Darren O'Rourke asked the Minister for Education and Youth the rationale for her Department separately collecting data on waiting lists for youth services, given the role of ETBs in undertaking area profile, needs assessment and service requirement analyses; and to clarify the way in which her Department’s collection and use of waiting-list data differs from, or complements, these processes. [71144/26]",Education,the minister for education and youth the rationale for her department separately collecting data on waiting lists for youth services given the role of etbs in undertaking area profile needs assessment and service requirement analyses and to clarify the way in which her department s collection and use of waiting-list data differs from or complements these processes 71144 26,2026-10-08,written,179,71144/26,Darren O'Rourke,DARREN O'ROURKE,en,"To ask the Minister for Education and Youth the rationale for her Department separately collecting data on waiting lists for youth services, given the role of ETBs in undertaking area profile, needs assessment and service requirement analyses; and to clarify the way in which her Department’s collection and use of waiting-list data differs from, or complements, these processes.",Education and Youth,764,766
"180. Deputy Darren O'Rourke asked the Minister for Education and Youth to provide details of the information received by her Department in respect of waiting lists for youth services on an ETB-by-ETB basis; to provide, where available, the number of young people on waiting lists, broken down by ETB and youth organisation; and the number of youth organisations that operate a waiting-list policy. [71143/26]",Education,the minister for education and youth of the information received by her department in respect of waiting lists for youth services on an etb-by-etb basis to provide where available the number of young people on waiting lists broken down by etb and youth organisation and the number of youth organisations that operate a waiting-list policy 71143 26,2026-10-08,written,180,71143/26,Darren O'Rourke,DARREN O'ROURKE,en,"To ask the Minister for Education and Youth to provide details of the information received by her Department in respect of waiting lists for youth services on an ETB-by-ETB basis; to provide, where available, the number of young people on waiting lists, broken down by ETB and youth organisation; and the number of youth organisations that operate a waiting-list policy.",Education and Youth,768,770
"181. Deputy Darren O'Rourke asked the Minister for Education and Youth to provide details of the exercise undertaken by her Department earlier in 2026, in relation to waiting lists for youth services; the purpose of collecting this information; and the way in which the information is intended to be used. [71142/26]",Education,the minister for education and youth of the exercise undertaken by her department earlier in 2026 waiting lists for youth services the purpose of collecting this information and the way in which the information is intended to be used 71142 26,2026-10-08,written,181,71142/26,Darren O'Rourke,DARREN O'ROURKE,en,"To ask the Minister for Education and Youth to provide details of the exercise undertaken by her Department earlier in 2026, in relation to waiting lists for youth services; the purpose of collecting this information; and the way in which the information is intended to be used.",Education and Youth,772,774
182. Deputy Matt Carthy asked the Minister for Education and Youth if emergency capital funding will be fast-tracked for a school in County Cavan (details supplied); and if the ongoing plumbing and electrical deterioration caused by severe overcrowding will be addressed. [71179/26],Education,the minister for education and youth if emergency capital funding will be fast-tracked for a school in county cavan details supplied and if the ongoing plumbing and electrical deterioration caused by severe overcrowding will be addressed 71179 26,2026-10-08,written,182,71179/26,Matt Carthy,MATT CARTHY,en,To ask the Minister for Education and Youth if emergency capital funding will be fast-tracked for a school in County Cavan (details supplied); and if the ongoing plumbing and electrical deterioration caused by severe overcrowding will be addressed.,Education and Youth,776,778
183. Deputy Matt Carthy asked the Minister for Education and Youth the status of the additional accommodation scheme application by a school in County Cavan (details supplied); and the reason this project has not yet progressed to the tender and construction phases. [71178/26],Education,the minister for education and youth the status of the additional accommodation scheme application by a school in county cavan details supplied and the reason this project has not yet progressed to the tender and construction phases 71178 26,2026-10-08,written,183,71178/26,Matt Carthy,MATT CARTHY,en,To ask the Minister for Education and Youth the status of the additional accommodation scheme application by a school in County Cavan (details supplied); and the reason this project has not yet progressed to the tender and construction phases.,Education and Youth,780,782
"184. Deputy Niamh Smyth asked the Minister for Education and Youth further to PQ 66293/26, if she will provide an update on the matter. [71230/26]",Education,the minister for education and youth further to pq 66293 26 if she will provide an update on the matter 71230 26,2026-10-08,written,184,71230/26,Niamh Smyth,NIAMH SMYTH,en,"To ask the Minister for Education and Youth further to PQ 66293/26, if she will provide an update on the matter.",Education and Youth,784,786
"185. Deputy Seán Ó Fearghaíl asked the Minister for Education and Youth if she will intervene in the case of a child (details supplied) without a primary school place following the disallowance of a Section 29 appeal, resulting in significant transport and financial difficulties for the family; and the actions she is taking to secure a suitable school place locally or within a reasonable distance of the family home. [71164/26]",Education,the minister for education and youth if she will intervene in the case of a child details supplied without a primary school place following the disallowance of a section 29 appeal resulting in significant transport and financial difficulties for the family and the actions she is taking to secure a suitable school place locally or within a reasonable distance of the family home 71164 26,2026-10-08,written,185,71164/26,Seán Ó Fearghaíl,SEÁN Ó FEARGHAÍL,en,"To ask the Minister for Education and Youth if she will intervene in the case of a child (details supplied) without a primary school place following the disallowance of a Section 29 appeal, resulting in significant transport and financial difficulties for the family; and the actions she is taking to secure a suitable school place locally or within a reasonable distance of the family home.",Education and Youth,788,790
"186. Deputy Seán Ó Fearghaíl asked the Minister for Education and Youth further to Parliamentary Question No. 67853/26 if she will outline the specific educational placement and support options currently available to the child concerned; if a suitable school place has been identified for the 2026/27 school year; if not, the steps being taken to secure an appropriate placement, and the timeframe within which the child's family can expect a resolution. [71160/26]",Education,the minister for education and youth further to parliamentary question no 67853 26 if she will outline the specific educational placement and support options currently available to the child concerned if a suitable school place has been identified for the 2026 27 school year if not the steps being taken to secure an appropriate placement and the timeframe within which the child s family can expect a resolution 71160 26,2026-10-08,written,186,71160/26,Seán Ó Fearghaíl,SEÁN Ó FEARGHAÍL,en,"To ask the Minister for Education and Youth further to Parliamentary Question No. 67853/26 if she will outline the specific educational placement and support options currently available to the child concerned; if a suitable school place has been identified for the 2026/27 school year; if not, the steps being taken to secure an appropriate placement, and the timeframe within which the child's family can expect a resolution.",Education and Youth,792,794
187. Deputy Ruth Coppinger asked the Minister for Education and Youth to consider ensuring that her Department makes and communicates the decision to allow those on career break or a shorter working week are allowed to substitute during the school year 2027/2028 before February 2027. [71153/26],Education,the minister for education and youth to consider ensuring that her department makes and communicates the decision to allow those on career break or a shorter working week are allowed to substitute during the school year 2027 2028 before february 2027 71153 26,2026-10-08,written,187,71153/26,Ruth Coppinger,RUTH COPPINGER,en,To ask the Minister for Education and Youth to consider ensuring that her Department makes and communicates the decision to allow those on career break or a shorter working week are allowed to substitute during the school year 2027/2028 before February 2027.,Education and Youth,796,798
"188. Deputy Aidan Farrelly asked the Minister for Education and Youth the number of protected disclosures received by her Department in each of the years 2019 to date in 2026, in tabular form; if an external contractor has been engaged regarding a protected disclosure over that time period; if so, the cost of same; and the number of protected disclosures that were rejected, accepted and that remain under review for the time period in question. [71316/26]",Education,the minister for education and youth the number of protected disclosures received by her department in each of the years 2019 to date in 2026 in tabular form if an external contractor has been engaged regarding a protected disclosure over that time period if so the cost of same and the number of protected disclosures that were rejected accepted and that remain under review for the time period in question 71316 26,2026-10-08,written,188,71316/26,Aidan Farrelly,AIDAN FARRELLY,en,"To ask the Minister for Education and Youth the number of protected disclosures received by her Department in each of the years 2019 to date in 2026, in tabular form; if an external contractor has been engaged regarding a protected disclosure over that time period; if so, the cost of same; and the number of protected disclosures that were rejected, accepted and that remain under review for the time period in question.",Education and Youth,800,802
189. Deputy Jen Cummins asked the Minister for Education and Youth her plans to continue funding the WALK peer programme. [71052/26],Education,the minister for education and youth her plans to continue funding the walk peer programme 71052 26,2026-10-08,written,189,71052/26,Jen Cummins,JEN CUMMINS,en,To ask the Minister for Education and Youth her plans to continue funding the WALK peer programme.,Education and Youth,804,806
"190. Deputy Barry Heneghan asked the Minister for Culture, Communications and Sport the funding provided each year to a programme (details supplied). [71040/26]",Culture,the minister for culture communications and sport the funding provided each year to a programme details supplied 71040 26,2026-10-08,written,190,71040/26,Barry Heneghan,BARRY HENEGHAN,en,"To ask the Minister for Culture, Communications and Sport the funding provided each year to a programme (details supplied).","Culture, Communications and Sport",811,813
"191. Deputy Ciarán Ahern asked the Minister for Culture, Communications and Sport if he will expedite a review of the An Post pension scheme and the cap currently in place given it has recovered from a deficit and has been acknowledged as being in ""rude health"" by An Post. [71116/26]",Culture,the minister for culture communications and sport if he will expedite a review of the an post pension scheme and the cap currently in place given it has recovered from a deficit and has been acknowledged as being in rude health by an post 71116 26,2026-10-08,written,191,71116/26,Ciarán Ahern,CIARÁN AHERN,en,"To ask the Minister for Culture, Communications and Sport if he will expedite a review of the An Post pension scheme and the cap currently in place given it has recovered from a deficit and has been acknowledged as being in ""rude health"" by An Post.","Culture, Communications and Sport",815,817
"192. Deputy Aidan Farrelly asked the Minister for Culture, Communications and Sport the number of TV licences sold for the first nine months this year and a monthly breakdown of sales for each of the years 2023, 2024, 2025 and to date in 2026, in tabular form; if he will make a statement on the matter. [71233/26]",Culture,the minister for culture communications and sport the number of tv licences sold for the first nine months this year and a monthly breakdown of sales for each of the years 2023 2024 2025 and to date in 2026 in tabular form 71233 26,2026-10-08,written,192,71233/26,Aidan Farrelly,AIDAN FARRELLY,en,"To ask the Minister for Culture, Communications and Sport the number of TV licences sold for the first nine months this year and a monthly breakdown of sales for each of the years 2023, 2024, 2025 and to date in 2026, in tabular form; if he will make a statement on the matter.","Culture, Communications and Sport",819,821
"193. Deputy Aidan Farrelly asked the Minister for Culture, Communications and Sport the amount in totals over €20,000 spent by his Department and agencies under its aegis to third parties in connection with the hosting of a sport event (details supplied) in 2025 and 2026, in tabular form. [71246/26]",Culture,the minister for culture communications and sport the amount in totals over 20 000 spent by his department and agencies under its aegis to third parties in connection with the hosting of a sport event details supplied in 2025 and 2026 in tabular form 71246 26,2026-10-08,written,193,71246/26,Aidan Farrelly,AIDAN FARRELLY,en,"To ask the Minister for Culture, Communications and Sport the amount in totals over €20,000 spent by his Department and agencies under its aegis to third parties in connection with the hosting of a sport event (details supplied) in 2025 and 2026, in tabular form.","Culture, Communications and Sport",823,825
"194. Deputy Aidan Farrelly asked the Minister for Culture, Communications and Sport if he will provide a schedule of the meetings and correspondences he has had with the Board of RTÉ, the chair of RTÉ and the Director General of RTÉ this year to date; and the main topics discussed. [71236/26]",Culture,the minister for culture communications and sport if he will provide a schedule of the meetings and correspondences he has had with the board of rté the chair of rté and the director general of rté this year to date and the main topics discussed 71236 26,2026-10-08,written,194,71236/26,Aidan Farrelly,AIDAN FARRELLY,en,"To ask the Minister for Culture, Communications and Sport if he will provide a schedule of the meetings and correspondences he has had with the Board of RTÉ, the chair of RTÉ and the Director General of RTÉ this year to date; and the main topics discussed.","Culture, Communications and Sport",827,829
"195. Deputy Aidan Farrelly asked the Minister for Culture, Communications and Sport if he will provide an update on the report received earlier this year on the technical group on the reform and enhancement of the TV licence system; its main recommendations; when it will be published; and when he will take action on foot of the report's recommendations. [71234/26]",Culture,the minister for culture communications and sport if he will provide an update on the report received earlier this year on the technical group on the reform and enhancement of the tv licence system its main recommendations when it will be published and when he will take action on foot of the report s recommendations 71234 26,2026-10-08,written,195,71234/26,Aidan Farrelly,AIDAN FARRELLY,en,"To ask the Minister for Culture, Communications and Sport if he will provide an update on the report received earlier this year on the technical group on the reform and enhancement of the TV licence system; its main recommendations; when it will be published; and when he will take action on foot of the report's recommendations.","Culture, Communications and Sport",831,833
"196. Deputy Aidan Farrelly asked the Minister for Culture, Communications and Sport the amount (in totals over €20,000) paid out by his Department and agencies under its aegis to third parties (details supplied), in tabular form. [71244/26]",Culture,the minister for culture communications and sport the amount in totals over 20 000 paid out by his department and agencies under its aegis to third parties details supplied in tabular form 71244 26,2026-10-08,written,196,71244/26,Aidan Farrelly,AIDAN FARRELLY,en,"To ask the Minister for Culture, Communications and Sport the amount (in totals over €20,000) paid out by his Department and agencies under its aegis to third parties (details supplied), in tabular form.","Culture, Communications and Sport",835,837
"197. Deputy Aidan Farrelly asked the Minister for Culture, Communications and Sport the amount (in totals over €20,000) paid out by the Department and agencies under its aegis to third parties in connection with an event (details supplied), in tabular form. [71242/26]",Culture,the minister for culture communications and sport the amount in totals over 20 000 paid out by the department and agencies under its aegis to third parties in connection with an event details supplied in tabular form 71242 26,2026-10-08,written,197,71242/26,Aidan Farrelly,AIDAN FARRELLY,en,"To ask the Minister for Culture, Communications and Sport the amount (in totals over €20,000) paid out by the Department and agencies under its aegis to third parties in connection with an event (details supplied), in tabular form.","Culture, Communications and Sport",839,841
"198. Deputy Aidan Farrelly asked the Minister for Culture, Communications and Sport the number of protected disclosures received by his Department in each of the years 2019 to date in 2026, in tabular form; if an external contractor has been engaged regarding a protected disclosure over that time period; if so, the cost of same; and the number of protected disclosures that were rejected, accepted and that remain under review for the time period in question. [71315/26]",Culture,the minister for culture communications and sport the number of protected disclosures received by his department in each of the years 2019 to date in 2026 in tabular form if an external contractor has been engaged regarding a protected disclosure over that time period if so the cost of same and the number of protected disclosures that were rejected accepted and that remain under review for the time period in question 71315 26,2026-10-08,written,198,71315/26,Aidan Farrelly,AIDAN FARRELLY,en,"To ask the Minister for Culture, Communications and Sport the number of protected disclosures received by his Department in each of the years 2019 to date in 2026, in tabular form; if an external contractor has been engaged regarding a protected disclosure over that time period; if so, the cost of same; and the number of protected disclosures that were rejected, accepted and that remain under review for the time period in question.","Culture, Communications and Sport",843,845
"199. Deputy Séamus Mcgrath asked the Minister for Housing, Local Government and Heritage the number of times in the past 12 months in each local authority area the fire brigade attended a bonfire. [71065/26]",Housing,the minister for housing local government and heritage the number of times in the past 12 months in each local authority area the fire brigade attended a bonfire 71065 26,2026-10-08,written,199,71065/26,Séamus Mcgrath,SÉAMUS MCGRATH,en,"To ask the Minister for Housing, Local Government and Heritage the number of times in the past 12 months in each local authority area the fire brigade attended a bonfire.","Housing, Local Government and Heritage",850,852
"200. Deputy Séamus Mcgrath asked the Minister for Housing, Local Government and Heritage the estimated cost of repair works cost in relation to bonfires in each local authority area, in the past 12 months. [71064/26]",Housing,the minister for housing local government and heritage the estimated cost of repair works cost bonfires in each local authority area in the past 12 months 71064 26,2026-10-08,written,200,71064/26,Séamus Mcgrath,SÉAMUS MCGRATH,en,"To ask the Minister for Housing, Local Government and Heritage the estimated cost of repair works cost in relation to bonfires in each local authority area, in the past 12 months.","Housing, Local Government and Heritage",854,856
"201. Deputy Conor D. Mcguinness asked the Minister for Housing, Local Government and Heritage the reason the national standard operating procedure for the Irish Fire Service is that the fire service do not routinely call An Garda Síochána to every report of a fire they receive. [71029/26]",Housing,the minister for housing local government and heritage the reason the national standard operating procedure for the irish fire service is that the fire service do not routinely call an garda síochána to every report of a fire they receive 71029 26,2026-10-08,written,201,71029/26,Conor D. Mcguinness,CONOR D. MCGUINNESS,en,"To ask the Minister for Housing, Local Government and Heritage the reason the national standard operating procedure for the Irish Fire Service is that the fire service do not routinely call An Garda Síochána to every report of a fire they receive.","Housing, Local Government and Heritage",858,860
"202. Deputy Seán Kyne asked the Minister for Housing, Local Government and Heritage his views that there should be a moratorium on new solar developments pending the publication of solar farm guidelines. [71090/26]",Housing,the minister for housing local government and heritage his views that there should be a moratorium on new solar developments pending the publication of solar farm guidelines 71090 26,2026-10-08,written,202,71090/26,Seán Kyne,SEÁN KYNE,en,"To ask the Minister for Housing, Local Government and Heritage his views that there should be a moratorium on new solar developments pending the publication of solar farm guidelines.","Housing, Local Government and Heritage",862,864
"203. Deputy Charles Ward asked the Minister for Housing, Local Government and Heritage when he expects to introduce the regulations necessary to operationalise the application for review of approved remediation option provided for under section 23 of the Defective Concrete Blocks (Amendment) Act 2025; the reasons for the delay in commencing these provisions; whether a draft of the proposed regulations has been prepared; and the anticipated application process for homeowners seeking a review. [71130/26]",Housing,the minister for housing local government and heritage when he expects to introduce the regulations necessary to operationalise the application for review of approved remediation option provided for under section 23 of the defective concrete blocks amendment act 2025 the reasons for the delay in commencing these provisions whether a draft of the proposed regulations has been prepared and the anticipated application process for homeowners seeking a review 71130 26,2026-10-08,written,203,71130/26,Charles Ward,CHARLES WARD,en,"To ask the Minister for Housing, Local Government and Heritage when he expects to introduce the regulations necessary to operationalise the application for review of approved remediation option provided for under section 23 of the Defective Concrete Blocks (Amendment) Act 2025; the reasons for the delay in commencing these provisions; whether a draft of the proposed regulations has been prepared; and the anticipated application process for homeowners seeking a review.","Housing, Local Government and Heritage",866,868
"204. Deputy Charles Ward asked the Minister for Housing, Local Government and Heritage the average waiting time currently experienced by applicants under the defective concrete blocks grant scheme for the scheduling and completion of core testing, broken down by local authority area; and if homeowners participating in the defective concrete blocks grant scheme who miss a scheduled core testing appointment are placed at the bottom of the waiting list for testing; if not, the procedures that apply where an appointment is missed, cancelled or requires rescheduling; and whether discretion is exercised in cases involving illness, family emergencies or other exceptional circumstances. [71128/26]",Housing,the minister for housing local government and heritage the average waiting time currently experienced by applicants under the defective concrete blocks grant scheme for the scheduling and completion of core testing broken down by local authority area and if homeowners participating in the defective concrete blocks grant scheme who miss a scheduled core testing appointment are placed at the bottom of the waiting list for testing if not the procedures that apply where an appointment is missed cancelled or requires rescheduling and whether discretion is exercised in cases involving illness family emergencies or other exceptional circumstances 71128 26,2026-10-08,written,204,71128/26,Charles Ward,CHARLES WARD,en,"To ask the Minister for Housing, Local Government and Heritage the average waiting time currently experienced by applicants under the defective concrete blocks grant scheme for the scheduling and completion of core testing, broken down by local authority area; and if homeowners participating in the defective concrete blocks grant scheme who miss a scheduled core testing appointment are placed at the bottom of the waiting list for testing; if not, the procedures that apply where an appointment is missed, cancelled or requires rescheduling; and whether discretion is exercised in cases involving illness, family emergencies or other exceptional circumstances.","Housing, Local Government and Heritage",870,872
"205. Deputy Darren O'Rourke asked the Minister for Housing, Local Government and Heritage if he plans to extend the first home scheme to second-hand houses. [71187/26]",Housing,the minister for housing local government and heritage if he plans to extend the first home scheme to second-hand houses 71187 26,2026-10-08,written,205,71187/26,Darren O'Rourke,DARREN O'ROURKE,en,"To ask the Minister for Housing, Local Government and Heritage if he plans to extend the first home scheme to second-hand houses.","Housing, Local Government and Heritage",874,876
"206. Deputy Ken O'Flynn asked the Minister for Housing, Local Government and Heritage the reason section 28 of the Water Services (No. 2) Act 2013, which provides that pension benefits for ex-local authority staff transferred to Uisce Éireann will be no more and no less favourable than those that would have applied had the employee remained in local authority employment, diverges significantly from the provision for “not less favourable conditions” (details supplied); and if he will make a statement on the matter. [71184/26]",Housing,the minister for housing local government and heritage the reason section 28 of the water services no 2 act 2013 which provides that pension benefits for ex-local authority staff transferred to uisce éireann will be no more and no less favourable than those that would have applied had the employee remained in local authority employment diverges significantly from the provision for not less favourable conditions details supplied and 71184 26,2026-10-08,written,206,71184/26,Ken O'Flynn,KEN O'FLYNN,en,"To ask the Minister for Housing, Local Government and Heritage the reason section 28 of the Water Services (No. 2) Act 2013, which provides that pension benefits for ex-local authority staff transferred to Uisce Éireann will be no more and no less favourable than those that would have applied had the employee remained in local authority employment, diverges significantly from the provision for “not less favourable conditions” (details supplied); and if he will make a statement on the matter.","Housing, Local Government and Heritage",878,880
"207. Deputy Ken O'Flynn asked the Minister for Housing, Local Government and Heritage to provide, for each local authority, the number of social housing allocations made in each of the years 2023, 2024, 2025 and to date in 2026, broken down by the citizenship of the main applicant Irish, other EU, UK, and non-EEA; and if he will make a statement on the matter. [71212/26]",Housing,the minister for housing local government and heritage to provide for each local authority the number of social housing allocations made in each of the years 2023 2024 2025 and to date in 2026 broken down by the citizenship of the main applicant irish other eu uk and non-eea and 71212 26,2026-10-08,written,207,71212/26,Ken O'Flynn,KEN O'FLYNN,en,"To ask the Minister for Housing, Local Government and Heritage to provide, for each local authority, the number of social housing allocations made in each of the years 2023, 2024, 2025 and to date in 2026, broken down by the citizenship of the main applicant Irish, other EU, UK, and non-EEA; and if he will make a statement on the matter.","Housing, Local Government and Heritage",882,884
"208. Deputy Ken O'Flynn asked the Minister for Housing, Local Government and Heritage to provide, for each local authority, the number of households qualified for social housing support in the most recent Summary of Social Housing Assessments, broken down by the citizenship of the main applicant Irish, other EU, UK, and non-EEA; and if he will make a statement on the matter. [71211/26]",Housing,the minister for housing local government and heritage to provide for each local authority the number of households qualified for social housing support in the most recent summary of social housing assessments broken down by the citizenship of the main applicant irish other eu uk and non-eea and 71211 26,2026-10-08,written,208,71211/26,Ken O'Flynn,KEN O'FLYNN,en,"To ask the Minister for Housing, Local Government and Heritage to provide, for each local authority, the number of households qualified for social housing support in the most recent Summary of Social Housing Assessments, broken down by the citizenship of the main applicant Irish, other EU, UK, and non-EEA; and if he will make a statement on the matter.","Housing, Local Government and Heritage",886,888
"209. Deputy Ken O'Flynn asked the Minister for Housing, Local Government and Heritage whether Irish citizenship is a requirement for eligibility for social housing support; whether any statutory provision, regulation or Departmental guidance permits or directs local authorities to give priority to Irish citizens in the allocation of social housing; and if he will make a statement on the matter. [71210/26]",Housing,the minister for housing local government and heritage whether irish citizenship is a requirement for eligibility for social housing support whether any statutory provision regulation or departmental guidance permits or directs local authorities to give priority to irish citizens in the allocation of social housing and 71210 26,2026-10-08,written,209,71210/26,Ken O'Flynn,KEN O'FLYNN,en,"To ask the Minister for Housing, Local Government and Heritage whether Irish citizenship is a requirement for eligibility for social housing support; whether any statutory provision, regulation or Departmental guidance permits or directs local authorities to give priority to Irish citizens in the allocation of social housing; and if he will make a statement on the matter.","Housing, Local Government and Heritage",890,892
"210. Deputy Ken O'Flynn asked the Minister for Housing, Local Government and Heritage the status of proposed legislation to set out lawful and habitual residence requirements for applicants for social housing support; the expected timeline for its enactment; and if he will make a statement on the matter. [71213/26]",Housing,the minister for housing local government and heritage the status of proposed legislation to set out lawful and habitual residence requirements for applicants for social housing support the expected timeline for its enactment and 71213 26,2026-10-08,written,210,71213/26,Ken O'Flynn,KEN O'FLYNN,en,"To ask the Minister for Housing, Local Government and Heritage the status of proposed legislation to set out lawful and habitual residence requirements for applicants for social housing support; the expected timeline for its enactment; and if he will make a statement on the matter.","Housing, Local Government and Heritage",894,896
"211. Deputy Matt Carthy asked the Minister for Housing, Local Government and Heritage if he will consider introducing a grace period or flexibility mechanism for self-builders under the temporary development contribution waiver scheme whose homes are currently under construction and well-advanced but face missing the 31 December 2026 completion deadline due to documented trade and construction delays. [71176/26]",Housing,the minister for housing local government and heritage if he will consider introducing a grace period or flexibility mechanism for self-builders under the temporary development contribution waiver scheme whose homes are currently under construction and well-advanced but face missing the 31 december 2026 completion deadline due to documented trade and construction delays 71176 26,2026-10-08,written,211,71176/26,Matt Carthy,MATT CARTHY,en,"To ask the Minister for Housing, Local Government and Heritage if he will consider introducing a grace period or flexibility mechanism for self-builders under the temporary development contribution waiver scheme whose homes are currently under construction and well-advanced but face missing the 31 December 2026 completion deadline due to documented trade and construction delays.","Housing, Local Government and Heritage",898,900
"212. Deputy Jennifer Whitmore asked the Minister for Housing, Local Government and Heritage to share the link for the national online GIS platform that his Department has developed to map the locations and relevant details of community support centres across the country [71264/26]",Housing,the minister for housing local government and heritage to share the link for the national online gis platform that his department has developed to map the locations and relevant details of community support centres across the country 71264 26,2026-10-08,written,212,71264/26,Jennifer Whitmore,JENNIFER WHITMORE,en,"To ask the Minister for Housing, Local Government and Heritage to share the link for the national online GIS platform that his Department has developed to map the locations and relevant details of community support centres across the country","Housing, Local Government and Heritage",902,904
"213. Deputy Ken O'Flynn asked the Minister for Housing, Local Government and Heritage further to Parliamentary Question No. 65798/26 of 1 October 2026, which stated that a Child Rights Impact Assessment was undertaken in developing the Child and Family Homelessness Action Plan, whether the assessment will be published; if not, the reason; and if he will make a statement on the matter. [71245/26]",Housing,the minister for housing local government and heritage further to parliamentary question no 65798 26 of 1 october 2026 which stated that a child rights impact assessment was undertaken in developing the child and family homelessness action plan whether the assessment will be published if not the reason and 71245 26,2026-10-08,written,213,71245/26,Ken O'Flynn,KEN O'FLYNN,en,"To ask the Minister for Housing, Local Government and Heritage further to Parliamentary Question No. 65798/26 of 1 October 2026, which stated that a Child Rights Impact Assessment was undertaken in developing the Child and Family Homelessness Action Plan, whether the assessment will be published; if not, the reason; and if he will make a statement on the matter.","Housing, Local Government and Heritage",906,908
"214. Deputy Malcolm Byrne asked the Minister for Housing, Local Government and Heritage the total amount provided to and drawn down by each local authority from his Department in each of the years from 2016 to 2025, inclusive, for the purpose of taking in charge housing estates or roads that were not in public ownership, in tabular form. [71329/26]",Housing,the minister for housing local government and heritage the total amount provided to and drawn down by each local authority from his department in each of the years from 2016 to 2025 inclusive for the purpose of taking in charge housing estates or roads that were not in public ownership in tabular form 71329 26,2026-10-08,written,214,71329/26,Malcolm Byrne,MALCOLM BYRNE,en,"To ask the Minister for Housing, Local Government and Heritage the total amount provided to and drawn down by each local authority from his Department in each of the years from 2016 to 2025, inclusive, for the purpose of taking in charge housing estates or roads that were not in public ownership, in tabular form.","Housing, Local Government and Heritage",910,912
"215. Deputy Maeve O'Connell asked the Minister for Housing, Local Government and Heritage for an update on the progress of the Working Group tasked with the removal of the prohibition of pets in social and AHB housing; and when this work will be completed. [71326/26]",Housing,the minister for housing local government and heritage for an update on the progress of the working group tasked with the removal of the prohibition of pets in social and ahb housing and when this work will be completed 71326 26,2026-10-08,written,215,71326/26,Maeve O'Connell,MAEVE O'CONNELL,en,"To ask the Minister for Housing, Local Government and Heritage for an update on the progress of the Working Group tasked with the removal of the prohibition of pets in social and AHB housing; and when this work will be completed.","Housing, Local Government and Heritage",914,916
"216. Deputy Malcolm Byrne asked the Minister for Housing, Local Government and Heritage the measures currently in place for the process of local authorities taking in charge housing estates or roads that are not currently in public ownership; and the actions that have been or are being taken in 2026 to address this challenge. [71330/26]",Housing,the minister for housing local government and heritage the measures currently in place for the process of local authorities taking in charge housing estates or roads that are not currently in public ownership and the actions that have been or are being taken in 2026 to address this challenge 71330 26,2026-10-08,written,216,71330/26,Malcolm Byrne,MALCOLM BYRNE,en,"To ask the Minister for Housing, Local Government and Heritage the measures currently in place for the process of local authorities taking in charge housing estates or roads that are not currently in public ownership; and the actions that have been or are being taken in 2026 to address this challenge.","Housing, Local Government and Heritage",918,920
"217. Deputy Aidan Farrelly asked the Minister for Housing, Local Government and Heritage the number of protected disclosures received by his Department in each of the years 2019 to date in 2026, in tabular form; if an external contractor has been engaged regarding a protected disclosure over that time period; if so, the cost of same; and the number of protected disclosures that were rejected, accepted and that remain under review for the time period in question. [71314/26]",Housing,the minister for housing local government and heritage the number of protected disclosures received by his department in each of the years 2019 to date in 2026 in tabular form if an external contractor has been engaged regarding a protected disclosure over that time period if so the cost of same and the number of protected disclosures that were rejected accepted and that remain under review for the time period in question 71314 26,2026-10-08,written,217,71314/26,Aidan Farrelly,AIDAN FARRELLY,en,"To ask the Minister for Housing, Local Government and Heritage the number of protected disclosures received by his Department in each of the years 2019 to date in 2026, in tabular form; if an external contractor has been engaged regarding a protected disclosure over that time period; if so, the cost of same; and the number of protected disclosures that were rejected, accepted and that remain under review for the time period in question.","Housing, Local Government and Heritage",922,924
"218. Deputy John Lahart asked the Minister for Social Protection the financial supports, grants, or exceptional needs payments are available to families caring for an 18-year-old who is terminally ill. [71059/26]",Social,the minister for social protection the financial supports grants or exceptional needs payments are available to families caring for an 18-year-old who is terminally ill 71059 26,2026-10-08,written,218,71059/26,John Lahart,JOHN LAHART,en,"To ask the Minister for Social Protection the financial supports, grants, or exceptional needs payments are available to families caring for an 18-year-old who is terminally ill.",Social Protection,929,931
"219. Deputy Michael Cahill asked the Minister for Social Protection to ensure the substantial rise in the income disregarded for the means testing of carers allowance in 2026, and all subsequent years is abolished; and if he will make a statement on the matter. [71045/26]",Social,the minister for social protection to ensure the substantial rise in the income disregarded for the means testing of carers allowance in 2026 and all subsequent years is abolished and 71045 26,2026-10-08,written,219,71045/26,Michael Cahill,MICHAEL CAHILL,en,"To ask the Minister for Social Protection to ensure the substantial rise in the income disregarded for the means testing of carers allowance in 2026, and all subsequent years is abolished; and if he will make a statement on the matter.",Social Protection,933,935
"220. Deputy Richard Boyd Barrett asked the Minister for Social Protection whether he is able to offer any discretion regarding the allowable time spent in education or training for carers every week, to account for situations such as an individual (details supplied). [71067/26]",Social,the minister for social protection whether he is able to offer any discretion regarding the allowable time spent in education or training for carers every week to account for situations such as an individual details supplied 71067 26,2026-10-08,written,220,71067/26,Richard Boyd Barrett,RICHARD BOYD BARRETT,en,"To ask the Minister for Social Protection whether he is able to offer any discretion regarding the allowable time spent in education or training for carers every week, to account for situations such as an individual (details supplied).",Social Protection,937,939
221. Deputy Louis O'Hara asked the Minister for Social Protection whether his Department has plans to review the current means assessment for the working family payment including whether any income from the child support payment should be included in the means assessment. [71108/26],Social,the minister for social protection whether his department has plans to review the current means assessment for the working family payment including whether any income from the child support payment should be included in the means assessment 71108 26,2026-10-08,written,221,71108/26,Louis O'Hara,LOUIS O'HARA,en,To ask the Minister for Social Protection whether his Department has plans to review the current means assessment for the working family payment including whether any income from the child support payment should be included in the means assessment.,Social Protection,941,943
222. Deputy George Lawlor asked the Minister for Social Protection the reason an application for an additional needs payment in respect of a child (details supplied) has been rejected by his Department on the basis that the supports urgently needed should be supplied by the HSE; when the child aged five years and four months have been left waiting for some of these services for four years; his views that the benefits of therapy is time sensitive; and if there is any other means available for this child to access these services. [71139/26],Social,the minister for social protection the reason an application for an additional needs payment in respect of a child details supplied has been rejected by his department on the basis that the supports urgently needed should be supplied by the hse when the child aged five years and four months have been left waiting for some of these services for four years his views that the benefits of therapy is time sensitive and if there is any other means available for this child to access these services 71139 26,2026-10-08,written,222,71139/26,George Lawlor,GEORGE LAWLOR,en,To ask the Minister for Social Protection the reason an application for an additional needs payment in respect of a child (details supplied) has been rejected by his Department on the basis that the supports urgently needed should be supplied by the HSE; when the child aged five years and four months have been left waiting for some of these services for four years; his views that the benefits of therapy is time sensitive; and if there is any other means available for this child to access these services.,Social Protection,945,947
223. Deputy Ruth Coppinger asked the Minister for Social Protection to increase the threshold for access to the fuel allowance for persons who have been widowed or live alone. [71149/26],Social,the minister for social protection to increase the threshold for access to the fuel allowance for persons who have been widowed or live alone 71149 26,2026-10-08,written,223,71149/26,Ruth Coppinger,RUTH COPPINGER,en,To ask the Minister for Social Protection to increase the threshold for access to the fuel allowance for persons who have been widowed or live alone.,Social Protection,949,951
224. Deputy Ruth Coppinger asked the Minister for Social Protection to consider increasing the fuel allowance payable to persons who qualify for it by 30 euro given the increase in fuel prices. [71148/26],Social,the minister for social protection to consider increasing the fuel allowance payable to persons who qualify for it by 30 euro given the increase in fuel prices 71148 26,2026-10-08,written,224,71148/26,Ruth Coppinger,RUTH COPPINGER,en,To ask the Minister for Social Protection to consider increasing the fuel allowance payable to persons who qualify for it by 30 euro given the increase in fuel prices.,Social Protection,953,955
225. Deputy Cian O'Callaghan asked the Minister for Social Protection to examine the additional needs application for a person (details supplied). [71145/26],Social,the minister for social protection to examine the additional needs application for a person details supplied 71145 26,2026-10-08,written,225,71145/26,Cian O'Callaghan,CIAN O'CALLAGHAN,en,To ask the Minister for Social Protection to examine the additional needs application for a person (details supplied).,Social Protection,957,959
226. Deputy Carol Nolan asked the Minister for Social Protection the number of confidential reports made to his Department by members of the public for each year from 2020 to date in 2026 with respect to suspected cases of possibly fraudulent or illegitimate claims for social protection payments; and to provide a breakdown of report numbers by payment type for each of the above years. [71162/26],Social,the minister for social protection the number of confidential reports made to his department by members of the public for each year from 2020 to date in 2026 with respect to suspected cases of possibly fraudulent or illegitimate claims for social protection payments and to provide a breakdown of report numbers by payment type for each of the above years 71162 26,2026-10-08,written,226,71162/26,Carol Nolan,CAROL NOLAN,en,To ask the Minister for Social Protection the number of confidential reports made to his Department by members of the public for each year from 2020 to date in 2026 with respect to suspected cases of possibly fraudulent or illegitimate claims for social protection payments; and to provide a breakdown of report numbers by payment type for each of the above years.,Social Protection,961,963
"227. Deputy Carol Nolan asked the Minister for Social Protection the current number of unfilled staff positions across the local Intreo network, by county, in tabular form. [71163/26]",Social,the minister for social protection the current number of unfilled staff positions across the local intreo network by county in tabular form 71163 26,2026-10-08,written,227,71163/26,Carol Nolan,CAROL NOLAN,en,"To ask the Minister for Social Protection the current number of unfilled staff positions across the local Intreo network, by county, in tabular form.",Social Protection,965,967
"228. Deputy Aidan Farrelly asked the Minister for Social Protection the number of protected disclosures received by his Department in each of the years 2019 to date in 2026, in tabular form; if an external contractor has been engaged regarding a protected disclosure over that time period; if so, the cost of same; and the number of protected disclosures that were rejected, accepted and that remain under review for the time period in question. [71313/26]",Social,the minister for social protection the number of protected disclosures received by his department in each of the years 2019 to date in 2026 in tabular form if an external contractor has been engaged regarding a protected disclosure over that time period if so the cost of same and the number of protected disclosures that were rejected accepted and that remain under review for the time period in question 71313 26,2026-10-08,written,228,71313/26,Aidan Farrelly,AIDAN FARRELLY,en,"To ask the Minister for Social Protection the number of protected disclosures received by his Department in each of the years 2019 to date in 2026, in tabular form; if an external contractor has been engaged regarding a protected disclosure over that time period; if so, the cost of same; and the number of protected disclosures that were rejected, accepted and that remain under review for the time period in question.",Social Protection,969,971
"229. Deputy Emer Currie asked the Minister for Justice, Home Affairs and Migration for an update on a citizenship application; and to clarify whether his Department needs any further details from the family (details supplied). [71026/26]",Justice,the minister for justice home affairs and migration for an update on a citizenship application and to clarify whether his department needs any further details from the family details supplied 71026 26,2026-10-08,written,229,71026/26,Emer Currie,EMER CURRIE,en,"To ask the Minister for Justice, Home Affairs and Migration for an update on a citizenship application; and to clarify whether his Department needs any further details from the family (details supplied).","Justice, Home Affairs and Migration",976,978
"230. Deputy Paul Murphy asked the Minister for Justice, Home Affairs and Migration if Israeli technology will be used on Irish prisoners as part of the €2.1 million, 12-month electronic monitoring pilot programme (details supplied). [71063/26]",Justice,the minister for justice home affairs and migration if israeli technology will be used on irish prisoners as part of the 2 1 million 12-month electronic monitoring pilot programme details supplied 71063 26,2026-10-08,written,230,71063/26,Paul Murphy,PAUL MURPHY,en,"To ask the Minister for Justice, Home Affairs and Migration if Israeli technology will be used on Irish prisoners as part of the €2.1 million, 12-month electronic monitoring pilot programme (details supplied).","Justice, Home Affairs and Migration",980,982
"231. Deputy Roderic O'Gorman asked the Minister for Justice, Home Affairs and Migration when the Government will ratify and implement OPCAT. [71054/26]",Justice,the minister for justice home affairs and migration when the government will ratify and implement opcat 71054 26,2026-10-08,written,231,71054/26,Roderic O'Gorman,RODERIC O'GORMAN,en,"To ask the Minister for Justice, Home Affairs and Migration when the Government will ratify and implement OPCAT.","Justice, Home Affairs and Migration",984,986
"232. Deputy Roderic O'Gorman asked the Minister for Justice, Home Affairs and Migration the number of addiction counsellors employed by the Irish Prison Service, by institution and by year, from 2020 to date in 2026; and if he will make a statement on the matter. [71053/26]",Justice,the minister for justice home affairs and migration the number of addiction counsellors employed by the irish prison service by institution and by year from 2020 to date in 2026 and 71053 26,2026-10-08,written,232,71053/26,Roderic O'Gorman,RODERIC O'GORMAN,en,"To ask the Minister for Justice, Home Affairs and Migration the number of addiction counsellors employed by the Irish Prison Service, by institution and by year, from 2020 to date in 2026; and if he will make a statement on the matter.","Justice, Home Affairs and Migration",988,990
"233. Deputy Paul Lawless asked the Minister for Justice, Home Affairs and Migration the number of additional Garda members assigned to County Mayo during each of the past five years; the number of Garda vacancies currently existing in the county; and if he will make a statement on the matter. [71107/26]",Justice,the minister for justice home affairs and migration the number of additional garda members assigned to county mayo during each of the past five years the number of garda vacancies currently existing in the county and 71107 26,2026-10-08,written,233,71107/26,Paul Lawless,PAUL LAWLESS,en,"To ask the Minister for Justice, Home Affairs and Migration the number of additional Garda members assigned to County Mayo during each of the past five years; the number of Garda vacancies currently existing in the county; and if he will make a statement on the matter.","Justice, Home Affairs and Migration",992,994
"234. Deputy Paul Lawless asked the Minister for Justice, Home Affairs and Migration the average Garda response time to emergency and non-emergency incidents in Ballyhaunis and Knock over the past three years; the Garda station responsible for responding to incidents in these areas when local Garda members are unavailable; the distance and average travel time involved where units are dispatched from other stations such as Swinford or Claremorris; and if he will make a statement on the matter. [71106/26]",Justice,the minister for justice home affairs and migration the average garda response time to emergency and non-emergency incidents in ballyhaunis and knock over the past three years the garda station responsible for responding to incidents in these areas when local garda members are unavailable the distance and average travel time involved where units are dispatched from other stations such as swinford or claremorris and 71106 26,2026-10-08,written,234,71106/26,Paul Lawless,PAUL LAWLESS,en,"To ask the Minister for Justice, Home Affairs and Migration the average Garda response time to emergency and non-emergency incidents in Ballyhaunis and Knock over the past three years; the Garda station responsible for responding to incidents in these areas when local Garda members are unavailable; the distance and average travel time involved where units are dispatched from other stations such as Swinford or Claremorris; and if he will make a statement on the matter.","Justice, Home Affairs and Migration",996,998
"235. Deputy Paul Lawless asked the Minister for Justice, Home Affairs and Migration the number of Garda members, Garda Sergeants, Garda Inspectors and civilian staff currently assigned to each Garda station in County Mayo, including Ballyhaunis, Claremorris, Swinford, Castlebar, Ballina, Belmullet and Westport; the corresponding figures for each of the past five years; and if he will make a statement on the matter. [71105/26]",Justice,the minister for justice home affairs and migration the number of garda members garda sergeants garda inspectors and civilian staff currently assigned to each garda station in county mayo including ballyhaunis claremorris swinford castlebar ballina belmullet and westport the corresponding figures for each of the past five years and 71105 26,2026-10-08,written,235,71105/26,Paul Lawless,PAUL LAWLESS,en,"To ask the Minister for Justice, Home Affairs and Migration the number of Garda members, Garda Sergeants, Garda Inspectors and civilian staff currently assigned to each Garda station in County Mayo, including Ballyhaunis, Claremorris, Swinford, Castlebar, Ballina, Belmullet and Westport; the corresponding figures for each of the past five years; and if he will make a statement on the matter.","Justice, Home Affairs and Migration",1000,1002
"236. Deputy Ken O'Flynn asked the Minister for Justice, Home Affairs and Migration the number of deportation orders signed in each of the years 2023, 2024, 2025 and to date in 2026; of these, the number effected by the State, the number where voluntary departure was confirmed, and the number where the whereabouts of the person concerned is unknown; and if he will make a statement on the matter. [71214/26]",Justice,the minister for justice home affairs and migration the number of deportation orders signed in each of the years 2023 2024 2025 and to date in 2026 of these the number effected by the state the number where voluntary departure was confirmed and the number where the whereabouts of the person concerned is unknown and 71214 26,2026-10-08,written,236,71214/26,Ken O'Flynn,KEN O'FLYNN,en,"To ask the Minister for Justice, Home Affairs and Migration the number of deportation orders signed in each of the years 2023, 2024, 2025 and to date in 2026; of these, the number effected by the State, the number where voluntary departure was confirmed, and the number where the whereabouts of the person concerned is unknown; and if he will make a statement on the matter.","Justice, Home Affairs and Migration",1004,1006
"237. Deputy Seán Crowe asked the Minister for Justice, Home Affairs and Migration the number of D study visa applications received and approved respectively, to date in 2026, in tabular form. [71229/26]",Justice,the minister for justice home affairs and migration the number of d study visa applications received and approved respectively to date in 2026 in tabular form 71229 26,2026-10-08,written,237,71229/26,Seán Crowe,SEÁN CROWE,en,"To ask the Minister for Justice, Home Affairs and Migration the number of D study visa applications received and approved respectively, to date in 2026, in tabular form.","Justice, Home Affairs and Migration",1008,1010
"238. Deputy Ken O'Flynn asked the Minister for Justice, Home Affairs and Migration the number of persons who availed of assisted voluntary return in each of the years 2023 to 2025 and to date in 2026; the total cost of the programme in each year; and if he will make a statement on the matter. [71216/26]",Justice,the minister for justice home affairs and migration the number of persons who availed of assisted voluntary return in each of the years 2023 to 2025 and to date in 2026 the total cost of the programme in each year and 71216 26,2026-10-08,written,238,71216/26,Ken O'Flynn,KEN O'FLYNN,en,"To ask the Minister for Justice, Home Affairs and Migration the number of persons who availed of assisted voluntary return in each of the years 2023 to 2025 and to date in 2026; the total cost of the programme in each year; and if he will make a statement on the matter.","Justice, Home Affairs and Migration",1012,1014
"239. Deputy Ken O'Flynn asked the Minister for Justice, Home Affairs and Migration whether his Department or the Garda National Immigration Bureau operates mechanism to verify that persons subject to a deportation order who state they will leave voluntarily have in fact left the State; if not, the basis on which such departures are recorded; and if he will make a statement on the matter. [71215/26]",Justice,the minister for justice home affairs and migration whether his department or the garda national immigration bureau operates mechanism to verify that persons subject to a deportation order who state they will leave voluntarily have in fact left the state if not the basis on which such departures are recorded and 71215 26,2026-10-08,written,239,71215/26,Ken O'Flynn,KEN O'FLYNN,en,"To ask the Minister for Justice, Home Affairs and Migration whether his Department or the Garda National Immigration Bureau operates mechanism to verify that persons subject to a deportation order who state they will leave voluntarily have in fact left the State; if not, the basis on which such departures are recorded; and if he will make a statement on the matter.","Justice, Home Affairs and Migration",1016,1018
"240. Deputy Ken O'Flynn asked the Minister for Justice, Home Affairs and Migration further to Parliamentary Question No. 68475/26 of 29 September 2026, the current ownership of lands at Kilworth, County Cork, transferred from the Department of Defence to the his Department in 2006 for the purpose of a new prison; if the lands were transferred back to the Department of Defence or another body, the date and reason; if the lands remain held by his Department or the Irish Prison Service; the reason they were not included in the reply to Parliamentary Question No. 68475/26; and if he will make a statement on the matter. [71256/26]",Justice,the minister for justice home affairs and migration further to parliamentary question no 68475 26 of 29 september 2026 the current ownership of lands at kilworth county cork transferred from the department of defence to the his department in 2006 for the purpose of a new prison if the lands were transferred back to the department of defence or another body the date and reason if the lands remain held by his department or the irish prison service the reason they were not included in the reply to parliamentary question no 68475 26 and 71256 26,2026-10-08,written,240,71256/26,Ken O'Flynn,KEN O'FLYNN,en,"To ask the Minister for Justice, Home Affairs and Migration further to Parliamentary Question No. 68475/26 of 29 September 2026, the current ownership of lands at Kilworth, County Cork, transferred from the Department of Defence to the his Department in 2006 for the purpose of a new prison; if the lands were transferred back to the Department of Defence or another body, the date and reason; if the lands remain held by his Department or the Irish Prison Service; the reason they were not included in the reply to Parliamentary Question No. 68475/26; and if he will make a statement on the matter.","Justice, Home Affairs and Migration",1020,1022
"241. Deputy Ken O'Flynn asked the Minister for Justice, Home Affairs and Migration the estimated cost and number of prison spaces of the proposed extension to Cork prison on the site of the old Cork prison; the planning timeline; and if he will make a statement on the matter. [71253/26]",Justice,the minister for justice home affairs and migration the estimated cost and number of prison spaces of the proposed extension to cork prison on the site of the old cork prison the planning timeline and 71253 26,2026-10-08,written,241,71253/26,Ken O'Flynn,KEN O'FLYNN,en,"To ask the Minister for Justice, Home Affairs and Migration the estimated cost and number of prison spaces of the proposed extension to Cork prison on the site of the old Cork prison; the planning timeline; and if he will make a statement on the matter.","Justice, Home Affairs and Migration",1024,1026
"242. Deputy Ken O'Flynn asked the Minister for Justice, Home Affairs and Migration whether plans exist to mark or preserve the place of execution of Thomas Kent on 9 May 1916 within the old Cork Prison site on Rathmore Road, Cork, in the event of demolition or redevelopment; and if he will make a statement on the matter. [71252/26]",Justice,the minister for justice home affairs and migration whether plans exist to mark or preserve the place of execution of thomas kent on 9 may 1916 within the old cork prison site on rathmore road cork in the event of demolition or redevelopment and 71252 26,2026-10-08,written,242,71252/26,Ken O'Flynn,KEN O'FLYNN,en,"To ask the Minister for Justice, Home Affairs and Migration whether plans exist to mark or preserve the place of execution of Thomas Kent on 9 May 1916 within the old Cork Prison site on Rathmore Road, Cork, in the event of demolition or redevelopment; and if he will make a statement on the matter.","Justice, Home Affairs and Migration",1028,1030
"243. Deputy Ken O'Flynn asked the Minister for Justice, Home Affairs and Migration whether the Irish Prison Service or his Department has assessed the conversion of the old Cork prison buildings on Rathmore Road, Cork, for residential, community or heritage use; whether the feasibility study on the future use of the site will be published; whether the Land Development Agency or Cork City Council has been consulted; and if he will make a statement on the matter. [71251/26]",Justice,the minister for justice home affairs and migration whether the irish prison service or his department has assessed the conversion of the old cork prison buildings on rathmore road cork for residential community or heritage use whether the feasibility study on the future use of the site will be published whether the land development agency or cork city council has been consulted and 71251 26,2026-10-08,written,243,71251/26,Ken O'Flynn,KEN O'FLYNN,en,"To ask the Minister for Justice, Home Affairs and Migration whether the Irish Prison Service or his Department has assessed the conversion of the old Cork prison buildings on Rathmore Road, Cork, for residential, community or heritage use; whether the feasibility study on the future use of the site will be published; whether the Land Development Agency or Cork City Council has been consulted; and if he will make a statement on the matter.","Justice, Home Affairs and Migration",1032,1034
"244. Deputy Ken O'Flynn asked the Minister for Justice, Home Affairs and Migration the status of the proposal to demolish the old Cork prison on Rathmore Road, Cork; whether a decision has been made following the 84 submissions received by 3 July 2026; whether any alternative sites have been assessed for the proposed expansion of Cork Prison; and he will make a statement on the matter. [71250/26]",Justice,the minister for justice home affairs and migration the status of the proposal to demolish the old cork prison on rathmore road cork whether a decision has been made following the 84 submissions received by 3 july 2026 whether any alternative sites have been assessed for the proposed expansion of cork prison and he will make a statement on the matter 71250 26,2026-10-08,written,244,71250/26,Ken O'Flynn,KEN O'FLYNN,en,"To ask the Minister for Justice, Home Affairs and Migration the status of the proposal to demolish the old Cork prison on Rathmore Road, Cork; whether a decision has been made following the 84 submissions received by 3 July 2026; whether any alternative sites have been assessed for the proposed expansion of Cork Prison; and he will make a statement on the matter.","Justice, Home Affairs and Migration",1036,1038
"245. Deputy Aidan Farrelly asked the Minister for Justice, Home Affairs and Migration the amounts paid out to the top ten paid solicitors under the new flat fee €520 criminal legal aid system since the system was introduced on 1 July 2026' and number of legal aid certificates in each case, in tabular form. [71239/26]",Justice,the minister for justice home affairs and migration the amounts paid out to the top ten paid solicitors under the new flat fee 520 criminal legal aid system since the system was introduced on 1 july 2026 and number of legal aid certificates in each case in tabular form 71239 26,2026-10-08,written,245,71239/26,Aidan Farrelly,AIDAN FARRELLY,en,"To ask the Minister for Justice, Home Affairs and Migration the amounts paid out to the top ten paid solicitors under the new flat fee €520 criminal legal aid system since the system was introduced on 1 July 2026' and number of legal aid certificates in each case, in tabular form.","Justice, Home Affairs and Migration",1040,1042
"246. Deputy Aidan Farrelly asked the Minister for Justice, Home Affairs and Migration the amount paid out by his Department in criminal legal aid payments in September 2026 to solicitors and barristers on the criminal legal aid scheme; and the amount paid out in criminal legal aid payments to solicitors and barristers in September 2025. [71237/26]",Justice,the minister for justice home affairs and migration the amount paid out by his department in criminal legal aid payments in september 2026 to solicitors and barristers on the criminal legal aid scheme and the amount paid out in criminal legal aid payments to solicitors and barristers in september 2025 71237 26,2026-10-08,written,246,71237/26,Aidan Farrelly,AIDAN FARRELLY,en,"To ask the Minister for Justice, Home Affairs and Migration the amount paid out by his Department in criminal legal aid payments in September 2026 to solicitors and barristers on the criminal legal aid scheme; and the amount paid out in criminal legal aid payments to solicitors and barristers in September 2025.","Justice, Home Affairs and Migration",1044,1046
"247. Deputy Roderic O'Gorman asked the Minister for Justice, Home Affairs and Migration the rationale for subhead 1(k) of head 9 of the general scheme of the Irish Nationality and Citizenship (Amendment) Bill 2026 which permissions the Minister intends to prescribe under subhead 1(k) of head 9; and the assessment that was made of head 4's effect on children born in Ireland after commencement. [71292/26]",Justice,the minister for justice home affairs and migration the rationale for subhead 1 k of head 9 of the general scheme of the irish nationality and citizenship amendment bill 2026 which permissions the minister intends to prescribe under subhead 1 k of head 9 and the assessment that was made of head 4 s effect on children born in ireland after commencement 71292 26,2026-10-08,written,247,71292/26,Roderic O'Gorman,RODERIC O'GORMAN,en,"To ask the Minister for Justice, Home Affairs and Migration the rationale for subhead 1(k) of head 9 of the general scheme of the Irish Nationality and Citizenship (Amendment) Bill 2026 which permissions the Minister intends to prescribe under subhead 1(k) of head 9; and the assessment that was made of head 4's effect on children born in Ireland after commencement.","Justice, Home Affairs and Migration",1048,1050
"248. Deputy Ken O'Flynn asked the Minister for Justice, Home Affairs and Migration further to Parliamentary Question No. 68776/26 of 29 September 2026, which did not address the matters, the date on which officials were asked to examine the confidentiality provisions of the International Protection Acts 2015 and 2026; whether terms of reference were set; whether any paper or submission has been prepared; whether the Attorney General has been consulted; the target date for proposals; and whether the outcome will be published. [71241/26]",Justice,the minister for justice home affairs and migration further to parliamentary question no 68776 26 of 29 september 2026 which did not address the matters the date on which officials were asked to examine the confidentiality provisions of the international protection acts 2015 and 2026 whether terms of reference were set whether any paper or submission has been prepared whether the attorney general has been consulted the target date for proposals and whether the outcome will be published 71241 26,2026-10-08,written,248,71241/26,Ken O'Flynn,KEN O'FLYNN,en,"To ask the Minister for Justice, Home Affairs and Migration further to Parliamentary Question No. 68776/26 of 29 September 2026, which did not address the matters, the date on which officials were asked to examine the confidentiality provisions of the International Protection Acts 2015 and 2026; whether terms of reference were set; whether any paper or submission has been prepared; whether the Attorney General has been consulted; the target date for proposals; and whether the outcome will be published.","Justice, Home Affairs and Migration",1052,1054
"249. Deputy Ken O'Flynn asked the Minister for Justice, Home Affairs and Migration the current ownership and use of the lands at Kilworth, County Cork, transferred to the Department of Justice in 2006 for the purpose of a new prison; whether any of those lands have since been returned to the Department of Defence; and if he will make a statement on the matter. [71259/26]",Justice,the minister for justice home affairs and migration the current ownership and use of the lands at kilworth county cork transferred to the department of justice in 2006 for the purpose of a new prison whether any of those lands have since been returned to the department of defence and 71259 26,2026-10-08,written,249,71259/26,Ken O'Flynn,KEN O'FLYNN,en,"To ask the Minister for Justice, Home Affairs and Migration the current ownership and use of the lands at Kilworth, County Cork, transferred to the Department of Justice in 2006 for the purpose of a new prison; whether any of those lands have since been returned to the Department of Defence; and if he will make a statement on the matter.","Justice, Home Affairs and Migration",1056,1058
"250. Deputy Ken O'Flynn asked the Minister for Justice, Home Affairs and Migration whether the lands at Kilworth, County Cork, previously identified for a new prison and found in a site suitability assessment to have no significant constraints to development, were assessed as an alternative to the proposed expansion of Cork Prison on the site of the old Cork Prison on Rathmore Road; if not, the reason; and if he will make a statement on the matter. [71257/26]",Justice,the minister for justice home affairs and migration whether the lands at kilworth county cork previously identified for a new prison and found in a site suitability assessment to have no significant constraints to development were assessed as an alternative to the proposed expansion of cork prison on the site of the old cork prison on rathmore road if not the reason and 71257 26,2026-10-08,written,250,71257/26,Ken O'Flynn,KEN O'FLYNN,en,"To ask the Minister for Justice, Home Affairs and Migration whether the lands at Kilworth, County Cork, previously identified for a new prison and found in a site suitability assessment to have no significant constraints to development, were assessed as an alternative to the proposed expansion of Cork Prison on the site of the old Cork Prison on Rathmore Road; if not, the reason; and if he will make a statement on the matter.","Justice, Home Affairs and Migration",1060,1062
"251. Deputy Ken O'Flynn asked the Minister for Justice, Home Affairs and Migration the total expenditure by the Department and the Irish Prison Service on the proposed prison at Kilworth, County Cork, including site assessments, design, consultancy and any other costs, since 2006; and if he will make a statement on the matter. [71258/26]",Justice,the minister for justice home affairs and migration the total expenditure by the department and the irish prison service on the proposed prison at kilworth county cork including site assessments design consultancy and any other costs since 2006 and 71258 26,2026-10-08,written,251,71258/26,Ken O'Flynn,KEN O'FLYNN,en,"To ask the Minister for Justice, Home Affairs and Migration the total expenditure by the Department and the Irish Prison Service on the proposed prison at Kilworth, County Cork, including site assessments, design, consultancy and any other costs, since 2006; and if he will make a statement on the matter.","Justice, Home Affairs and Migration",1064,1066
"252. Deputy Aidan Farrelly asked the Minister for Justice, Home Affairs and Migration the number of protected disclosures received by his Department in each of the years 2019 to date in 2026, in tabular form; if an external contractor has been engaged regarding a protected disclosure over that time period; if so, the cost of same; and the number of protected disclosures that were rejected, accepted and that remain under review for the time period in question. [71325/26]",Justice,the minister for justice home affairs and migration the number of protected disclosures received by his department in each of the years 2019 to date in 2026 in tabular form if an external contractor has been engaged regarding a protected disclosure over that time period if so the cost of same and the number of protected disclosures that were rejected accepted and that remain under review for the time period in question 71325 26,2026-10-08,written,252,71325/26,Aidan Farrelly,AIDAN FARRELLY,en,"To ask the Minister for Justice, Home Affairs and Migration the number of protected disclosures received by his Department in each of the years 2019 to date in 2026, in tabular form; if an external contractor has been engaged regarding a protected disclosure over that time period; if so, the cost of same; and the number of protected disclosures that were rejected, accepted and that remain under review for the time period in question.","Justice, Home Affairs and Migration",1068,1070
"253. Deputy Ruth Coppinger asked the Minister for Agriculture, Food and the Marine if he will confirm if fox cub hunting is prohibited under animal welfare regulations; and if he will support a ban on the practice. [71062/26]",Agriculture,the minister for agriculture food and the marine if he will confirm if fox cub hunting is prohibited under animal welfare regulations and if he will support a ban on the practice 71062 26,2026-10-08,written,253,71062/26,Ruth Coppinger,RUTH COPPINGER,en,"To ask the Minister for Agriculture, Food and the Marine if he will confirm if fox cub hunting is prohibited under animal welfare regulations; and if he will support a ban on the practice.","Agriculture, Food and the Marine",1075,1077
"254. Deputy Colm Burke asked the Minister for Agriculture, Food and the Marine to provide an update on the Protection of the Native Irish Honey Bee Bill 2021; and when the scientific research report issued to his Department in December 2024 will be published. [71328/26]",Agriculture,the minister for agriculture food and the marine to provide an update on the protection of the native irish honey bee bill 2021 and when the scientific research report issued to his department in december 2024 will be published 71328 26,2026-10-08,written,254,71328/26,Colm Burke,COLM BURKE,en,"To ask the Minister for Agriculture, Food and the Marine to provide an update on the Protection of the Native Irish Honey Bee Bill 2021; and when the scientific research report issued to his Department in December 2024 will be published.","Agriculture, Food and the Marine",1079,1081
"255. Deputy Aidan Farrelly asked the Minister for Agriculture, Food and the Marine the number of protected disclosures received by his Department in each of the years 2019 to date in 2026, in tabular form; if an external contractor has been engaged regarding a protected disclosure over that time period; if so, the cost of same; and the number of protected disclosures that were rejected, accepted and that remain under review for the time period in question. [71312/26]",Agriculture,the minister for agriculture food and the marine the number of protected disclosures received by his department in each of the years 2019 to date in 2026 in tabular form if an external contractor has been engaged regarding a protected disclosure over that time period if so the cost of same and the number of protected disclosures that were rejected accepted and that remain under review for the time period in question 71312 26,2026-10-08,written,255,71312/26,Aidan Farrelly,AIDAN FARRELLY,en,"To ask the Minister for Agriculture, Food and the Marine the number of protected disclosures received by his Department in each of the years 2019 to date in 2026, in tabular form; if an external contractor has been engaged regarding a protected disclosure over that time period; if so, the cost of same; and the number of protected disclosures that were rejected, accepted and that remain under review for the time period in question.","Agriculture, Food and the Marine",1083,1085
"256. Deputy Jennifer Whitmore asked the Minister for Agriculture, Food and the Marine the measures his Department is taking to address the expected increase in grocery prices towards the end of 2026, given warnings (details supplied) that continued inflation of over 3% will put pressure on food prices. [70867/26]",Agriculture,the minister for agriculture food and the marine the measures his department is taking to address the expected increase in grocery prices towards the end of 2026 given warnings details supplied that continued inflation of over 3 will put pressure on food prices 70867 26,2026-10-08,written,256,70867/26,Jennifer Whitmore,JENNIFER WHITMORE,en,"To ask the Minister for Agriculture, Food and the Marine the measures his Department is taking to address the expected increase in grocery prices towards the end of 2026, given warnings (details supplied) that continued inflation of over 3% will put pressure on food prices.","Agriculture, Food and the Marine",1087,1089
"257. Deputy Niamh Smyth asked the Minister for Children, Disability and Equality If she will outline the capital grant funding that is available to community-run childcare facilities for the replacement of windows and doors as part of an energy efficiency upgrade; and if she will advise on the options that exist where SEAI supports and LEADER funding have not been applicable. [71031/26]",Children,the minister for children disability and equality if she will outline the capital grant funding that is available to community-run childcare facilities for the replacement of windows and doors as part of an energy efficiency upgrade and if she will advise on the options that exist where seai supports and leader funding have not been applicable 71031 26,2026-10-08,written,257,71031/26,Niamh Smyth,NIAMH SMYTH,en,"To ask the Minister for Children, Disability and Equality If she will outline the capital grant funding that is available to community-run childcare facilities for the replacement of windows and doors as part of an energy efficiency upgrade; and if she will advise on the options that exist where SEAI supports and LEADER funding have not been applicable.","Children, Disability and Equality",1094,1096
"258. Deputy Duncan Smith asked the Minister for Children, Disability and Equality whether her Department is currently reviewing the attendance-based NCS subsidy model. [71094/26]",Children,the minister for children disability and equality whether her department is currently reviewing the attendance-based ncs subsidy model 71094 26,2026-10-08,written,258,71094/26,Duncan Smith,DUNCAN SMITH,en,"To ask the Minister for Children, Disability and Equality whether her Department is currently reviewing the attendance-based NCS subsidy model.","Children, Disability and Equality",1098,1100
"259. Deputy Pearse Doherty asked the Minister for Children, Disability and Equality the reasons a childcare service (details supplied) was not included in the list of proposed locations for seven new State-led early learning and childcare capital projects, given that the service's building is affected by defective concrete blocks and that the future of the service is in doubt. [71091/26]",Children,the minister for children disability and equality the reasons a childcare service details supplied was not included in the list of proposed locations for seven new state-led early learning and childcare capital projects given that the service s building is affected by defective concrete blocks and that the future of the service is in doubt 71091 26,2026-10-08,written,259,71091/26,Pearse Doherty,PEARSE DOHERTY,en,"To ask the Minister for Children, Disability and Equality the reasons a childcare service (details supplied) was not included in the list of proposed locations for seven new State-led early learning and childcare capital projects, given that the service's building is affected by defective concrete blocks and that the future of the service is in doubt.","Children, Disability and Equality",1102,1104
"260. Deputy Ken O'Flynn asked the Minister for Children, Disability and Equality the number of out of State placements since 2023 made under the consultation and consent procedure of Article 82 of Council Regulation (EU) 2019/1111; the number made in the United Kingdom and the legal framework now applying to those placements; and the number of instances where a host State refused or delayed consent. [71089/26]",Children,the minister for children disability and equality the number of out of state placements since 2023 made under the consultation and consent procedure of article 82 of council regulation eu 2019 1111 the number made in the united kingdom and the legal framework now applying to those placements and the number of instances where a host state refused or delayed consent 71089 26,2026-10-08,written,260,71089/26,Ken O'Flynn,KEN O'FLYNN,en,"To ask the Minister for Children, Disability and Equality the number of out of State placements since 2023 made under the consultation and consent procedure of Article 82 of Council Regulation (EU) 2019/1111; the number made in the United Kingdom and the legal framework now applying to those placements; and the number of instances where a host State refused or delayed consent.","Children, Disability and Equality",1106,1108
"261. Deputy Ken O'Flynn asked the Minister for Children, Disability and Equality further to Parliamentary Question No. 66235/26, which stated that the courts are involved in almost all cases of residential placements abroad, the number of children placed abroad since 2023 without court involvement; the basis on which those placements were made; and whether she will clarify the statement that previous inspection reports are reviewed 'unusually also before the Courts'. [71087/26]",Children,the minister for children disability and equality further to parliamentary question no 66235 26 which stated that the courts are involved in almost all cases of residential placements abroad the number of children placed abroad since 2023 without court involvement the basis on which those placements were made and whether she will clarify the statement that previous inspection reports are reviewed unusually also before the courts 71087 26,2026-10-08,written,261,71087/26,Ken O'Flynn,KEN O'FLYNN,en,"To ask the Minister for Children, Disability and Equality further to Parliamentary Question No. 66235/26, which stated that the courts are involved in almost all cases of residential placements abroad, the number of children placed abroad since 2023 without court involvement; the basis on which those placements were made; and whether she will clarify the statement that previous inspection reports are reviewed 'unusually also before the Courts'.","Children, Disability and Equality",1110,1112
"262. Deputy Ciarán Ahern asked the Minister for Children, Disability and Equality the reason a service provider (details supplied) was not allocated any sustainability funding; the assessment undertaken of the service provider's financial position and accumulated residential deficits; how the sustainability of service provider's residential services is expected to be maintained in the absence of additional funding; what measures are available to address the historic underfunding that has resulted in these significant debts; and what immediate support can be provided to ensure that the financial position of the service provider does risk the continuity of their services. [71099/26]",Children,the minister for children disability and equality the reason a service provider details supplied was not allocated any sustainability funding the assessment undertaken of the service provider s financial position and accumulated residential deficits how the sustainability of service provider s residential services is expected to be maintained in the absence of additional funding what measures are available to address the historic underfunding that has resulted in these significant debts and what immediate support can be provided to ensure that the financial position of the service provider does risk the continuity of their services 71099 26,2026-10-08,written,262,71099/26,Ciarán Ahern,CIARÁN AHERN,en,"To ask the Minister for Children, Disability and Equality the reason a service provider (details supplied) was not allocated any sustainability funding; the assessment undertaken of the service provider's financial position and accumulated residential deficits; how the sustainability of service provider's residential services is expected to be maintained in the absence of additional funding; what measures are available to address the historic underfunding that has resulted in these significant debts; and what immediate support can be provided to ensure that the financial position of the service provider does risk the continuity of their services.","Children, Disability and Equality",1114,1116
"263. Deputy Ken O'Flynn asked the Minister for Children, Disability and Equality the number of statutory social work visits made to each child in an out of State placement in 2025 and to date in 2026; the number of cases in which visits fell below the minimum required by regulation; and the number of out of State placements that do not have an allocated social worker. [71086/26]",Children,the minister for children disability and equality the number of statutory social work visits made to each child in an out of state placement in 2025 and to date in 2026 the number of cases in which visits fell below the minimum required by regulation and the number of out of state placements that do not have an allocated social worker 71086 26,2026-10-08,written,263,71086/26,Ken O'Flynn,KEN O'FLYNN,en,"To ask the Minister for Children, Disability and Equality the number of statutory social work visits made to each child in an out of State placement in 2025 and to date in 2026; the number of cases in which visits fell below the minimum required by regulation; and the number of out of State placements that do not have an allocated social worker.","Children, Disability and Equality",1118,1120
"264. Deputy Ken O'Flynn asked the Minister for Children, Disability and Equality further to Parliamentary Question No. 66235/26, given that HIQA's remit does not extend outside the State, whether any body independent of Tusla inspects or audits the care provided to children in out of State placements; the legal mechanism by which the Child Care (Placement of Children in Residential Care) Regulations 1995 are enforced against an establishment outside the jurisdiction; and whether consideration has been given to extending HIQA's remit or agreeing reciprocal inspection arrangements with host States. [71085/26]",Children,the minister for children disability and equality further to parliamentary question no 66235 26 given that hiqa s remit does not extend outside the state whether any body independent of tusla inspects or audits the care provided to children in out of state placements the legal mechanism by which the child care placement of children in residential care regulations 1995 are enforced against an establishment outside the jurisdiction and whether consideration has been given to extending hiqa s remit or agreeing reciprocal inspection arrangements with host states 71085 26,2026-10-08,written,264,71085/26,Ken O'Flynn,KEN O'FLYNN,en,"To ask the Minister for Children, Disability and Equality further to Parliamentary Question No. 66235/26, given that HIQA's remit does not extend outside the State, whether any body independent of Tusla inspects or audits the care provided to children in out of State placements; the legal mechanism by which the Child Care (Placement of Children in Residential Care) Regulations 1995 are enforced against an establishment outside the jurisdiction; and whether consideration has been given to extending HIQA's remit or agreeing reciprocal inspection arrangements with host States.","Children, Disability and Equality",1122,1124
"265. Deputy Ken O'Flynn asked the Minister for Children, Disability and Equality further to Parliamentary Question No. 66235/26, whether Tusla has a written protocol setting out the action to be taken where a host State inspection report identifies non compliance or a risk to children at an establishment where an Irish child is placed; if so, the date it was adopted; the number of such adverse reports received by Tusla since 2023; and the action taken in each case, including the number of children moved as a result. [71084/26]",Children,the minister for children disability and equality further to parliamentary question no 66235 26 whether tusla has a written protocol setting out the action to be taken where a host state inspection report identifies non compliance or a risk to children at an establishment where an irish child is placed if so the date it was adopted the number of such adverse reports received by tusla since 2023 and the action taken in each case including the number of children moved as a result 71084 26,2026-10-08,written,265,71084/26,Ken O'Flynn,KEN O'FLYNN,en,"To ask the Minister for Children, Disability and Equality further to Parliamentary Question No. 66235/26, whether Tusla has a written protocol setting out the action to be taken where a host State inspection report identifies non compliance or a risk to children at an establishment where an Irish child is placed; if so, the date it was adopted; the number of such adverse reports received by Tusla since 2023; and the action taken in each case, including the number of children moved as a result.","Children, Disability and Equality",1126,1128
"266. Deputy Ken O'Flynn asked the Minister for Children, Disability and Equality further to Parliamentary Question No. 66235/26, the number of children in out of State placements at the end of each year from 2023 to 2025 and to date in 2026, broken down by host country, placement type (residential, secure, therapeutic or other), average and longest duration of placement; and the total annual cost of such placements in each of those years. [71083/26]",Children,the minister for children disability and equality further to parliamentary question no 66235 26 the number of children in out of state placements at the end of each year from 2023 to 2025 and to date in 2026 broken down by host country placement type residential secure therapeutic or other average and longest duration of placement and the total annual cost of such placements in each of those years 71083 26,2026-10-08,written,266,71083/26,Ken O'Flynn,KEN O'FLYNN,en,"To ask the Minister for Children, Disability and Equality further to Parliamentary Question No. 66235/26, the number of children in out of State placements at the end of each year from 2023 to 2025 and to date in 2026, broken down by host country, placement type (residential, secure, therapeutic or other), average and longest duration of placement; and the total annual cost of such placements in each of those years.","Children, Disability and Equality",1130,1132
"267. Deputy Aidan Farrelly asked the Minister for Children, Disability and Equality the number of grants not drawn down and or returned in respect of the building blocks initiative since the scheme commended; if she will provide this information on a county by county basis; if she will clarify the methodology used to determine the scale of funding for the scheme; and if construction inflation costs was considered. [71060/26]",Children,the minister for children disability and equality the number of grants not drawn down and or returned in respect of the building blocks initiative since the scheme commended if she will provide this information on a county by county basis if she will clarify the methodology used to determine the scale of funding for the scheme and if construction inflation costs was considered 71060 26,2026-10-08,written,267,71060/26,Aidan Farrelly,AIDAN FARRELLY,en,"To ask the Minister for Children, Disability and Equality the number of grants not drawn down and or returned in respect of the building blocks initiative since the scheme commended; if she will provide this information on a county by county basis; if she will clarify the methodology used to determine the scale of funding for the scheme; and if construction inflation costs was considered.","Children, Disability and Equality",1134,1136
"268. Deputy George Lawlor asked the Minister for Children, Disability and Equality if she will set out the progress made to date in the establishment of six regional assessment units for people with additional needs; the staff allocated and location of each unit; if it is still her intention that where an assessment cannot be carried out in a reasonable time, that the Exchequer will fund private assessments. [71131/26]",Children,the minister for children disability and equality if she will set out the progress made to date in the establishment of six regional assessment units for people with additional needs the staff allocated and location of each unit if it is still her intention that where an assessment cannot be carried out in a reasonable time that the exchequer will fund private assessments 71131 26,2026-10-08,written,268,71131/26,George Lawlor,GEORGE LAWLOR,en,"To ask the Minister for Children, Disability and Equality if she will set out the progress made to date in the establishment of six regional assessment units for people with additional needs; the staff allocated and location of each unit; if it is still her intention that where an assessment cannot be carried out in a reasonable time, that the Exchequer will fund private assessments.","Children, Disability and Equality",1138,1140
"269. Deputy Ken O'Flynn asked the Minister for Children, Disability and Equality the way in which Tusla monitors and inspects the standard of care in out of State placements, including the frequency of Tusla social work visits; if HIQA or the equivalent regulator in the host jurisdiction inspects each placement; the number of complaints or serious incidents recorded in respect of out of State placements in each of the years 2021 to 2025; and if she will make a statement on the matter. [71221/26]",Children,the minister for children disability and equality the way in which tusla monitors and inspects the standard of care in out of state placements including the frequency of tusla social work visits if hiqa or the equivalent regulator in the host jurisdiction inspects each placement the number of complaints or serious incidents recorded in respect of out of state placements in each of the years 2021 to 2025 and 71221 26,2026-10-08,written,269,71221/26,Ken O'Flynn,KEN O'FLYNN,en,"To ask the Minister for Children, Disability and Equality the way in which Tusla monitors and inspects the standard of care in out of State placements, including the frequency of Tusla social work visits; if HIQA or the equivalent regulator in the host jurisdiction inspects each placement; the number of complaints or serious incidents recorded in respect of out of State placements in each of the years 2021 to 2025; and if she will make a statement on the matter.","Children, Disability and Equality",1142,1144
"270. Deputy Ken O'Flynn asked the Minister for Children, Disability and Equality whether Tusla has assessed the feasibility of developing specialised therapeutic residential capacity within the State, given that individual out of State placements cost in excess of £1.2 million per annum; the estimated cost of such provision; the number of children who have returned to the State from out of State placements in each of the years 2021 to 2025; and if she will make a statement on the matter. [71220/26]",Children,the minister for children disability and equality whether tusla has assessed the feasibility of developing specialised therapeutic residential capacity within the state given that individual out of state placements cost in excess of 1 2 million per annum the estimated cost of such provision the number of children who have returned to the state from out of state placements in each of the years 2021 to 2025 and 71220 26,2026-10-08,written,270,71220/26,Ken O'Flynn,KEN O'FLYNN,en,"To ask the Minister for Children, Disability and Equality whether Tusla has assessed the feasibility of developing specialised therapeutic residential capacity within the State, given that individual out of State placements cost in excess of £1.2 million per annum; the estimated cost of such provision; the number of children who have returned to the State from out of State placements in each of the years 2021 to 2025; and if she will make a statement on the matter.","Children, Disability and Equality",1146,1148
"271. Deputy Ken O'Flynn asked the Minister for Children, Disability and Equality further to Parliamentary Question No. 66232/26, in respect of the five out of State residential placements referred to in the reply, the name of each provider; whether each provider is a private for profit, voluntary or statutory body; the duration of each placement to date; the reason for the variation in cost between placements, which range from approximately €50,000 to over £1.2 million per annum; and if she will make a statement on the matter. [71219/26]",Children,the minister for children disability and equality further to parliamentary question no 66232 26 in respect of the five out of state residential placements referred to in the reply the name of each provider whether each provider is a private for profit voluntary or statutory body the duration of each placement to date the reason for the variation in cost between placements which range from approximately 50 000 to over 1 2 million per annum and 71219 26,2026-10-08,written,271,71219/26,Ken O'Flynn,KEN O'FLYNN,en,"To ask the Minister for Children, Disability and Equality further to Parliamentary Question No. 66232/26, in respect of the five out of State residential placements referred to in the reply, the name of each provider; whether each provider is a private for profit, voluntary or statutory body; the duration of each placement to date; the reason for the variation in cost between placements, which range from approximately €50,000 to over £1.2 million per annum; and if she will make a statement on the matter.","Children, Disability and Equality",1150,1152
"272. Deputy Ken O'Flynn asked the Minister for Children, Disability and Equality further to Parliamentary Question No. 66232/26, the total combined annual cost in euro of all out of State placements, residential and foster, as of end July 2026, with the exchange rate applied; the equivalent total for each of the years 2021 to 2025; and if she will make a statement on the matter. [71218/26]",Children,the minister for children disability and equality further to parliamentary question no 66232 26 the total combined annual cost in euro of all out of state placements residential and foster as of end july 2026 with the exchange rate applied the equivalent total for each of the years 2021 to 2025 and 71218 26,2026-10-08,written,272,71218/26,Ken O'Flynn,KEN O'FLYNN,en,"To ask the Minister for Children, Disability and Equality further to Parliamentary Question No. 66232/26, the total combined annual cost in euro of all out of State placements, residential and foster, as of end July 2026, with the exchange rate applied; the equivalent total for each of the years 2021 to 2025; and if she will make a statement on the matter.","Children, Disability and Equality",1154,1156
"273. Deputy Ken O'Flynn asked the Minister for Children, Disability and Equality further to Parliamentary Question No. 66232/26, the number of children placed in care outside the State as of end July 2026, broken down by each specific jurisdiction (Northern Ireland, Scotland, England, Wales and any other country), and in each case by whether the placement is foster care or residential care; and if she will make a statement on the matter. [71217/26]",Children,the minister for children disability and equality further to parliamentary question no 66232 26 the number of children placed in care outside the state as of end july 2026 broken down by each specific jurisdiction northern ireland scotland england wales and any other country and in each case by whether the placement is foster care or residential care and 71217 26,2026-10-08,written,273,71217/26,Ken O'Flynn,KEN O'FLYNN,en,"To ask the Minister for Children, Disability and Equality further to Parliamentary Question No. 66232/26, the number of children placed in care outside the State as of end July 2026, broken down by each specific jurisdiction (Northern Ireland, Scotland, England, Wales and any other country), and in each case by whether the placement is foster care or residential care; and if she will make a statement on the matter.","Children, Disability and Equality",1158,1160
"274. Deputy Roderic O'Gorman asked the Minister for Children, Disability and Equality if she will consider ways in which the NCS can be amended to make provision for parents who have a full five day full care arrangement with their childcare provider but use parental leave or other arrangements that means they do not use the full five days each week, to ensure that these parents are not financially penalised for spending additional time with their children. [71173/26]",Children,the minister for children disability and equality if she will consider ways in which the ncs can be amended to make provision for parents who have a full five day full care arrangement with their childcare provider but use parental leave or other arrangements that means they do not use the full five days each week to ensure that these parents are not financially penalised for spending additional time with their children 71173 26,2026-10-08,written,274,71173/26,Roderic O'Gorman,RODERIC O'GORMAN,en,"To ask the Minister for Children, Disability and Equality if she will consider ways in which the NCS can be amended to make provision for parents who have a full five day full care arrangement with their childcare provider but use parental leave or other arrangements that means they do not use the full five days each week, to ensure that these parents are not financially penalised for spending additional time with their children.","Children, Disability and Equality",1162,1164
"275. Deputy Ken O'Flynn asked the Minister for Children, Disability and Equality further to Parliamentary Question No. 69648/26 of 1 October 2026, which stated that fee data is not disaggregated by core funding partner status; whether she will arrange for Pobal to collect and publish school age childcare fee data separately for core funding and non core funding services; and if she will make a statement on the matter. [71248/26]",Children,the minister for children disability and equality further to parliamentary question no 69648 26 of 1 october 2026 which stated that fee data is not disaggregated by core funding partner status whether she will arrange for pobal to collect and publish school age childcare fee data separately for core funding and non core funding services and 71248 26,2026-10-08,written,275,71248/26,Ken O'Flynn,KEN O'FLYNN,en,"To ask the Minister for Children, Disability and Equality further to Parliamentary Question No. 69648/26 of 1 October 2026, which stated that fee data is not disaggregated by core funding partner status; whether she will arrange for Pobal to collect and publish school age childcare fee data separately for core funding and non core funding services; and if she will make a statement on the matter.","Children, Disability and Equality",1166,1168
"276. Deputy Ken O'Flynn asked the Minister for Children, Disability and Equality further to Parliamentary Question No. 68764/26 of 29 September 2026, which stated that the request for tender stipulates the funding allocated to each service category, whether private residential childcare contracts awarded by Tusla are let at a fixed price set by Tusla or on the basis of prices bid by providers; and the funding rate per placement for each service category in the most recent tender. [71247/26]",Children,the minister for children disability and equality further to parliamentary question no 68764 26 of 29 september 2026 which stated that the request for tender stipulates the funding allocated to each service category whether private residential childcare contracts awarded by tusla are let at a fixed price set by tusla or on the basis of prices bid by providers and the funding rate per placement for each service category in the most recent tender 71247 26,2026-10-08,written,276,71247/26,Ken O'Flynn,KEN O'FLYNN,en,"To ask the Minister for Children, Disability and Equality further to Parliamentary Question No. 68764/26 of 29 September 2026, which stated that the request for tender stipulates the funding allocated to each service category, whether private residential childcare contracts awarded by Tusla are let at a fixed price set by Tusla or on the basis of prices bid by providers; and the funding rate per placement for each service category in the most recent tender.","Children, Disability and Equality",1170,1172
"277. Deputy Emer Currie asked the Minister for Children, Disability and Equality if a review of national childcare scheme sponsorship subsidy rates is underway; if the current rate of €5.30 per hour for up to 45 hours per week adequately covers the fees charged by participating services particularly in Dublin; and if her Department has assessed reports that services are limiting sponsored places as the subsidy does not cover their fees. [71294/26]",Children,the minister for children disability and equality if a review of national childcare scheme sponsorship subsidy rates is underway if the current rate of 5 30 per hour for up to 45 hours per week adequately covers the fees charged by participating services particularly in dublin and if her department has assessed reports that services are limiting sponsored places as the subsidy does not cover their fees 71294 26,2026-10-08,written,277,71294/26,Emer Currie,EMER CURRIE,en,"To ask the Minister for Children, Disability and Equality if a review of national childcare scheme sponsorship subsidy rates is underway; if the current rate of €5.30 per hour for up to 45 hours per week adequately covers the fees charged by participating services particularly in Dublin; and if her Department has assessed reports that services are limiting sponsored places as the subsidy does not cover their fees.","Children, Disability and Equality",1174,1176
"278. Deputy Aidan Farrelly asked the Minister for Children, Disability and Equality the number of protected disclosures received by her Department in each of the years 2019 to date in 2026, in tabular form; if an external contractor has been engaged regarding a protected disclosure over that time period; if so, the cost of same; and the number of protected disclosures that were rejected, accepted and that remain under review for the time period in question. [71311/26]",Children,the minister for children disability and equality the number of protected disclosures received by her department in each of the years 2019 to date in 2026 in tabular form if an external contractor has been engaged regarding a protected disclosure over that time period if so the cost of same and the number of protected disclosures that were rejected accepted and that remain under review for the time period in question 71311 26,2026-10-08,written,278,71311/26,Aidan Farrelly,AIDAN FARRELLY,en,"To ask the Minister for Children, Disability and Equality the number of protected disclosures received by her Department in each of the years 2019 to date in 2026, in tabular form; if an external contractor has been engaged regarding a protected disclosure over that time period; if so, the cost of same; and the number of protected disclosures that were rejected, accepted and that remain under review for the time period in question.","Children, Disability and Equality",1178,1180
"279. Deputy Ryan O'Meara asked the Minister for Children, Disability and Equality the number of special needs preschools in Tipperary; and if her Department plans to open more pre-schools for children with special needs, specifically children with Down's syndrome. [71263/26]",Children,the minister for children disability and equality the number of special needs preschools in tipperary and if her department plans to open more pre-schools for children with special needs specifically children with down s syndrome 71263 26,2026-10-08,written,279,71263/26,Ryan O'Meara,RYAN O'MEARA,en,"To ask the Minister for Children, Disability and Equality the number of special needs preschools in Tipperary; and if her Department plans to open more pre-schools for children with special needs, specifically children with Down's syndrome.","Children, Disability and Equality",1182,1184
"280. Deputy Seán Ó Fearghaíl asked the Minister for Health if, in light of the medical evidence and specialist recommendation submitted in support of a patients application (details supplied), she will intervene with the HSE and Primary Care Reimbursement Service to secure approval for a continuous glucose monitoring sensor. [71069/26]",Health,the minister for health if in light of the medical evidence and specialist recommendation submitted in support of a patients application details supplied she will intervene with the hse and primary care reimbursement service to secure approval for a continuous glucose monitoring sensor 71069 26,2026-10-08,written,280,71069/26,Seán Ó Fearghaíl,SEÁN Ó FEARGHAÍL,en,"To ask the Minister for Health if, in light of the medical evidence and specialist recommendation submitted in support of a patients application (details supplied), she will intervene with the HSE and Primary Care Reimbursement Service to secure approval for a continuous glucose monitoring sensor.",Health,1189,1191
281. Deputy Duncan Smith asked the Minister for Health the number of unfilled posts in the Swords health centre; the length of time they have been unfilled; and the overall percentage of unfilled posts in Swords health centre. [70692/26],Health,the minister for health the number of unfilled posts in the swords health centre the length of time they have been unfilled and the overall percentage of unfilled posts in swords health centre 70692 26,2026-10-08,written,281,70692/26,Duncan Smith,DUNCAN SMITH,en,To ask the Minister for Health the number of unfilled posts in the Swords health centre; the length of time they have been unfilled; and the overall percentage of unfilled posts in Swords health centre.,Health,1193,1195
"282. Deputy Pádraig Rice asked the Minister for Health the statutory or regulatory basis for the Nursing and Midwifery Board of Ireland's new restrictions with respect to identification requirements (details supplied); and if her Department is satisfied that appropriate provision exists for students who, because of their immigration or international protection status, cannot reasonably obtain one of the specified documents. [71093/26]",Health,the minister for health the statutory or regulatory basis for the nursing and midwifery board of ireland s new restrictions with respect to identification requirements details supplied and if her department is satisfied that appropriate provision exists for students who because of their immigration or international protection status cannot reasonably obtain one of the specified documents 71093 26,2026-10-08,written,282,71093/26,Pádraig Rice,PÁDRAIG RICE,en,"To ask the Minister for Health the statutory or regulatory basis for the Nursing and Midwifery Board of Ireland's new restrictions with respect to identification requirements (details supplied); and if her Department is satisfied that appropriate provision exists for students who, because of their immigration or international protection status, cannot reasonably obtain one of the specified documents.",Health,1197,1199
283. Deputy Paul Lawless asked the Minister for Health if she is aware of the case of a person (details supplied) whose hospital medical records from treatment received at Galway University Hospital prior to 2014 are currently missing; the steps the HSE is taking to locate these records; when it is expected that the records will be found or accounted for; and if she will make a statement on the matter. [71092/26],Health,the minister for health if she is aware of the case of a person details supplied whose hospital medical records from treatment received at galway university hospital prior to 2014 are currently missing the steps the hse is taking to locate these records when it is expected that the records will be found or accounted for and 71092 26,2026-10-08,written,283,71092/26,Paul Lawless,PAUL LAWLESS,en,To ask the Minister for Health if she is aware of the case of a person (details supplied) whose hospital medical records from treatment received at Galway University Hospital prior to 2014 are currently missing; the steps the HSE is taking to locate these records; when it is expected that the records will be found or accounted for; and if she will make a statement on the matter.,Health,1201,1203
"284. Deputy Ken O'Flynn asked the Minister for Health further to Parliamentary Question No. 61930/26, the date on which the external review of Children's Health Ireland's operational readiness (details supplied) was commissioned; whether the review fell within the original scope of the contract or was added by way of variation; whether a person was engaged directly or as a subcontractor to an organisation; the fees and expenses paid to the person; and if she will make a statement on the matter. [71080/26]",Health,the minister for health further to parliamentary question no 61930 26 the date on which the external review of children s health ireland s operational readiness details supplied was commissioned whether the review fell within the original scope of the contract or was added by way of variation whether a person was engaged directly or as a subcontractor to an organisation the fees and expenses paid to the person and 71080 26,2026-10-08,written,284,71080/26,Ken O'Flynn,KEN O'FLYNN,en,"To ask the Minister for Health further to Parliamentary Question No. 61930/26, the date on which the external review of Children's Health Ireland's operational readiness (details supplied) was commissioned; whether the review fell within the original scope of the contract or was added by way of variation; whether a person was engaged directly or as a subcontractor to an organisation; the fees and expenses paid to the person; and if she will make a statement on the matter.",Health,1205,1207
"285. Deputy Ken O'Flynn asked the Minister for Health further to Parliamentary Question No. 61930/26, whether payments to an organisation (details supplied) in respect of services to Children's Health Ireland since April 2021 have been included in the HSE's or Children's Health Ireland's published quarterly purchase order disclosures over €20,000; if so, the reason the HSE has declined to provide the total cost in reply to Parliamentary Question 61930/26 on grounds of commercial sensitivity; and if she will make a statement on the matter. [71078/26]",Health,the minister for health further to parliamentary question no 61930 26 whether payments to an organisation details supplied in respect of services to children s health ireland since april 2021 have been included in the hse s or children s health ireland s published quarterly purchase order disclosures over 20 000 if so the reason the hse has declined to provide the total cost in reply to parliamentary question 61930 26 on grounds of commercial sensitivity and 71078 26,2026-10-08,written,285,71078/26,Ken O'Flynn,KEN O'FLYNN,en,"To ask the Minister for Health further to Parliamentary Question No. 61930/26, whether payments to an organisation (details supplied) in respect of services to Children's Health Ireland since April 2021 have been included in the HSE's or Children's Health Ireland's published quarterly purchase order disclosures over €20,000; if so, the reason the HSE has declined to provide the total cost in reply to Parliamentary Question 61930/26 on grounds of commercial sensitivity; and if she will make a statement on the matter.",Health,1209,1211
"286. Deputy Ken O'Flynn asked the Minister for Health further to Parliamentary Question No. 61930/26, the expiry date of the OGP framework under which an organisation was engaged in April 2021; whether the resulting contract has since been extended or renewed; the current end date of the contract; the total value of any extensions; whether a fresh procurement process will be run; and if she will make a statement on the matter. [71076/26]",Health,the minister for health further to parliamentary question no 61930 26 the expiry date of the ogp framework under which an organisation was engaged in april 2021 whether the resulting contract has since been extended or renewed the current end date of the contract the total value of any extensions whether a fresh procurement process will be run and 71076 26,2026-10-08,written,286,71076/26,Ken O'Flynn,KEN O'FLYNN,en,"To ask the Minister for Health further to Parliamentary Question No. 61930/26, the expiry date of the OGP framework under which an organisation was engaged in April 2021; whether the resulting contract has since been extended or renewed; the current end date of the contract; the total value of any extensions; whether a fresh procurement process will be run; and if she will make a statement on the matter.",Health,1213,1215
"287. Deputy Ken O'Flynn asked the Minister for Health further to Parliamentary Question No. 61930/26, whether the engagement of an organisation (details supplied) was awarded following a mini competition or by direct drawdown under the OGP Multi Supplier Framework Agreement; the number of tenders received; whether the contracting authority was the HSE or Children's Health Ireland; the estimated contract value at the time of award; and if she will make a statement on the matter. [71074/26]",Health,the minister for health further to parliamentary question no 61930 26 whether the engagement of an organisation details supplied was awarded following a mini competition or by direct drawdown under the ogp multi supplier framework agreement the number of tenders received whether the contracting authority was the hse or children s health ireland the estimated contract value at the time of award and 71074 26,2026-10-08,written,287,71074/26,Ken O'Flynn,KEN O'FLYNN,en,"To ask the Minister for Health further to Parliamentary Question No. 61930/26, whether the engagement of an organisation (details supplied) was awarded following a mini competition or by direct drawdown under the OGP Multi Supplier Framework Agreement; the number of tenders received; whether the contracting authority was the HSE or Children's Health Ireland; the estimated contract value at the time of award; and if she will make a statement on the matter.",Health,1217,1219
"288. Deputy Ken O'Flynn asked the Minister for Health further to Parliamentary Question No. 61930/26, the total amount paid to an organisation (details supplied) under the business and management consultancy service commenced in April 2021 in respect of Children's Health Ireland, in tabular form, by year from 2021 to date in 2026; the reason an aggregate total cannot be released when it would disclose no rates or pricing detail; and if she will make a statement on the matter. [71072/26]",Health,the minister for health further to parliamentary question no 61930 26 the total amount paid to an organisation details supplied under the business and management consultancy service commenced in april 2021 in respect of children s health ireland in tabular form by year from 2021 to date in 2026 the reason an aggregate total cannot be released when it would disclose no rates or pricing detail and 71072 26,2026-10-08,written,288,71072/26,Ken O'Flynn,KEN O'FLYNN,en,"To ask the Minister for Health further to Parliamentary Question No. 61930/26, the total amount paid to an organisation (details supplied) under the business and management consultancy service commenced in April 2021 in respect of Children's Health Ireland, in tabular form, by year from 2021 to date in 2026; the reason an aggregate total cannot be released when it would disclose no rates or pricing detail; and if she will make a statement on the matter.",Health,1221,1223
289. Deputy Donna Mcgettigan asked the Minister for Health the assessment procedures that must be followed before a vulnerable adult can be placed in independent living; whether the company which owns the living facility can carry out the assessment and if this is a potential conflict of interest; the input sought from the persons family; to state whether these procedures were followed in the case of a person (details supplied); and if she will ensure that the family are liaised with and their concerns addressed. [71104/26],Health,the minister for health the assessment procedures that must be followed before a vulnerable adult can be placed in independent living whether the company which owns the living facility can carry out the assessment and if this is a potential conflict of interest the input sought from the persons family to state whether these procedures were followed in the case of a person details supplied and if she will ensure that the family are liaised with and their concerns addressed 71104 26,2026-10-08,written,289,71104/26,Donna Mcgettigan,DONNA MCGETTIGAN,en,To ask the Minister for Health the assessment procedures that must be followed before a vulnerable adult can be placed in independent living; whether the company which owns the living facility can carry out the assessment and if this is a potential conflict of interest; the input sought from the persons family; to state whether these procedures were followed in the case of a person (details supplied); and if she will ensure that the family are liaised with and their concerns addressed.,Health,1225,1227
"290. Deputy Pádraig Rice asked the Minister for Health if applications for reimbursement for lipoedema treatment under the Cross Border Healthcare Directive have been placed on hold, delayed or otherwise prevented from progressing pending clinical review or clinical advice; if so, the date on which this commenced; the reason for the decision; the number of applications affected; and the anticipated timeframe for resolving the matter. [71115/26]",Health,the minister for health if applications for reimbursement for lipoedema treatment under the cross border healthcare directive have been placed on hold delayed or otherwise prevented from progressing pending clinical review or clinical advice if so the date on which this commenced the reason for the decision the number of applications affected and the anticipated timeframe for resolving the matter 71115 26,2026-10-08,written,290,71115/26,Pádraig Rice,PÁDRAIG RICE,en,"To ask the Minister for Health if applications for reimbursement for lipoedema treatment under the Cross Border Healthcare Directive have been placed on hold, delayed or otherwise prevented from progressing pending clinical review or clinical advice; if so, the date on which this commenced; the reason for the decision; the number of applications affected; and the anticipated timeframe for resolving the matter.",Health,1229,1231
"291. Deputy Pádraig Rice asked the Minister for Health if there has been any change since 29 August 2025 to the assessment, processing or reimbursement of applications relating to the treatment of lipoedema under the Cross Border Healthcare Directive; if standard applications for treatment of the limbs under the Z01B code are now routinely being referred for clinical review; the date on which any such change was introduced; and the person or body that authorised the change. [71114/26]",Health,the minister for health if there has been any change since 29 august 2025 to the assessment processing or reimbursement of applications relating to the treatment of lipoedema under the cross border healthcare directive if standard applications for treatment of the limbs under the z01b code are now routinely being referred for clinical review the date on which any such change was introduced and the person or body that authorised the change 71114 26,2026-10-08,written,291,71114/26,Pádraig Rice,PÁDRAIG RICE,en,"To ask the Minister for Health if there has been any change since 29 August 2025 to the assessment, processing or reimbursement of applications relating to the treatment of lipoedema under the Cross Border Healthcare Directive; if standard applications for treatment of the limbs under the Z01B code are now routinely being referred for clinical review; the date on which any such change was introduced; and the person or body that authorised the change.",Health,1233,1235
292. Deputy Michael Healy-rae asked the Minister for Health if more home support hours can be granted to a person (details supplied). [71112/26],Health,the minister for health if more home support hours can be granted to a person details supplied 71112 26,2026-10-08,written,292,71112/26,Michael Healy-rae,MICHAEL HEALY-RAE,en,To ask the Minister for Health if more home support hours can be granted to a person (details supplied).,Health,1237,1239
"293. Deputy Pádraig Rice asked the Minister for Health the reason any change to the processing, clinical review or eligibility requirements for lipoedema applications under the Cross Border Healthcare Directive was not communicated to patients in advance, having regard to a written commitment (details supplied). [71124/26]",Health,the minister for health the reason any change to the processing clinical review or eligibility requirements for lipoedema applications under the cross border healthcare directive was not communicated to patients in advance having regard to a written commitment details supplied 71124 26,2026-10-08,written,293,71124/26,Pádraig Rice,PÁDRAIG RICE,en,"To ask the Minister for Health the reason any change to the processing, clinical review or eligibility requirements for lipoedema applications under the Cross Border Healthcare Directive was not communicated to patients in advance, having regard to a written commitment (details supplied).",Health,1241,1243
"294. Deputy Pádraig Rice asked the Minister for Health the number of applications for reimbursement relating to lipoedema treatment under the Cross Border Healthcare Directive that are currently outstanding, broken down by month of receipt from October 2025 to date; the number currently awaiting administrative processing, clinical review or clinical advice respectively; the number processed and reimbursed during the same period; and the current average and longest processing time for such applications. [71125/26]",Health,the minister for health the number of applications for reimbursement relating to lipoedema treatment under the cross border healthcare directive that are currently outstanding broken down by month of receipt from october 2025 to date the number currently awaiting administrative processing clinical review or clinical advice respectively the number processed and reimbursed during the same period and the current average and longest processing time for such applications 71125 26,2026-10-08,written,294,71125/26,Pádraig Rice,PÁDRAIG RICE,en,"To ask the Minister for Health the number of applications for reimbursement relating to lipoedema treatment under the Cross Border Healthcare Directive that are currently outstanding, broken down by month of receipt from October 2025 to date; the number currently awaiting administrative processing, clinical review or clinical advice respectively; the number processed and reimbursed during the same period; and the current average and longest processing time for such applications.",Health,1245,1247
"295. Deputy Pádraig Rice asked the Minister for Health if applications for reimbursement under the Cross Border Healthcare Directive are processed strictly in chronological order according to their date of receipt; if not, the circumstances in which applications may be processed out of sequence; and to explain how applications for other procedures submitted in 2026 have been processed and reimbursed while some lipoedema applications submitted in 2025 and early 2026 remain outstanding. [71126/26]",Health,the minister for health if applications for reimbursement under the cross border healthcare directive are processed strictly in chronological order according to their date of receipt if not the circumstances in which applications may be processed out of sequence and to explain how applications for other procedures submitted in 2026 have been processed and reimbursed while some lipoedema applications submitted in 2025 and early 2026 remain outstanding 71126 26,2026-10-08,written,295,71126/26,Pádraig Rice,PÁDRAIG RICE,en,"To ask the Minister for Health if applications for reimbursement under the Cross Border Healthcare Directive are processed strictly in chronological order according to their date of receipt; if not, the circumstances in which applications may be processed out of sequence; and to explain how applications for other procedures submitted in 2026 have been processed and reimbursed while some lipoedema applications submitted in 2025 and early 2026 remain outstanding.",Health,1249,1251
296. Deputy Ciarán Ahern asked the Minister for Health the discussions that were held over the past five years between the HSE and any other body in relation to the safety and future preservation of historical psychiatric hospital records. [71138/26],Health,the minister for health the discussions that were held over the past five years between the hse and any other body the safety and future preservation of historical psychiatric hospital records 71138 26,2026-10-08,written,296,71138/26,Ciarán Ahern,CIARÁN AHERN,en,To ask the Minister for Health the discussions that were held over the past five years between the HSE and any other body in relation to the safety and future preservation of historical psychiatric hospital records.,Health,1253,1255
297. Deputy Ciarán Ahern asked the Minister for Health the discussions that were held over the past five years between the HSE and the National Archives of Ireland regarding the safety and future preservation of historical psychiatric hospital records. [71137/26],Health,the minister for health the discussions that were held over the past five years between the hse and the national archives of ireland regarding the safety and future preservation of historical psychiatric hospital records 71137 26,2026-10-08,written,297,71137/26,Ciarán Ahern,CIARÁN AHERN,en,To ask the Minister for Health the discussions that were held over the past five years between the HSE and the National Archives of Ireland regarding the safety and future preservation of historical psychiatric hospital records.,Health,1257,1259
"298. Deputy Ciarán Ahern asked the Minister for Health for a comprehensive update on the HSE’s response to the recent decision of the Data Protection Commission in respect of historical psychiatric hospital records (details supplied), including whether the HSE will make arrangements to transfer these important records to the National Archives of Ireland in order that they may be preserved appropriately. [71136/26]",Health,the minister for health for a comprehensive update on the hse s response to the recent decision of the data protection commission in respect of historical psychiatric hospital records details supplied including whether the hse will make arrangements to transfer these important records to the national archives of ireland in order that they may be preserved appropriately 71136 26,2026-10-08,written,298,71136/26,Ciarán Ahern,CIARÁN AHERN,en,"To ask the Minister for Health for a comprehensive update on the HSE’s response to the recent decision of the Data Protection Commission in respect of historical psychiatric hospital records (details supplied), including whether the HSE will make arrangements to transfer these important records to the National Archives of Ireland in order that they may be preserved appropriately.",Health,1261,1263
"299. Deputy Pádraig Rice asked the Minister for Health the estimated financial cost of the electrical failure affecting the laboratory at Connolly Hospital on 18 July 2026, including the value of blood products, reagents, tissue samples, consumables and other stock lost; and the cost of service disruption and any expenditure incurred in restoring services or implementing remedial works. [71135/26]",Health,the minister for health the estimated financial cost of the electrical failure affecting the laboratory at connolly hospital on 18 july 2026 including the value of blood products reagents tissue samples consumables and other stock lost and the cost of service disruption and any expenditure incurred in restoring services or implementing remedial works 71135 26,2026-10-08,written,299,71135/26,Pádraig Rice,PÁDRAIG RICE,en,"To ask the Minister for Health the estimated financial cost of the electrical failure affecting the laboratory at Connolly Hospital on 18 July 2026, including the value of blood products, reagents, tissue samples, consumables and other stock lost; and the cost of service disruption and any expenditure incurred in restoring services or implementing remedial works.",Health,1265,1267
"300. Deputy Pádraig Rice asked the Minister for Health the duration for which laboratory services at Connolly Hospital were unavailable following the electrical failure on 18 July 2026; the period during which the emergency department was closed to new presentations or the hospital was off-call; the number of patients, tests and clinical services, including any ongoing or planned medical procedures affected; and if any patient-safety incidents or delayed diagnoses arose. [71134/26]",Health,the minister for health the duration for which laboratory services at connolly hospital were unavailable following the electrical failure on 18 july 2026 the period during which the emergency department was closed to new presentations or the hospital was off-call the number of patients tests and clinical services including any ongoing or planned medical procedures affected and if any patient-safety incidents or delayed diagnoses arose 71134 26,2026-10-08,written,300,71134/26,Pádraig Rice,PÁDRAIG RICE,en,"To ask the Minister for Health the duration for which laboratory services at Connolly Hospital were unavailable following the electrical failure on 18 July 2026; the period during which the emergency department was closed to new presentations or the hospital was off-call; the number of patients, tests and clinical services, including any ongoing or planned medical procedures affected; and if any patient-safety incidents or delayed diagnoses arose.",Health,1269,1271
"301. Deputy Pádraig Rice asked the Minister for Health if she will publish all internal and external reports, reviews, incident records and technical assessments relating to the loss of electrical power to the laboratory at Connolly Hospital on 18 July 2026, including reports concerning the cause of the incident, its impact on hospital services and the measures required to prevent a recurrence. [71133/26]",Health,the minister for health if she will publish all internal and external reports reviews incident records and technical assessments relating to the loss of electrical power to the laboratory at connolly hospital on 18 july 2026 including reports concerning the cause of the incident its impact on hospital services and the measures required to prevent a recurrence 71133 26,2026-10-08,written,301,71133/26,Pádraig Rice,PÁDRAIG RICE,en,"To ask the Minister for Health if she will publish all internal and external reports, reviews, incident records and technical assessments relating to the loss of electrical power to the laboratory at Connolly Hospital on 18 July 2026, including reports concerning the cause of the incident, its impact on hospital services and the measures required to prevent a recurrence.",Health,1273,1275
"302. Deputy Barry Heneghan asked the Minister for Health given that the national care pathway for Huntington’s disease is approved and the development of a supporting business case for its implementation, whether she will confirm the national funding required to implement the pathway, given the significant unmet needs and neglect of people with Huntington’s disease and their families; and the next steps and timeframe for implementation. [71129/26]",Health,the minister for health given that the national care pathway for huntington s disease is approved and the development of a supporting business case for its implementation whether she will confirm the national funding required to implement the pathway given the significant unmet needs and neglect of people with huntington s disease and their families and the next steps and timeframe for implementation 71129 26,2026-10-08,written,302,71129/26,Barry Heneghan,BARRY HENEGHAN,en,"To ask the Minister for Health given that the national care pathway for Huntington’s disease is approved and the development of a supporting business case for its implementation, whether she will confirm the national funding required to implement the pathway, given the significant unmet needs and neglect of people with Huntington’s disease and their families; and the next steps and timeframe for implementation.",Health,1277,1279
303. Deputy Claire Kerrane asked the Minister for Health if she will intervene in a situation where 75 newly qualified nurses from University College Galway have had promised jobs revoked (details supplied); and the reason for training much needed frontline healthcare professionals and not offering them positions. [71141/26],Health,the minister for health if she will intervene in a situation where 75 newly qualified nurses from university college galway have had promised jobs revoked details supplied and the reason for training much needed frontline healthcare professionals and not offering them positions 71141 26,2026-10-08,written,303,71141/26,Claire Kerrane,CLAIRE KERRANE,en,To ask the Minister for Health if she will intervene in a situation where 75 newly qualified nurses from University College Galway have had promised jobs revoked (details supplied); and the reason for training much needed frontline healthcare professionals and not offering them positions.,Health,1281,1283
"304. Deputy Ken O'Flynn asked the Minister for Health further to Parliamentary Question No. 66835 of 2026, to which no answer was provided, if her Department or the HSE has commissioned or holds any estimate of unmet need for home support; and if she will make a statement on the matter. [71191/26]",Health,the minister for health further to parliamentary question no 66835 of 2026 to which no answer was provided if her department or the hse has commissioned or holds any estimate of unmet need for home support and 71191 26,2026-10-08,written,304,71191/26,Ken O'Flynn,KEN O'FLYNN,en,"To ask the Minister for Health further to Parliamentary Question No. 66835 of 2026, to which no answer was provided, if her Department or the HSE has commissioned or holds any estimate of unmet need for home support; and if she will make a statement on the matter.",Health,1285,1287
305. Deputy Ken O'Flynn asked the Minister for Health the reason the HSE south-west region has delivered fewer home support hours than its year to date target for 2026; the number of vacant home support worker posts in the region; the measures being taken to recruit carers; and if she will make a statement on the matter. [71190/26],Health,the minister for health the reason the hse south-west region has delivered fewer home support hours than its year to date target for 2026 the number of vacant home support worker posts in the region the measures being taken to recruit carers and 71190 26,2026-10-08,written,305,71190/26,Ken O'Flynn,KEN O'FLYNN,en,To ask the Minister for Health the reason the HSE south-west region has delivered fewer home support hours than its year to date target for 2026; the number of vacant home support worker posts in the region; the measures being taken to recruit carers; and if she will make a statement on the matter.,Health,1289,1291
"306. Deputy Ken O'Flynn asked the Minister for Health the number of persons whose discharge from Cork University Hospital, the Mercy University Hospital and the South Infirmary Victoria University Hospital is currently delayed pending home support or carer availability, by hospital, in tabular form; and if she will make a statement on the matter. [71189/26]",Health,the minister for health the number of persons whose discharge from cork university hospital the mercy university hospital and the south infirmary victoria university hospital is currently delayed pending home support or carer availability by hospital in tabular form and 71189 26,2026-10-08,written,306,71189/26,Ken O'Flynn,KEN O'FLYNN,en,"To ask the Minister for Health the number of persons whose discharge from Cork University Hospital, the Mercy University Hospital and the South Infirmary Victoria University Hospital is currently delayed pending home support or carer availability, by hospital, in tabular form; and if she will make a statement on the matter.",Health,1293,1295
"307. Deputy Ken O'Flynn asked the Minister for Health further to Parliamentary Question No. 66830 of 2026, the number of persons assessed and waiting for home support in the HSE south-west region, by county and by community healthcare network; the average and longest wait in each, in tabular form; and if she will make a statement on the matter. [71188/26]",Health,the minister for health further to parliamentary question no 66830 of 2026 the number of persons assessed and waiting for home support in the hse south-west region by county and by community healthcare network the average and longest wait in each in tabular form and 71188 26,2026-10-08,written,307,71188/26,Ken O'Flynn,KEN O'FLYNN,en,"To ask the Minister for Health further to Parliamentary Question No. 66830 of 2026, the number of persons assessed and waiting for home support in the HSE south-west region, by county and by community healthcare network; the average and longest wait in each, in tabular form; and if she will make a statement on the matter.",Health,1297,1299
"308. Deputy Michael Murphy asked the Minister for Health the number of funded but unfilled posts for occupational therapists, physiotherapists, speech and language therapists, nurses and midwives within HSE Dublin and south-east; the breakdown for services in south Tipperary where available; the number of suitably qualified candidates currently awaiting appointment from recruitment panels for these disciplines; and if any appointments are being delayed or prevented because of recruitment or financial controls. [71183/26]",Health,the minister for health the number of funded but unfilled posts for occupational therapists physiotherapists speech and language therapists nurses and midwives within hse dublin and south-east the breakdown for services in south tipperary where available the number of suitably qualified candidates currently awaiting appointment from recruitment panels for these disciplines and if any appointments are being delayed or prevented because of recruitment or financial controls 71183 26,2026-10-08,written,308,71183/26,Michael Murphy,MICHAEL MURPHY,en,"To ask the Minister for Health the number of funded but unfilled posts for occupational therapists, physiotherapists, speech and language therapists, nurses and midwives within HSE Dublin and south-east; the breakdown for services in south Tipperary where available; the number of suitably qualified candidates currently awaiting appointment from recruitment panels for these disciplines; and if any appointments are being delayed or prevented because of recruitment or financial controls.",Health,1301,1303
"309. Deputy Ken O'Flynn asked the Minister for Health if women who had pre booked DOMINO care at Cork University Maternity Hospital while transferring maternity care from abroad, and who are due to give birth between October and December 2026, were identified and contacted before the suspension was announced; the arrangements in place to ensure continuity of care for such women; if the HSE will commit to honouring DOMINO care for all women already booked onto the service before the suspension was announced; and if she will make a statement on the matter. [71197/26]",Health,the minister for health if women who had pre booked domino care at cork university maternity hospital while transferring maternity care from abroad and who are due to give birth between october and december 2026 were identified and contacted before the suspension was announced the arrangements in place to ensure continuity of care for such women if the hse will commit to honouring domino care for all women already booked onto the service before the suspension was announced and 71197 26,2026-10-08,written,309,71197/26,Ken O'Flynn,KEN O'FLYNN,en,"To ask the Minister for Health if women who had pre booked DOMINO care at Cork University Maternity Hospital while transferring maternity care from abroad, and who are due to give birth between October and December 2026, were identified and contacted before the suspension was announced; the arrangements in place to ensure continuity of care for such women; if the HSE will commit to honouring DOMINO care for all women already booked onto the service before the suspension was announced; and if she will make a statement on the matter.",Health,1305,1307
"310. Deputy Ken O'Flynn asked the Minister for Health the caesarean section rate at Cork University Maternity Hospital for first-time mothers in 2023, 2024, 2025 and to date in 2026; the corresponding caesarean section rate for women attending the DOMINO service at the hospital over the same period; the estimated average cost to the HSE of a caesarean section delivery compared with a spontaneous vaginal delivery; and if she will make a statement on the matter. [71196/26]",Health,the minister for health the caesarean section rate at cork university maternity hospital for first-time mothers in 2023 2024 2025 and to date in 2026 the corresponding caesarean section rate for women attending the domino service at the hospital over the same period the estimated average cost to the hse of a caesarean section delivery compared with a spontaneous vaginal delivery and 71196 26,2026-10-08,written,310,71196/26,Ken O'Flynn,KEN O'FLYNN,en,"To ask the Minister for Health the caesarean section rate at Cork University Maternity Hospital for first-time mothers in 2023, 2024, 2025 and to date in 2026; the corresponding caesarean section rate for women attending the DOMINO service at the hospital over the same period; the estimated average cost to the HSE of a caesarean section delivery compared with a spontaneous vaginal delivery; and if she will make a statement on the matter.",Health,1309,1311
311. Deputy Eoin Ó Broin asked the Minister for Health the current turnaround for reimbursement under the Cross-Border Directive scheme; if a six month delay is usual; and the steps being taken to reduce the timeframe. [71195/26],Health,the minister for health the current turnaround for reimbursement under the cross-border directive scheme if a six month delay is usual and the steps being taken to reduce the timeframe 71195 26,2026-10-08,written,311,71195/26,Eoin Ó Broin,EOIN Ó BROIN,en,To ask the Minister for Health the current turnaround for reimbursement under the Cross-Border Directive scheme; if a six month delay is usual; and the steps being taken to reduce the timeframe.,Health,1313,1315
312. Deputy Ken O'Flynn asked the Minister for Health the number of Cross Border Healthcare Directive reimbursement applications outstanding at the latest date for which figures are available; the average and longest processing times in 2025 and in 2026 to date; the staffing resources assigned to processing these applications; the measures being taken to clear the backlog; and if she will make a statement on the matter. [71202/26],Health,the minister for health the number of cross border healthcare directive reimbursement applications outstanding at the latest date for which figures are available the average and longest processing times in 2025 and in 2026 to date the staffing resources assigned to processing these applications the measures being taken to clear the backlog and 71202 26,2026-10-08,written,312,71202/26,Ken O'Flynn,KEN O'FLYNN,en,To ask the Minister for Health the number of Cross Border Healthcare Directive reimbursement applications outstanding at the latest date for which figures are available; the average and longest processing times in 2025 and in 2026 to date; the staffing resources assigned to processing these applications; the measures being taken to clear the backlog; and if she will make a statement on the matter.,Health,1317,1319
"313. Deputy Ken O'Flynn asked the Minister for Health the position of patients who received prior notification under the Cross Border Healthcare Directive, or who are part way through staged treatment for lipoedema, and who have already incurred costs; whether any change to eligibility or process will be applied to treatment already undertaken or already notified; whether a transition period will apply; and if she will make a statement on the matter. [71201/26]",Health,the minister for health the position of patients who received prior notification under the cross border healthcare directive or who are part way through staged treatment for lipoedema and who have already incurred costs whether any change to eligibility or process will be applied to treatment already undertaken or already notified whether a transition period will apply and 71201 26,2026-10-08,written,313,71201/26,Ken O'Flynn,KEN O'FLYNN,en,"To ask the Minister for Health the position of patients who received prior notification under the Cross Border Healthcare Directive, or who are part way through staged treatment for lipoedema, and who have already incurred costs; whether any change to eligibility or process will be applied to treatment already undertaken or already notified; whether a transition period will apply; and if she will make a statement on the matter.",Health,1321,1323
"314. Deputy Ken O'Flynn asked the Minister for Health the nature and purpose of any clinical review or clinical advice being sought by the HSE in respect of Cross Border Healthcare Directive applications for lipoedema treatment; who is providing that advice; the criteria being applied, including whether the review relates to the availability of the treatment in the State; the expected date for its completion; and if she will make a statement on the matter. [71200/26]",Health,the minister for health the nature and purpose of any clinical review or clinical advice being sought by the hse in respect of cross border healthcare directive applications for lipoedema treatment who is providing that advice the criteria being applied including whether the review relates to the availability of the treatment in the state the expected date for its completion and 71200 26,2026-10-08,written,314,71200/26,Ken O'Flynn,KEN O'FLYNN,en,"To ask the Minister for Health the nature and purpose of any clinical review or clinical advice being sought by the HSE in respect of Cross Border Healthcare Directive applications for lipoedema treatment; who is providing that advice; the criteria being applied, including whether the review relates to the availability of the treatment in the State; the expected date for its completion; and if she will make a statement on the matter.",Health,1325,1327
315. Deputy Ken O'Flynn asked the Minister for Health if Cross Border Healthcare Directive reimbursement applications relating to lipoedema treatment are currently being held pending clinical advice or clinical review; the number of such applications currently awaiting a decision; the number of these that have been referred for clinical review or advice; the submission date of the oldest outstanding application; and if she will make a statement on the matter. [71199/26],Health,the minister for health if cross border healthcare directive reimbursement applications relating to lipoedema treatment are currently being held pending clinical advice or clinical review the number of such applications currently awaiting a decision the number of these that have been referred for clinical review or advice the submission date of the oldest outstanding application and 71199 26,2026-10-08,written,315,71199/26,Ken O'Flynn,KEN O'FLYNN,en,To ask the Minister for Health if Cross Border Healthcare Directive reimbursement applications relating to lipoedema treatment are currently being held pending clinical advice or clinical review; the number of such applications currently awaiting a decision; the number of these that have been referred for clinical review or advice; the submission date of the oldest outstanding application; and if she will make a statement on the matter.,Health,1329,1331
"316. Deputy Ken O'Flynn asked the Minister for Health if persons with lipoedema are assessed, processed or reimbursed, including applications submitted under procedure code Z01B; if so, the date on which any such change took effect, the person or body that authorised it; if advance notice and published guidance were provided to patients in line with the commitment given by the HSE National Director of National Services and Schemes in correspondence dated 29 August 2025; and if she will make a statement on the matter. [71198/26]",Health,the minister for health if persons with lipoedema are assessed processed or reimbursed including applications submitted under procedure code z01b if so the date on which any such change took effect the person or body that authorised it if advance notice and published guidance were provided to patients in line with the commitment given by the hse national director of national services and schemes in correspondence dated 29 august 2025 and 71198 26,2026-10-08,written,316,71198/26,Ken O'Flynn,KEN O'FLYNN,en,"To ask the Minister for Health if persons with lipoedema are assessed, processed or reimbursed, including applications submitted under procedure code Z01B; if so, the date on which any such change took effect, the person or body that authorised it; if advance notice and published guidance were provided to patients in line with the commitment given by the HSE National Director of National Services and Schemes in correspondence dated 29 August 2025; and if she will make a statement on the matter.",Health,1333,1335
"317. Deputy Colm Burke asked the Minister for Health to confirm when the primary care centre in Cork city (Mayfield / Ballyvolane) will be granted a section 50 licence, from the OPW, for access crossing a stream in order that the infrastructure project can proceed. [71224/26]",Health,the minister for health to confirm when the primary care centre in cork city mayfield ballyvolane will be granted a section 50 licence from the opw for access crossing a stream in order that the infrastructure project can proceed 71224 26,2026-10-08,written,317,71224/26,Colm Burke,COLM BURKE,en,"To ask the Minister for Health to confirm when the primary care centre in Cork city (Mayfield / Ballyvolane) will be granted a section 50 licence, from the OPW, for access crossing a stream in order that the infrastructure project can proceed.",Health,1337,1339
318. Deputy Marie Sherlock asked the Minister for Health the number of patients treated in the gay men's health service in each of the years 2022 to 2025 and to date in 2026. [71223/26],Health,the minister for health the number of patients treated in the gay men s health service in each of the years 2022 to 2025 and to date in 2026 71223 26,2026-10-08,written,318,71223/26,Marie Sherlock,MARIE SHERLOCK,en,To ask the Minister for Health the number of patients treated in the gay men's health service in each of the years 2022 to 2025 and to date in 2026.,Health,1341,1343
319. Deputy Marie Sherlock asked the Minister for Health the number of clinical staff working in the gay men's health service in each of the years from 2022 to 2025 and to date in 2026. [71222/26],Health,the minister for health the number of clinical staff working in the gay men s health service in each of the years from 2022 to 2025 and to date in 2026 71222 26,2026-10-08,written,319,71222/26,Marie Sherlock,MARIE SHERLOCK,en,To ask the Minister for Health the number of clinical staff working in the gay men's health service in each of the years from 2022 to 2025 and to date in 2026.,Health,1345,1347
"320. Deputy Ken O'Flynn asked the Minister for Health the legal costs incurred by the HSE in defending complaints and proceedings brought by staff under the Protected Disclosures Acts 2014 to 2022, in each of the years from 2014 to date; the number of cases, the costs paid to external solicitors and counsel, the number settled; and the total amount paid in settlements, in tabular form. [71207/26]",Health,the minister for health the legal costs incurred by the hse in defending complaints and proceedings brought by staff under the protected disclosures acts 2014 to 2022 in each of the years from 2014 to date the number of cases the costs paid to external solicitors and counsel the number settled and the total amount paid in settlements in tabular form 71207 26,2026-10-08,written,320,71207/26,Ken O'Flynn,KEN O'FLYNN,en,"To ask the Minister for Health the legal costs incurred by the HSE in defending complaints and proceedings brought by staff under the Protected Disclosures Acts 2014 to 2022, in each of the years from 2014 to date; the number of cases, the costs paid to external solicitors and counsel, the number settled; and the total amount paid in settlements, in tabular form.",Health,1349,1351
"321. Deputy Colm Burke asked the Minister for Health the reason that from 12 October, the dedicated 24-hour DOMINO phone line is being removed, and women will instead be directed to the Cork University Maternity Hospital emergency room telephone; and whether this service could be retained either in its entirety or for existing DOMINO patients. [71228/26]",Health,the minister for health the reason that from 12 october the dedicated 24-hour domino phone line is being removed and women will instead be directed to the cork university maternity hospital emergency room telephone and whether this service could be retained either in its entirety or for existing domino patients 71228 26,2026-10-08,written,321,71228/26,Colm Burke,COLM BURKE,en,"To ask the Minister for Health the reason that from 12 October, the dedicated 24-hour DOMINO phone line is being removed, and women will instead be directed to the Cork University Maternity Hospital emergency room telephone; and whether this service could be retained either in its entirety or for existing DOMINO patients.",Health,1353,1355
"322. Deputy Ken O'Flynn asked the Minister for Health further to Parliamentary Question No. 69655/26 of 1 October 2026, which did not address the matters, whether a Supplementary Estimate will be sought for the HSE in 2026 and the amount; the full year overspend forecast held by the Department at end September 2026; and if she will make a statement on the matter. [71232/26]",Health,the minister for health further to parliamentary question no 69655 26 of 1 october 2026 which did not address the matters whether a supplementary estimate will be sought for the hse in 2026 and the amount the full year overspend forecast held by the department at end september 2026 and 71232 26,2026-10-08,written,322,71232/26,Ken O'Flynn,KEN O'FLYNN,en,"To ask the Minister for Health further to Parliamentary Question No. 69655/26 of 1 October 2026, which did not address the matters, whether a Supplementary Estimate will be sought for the HSE in 2026 and the amount; the full year overspend forecast held by the Department at end September 2026; and if she will make a statement on the matter.",Health,1357,1359
"323. Deputy Claire Kerrane asked the Minister for Health the actions she and the HSE are taking to better warn the public of the dangers of hexahydrocannabinol, to educate and ensure that these products are not being sold to young people under the age of 18; if she is concerned as to the use and availability of said products; and what more can be done cross-Departmental to tackle this use. [71159/26]",Health,the minister for health the actions she and the hse are taking to better warn the public of the dangers of hexahydrocannabinol to educate and ensure that these products are not being sold to young people under the age of 18 if she is concerned as to the use and availability of said products and what more can be done cross-departmental to tackle this use 71159 26,2026-10-08,written,323,71159/26,Claire Kerrane,CLAIRE KERRANE,en,"To ask the Minister for Health the actions she and the HSE are taking to better warn the public of the dangers of hexahydrocannabinol, to educate and ensure that these products are not being sold to young people under the age of 18; if she is concerned as to the use and availability of said products; and what more can be done cross-Departmental to tackle this use.",Health,1361,1363
324. Deputy Eoin Ó Broin asked the Minister for Health if there is a funding issue related to a hospital that is consequently impeding surgeries for patients (details supplied); the steps that will be taken to ensure funding is provided and available for much needed surgeries to take place given pre-assessed patients remain waiting for months without any progress; and if she will make a statement on the matter. [71265/26],Health,the minister for health if there is a funding issue related to a hospital that is consequently impeding surgeries for patients details supplied the steps that will be taken to ensure funding is provided and available for much needed surgeries to take place given pre-assessed patients remain waiting for months without any progress and 71265 26,2026-10-08,written,324,71265/26,Eoin Ó Broin,EOIN Ó BROIN,en,To ask the Minister for Health if there is a funding issue related to a hospital that is consequently impeding surgeries for patients (details supplied); the steps that will be taken to ensure funding is provided and available for much needed surgeries to take place given pre-assessed patients remain waiting for months without any progress; and if she will make a statement on the matter.,Health,1365,1367
"325. Deputy Barry Heneghan asked the Minister for Health the assessment that has been made of the impact of delays in Cross-Border Directive reimbursements on patients, including those who have borrowed to fund treatment or delayed further treatment while awaiting reimbursement; the additional staffing and resources provided to address the backlog; the measures being taken to reduce processing times; and whether a target date has been set for returning to the stated aim of processing completed applications within 30 working days; [71154/26]",Health,the minister for health the assessment that has been made of the impact of delays in cross-border directive reimbursements on patients including those who have borrowed to fund treatment or delayed further treatment while awaiting reimbursement the additional staffing and resources provided to address the backlog the measures being taken to reduce processing times and whether a target date has been set for returning to the stated aim of processing completed applications within 30 working days 71154 26,2026-10-08,written,325,71154/26,Barry Heneghan,BARRY HENEGHAN,en,"To ask the Minister for Health the assessment that has been made of the impact of delays in Cross-Border Directive reimbursements on patients, including those who have borrowed to fund treatment or delayed further treatment while awaiting reimbursement; the additional staffing and resources provided to address the backlog; the measures being taken to reduce processing times; and whether a target date has been set for returning to the stated aim of processing completed applications within 30 working days;",Health,1369,1371
"326. Deputy Jen Cummins asked the Minister for Health her plans to resource paediatric physiotherapy service in Crumlin and Drimnagh, due to the number of parents receiving letters saying the service is currently unavailable due to a shortage of paediatric physiotherapists. [71262/26]",Health,the minister for health her plans to resource paediatric physiotherapy service in crumlin and drimnagh due to the number of parents receiving letters saying the service is currently unavailable due to a shortage of paediatric physiotherapists 71262 26,2026-10-08,written,326,71262/26,Jen Cummins,JEN CUMMINS,en,"To ask the Minister for Health her plans to resource paediatric physiotherapy service in Crumlin and Drimnagh, due to the number of parents receiving letters saying the service is currently unavailable due to a shortage of paediatric physiotherapists.",Health,1373,1375
"327. Deputy Ken O'Flynn asked the Minister for Health further to Parliamentary Question No. 69640/26 of 1 October 2026, which referred the matter to the HSE under the Health (Pricing and Supply of Medical Goods) Act 2013, whether the Department required or received an implementation plan or service funding proposal for specialist clinic capacity when reimbursement of Skyclarys was approved; whether any funding was provided by the Department for that purpose; and if she will make a statement on the matter. [71235/26]",Health,the minister for health further to parliamentary question no 69640 26 of 1 october 2026 which referred the matter to the hse under the health pricing and supply of medical goods act 2013 whether the department required or received an implementation plan or service funding proposal for specialist clinic capacity when reimbursement of skyclarys was approved whether any funding was provided by the department for that purpose and 71235 26,2026-10-08,written,327,71235/26,Ken O'Flynn,KEN O'FLYNN,en,"To ask the Minister for Health further to Parliamentary Question No. 69640/26 of 1 October 2026, which referred the matter to the HSE under the Health (Pricing and Supply of Medical Goods) Act 2013, whether the Department required or received an implementation plan or service funding proposal for specialist clinic capacity when reimbursement of Skyclarys was approved; whether any funding was provided by the Department for that purpose; and if she will make a statement on the matter.",Health,1377,1379
"328. Deputy Pádraig Rice asked the Minister for Health the reason new graduate nurses and midwives in Galway have not been offered permanent contracts; if these graduates will be offered permanent contracts; or if they will be offered contracts in the HSE bank, rather than named clinical areas. [71304/26]",Health,the minister for health the reason new graduate nurses and midwives in galway have not been offered permanent contracts if these graduates will be offered permanent contracts or if they will be offered contracts in the hse bank rather than named clinical areas 71304 26,2026-10-08,written,328,71304/26,Pádraig Rice,PÁDRAIG RICE,en,"To ask the Minister for Health the reason new graduate nurses and midwives in Galway have not been offered permanent contracts; if these graduates will be offered permanent contracts; or if they will be offered contracts in the HSE bank, rather than named clinical areas.",Health,1381,1383
329. Deputy Pádraig Rice asked the Minister for Health the annual cost of the DOMINO scheme in Cork University Maternity Hospital in each of the years since 2020. [71307/26],Health,the minister for health the annual cost of the domino scheme in cork university maternity hospital in each of the years since 2020 71307 26,2026-10-08,written,329,71307/26,Pádraig Rice,PÁDRAIG RICE,en,To ask the Minister for Health the annual cost of the DOMINO scheme in Cork University Maternity Hospital in each of the years since 2020.,Health,1385,1387
330. Deputy Brendan Smith asked the Minister for Health if it would be possible to provide public step down or convalescence care for patients who are being discharged following treatments or procedures obtained privately. [71338/26],Health,the minister for health if it would be possible to provide public step down or convalescence care for patients who are being discharged following treatments or procedures obtained privately 71338 26,2026-10-08,written,330,71338/26,Brendan Smith,BRENDAN SMITH,en,To ask the Minister for Health if it would be possible to provide public step down or convalescence care for patients who are being discharged following treatments or procedures obtained privately.,Health,1389,1391
"331. Deputy Pádraig Rice asked the Minister for Health the annual cost of the DOMINO scheme in each of the years since 2020, by maternity hospital and unit. [71308/26]",Health,the minister for health the annual cost of the domino scheme in each of the years since 2020 by maternity hospital and unit 71308 26,2026-10-08,written,331,71308/26,Pádraig Rice,PÁDRAIG RICE,en,"To ask the Minister for Health the annual cost of the DOMINO scheme in each of the years since 2020, by maternity hospital and unit.",Health,1393,1395
"332. Deputy Aidan Farrelly asked the Minister for Health the number of protected disclosures received by her Department in each of the years 2019 to date in 2026, in tabular form; if an external contractor has been engaged regarding a protected disclosure over that time period; if so, the cost of same; and the number of protected disclosures that were rejected, accepted and that remain under review for the time period in question. [71310/26]",Health,the minister for health the number of protected disclosures received by her department in each of the years 2019 to date in 2026 in tabular form if an external contractor has been engaged regarding a protected disclosure over that time period if so the cost of same and the number of protected disclosures that were rejected accepted and that remain under review for the time period in question 71310 26,2026-10-08,written,332,71310/26,Aidan Farrelly,AIDAN FARRELLY,en,"To ask the Minister for Health the number of protected disclosures received by her Department in each of the years 2019 to date in 2026, in tabular form; if an external contractor has been engaged regarding a protected disclosure over that time period; if so, the cost of same; and the number of protected disclosures that were rejected, accepted and that remain under review for the time period in question.",Health,1397,1399
"333. Deputy Danny Healy-rae asked the Minister for Further and Higher Education, Research, Innovation and Science if he will consider including the income a student earns from weekend work in the income disregard for the SUSI grant (details supplied); and if he will make a statement on the matter. [71185/26]",Further and Higher Education,the minister for further and higher education research innovation and science if he will consider including the income a student earns from weekend work in the income disregard for the susi grant details supplied and 71185 26,2026-10-08,written,333,71185/26,Danny Healy-rae,DANNY HEALY-RAE,en,"To ask the Minister for Further and Higher Education, Research, Innovation and Science if he will consider including the income a student earns from weekend work in the income disregard for the SUSI grant (details supplied); and if he will make a statement on the matter.","Further and Higher Education, Research, Innovation and Science",1404,1406
"334. Deputy Malcolm Byrne asked the Minister for Further and Higher Education, Research, Innovation and Science to outline Ireland's strategy to play a significant role in the development of robotics; and the plans to increase the number of graduates operating in this space. [71172/26]",Further and Higher Education,the minister for further and higher education research innovation and science ireland s strategy to play a significant role in the development of robotics and the plans to increase the number of graduates operating in this space 71172 26,2026-10-08,written,334,71172/26,Malcolm Byrne,MALCOLM BYRNE,en,"To ask the Minister for Further and Higher Education, Research, Innovation and Science to outline Ireland's strategy to play a significant role in the development of robotics; and the plans to increase the number of graduates operating in this space.","Further and Higher Education, Research, Innovation and Science",1408,1410
"335. Deputy Malcolm Byrne asked the Minister for Further and Higher Education, Research, Innovation and Science to outline Ireland's investment in supercomputing facilities; and the plans to further expand such operations. [71171/26]",Further and Higher Education,the minister for further and higher education research innovation and science ireland s investment in supercomputing facilities and the plans to further expand such operations 71171 26,2026-10-08,written,335,71171/26,Malcolm Byrne,MALCOLM BYRNE,en,"To ask the Minister for Further and Higher Education, Research, Innovation and Science to outline Ireland's investment in supercomputing facilities; and the plans to further expand such operations.","Further and Higher Education, Research, Innovation and Science",1412,1414
"336. Deputy Aidan Farrelly asked the Minister for Further and Higher Education, Research, Innovation and Science the number of protected disclosures received by his Department in each of the years 2019 to date in 2026, in tabular form; if an external contractor has been engaged regarding a protected disclosure over that time period; if so, the cost of same; and the number of protected disclosures that were rejected, accepted and that remain under review for the time period in question. [71309/26]",Further and Higher Education,the minister for further and higher education research innovation and science the number of protected disclosures received by his department in each of the years 2019 to date in 2026 in tabular form if an external contractor has been engaged regarding a protected disclosure over that time period if so the cost of same and the number of protected disclosures that were rejected accepted and that remain under review for the time period in question 71309 26,2026-10-08,written,336,71309/26,Aidan Farrelly,AIDAN FARRELLY,en,"To ask the Minister for Further and Higher Education, Research, Innovation and Science the number of protected disclosures received by his Department in each of the years 2019 to date in 2026, in tabular form; if an external contractor has been engaged regarding a protected disclosure over that time period; if so, the cost of same; and the number of protected disclosures that were rejected, accepted and that remain under review for the time period in question.","Further and Higher Education, Research, Innovation and Science",1416,1418
337. Deputy Paul Murphy asked the Minister for Rural and Community Development and the Gaeltacht whether he will consider providing funding to assist in the completion of a centre (details supplied). [71066/26],Rural,the minister for rural and community development and the gaeltacht whether he will consider providing funding to assist in the completion of a centre details supplied 71066 26,2026-10-08,written,337,71066/26,Paul Murphy,PAUL MURPHY,en,To ask the Minister for Rural and Community Development and the Gaeltacht whether he will consider providing funding to assist in the completion of a centre (details supplied).,Rural and Community Development and the Gaeltacht,1423,1425
"338. Deputy Niamh Smyth asked the Minister for Rural and Community Development and the Gaeltacht If he will outline the funding streams that are available to community organisations, including community-run childcare facilities, for the replacement of windows and doors as part of an energy efficiency upgrade; if he will advise the alternative supports that exist where an application under the LEADER programme has been unsuccessful. [71032/26]",Rural,the minister for rural and community development and the gaeltacht if he will outline the funding streams that are available to community organisations including community-run childcare facilities for the replacement of windows and doors as part of an energy efficiency upgrade if he will advise the alternative supports that exist where an application under the leader programme has been unsuccessful 71032 26,2026-10-08,written,338,71032/26,Niamh Smyth,NIAMH SMYTH,en,"To ask the Minister for Rural and Community Development and the Gaeltacht If he will outline the funding streams that are available to community organisations, including community-run childcare facilities, for the replacement of windows and doors as part of an energy efficiency upgrade; if he will advise the alternative supports that exist where an application under the LEADER programme has been unsuccessful.",Rural and Community Development and the Gaeltacht,1427,1429
"339. Deputy Aidan Farrelly asked the Minister for Rural and Community Development and the Gaeltacht the number of protected disclosures received by his Department in each of the years 2019 to date in 2026, in tabular form; if an external contractor has been engaged regarding a protected disclosure over that time period; if so, the cost of same; and the number of protected disclosures that were rejected, accepted and that remain under review for the time period in question. [71320/26]",Rural,the minister for rural and community development and the gaeltacht the number of protected disclosures received by his department in each of the years 2019 to date in 2026 in tabular form if an external contractor has been engaged regarding a protected disclosure over that time period if so the cost of same and the number of protected disclosures that were rejected accepted and that remain under review for the time period in question 71320 26,2026-10-08,written,339,71320/26,Aidan Farrelly,AIDAN FARRELLY,en,"To ask the Minister for Rural and Community Development and the Gaeltacht the number of protected disclosures received by his Department in each of the years 2019 to date in 2026, in tabular form; if an external contractor has been engaged regarding a protected disclosure over that time period; if so, the cost of same; and the number of protected disclosures that were rejected, accepted and that remain under review for the time period in question.",Rural and Community Development and the Gaeltacht,1431,1433
